"report_date_as_yyyy_mm_dd","market_and_exchange_names","commodity_name","open_interest_all","prod_merc_positions_long","prod_merc_positions_short","m_money_positions_long_all","m_money_positions_short_all"
"2006-06-13T00:00:00.000","NATURAL GAS - NEW YORK MERCANTILE EXCHANGE","NATURAL GAS","849467","145893","159345","75507","65944"
"2006-06-13T00:00:00.000","GOLD - COMMODITY EXCHANGE INC.","GOLD","288981","27041","117483","99739","29859"
"2006-06-13T00:00:00.000","COPPER-GRADE #1 - COMMODITY EXCHANGE INC.","COPPER","78658","16371","16871","6211","6751"
"2006-06-13T00:00:00.000","SILVER - COMMODITY EXCHANGE INC.","SILVER","112993","13724","36671","22510","5526"
"2006-06-13T00:00:00.000","PLATINUM - NEW YORK MERCANTILE EXCHANGE","PLATINUM","8614","1296","3059","3258","3164"
"2006-06-13T00:00:00.000","PALLADIUM - NEW YORK MERCANTILE EXCHANGE","PALLADIUM","14355","891","7083","5375","1686"
"2006-06-20T00:00:00.000","PALLADIUM - NEW YORK MERCANTILE EXCHANGE","PALLADIUM","13681","955","7358","5138","1545"
"2006-06-20T00:00:00.000","GOLD - COMMODITY EXCHANGE INC.","GOLD","288148","29230","112900","91198","30082"
"2006-06-20T00:00:00.000","COPPER-GRADE #1 - COMMODITY EXCHANGE INC.","COPPER","76311","13975","17383","6238","5205"
"2006-06-20T00:00:00.000","SILVER - COMMODITY EXCHANGE INC.","SILVER","112485","15658","37859","21474","6645"
"2006-06-20T00:00:00.000","PLATINUM - NEW YORK MERCANTILE EXCHANGE","PLATINUM","7379","932","3319","2964","2018"
"2006-06-20T00:00:00.000","NATURAL GAS - NEW YORK MERCANTILE EXCHANGE","NATURAL GAS","865701","147685","161681","71786","48843"
"2006-06-27T00:00:00.000","PALLADIUM - NEW YORK MERCANTILE EXCHANGE","PALLADIUM","13149","881","7110","5360","2000"
"2006-06-27T00:00:00.000","GOLD - COMMODITY EXCHANGE INC.","GOLD","292789","30747","110141","88635","31420"
"2006-06-27T00:00:00.000","COPPER-GRADE #1 - COMMODITY EXCHANGE INC.","COPPER","73323","14155","18373","5942","5919"
"2006-06-27T00:00:00.000","SILVER - COMMODITY EXCHANGE INC.","SILVER","109024","17758","35630","19656","6574"
"2006-06-27T00:00:00.000","PLATINUM - NEW YORK MERCANTILE EXCHANGE","PLATINUM","8093","1046","3622","3036","1908"
"2006-06-27T00:00:00.000","NATURAL GAS - NEW YORK MERCANTILE EXCHANGE","NATURAL GAS","858036","143260","156440","76342","57290"
"2006-07-03T00:00:00.000","PALLADIUM - NEW YORK MERCANTILE EXCHANGE","PALLADIUM","13423","871","7109","5734","2040"
"2006-07-03T00:00:00.000","GOLD - COMMODITY EXCHANGE INC.","GOLD","292500","29615","108909","90104","30778"
"2006-07-03T00:00:00.000","COPPER-GRADE #1 - COMMODITY EXCHANGE INC.","COPPER","72880","13635","18905","6543","4784"
"2006-07-03T00:00:00.000","SILVER - COMMODITY EXCHANGE INC.","SILVER","97874","12822","36061","19806","2750"
"2006-07-03T00:00:00.000","PLATINUM - NEW YORK MERCANTILE EXCHANGE","PLATINUM","7338","656","3905","3058","1178"
"2006-07-03T00:00:00.000","NATURAL GAS - NEW YORK MERCANTILE EXCHANGE","NATURAL GAS","849611","142862","151602","77199","57599"
"2006-07-11T00:00:00.000","PALLADIUM - NEW YORK MERCANTILE EXCHANGE","PALLADIUM","13895","848","7413","6219","2042"
"2006-07-11T00:00:00.000","GOLD - COMMODITY EXCHANGE INC.","GOLD","312684","34094","114612","101019","29135"
"2006-07-11T00:00:00.000","COPPER-GRADE #1 - COMMODITY EXCHANGE INC.","COPPER","74754","12899","20515","8601","6005"
"2006-07-11T00:00:00.000","SILVER - COMMODITY EXCHANGE INC.","SILVER","99551","12352","36895","20590","2449"
"2006-07-11T00:00:00.000","PLATINUM - NEW YORK MERCANTILE EXCHANGE","PLATINUM","8213","423","4336","3897","833"
"2006-07-11T00:00:00.000","NATURAL GAS - NEW YORK MERCANTILE EXCHANGE","NATURAL GAS","872790","148629","156587","81779","64769"
"2006-07-18T00:00:00.000","NATURAL GAS - NEW YORK MERCANTILE EXCHANGE","NATURAL GAS","893278","154575","161165","79699","57770"
"2006-07-18T00:00:00.000","GOLD - COMMODITY EXCHANGE INC.","GOLD","324276","30100","115518","105068","25797"
"2006-07-18T00:00:00.000","COPPER-GRADE #1 - COMMODITY EXCHANGE INC.","COPPER","76332","13629","20491","8819","6188"
"2006-07-18T00:00:00.000","SILVER - COMMODITY EXCHANGE INC.","SILVER","99954","11289","37072","19700","3558"
"2006-07-18T00:00:00.000","PLATINUM - NEW YORK MERCANTILE EXCHANGE","PLATINUM","9022","438","4925","4471","833"
"2006-07-18T00:00:00.000","PALLADIUM - NEW YORK MERCANTILE EXCHANGE","PALLADIUM","14132","1034","7538","6617","2064"
"2006-07-25T00:00:00.000","NATURAL GAS - NEW YORK MERCANTILE EXCHANGE","NATURAL GAS","892822","152423","160122","83531","49393"
"2006-07-25T00:00:00.000","GOLD - COMMODITY EXCHANGE INC.","GOLD","315635","34473","118546","96891","23984"
"2006-07-25T00:00:00.000","COPPER-GRADE #1 - COMMODITY EXCHANGE INC.","COPPER","73348","13491","19659","6411","6187"
"2006-07-25T00:00:00.000","SILVER - COMMODITY EXCHANGE INC.","SILVER","97539","10069","36075","19444","3111"
"2006-07-25T00:00:00.000","PLATINUM - NEW YORK MERCANTILE EXCHANGE","PLATINUM","8567","432","4903","4145","583"
"2006-07-25T00:00:00.000","PALLADIUM - NEW YORK MERCANTILE EXCHANGE","PALLADIUM","14535","1071","7504","6643","2064"
"2006-08-01T00:00:00.000","PALLADIUM - NEW YORK MERCANTILE EXCHANGE","PALLADIUM","13587","934","7402","5876","2064"
"2006-08-01T00:00:00.000","GOLD - COMMODITY EXCHANGE INC.","GOLD","304907","29814","123870","95785","25176"
"2006-08-01T00:00:00.000","COPPER-GRADE #1 - COMMODITY EXCHANGE INC.","COPPER","71537","11874","19379","6393","6514"
"2006-08-01T00:00:00.000","SILVER - COMMODITY EXCHANGE INC.","SILVER","98685","9959","36632","22550","3522"
"2006-08-01T00:00:00.000","PLATINUM - NEW YORK MERCANTILE EXCHANGE","PLATINUM","9272","404","5219","4789","383"
"2006-08-01T00:00:00.000","NATURAL GAS - NEW YORK MERCANTILE EXCHANGE","NATURAL GAS","921137","149099","159229","74738","44793"
"2006-08-08T00:00:00.000","PALLADIUM - NEW YORK MERCANTILE EXCHANGE","PALLADIUM","12388","988","6716","4419","1587"
"2006-08-08T00:00:00.000","GOLD - COMMODITY EXCHANGE INC.","GOLD","309097","30425","129179","100994","26676"
"2006-08-08T00:00:00.000","COPPER-GRADE #1 - COMMODITY EXCHANGE INC.","COPPER","72385","12613","19835","7014","7508"
"2006-08-08T00:00:00.000","SILVER - COMMODITY EXCHANGE INC.","SILVER","108463","8954","38324","27393","4254"
"2006-08-08T00:00:00.000","PLATINUM - NEW YORK MERCANTILE EXCHANGE","PLATINUM","10176","394","5517","5083","383"
"2006-08-08T00:00:00.000","NATURAL GAS - NEW YORK MERCANTILE EXCHANGE","NATURAL GAS","944677","151256","166054","77178","45388"
"2006-08-15T00:00:00.000","PALLADIUM - NEW YORK MERCANTILE EXCHANGE","PALLADIUM","12911","1077","7494","4497","1087"
"2006-08-15T00:00:00.000","GOLD - COMMODITY EXCHANGE INC.","GOLD","313327","31132","126778","94115","26225"
"2006-08-15T00:00:00.000","COPPER-GRADE #1 - COMMODITY EXCHANGE INC.","COPPER","74277","13995","20502","6975","8351"
"2006-08-15T00:00:00.000","SILVER - COMMODITY EXCHANGE INC.","SILVER","111358","10492","38792","27232","4063"
"2006-08-15T00:00:00.000","PLATINUM - NEW YORK MERCANTILE EXCHANGE","PLATINUM","9948","420","5169","4901","383"
"2006-08-15T00:00:00.000","NATURAL GAS - NEW YORK MERCANTILE EXCHANGE","NATURAL GAS","947840","143227","160618","80640","47399"
"2006-08-22T00:00:00.000","PALLADIUM - NEW YORK MERCANTILE EXCHANGE","PALLADIUM","13074","1021","7697","4706","881"
"2006-08-22T00:00:00.000","GOLD - COMMODITY EXCHANGE INC.","GOLD","306171","32180","125829","87386","27081"
"2006-08-22T00:00:00.000","COPPER-GRADE #1 - COMMODITY EXCHANGE INC.","COPPER","72057","14189","19852","5889","8986"
"2006-08-22T00:00:00.000","SILVER - COMMODITY EXCHANGE INC.","SILVER","114877","10301","40125","28373","3626"
"2006-08-22T00:00:00.000","PLATINUM - NEW YORK MERCANTILE EXCHANGE","PLATINUM","9877","455","5135","4588","383"
"2006-08-22T00:00:00.000","NATURAL GAS - NEW YORK MERCANTILE EXCHANGE","NATURAL GAS","943615","147244","164891","88692","54160"
"2006-08-29T00:00:00.000","PALLADIUM - NEW YORK MERCANTILE EXCHANGE","PALLADIUM","14073","1900","8773","4583","881"
"2006-08-29T00:00:00.000","GOLD - COMMODITY EXCHANGE INC.","GOLD","307583","33212","123138","80809","31280"
"2006-08-29T00:00:00.000","COPPER-GRADE #1 - COMMODITY EXCHANGE INC.","COPPER","69311","13335","19367","5979","10458"
"2006-08-29T00:00:00.000","SILVER - COMMODITY EXCHANGE INC.","SILVER","112346","10384","39208","28009","4504"
"2006-08-29T00:00:00.000","PLATINUM - NEW YORK MERCANTILE EXCHANGE","PLATINUM","9665","537","5036","4612","525"
"2006-08-29T00:00:00.000","NATURAL GAS - NEW YORK MERCANTILE EXCHANGE","NATURAL GAS","922997","170821","193165","95053","49489"
"2006-09-05T00:00:00.000","SILVER - COMMODITY EXCHANGE INC.","SILVER","108132","8572","39644","29842","5535"
"2006-09-05T00:00:00.000","GOLD - COMMODITY EXCHANGE INC.","GOLD","319998","32468","127680","87652","29430"
"2006-09-05T00:00:00.000","COPPER-GRADE #1 - COMMODITY EXCHANGE INC.","COPPER","69247","12925","20988","7300","9847"
"2006-09-05T00:00:00.000","PLATINUM - NEW YORK MERCANTILE EXCHANGE","PLATINUM","10269","601","5371","5203","575"
"2006-09-05T00:00:00.000","PALLADIUM - NEW YORK MERCANTILE EXCHANGE","PALLADIUM","11444","1045","7603","4851","1289"
"2006-09-05T00:00:00.000","NATURAL GAS - NEW YORK MERCANTILE EXCHANGE","NATURAL GAS","916352","151555","163601","85920","58700"
"2006-09-12T00:00:00.000","NATURAL GAS - NEW YORK MERCANTILE EXCHANGE","NATURAL GAS","937853","155891","169220","107603","66875"
"2006-09-12T00:00:00.000","GOLD - COMMODITY EXCHANGE INC.","GOLD","310510","35621","120300","76571","30631"
"2006-09-12T00:00:00.000","COPPER-GRADE #1 - COMMODITY EXCHANGE INC.","COPPER","68944","13378","22347","5629","8413"
"2006-09-12T00:00:00.000","SILVER - COMMODITY EXCHANGE INC.","SILVER","101450","11161","35912","21900","5882"
"2006-09-12T00:00:00.000","PLATINUM - NEW YORK MERCANTILE EXCHANGE","PLATINUM","9399","461","4804","4359","600"
"2006-09-12T00:00:00.000","PALLADIUM - NEW YORK MERCANTILE EXCHANGE","PALLADIUM","11489","1027","7383","4327","1446"
"2006-09-19T00:00:00.000","PALLADIUM - NEW YORK MERCANTILE EXCHANGE","PALLADIUM","10823","1121","6672","3586","1520"
"2006-09-19T00:00:00.000","GOLD - COMMODITY EXCHANGE INC.","GOLD","325852","41086","119904","72225","30632"
"2006-09-19T00:00:00.000","COPPER-GRADE #1 - COMMODITY EXCHANGE INC.","COPPER","68168","13681","23328","6850","10338"
"2006-09-19T00:00:00.000","SILVER - COMMODITY EXCHANGE INC.","SILVER","100314","12245","35383","18310","7950"
"2006-09-19T00:00:00.000","PLATINUM - NEW YORK MERCANTILE EXCHANGE","PLATINUM","8528","739","4074","3433","550"
"2006-09-19T00:00:00.000","NATURAL GAS - NEW YORK MERCANTILE EXCHANGE","NATURAL GAS","949798","163283","171990","100692","65725"
"2006-09-26T00:00:00.000","PALLADIUM - NEW YORK MERCANTILE EXCHANGE","PALLADIUM","10884","1273","7053","3334","1098"
"2006-09-26T00:00:00.000","GOLD - COMMODITY EXCHANGE INC.","GOLD","322937","42960","116405","68325","33001"
"2006-09-26T00:00:00.000","COPPER-GRADE #1 - COMMODITY EXCHANGE INC.","COPPER","67977","12225","20515","8477","10697"
"2006-09-26T00:00:00.000","SILVER - COMMODITY EXCHANGE INC.","SILVER","100272","12984","34617","19518","7958"
"2006-09-26T00:00:00.000","PLATINUM - NEW YORK MERCANTILE EXCHANGE","PLATINUM","8451","682","3993","3422","671"
"2006-09-26T00:00:00.000","NATURAL GAS - NEW YORK MERCANTILE EXCHANGE","NATURAL GAS","945956","157424","176631","118416","75891"
"2006-10-03T00:00:00.000","PALLADIUM - NEW YORK MERCANTILE EXCHANGE","PALLADIUM","11344","1330","7117","3510","1133"
"2006-10-03T00:00:00.000","GOLD - COMMODITY EXCHANGE INC.","GOLD","330065","46766","116196","66119","33666"
"2006-10-03T00:00:00.000","COPPER-GRADE #1 - COMMODITY EXCHANGE INC.","COPPER","69400","12693","21255","8469","13680"
"2006-10-03T00:00:00.000","SILVER - COMMODITY EXCHANGE INC.","SILVER","98967","13028","34187","18638","7026"
"2006-10-03T00:00:00.000","PLATINUM - NEW YORK MERCANTILE EXCHANGE","PLATINUM","7682","521","3833","3389","863"
"2006-10-03T00:00:00.000","NATURAL GAS - NEW YORK MERCANTILE EXCHANGE","NATURAL GAS","946291","152837","169947","126260","72754"
"2006-10-10T00:00:00.000","PALLADIUM - NEW YORK MERCANTILE EXCHANGE","PALLADIUM","11681","1266","6960","3607","1466"
"2006-10-10T00:00:00.000","GOLD - COMMODITY EXCHANGE INC.","GOLD","334329","48112","114999","62270","39206"
"2006-10-10T00:00:00.000","COPPER-GRADE #1 - COMMODITY EXCHANGE INC.","COPPER","69015","11795","17611","8637","14581"
"2006-10-10T00:00:00.000","SILVER - COMMODITY EXCHANGE INC.","SILVER","100304","14212","34699","19212","7261"
"2006-10-10T00:00:00.000","PLATINUM - NEW YORK MERCANTILE EXCHANGE","PLATINUM","6968","543","3177","2716","1501"
"2006-10-10T00:00:00.000","NATURAL GAS - NEW YORK MERCANTILE EXCHANGE","NATURAL GAS","930902","154690","168212","112544","58266"
"2006-10-17T00:00:00.000","NATURAL GAS - NEW YORK MERCANTILE EXCHANGE","NATURAL GAS","940537","154391","167040","112342","60236"
"2006-10-17T00:00:00.000","GOLD - COMMODITY EXCHANGE INC.","GOLD","329875","46758","112417","64602","42773"
"2006-10-17T00:00:00.000","COPPER-GRADE #1 - COMMODITY EXCHANGE INC.","COPPER","72713","10619","21157","10766","12874"
"2006-10-17T00:00:00.000","SILVER - COMMODITY EXCHANGE INC.","SILVER","106890","14195","36808","22544","6900"
"2006-10-17T00:00:00.000","PLATINUM - NEW YORK MERCANTILE EXCHANGE","PLATINUM","7288","532","3436","2700","1572"
"2006-10-17T00:00:00.000","PALLADIUM - NEW YORK MERCANTILE EXCHANGE","PALLADIUM","11498","1254","6926","3767","1337"
"2006-10-24T00:00:00.000","NATURAL GAS - NEW YORK MERCANTILE EXCHANGE","NATURAL GAS","934750","152968","164478","115344","55266"
"2006-10-24T00:00:00.000","GOLD - COMMODITY EXCHANGE INC.","GOLD","331598","50694","112215","54019","43840"
"2006-10-24T00:00:00.000","COPPER-GRADE #1 - COMMODITY EXCHANGE INC.","COPPER","75321","10707","20842","10098","11962"
"2006-10-24T00:00:00.000","SILVER - COMMODITY EXCHANGE INC.","SILVER","109100","13936","38407","23345","6910"
"2006-10-24T00:00:00.000","PLATINUM - NEW YORK MERCANTILE EXCHANGE","PLATINUM","7046","653","3138","2530","1426"
"2006-10-24T00:00:00.000","PALLADIUM - NEW YORK MERCANTILE EXCHANGE","PALLADIUM","12139","1295","6985","2907","1425"
"2006-10-31T00:00:00.000","PALLADIUM - NEW YORK MERCANTILE EXCHANGE","PALLADIUM","12707","1252","7279","4521","1459"
"2006-10-31T00:00:00.000","GOLD - COMMODITY EXCHANGE INC.","GOLD","323481","41086","109303","59985","39093"
"2006-10-31T00:00:00.000","COPPER-GRADE #1 - COMMODITY EXCHANGE INC.","COPPER","74423","10375","20194","9502","13841"
"2006-10-31T00:00:00.000","SILVER - COMMODITY EXCHANGE INC.","SILVER","110237","11475","38159","26781","6595"
"2006-10-31T00:00:00.000","PLATINUM - NEW YORK MERCANTILE EXCHANGE","PLATINUM","7648","853","3227","2744","1739"
"2006-10-31T00:00:00.000","NATURAL GAS - NEW YORK MERCANTILE EXCHANGE","NATURAL GAS","907876","145086","161546","114216","62178"
"2006-11-07T00:00:00.000","PALLADIUM - NEW YORK MERCANTILE EXCHANGE","PALLADIUM","12963","1173","7855","4904","1396"
"2006-11-07T00:00:00.000","GOLD - COMMODITY EXCHANGE INC.","GOLD","335036","39160","121982","76134","32604"
"2006-11-07T00:00:00.000","COPPER-GRADE #1 - COMMODITY EXCHANGE INC.","COPPER","72371","10755","18319","9627","15424"
"2006-11-07T00:00:00.000","SILVER - COMMODITY EXCHANGE INC.","SILVER","113697","11261","40319","29219","6449"
"2006-11-07T00:00:00.000","PLATINUM - NEW YORK MERCANTILE EXCHANGE","PLATINUM","9085","995","4251","3125","1354"
"2006-11-07T00:00:00.000","NATURAL GAS - NEW YORK MERCANTILE EXCHANGE","NATURAL GAS","903951","143747","159062","112436","64563"
"2006-11-14T00:00:00.000","PALLADIUM - NEW YORK MERCANTILE EXCHANGE","PALLADIUM","12931","1028","7648","4500","1301"
"2006-11-14T00:00:00.000","GOLD - COMMODITY EXCHANGE INC.","GOLD","356575","45125","133631","79157","29403"
"2006-11-14T00:00:00.000","COPPER-GRADE #1 - COMMODITY EXCHANGE INC.","COPPER","73681","11974","16747","7783","17430"
"2006-11-14T00:00:00.000","SILVER - COMMODITY EXCHANGE INC.","SILVER","117486","9738","42451","33407","6161"
"2006-11-14T00:00:00.000","PLATINUM - NEW YORK MERCANTILE EXCHANGE","PLATINUM","8258","702","4352","2942","1336"
"2006-11-14T00:00:00.000","NATURAL GAS - NEW YORK MERCANTILE EXCHANGE","NATURAL GAS","911101","146769","161328","111911","60201"
"2006-11-21T00:00:00.000","PALLADIUM - NEW YORK MERCANTILE EXCHANGE","PALLADIUM","12632","1329","7231","3762","1236"
"2006-11-21T00:00:00.000","GOLD - COMMODITY EXCHANGE INC.","GOLD","355430","40770","127929","77773","29323"
"2006-11-21T00:00:00.000","COPPER-GRADE #1 - COMMODITY EXCHANGE INC.","COPPER","73218","13263","16555","7383","17428"
"2006-11-21T00:00:00.000","SILVER - COMMODITY EXCHANGE INC.","SILVER","116375","10912","45731","34319","5647"
"2006-11-21T00:00:00.000","PLATINUM - NEW YORK MERCANTILE EXCHANGE","PLATINUM","7580","480","4118","2797","804"
"2006-11-21T00:00:00.000","NATURAL GAS - NEW YORK MERCANTILE EXCHANGE","NATURAL GAS","906789","143896","160705","104441","60420"
"2006-11-28T00:00:00.000","PLATINUM - NEW YORK MERCANTILE EXCHANGE","PLATINUM","8081","525","4340","2748","799"
"2006-11-28T00:00:00.000","GOLD - COMMODITY EXCHANGE INC.","GOLD","349517","43198","123208","75457","30862"
"2006-11-28T00:00:00.000","COPPER-GRADE #1 - COMMODITY EXCHANGE INC.","COPPER","70308","11425","14318","7789","17752"
"2006-11-28T00:00:00.000","NATURAL GAS - NEW YORK MERCANTILE EXCHANGE","NATURAL GAS","885318","138676","157525","101507","58142"
"2006-11-28T00:00:00.000","SILVER - COMMODITY EXCHANGE INC.","SILVER","109864","9194","46924","36335","5633"
"2006-11-28T00:00:00.000","PALLADIUM - NEW YORK MERCANTILE EXCHANGE","PALLADIUM","11506","1120","6893","3180","1272"
"2006-12-05T00:00:00.000","SILVER - COMMODITY EXCHANGE INC.","SILVER","106839","7522","48110","39630","5078"
"2006-12-05T00:00:00.000","GOLD - COMMODITY EXCHANGE INC.","GOLD","330530","34153","117141","80731","28684"
"2006-12-05T00:00:00.000","COPPER-GRADE #1 - COMMODITY EXCHANGE INC.","COPPER","68793","11218","15896","7779","16656"
"2006-12-05T00:00:00.000","PLATINUM - NEW YORK MERCANTILE EXCHANGE","PLATINUM","8015","756","4273","2405","791"
"2006-12-05T00:00:00.000","PALLADIUM - NEW YORK MERCANTILE EXCHANGE","PALLADIUM","11042","1086","6813","3221","1431"
"2006-12-05T00:00:00.000","NATURAL GAS - NEW YORK MERCANTILE EXCHANGE","NATURAL GAS","895884","143025","160965","107043","67468"
"2006-12-12T00:00:00.000","NATURAL GAS - NEW YORK MERCANTILE EXCHANGE","NATURAL GAS","893550","141545","164708","108520","72404"
"2006-12-12T00:00:00.000","GOLD - COMMODITY EXCHANGE INC.","GOLD","333101","34159","119986","78367","28281"
"2006-12-12T00:00:00.000","COPPER-GRADE #1 - COMMODITY EXCHANGE INC.","COPPER","67911","10676","16151","7531","16829"
"2006-12-12T00:00:00.000","SILVER - COMMODITY EXCHANGE INC.","SILVER","110084","7784","49956","41150","4917"
"2006-12-12T00:00:00.000","PLATINUM - NEW YORK MERCANTILE EXCHANGE","PLATINUM","8144","808","3802","2312","757"
"2006-12-12T00:00:00.000","PALLADIUM - NEW YORK MERCANTILE EXCHANGE","PALLADIUM","11196","1040","6712","3289","1530"
"2006-12-19T00:00:00.000","PALLADIUM - NEW YORK MERCANTILE EXCHANGE","PALLADIUM","11185","854","6615","3093","1590"
"2006-12-19T00:00:00.000","GOLD - COMMODITY EXCHANGE INC.","GOLD","337096","40007","119734","68672","29711"
"2006-12-19T00:00:00.000","COPPER-GRADE #1 - COMMODITY EXCHANGE INC.","COPPER","68920","12246","16142","6108","17327"
"2006-12-19T00:00:00.000","SILVER - COMMODITY EXCHANGE INC.","SILVER","103358","9341","46003","28038","4945"
"2006-12-19T00:00:00.000","PLATINUM - NEW YORK MERCANTILE EXCHANGE","PLATINUM","8165","768","3776","2410","741"
"2006-12-19T00:00:00.000","NATURAL GAS - NEW YORK MERCANTILE EXCHANGE","NATURAL GAS","895081","143733","164274","105337","77235"
"2006-12-26T00:00:00.000","PALLADIUM - NEW YORK MERCANTILE EXCHANGE","PALLADIUM","11332","922","6719","3144","1587"
"2006-12-26T00:00:00.000","GOLD - COMMODITY EXCHANGE INC.","GOLD","340473","40150","121029","69815","31696"
"2006-12-26T00:00:00.000","COPPER-GRADE #1 - COMMODITY EXCHANGE INC.","COPPER","67350","12442","15633","4598","17390"
"2006-12-26T00:00:00.000","SILVER - COMMODITY EXCHANGE INC.","SILVER","101141","9501","45303","26509","4961"
"2006-12-26T00:00:00.000","PLATINUM - NEW YORK MERCANTILE EXCHANGE","PLATINUM","8549","1226","4059","2575","781"
"2006-12-26T00:00:00.000","NATURAL GAS - NEW YORK MERCANTILE EXCHANGE","NATURAL GAS","876822","142313","157512","92564","80347"
"2007-01-03T00:00:00.000","PALLADIUM - NEW YORK MERCANTILE EXCHANGE","PALLADIUM","12459","1105","7459","4224","1551"
"2007-01-03T00:00:00.000","GOLD - COMMODITY EXCHANGE INC.","GOLD","353494","36896","122207","77786","30994"
"2007-01-03T00:00:00.000","COPPER-GRADE #1 - COMMODITY EXCHANGE INC.","COPPER","70253","12781","16750","3709","16505"
"2007-01-03T00:00:00.000","SILVER - COMMODITY EXCHANGE INC.","SILVER","103703","11094","44668","26303","6241"
"2007-01-03T00:00:00.000","PLATINUM - NEW YORK MERCANTILE EXCHANGE","PLATINUM","8383","1036","4295","3370","805"
"2007-01-03T00:00:00.000","NATURAL GAS - NEW YORK MERCANTILE EXCHANGE","NATURAL GAS","875621","132854","151607","94732","83375"
"2007-01-09T00:00:00.000","PALLADIUM - NEW YORK MERCANTILE EXCHANGE","PALLADIUM","12873","924","7669","4717","1535"
"2007-01-09T00:00:00.000","GOLD - COMMODITY EXCHANGE INC.","GOLD","347491","39737","108459","65657","39661"
"2007-01-09T00:00:00.000","COPPER-GRADE #1 - COMMODITY EXCHANGE INC.","COPPER","69879","13653","18715","3174","18567"
"2007-01-09T00:00:00.000","SILVER - COMMODITY EXCHANGE INC.","SILVER","101420","10315","42508","27436","5356"
"2007-01-09T00:00:00.000","PLATINUM - NEW YORK MERCANTILE EXCHANGE","PLATINUM","8058","1074","4051","2958","975"
"2007-01-09T00:00:00.000","NATURAL GAS - NEW YORK MERCANTILE EXCHANGE","NATURAL GAS","887510","141186","152943","99290","85952"
"2007-01-16T00:00:00.000","NATURAL GAS - NEW YORK MERCANTILE EXCHANGE","NATURAL GAS","918053","145377","158141","100037","89364"
"2007-01-16T00:00:00.000","GOLD - COMMODITY EXCHANGE INC.","GOLD","344685","44073","112691","68430","33371"
"2007-01-16T00:00:00.000","COPPER-GRADE #1 - COMMODITY EXCHANGE INC.","COPPER","68933","14092","16517","3230","18636"
"2007-01-16T00:00:00.000","SILVER - COMMODITY EXCHANGE INC.","SILVER","101830","11184","41991","27032","4987"
"2007-01-16T00:00:00.000","PLATINUM - NEW YORK MERCANTILE EXCHANGE","PLATINUM","8504","1230","4257","3247","776"
"2007-01-16T00:00:00.000","PALLADIUM - NEW YORK MERCANTILE EXCHANGE","PALLADIUM","12924","852","7792","4660","1500"
"2007-01-23T00:00:00.000","NATURAL GAS - NEW YORK MERCANTILE EXCHANGE","NATURAL GAS","924398","149035","161526","92579","76013"
"2007-01-23T00:00:00.000","GOLD - COMMODITY EXCHANGE INC.","GOLD","361114","46493","127422","85684","27746"
"2007-01-23T00:00:00.000","COPPER-GRADE #1 - COMMODITY EXCHANGE INC.","COPPER","70723","13801","17099","2917","19188"
"2007-01-23T00:00:00.000","SILVER - COMMODITY EXCHANGE INC.","SILVER","108484","12570","45481","29339","5179"
"2007-01-23T00:00:00.000","PLATINUM - NEW YORK MERCANTILE EXCHANGE","PLATINUM","9102","803","4736","3946","725"
"2007-01-23T00:00:00.000","PALLADIUM - NEW YORK MERCANTILE EXCHANGE","PALLADIUM","14479","897","8952","5961","1457"
"2007-01-30T00:00:00.000","PALLADIUM - NEW YORK MERCANTILE EXCHANGE","PALLADIUM","15607","873","9754","6068","1111"
"2007-01-30T00:00:00.000","GOLD - COMMODITY EXCHANGE INC.","GOLD","348035","39261","129221","99352","29366"
"2007-01-30T00:00:00.000","COPPER-GRADE #1 - COMMODITY EXCHANGE INC.","COPPER","71448","14492","17287","3038","19724"
"2007-01-30T00:00:00.000","SILVER - COMMODITY EXCHANGE INC.","SILVER","112320","12502","47820","33061","5944"
"2007-01-30T00:00:00.000","PLATINUM - NEW YORK MERCANTILE EXCHANGE","PLATINUM","9811","907","5125","4416","790"
"2007-01-30T00:00:00.000","NATURAL GAS - NEW YORK MERCANTILE EXCHANGE","NATURAL GAS","904938","139781","154657","81830","61673"
"2007-02-06T00:00:00.000","PALLADIUM - NEW YORK MERCANTILE EXCHANGE","PALLADIUM","15654","929","9867","5950","1076"
"2007-02-06T00:00:00.000","GOLD - COMMODITY EXCHANGE INC.","GOLD","360936","35549","136981","109228","27766"
"2007-02-06T00:00:00.000","COPPER-GRADE #1 - COMMODITY EXCHANGE INC.","COPPER","72035","15407","18000","2606","20032"
"2007-02-06T00:00:00.000","SILVER - COMMODITY EXCHANGE INC.","SILVER","116607","12899","49541","35717","6313"
"2007-02-06T00:00:00.000","PLATINUM - NEW YORK MERCANTILE EXCHANGE","PLATINUM","10354","1081","4716","4264","883"
"2007-02-06T00:00:00.000","NATURAL GAS - NEW YORK MERCANTILE EXCHANGE","NATURAL GAS","865279","135187","152723","83092","58404"
"2007-02-13T00:00:00.000","PALLADIUM - NEW YORK MERCANTILE EXCHANGE","PALLADIUM","16358","961","9944","5610","1251"
"2007-02-13T00:00:00.000","GOLD - COMMODITY EXCHANGE INC.","GOLD","383169","37250","147302","121684","24627"
"2007-02-13T00:00:00.000","COPPER-GRADE #1 - COMMODITY EXCHANGE INC.","COPPER","70803","14385","17697","3340","18837"
"2007-02-13T00:00:00.000","SILVER - COMMODITY EXCHANGE INC.","SILVER","123596","13544","51590","39685","7227"
"2007-02-13T00:00:00.000","PLATINUM - NEW YORK MERCANTILE EXCHANGE","PLATINUM","10571","1104","4778","4705","1124"
"2007-02-13T00:00:00.000","NATURAL GAS - NEW YORK MERCANTILE EXCHANGE","NATURAL GAS","854696","138776","156612","84800","56751"
"2007-02-20T00:00:00.000","PALLADIUM - NEW YORK MERCANTILE EXCHANGE","PALLADIUM","15572","999","9382","4782","1125"
"2007-02-20T00:00:00.000","GOLD - COMMODITY EXCHANGE INC.","GOLD","396115","37677","152335","121632","25830"
"2007-02-20T00:00:00.000","COPPER-GRADE #1 - COMMODITY EXCHANGE INC.","COPPER","71320","15448","17057","3127","18649"
"2007-02-20T00:00:00.000","SILVER - COMMODITY EXCHANGE INC.","SILVER","127032","13491","52320","41698","7452"
"2007-02-20T00:00:00.000","PLATINUM - NEW YORK MERCANTILE EXCHANGE","PLATINUM","10908","1249","5093","5120","860"
"2007-02-20T00:00:00.000","NATURAL GAS - NEW YORK MERCANTILE EXCHANGE","NATURAL GAS","847260","141497","157919","84656","55810"
"2007-02-27T00:00:00.000","PALLADIUM - NEW YORK MERCANTILE EXCHANGE","PALLADIUM","17344","1868","10923","5392","1335"
"2007-02-27T00:00:00.000","GOLD - COMMODITY EXCHANGE INC.","GOLD","415155","40388","163533","135725","23488"
"2007-02-27T00:00:00.000","COPPER-GRADE #1 - COMMODITY EXCHANGE INC.","COPPER","65863","11946","14758","3445","16313"
"2007-02-27T00:00:00.000","SILVER - COMMODITY EXCHANGE INC.","SILVER","125249","13054","60563","50923","7144"
"2007-02-27T00:00:00.000","PLATINUM - NEW YORK MERCANTILE EXCHANGE","PLATINUM","12289","1135","5744","5950","810"
"2007-02-27T00:00:00.000","NATURAL GAS - NEW YORK MERCANTILE EXCHANGE","NATURAL GAS","752461","111115","140109","68001","52167"
"2007-03-06T00:00:00.000","SILVER - COMMODITY EXCHANGE INC.","SILVER","115412","13525","50757","29787","7128"
"2007-03-06T00:00:00.000","GOLD - COMMODITY EXCHANGE INC.","GOLD","382550","46621","144155","90236","21355"
"2007-03-06T00:00:00.000","COPPER-GRADE #1 - COMMODITY EXCHANGE INC.","COPPER","65495","11067","15270","2872","16919"
"2007-03-06T00:00:00.000","PLATINUM - NEW YORK MERCANTILE EXCHANGE","PLATINUM","10978","1196","5418","5067","410"
"2007-03-06T00:00:00.000","PALLADIUM - NEW YORK MERCANTILE EXCHANGE","PALLADIUM","15612","984","10463","5193","1220"
"2007-03-06T00:00:00.000","NATURAL GAS - NEW YORK MERCANTILE EXCHANGE","NATURAL GAS","755533","110913","140352","69213","60216"
"2007-03-13T00:00:00.000","NATURAL GAS - NEW YORK MERCANTILE EXCHANGE","NATURAL GAS","768922","114297","136145","68093","77680"
"2007-03-13T00:00:00.000","GOLD - COMMODITY EXCHANGE INC.","GOLD","394090","53743","148548","86278","18012"
"2007-03-13T00:00:00.000","COPPER-GRADE #1 - COMMODITY EXCHANGE INC.","COPPER","65156","11524","15948","2669","14477"
"2007-03-13T00:00:00.000","SILVER - COMMODITY EXCHANGE INC.","SILVER","112728","14634","47576","24146","6687"
"2007-03-13T00:00:00.000","PLATINUM - NEW YORK MERCANTILE EXCHANGE","PLATINUM","10704","1236","5256","5300","420"
"2007-03-13T00:00:00.000","PALLADIUM - NEW YORK MERCANTILE EXCHANGE","PALLADIUM","15502","888","10620","5568","1248"
"2007-03-20T00:00:00.000","PALLADIUM - NEW YORK MERCANTILE EXCHANGE","PALLADIUM","15320","950","10536","5367","1249"
"2007-03-20T00:00:00.000","GOLD - COMMODITY EXCHANGE INC.","GOLD","359726","43047","135054","84393","17292"
"2007-03-20T00:00:00.000","COPPER-GRADE #1 - COMMODITY EXCHANGE INC.","COPPER","71303","12558","19120","5760","12696"
"2007-03-20T00:00:00.000","SILVER - COMMODITY EXCHANGE INC.","SILVER","113072","14475","47063","22688","6309"
"2007-03-20T00:00:00.000","PLATINUM - NEW YORK MERCANTILE EXCHANGE","PLATINUM","11339","1053","5309","5818","720"
"2007-03-20T00:00:00.000","NATURAL GAS - NEW YORK MERCANTILE EXCHANGE","NATURAL GAS","775465","119599","138310","69585","86043"
"2007-03-27T00:00:00.000","PALLADIUM - NEW YORK MERCANTILE EXCHANGE","PALLADIUM","15673","986","10539","5497","1391"
"2007-03-27T00:00:00.000","GOLD - COMMODITY EXCHANGE INC.","GOLD","359434","45025","134213","88263","19339"
"2007-03-27T00:00:00.000","COPPER-GRADE #1 - COMMODITY EXCHANGE INC.","COPPER","74716","12551","20439","6827","14648"
"2007-03-27T00:00:00.000","SILVER - COMMODITY EXCHANGE INC.","SILVER","111348","12480","46945","22702","6071"
"2007-03-27T00:00:00.000","PLATINUM - NEW YORK MERCANTILE EXCHANGE","PLATINUM","11320","1074","5660","6010","720"
"2007-03-27T00:00:00.000","NATURAL GAS - NEW YORK MERCANTILE EXCHANGE","NATURAL GAS","754619","111840","135423","58966","70359"
"2007-04-03T00:00:00.000","PALLADIUM - NEW YORK MERCANTILE EXCHANGE","PALLADIUM","15692","977","10951","5566","1238"
"2007-04-03T00:00:00.000","GOLD - COMMODITY EXCHANGE INC.","GOLD","347817","49115","128149","92087","23268"
"2007-04-03T00:00:00.000","COPPER-GRADE #1 - COMMODITY EXCHANGE INC.","COPPER","77186","11525","21345","8449","13785"
"2007-04-03T00:00:00.000","SILVER - COMMODITY EXCHANGE INC.","SILVER","112120","9553","42814","23975","7514"
"2007-04-03T00:00:00.000","PLATINUM - NEW YORK MERCANTILE EXCHANGE","PLATINUM","11787","762","5760","6622","1068"
"2007-04-03T00:00:00.000","NATURAL GAS - NEW YORK MERCANTILE EXCHANGE","NATURAL GAS","739152","109514","135895","57570","64999"
"2007-04-10T00:00:00.000","PALLADIUM - NEW YORK MERCANTILE EXCHANGE","PALLADIUM","16337","1007","11136","6092","1205"
"2007-04-10T00:00:00.000","GOLD - COMMODITY EXCHANGE INC.","GOLD","369536","45802","143994","106783","23048"
"2007-04-10T00:00:00.000","COPPER-GRADE #1 - COMMODITY EXCHANGE INC.","COPPER","80185","11513","22526","10827","14997"
"2007-04-10T00:00:00.000","SILVER - COMMODITY EXCHANGE INC.","SILVER","118004","9439","45677","27551","8649"
"2007-04-10T00:00:00.000","PLATINUM - NEW YORK MERCANTILE EXCHANGE","PLATINUM","12684","735","6356","7113","1199"
"2007-04-10T00:00:00.000","NATURAL GAS - NEW YORK MERCANTILE EXCHANGE","NATURAL GAS","751438","109101","140428","67695","64267"
"2007-04-17T00:00:00.000","NATURAL GAS - NEW YORK MERCANTILE EXCHANGE","NATURAL GAS","755276","122808","144462","59795","69766"
"2007-04-17T00:00:00.000","GOLD - COMMODITY EXCHANGE INC.","GOLD","380800","41290","150149","124963","18323"
"2007-04-17T00:00:00.000","COPPER-GRADE #1 - COMMODITY EXCHANGE INC.","COPPER","80657","12181","22268","12459","15166"
"2007-04-17T00:00:00.000","SILVER - COMMODITY EXCHANGE INC.","SILVER","122313","8703","47664","30637","8621"
"2007-04-17T00:00:00.000","PLATINUM - NEW YORK MERCANTILE EXCHANGE","PLATINUM","13788","679","6627","7827","1025"
"2007-04-17T00:00:00.000","PALLADIUM - NEW YORK MERCANTILE EXCHANGE","PALLADIUM","18857","954","12175","7968","1396"
"2007-04-24T00:00:00.000","NATURAL GAS - NEW YORK MERCANTILE EXCHANGE","NATURAL GAS","746282","121806","141522","59199","70271"
"2007-04-24T00:00:00.000","GOLD - COMMODITY EXCHANGE INC.","GOLD","403388","44175","157780","124958","20388"
"2007-04-24T00:00:00.000","COPPER-GRADE #1 - COMMODITY EXCHANGE INC.","COPPER","80138","12770","23091","12224","14808"
"2007-04-24T00:00:00.000","SILVER - COMMODITY EXCHANGE INC.","SILVER","123627","9345","49341","31840","9302"
"2007-04-24T00:00:00.000","PLATINUM - NEW YORK MERCANTILE EXCHANGE","PLATINUM","14767","776","7549","8316","1025"
"2007-04-24T00:00:00.000","PALLADIUM - NEW YORK MERCANTILE EXCHANGE","PALLADIUM","19881","1008","12767","8944","1508"
"2007-05-01T00:00:00.000","PALLADIUM - NEW YORK MERCANTILE EXCHANGE","PALLADIUM","20105","1045","13439","9616","1310"
"2007-05-01T00:00:00.000","GOLD - COMMODITY EXCHANGE INC.","GOLD","396276","44609","160018","122272","18137"
"2007-05-01T00:00:00.000","COPPER-GRADE #1 - COMMODITY EXCHANGE INC.","COPPER","81864","12153","24052","14084","15487"
"2007-05-01T00:00:00.000","SILVER - COMMODITY EXCHANGE INC.","SILVER","109108","6717","43920","28131","10914"
"2007-05-01T00:00:00.000","PLATINUM - NEW YORK MERCANTILE EXCHANGE","PLATINUM","14652","636","7859","8524","886"
"2007-05-01T00:00:00.000","NATURAL GAS - NEW YORK MERCANTILE EXCHANGE","NATURAL GAS","733792","121935","142846","58584","68802"
"2007-05-08T00:00:00.000","PALLADIUM - NEW YORK MERCANTILE EXCHANGE","PALLADIUM","20373","1073","13414","9693","1278"
"2007-05-08T00:00:00.000","GOLD - COMMODITY EXCHANGE INC.","GOLD","411273","48916","164628","129038","14702"
"2007-05-08T00:00:00.000","COPPER-GRADE #1 - COMMODITY EXCHANGE INC.","COPPER","81613","12520","24519","14867","16105"
"2007-05-08T00:00:00.000","SILVER - COMMODITY EXCHANGE INC.","SILVER","108852","7220","42304","26323","11329"
"2007-05-08T00:00:00.000","PLATINUM - NEW YORK MERCANTILE EXCHANGE","PLATINUM","15130","690","8060","9129","695"
"2007-05-08T00:00:00.000","NATURAL GAS - NEW YORK MERCANTILE EXCHANGE","NATURAL GAS","731141","119372","148942","57061","59821"
"2007-05-15T00:00:00.000","PALLADIUM - NEW YORK MERCANTILE EXCHANGE","PALLADIUM","19975","1128","12996","9114","1297"
"2007-05-15T00:00:00.000","GOLD - COMMODITY EXCHANGE INC.","GOLD","408936","54004","147325","107716","20305"
"2007-05-15T00:00:00.000","COPPER-GRADE #1 - COMMODITY EXCHANGE INC.","COPPER","81845","12920","24230","14245","17044"
"2007-05-15T00:00:00.000","SILVER - COMMODITY EXCHANGE INC.","SILVER","108698","6812","42352","25929","10977"
"2007-05-15T00:00:00.000","PLATINUM - NEW YORK MERCANTILE EXCHANGE","PLATINUM","16081","781","8485","9992","752"
"2007-05-15T00:00:00.000","NATURAL GAS - NEW YORK MERCANTILE EXCHANGE","NATURAL GAS","762147","122131","157547","64564","57509"
"2007-05-22T00:00:00.000","PALLADIUM - NEW YORK MERCANTILE EXCHANGE","PALLADIUM","19106","1089","12456","8911","1272"
"2007-05-22T00:00:00.000","GOLD - COMMODITY EXCHANGE INC.","GOLD","416813","61832","143540","95529","29281"
"2007-05-22T00:00:00.000","COPPER-GRADE #1 - COMMODITY EXCHANGE INC.","COPPER","80380","13262","21458","11627","16853"
"2007-05-22T00:00:00.000","SILVER - COMMODITY EXCHANGE INC.","SILVER","108612","6060","38598","24391","13409"
"2007-05-22T00:00:00.000","PLATINUM - NEW YORK MERCANTILE EXCHANGE","PLATINUM","15141","924","7770","9388","984"
"2007-05-22T00:00:00.000","NATURAL GAS - NEW YORK MERCANTILE EXCHANGE","NATURAL GAS","766655","122034","162203","61738","62531"
"2007-05-29T00:00:00.000","SILVER - COMMODITY EXCHANGE INC.","SILVER","111742","6146","40818","25515","13358"
"2007-05-29T00:00:00.000","GOLD - COMMODITY EXCHANGE INC.","GOLD","425688","73524","150245","91921","28204"
"2007-05-29T00:00:00.000","COPPER-GRADE #1 - COMMODITY EXCHANGE INC.","COPPER","79901","13069","21513","11230","16598"
"2007-05-29T00:00:00.000","PALLADIUM - NEW YORK MERCANTILE EXCHANGE","PALLADIUM","19332","1611","12841","8982","1344"
"2007-05-29T00:00:00.000","NATURAL GAS - NEW YORK MERCANTILE EXCHANGE","NATURAL GAS","756480","120410","153544","55078","72196"
"2007-05-29T00:00:00.000","PLATINUM - NEW YORK MERCANTILE EXCHANGE","PLATINUM","14738","1028","7658","8770","712"
"2007-06-05T00:00:00.000","SILVER - COMMODITY EXCHANGE INC.","SILVER","115097","5318","42285","29418","10542"
"2007-06-05T00:00:00.000","GOLD - COMMODITY EXCHANGE INC.","GOLD","385046","56262","142446","101257","24239"
"2007-06-05T00:00:00.000","COPPER-GRADE #1 - COMMODITY EXCHANGE INC.","COPPER","81226","11610","21327","11877","15749"
"2007-06-05T00:00:00.000","PLATINUM - NEW YORK MERCANTILE EXCHANGE","PLATINUM","14730","970","7622","8726","530"
"2007-06-05T00:00:00.000","PALLADIUM - NEW YORK MERCANTILE EXCHANGE","PALLADIUM","18107","1105","12731","8755","810"
"2007-06-05T00:00:00.000","NATURAL GAS - NEW YORK MERCANTILE EXCHANGE","NATURAL GAS","773909","123450","158799","62082","70243"
"2007-06-12T00:00:00.000","NATURAL GAS - NEW YORK MERCANTILE EXCHANGE","NATURAL GAS","767890","121341","149031","58062","88891"
"2007-06-12T00:00:00.000","GOLD - COMMODITY EXCHANGE INC.","GOLD","412150","74628","137153","80246","36872"
"2007-06-12T00:00:00.000","COPPER-GRADE #1 - COMMODITY EXCHANGE INC.","COPPER","76962","12039","21015","12529","15770"
"2007-06-12T00:00:00.000","SILVER - COMMODITY EXCHANGE INC.","SILVER","119583","5300","42340","28302","11412"
"2007-06-12T00:00:00.000","PLATINUM - NEW YORK MERCANTILE EXCHANGE","PLATINUM","15187","976","7947","9444","589"
"2007-06-12T00:00:00.000","PALLADIUM - NEW YORK MERCANTILE EXCHANGE","PALLADIUM","18198","1114","12733","8980","836"
"2007-06-19T00:00:00.000","PALLADIUM - NEW YORK MERCANTILE EXCHANGE","PALLADIUM","18634","1111","12949","9442","834"
"2007-06-19T00:00:00.000","GOLD - COMMODITY EXCHANGE INC.","GOLD","410324","73524","136494","81722","31746"
"2007-06-19T00:00:00.000","COPPER-GRADE #1 - COMMODITY EXCHANGE INC.","COPPER","78337","11928","22655","13265","15685"
"2007-06-19T00:00:00.000","SILVER - COMMODITY EXCHANGE INC.","SILVER","124252","5900","46409","28503","9953"
"2007-06-19T00:00:00.000","PLATINUM - NEW YORK MERCANTILE EXCHANGE","PLATINUM","15231","910","7617","9402","535"
"2007-06-19T00:00:00.000","NATURAL GAS - NEW YORK MERCANTILE EXCHANGE","NATURAL GAS","794880","129227","159607","57007","88980"
"2007-06-26T00:00:00.000","PALLADIUM - NEW YORK MERCANTILE EXCHANGE","PALLADIUM","18165","947","13786","9816","713"
"2007-06-26T00:00:00.000","GOLD - COMMODITY EXCHANGE INC.","GOLD","407640","74252","130455","72368","45874"
"2007-06-26T00:00:00.000","COPPER-GRADE #1 - COMMODITY EXCHANGE INC.","COPPER","79416","13057","22967","12538","16392"
"2007-06-26T00:00:00.000","SILVER - COMMODITY EXCHANGE INC.","SILVER","120288","7587","44037","25272","12257"
"2007-06-26T00:00:00.000","PLATINUM - NEW YORK MERCANTILE EXCHANGE","PLATINUM","15288","1550","7059","8316","744"
"2007-06-26T00:00:00.000","NATURAL GAS - NEW YORK MERCANTILE EXCHANGE","NATURAL GAS","802306","136353","156730","67443","108911"
"2007-07-03T00:00:00.000","PALLADIUM - NEW YORK MERCANTILE EXCHANGE","PALLADIUM","17549","951","13099","9425","965"
"2007-07-03T00:00:00.000","GOLD - COMMODITY EXCHANGE INC.","GOLD","375642","60148","124137","69308","34443"
"2007-07-03T00:00:00.000","COPPER-GRADE #1 - COMMODITY EXCHANGE INC.","COPPER","81852","12184","24626","15221","16607"
"2007-07-03T00:00:00.000","SILVER - COMMODITY EXCHANGE INC.","SILVER","117290","8329","40435","25171","14938"
"2007-07-03T00:00:00.000","PLATINUM - NEW YORK MERCANTILE EXCHANGE","PLATINUM","14533","1232","6864","8602","525"
"2007-07-03T00:00:00.000","NATURAL GAS - NEW YORK MERCANTILE EXCHANGE","NATURAL GAS","805330","135792","149734","63577","115585"
"2007-07-10T00:00:00.000","PALLADIUM - NEW YORK MERCANTILE EXCHANGE","PALLADIUM","17613","950","13166","9635","866"
"2007-07-10T00:00:00.000","GOLD - COMMODITY EXCHANGE INC.","GOLD","387916","61866","129389","72474","33675"
"2007-07-10T00:00:00.000","COPPER-GRADE #1 - COMMODITY EXCHANGE INC.","COPPER","87538","11944","29006","19403","16673"
"2007-07-10T00:00:00.000","SILVER - COMMODITY EXCHANGE INC.","SILVER","116724","7186","42483","24758","13443"
"2007-07-10T00:00:00.000","PLATINUM - NEW YORK MERCANTILE EXCHANGE","PLATINUM","15801","784","7606","9681","758"
"2007-07-10T00:00:00.000","NATURAL GAS - NEW YORK MERCANTILE EXCHANGE","NATURAL GAS","822709","136785","151980","68081","125763"
"2007-07-17T00:00:00.000","NATURAL GAS - NEW YORK MERCANTILE EXCHANGE","NATURAL GAS","830833","128961","138825","67776","132091"
"2007-07-17T00:00:00.000","GOLD - COMMODITY EXCHANGE INC.","GOLD","385595","56310","129377","72985","27947"
"2007-07-17T00:00:00.000","COPPER-GRADE #1 - COMMODITY EXCHANGE INC.","COPPER","89893","12645","28912","18702","16572"
"2007-07-17T00:00:00.000","SILVER - COMMODITY EXCHANGE INC.","SILVER","115546","7392","43972","24721","10757"
"2007-07-17T00:00:00.000","PLATINUM - NEW YORK MERCANTILE EXCHANGE","PLATINUM","17001","880","7970","10564","690"
"2007-07-17T00:00:00.000","PALLADIUM - NEW YORK MERCANTILE EXCHANGE","PALLADIUM","17724","944","13256","9870","895"
"2007-07-24T00:00:00.000","NATURAL GAS - NEW YORK MERCANTILE EXCHANGE","NATURAL GAS","836827","133736","138359","69663","136284"
"2007-07-24T00:00:00.000","GOLD - COMMODITY EXCHANGE INC.","GOLD","401603","48605","141842","114752","19037"
"2007-07-24T00:00:00.000","COPPER-GRADE #1 - COMMODITY EXCHANGE INC.","COPPER","94496","13518","30374","20502","16808"
"2007-07-24T00:00:00.000","SILVER - COMMODITY EXCHANGE INC.","SILVER","119064","7294","47634","28499","8968"
"2007-07-24T00:00:00.000","PLATINUM - NEW YORK MERCANTILE EXCHANGE","PLATINUM","18768","893","8966","11771","607"
"2007-07-24T00:00:00.000","PALLADIUM - NEW YORK MERCANTILE EXCHANGE","PALLADIUM","18966","951","14525","10172","795"
"2007-07-31T00:00:00.000","PALLADIUM - NEW YORK MERCANTILE EXCHANGE","PALLADIUM","18623","981","13799","10039","1008"
"2007-07-31T00:00:00.000","GOLD - COMMODITY EXCHANGE INC.","GOLD","351185","50567","121716","76461","21368"
"2007-07-31T00:00:00.000","COPPER-GRADE #1 - COMMODITY EXCHANGE INC.","COPPER","89395","12746","26879","18274","16230"
"2007-07-31T00:00:00.000","SILVER - COMMODITY EXCHANGE INC.","SILVER","118550","9355","45013","24450","10206"
"2007-07-31T00:00:00.000","PLATINUM - NEW YORK MERCANTILE EXCHANGE","PLATINUM","14773","1863","7198","7637","375"
"2007-07-31T00:00:00.000","NATURAL GAS - NEW YORK MERCANTILE EXCHANGE","NATURAL GAS","809913","126660","135595","68272","128435"
"2007-08-07T00:00:00.000","PALLADIUM - NEW YORK MERCANTILE EXCHANGE","PALLADIUM","18920","949","13637","9937","986"
"2007-08-07T00:00:00.000","GOLD - COMMODITY EXCHANGE INC.","GOLD","352908","46992","118564","84522","20981"
"2007-08-07T00:00:00.000","COPPER-GRADE #1 - COMMODITY EXCHANGE INC.","COPPER","84651","13136","26141","16233","15289"
"2007-08-07T00:00:00.000","SILVER - COMMODITY EXCHANGE INC.","SILVER","122787","10965","47822","25225","9135"
"2007-08-07T00:00:00.000","PLATINUM - NEW YORK MERCANTILE EXCHANGE","PLATINUM","14573","1656","7222","7546","433"
"2007-08-07T00:00:00.000","NATURAL GAS - NEW YORK MERCANTILE EXCHANGE","NATURAL GAS","798615","128840","139172","65143","121599"
"2007-08-14T00:00:00.000","PALLADIUM - NEW YORK MERCANTILE EXCHANGE","PALLADIUM","17996","908","12147","9197","1552"
"2007-08-14T00:00:00.000","GOLD - COMMODITY EXCHANGE INC.","GOLD","347973","47066","121483","77995","12117"
"2007-08-14T00:00:00.000","COPPER-GRADE #1 - COMMODITY EXCHANGE INC.","COPPER","76111","12813","23753","13706","11809"
"2007-08-14T00:00:00.000","SILVER - COMMODITY EXCHANGE INC.","SILVER","122912","12173","48296","19859","8462"
"2007-08-14T00:00:00.000","PLATINUM - NEW YORK MERCANTILE EXCHANGE","PLATINUM","12933","1987","6027","5695","390"
"2007-08-14T00:00:00.000","NATURAL GAS - NEW YORK MERCANTILE EXCHANGE","NATURAL GAS","769438","125014","140452","65602","101587"
"2007-08-21T00:00:00.000","PALLADIUM - NEW YORK MERCANTILE EXCHANGE","PALLADIUM","17677","1465","11053","8097","1737"
"2007-08-21T00:00:00.000","GOLD - COMMODITY EXCHANGE INC.","GOLD","330204","53391","108671","65359","22367"
"2007-08-21T00:00:00.000","COPPER-GRADE #1 - COMMODITY EXCHANGE INC.","COPPER","76498","15465","24626","10950","12751"
"2007-08-21T00:00:00.000","SILVER - COMMODITY EXCHANGE INC.","SILVER","117914","12181","45303","17799","11889"
"2007-08-21T00:00:00.000","PLATINUM - NEW YORK MERCANTILE EXCHANGE","PLATINUM","11119","1973","4967","4371","1001"
"2007-08-21T00:00:00.000","NATURAL GAS - NEW YORK MERCANTILE EXCHANGE","NATURAL GAS","763051","127786","140651","59625","99630"
"2007-08-28T00:00:00.000","PALLADIUM - NEW YORK MERCANTILE EXCHANGE","PALLADIUM","17819","1749","10719","7924","2001"
"2007-08-28T00:00:00.000","GOLD - COMMODITY EXCHANGE INC.","GOLD","325767","51644","115819","66292","16289"
"2007-08-28T00:00:00.000","COPPER-GRADE #1 - COMMODITY EXCHANGE INC.","COPPER","73083","14881","24438","10035","10208"
"2007-08-28T00:00:00.000","SILVER - COMMODITY EXCHANGE INC.","SILVER","111791","11544","41126","15163","14521"
"2007-08-28T00:00:00.000","PLATINUM - NEW YORK MERCANTILE EXCHANGE","PLATINUM","10529","1844","4798","4128","828"
"2007-08-28T00:00:00.000","NATURAL GAS - NEW YORK MERCANTILE EXCHANGE","NATURAL GAS","771157","132729","141511","59260","109172"
"2007-09-04T00:00:00.000","SILVER - COMMODITY EXCHANGE INC.","SILVER","107814","12235","39144","14673","14765"
"2007-09-04T00:00:00.000","GOLD - COMMODITY EXCHANGE INC.","GOLD","339439","45083","121543","85525","11759"
"2007-09-04T00:00:00.000","COPPER-GRADE #1 - COMMODITY EXCHANGE INC.","COPPER","69156","12267","23917","10250","8331"
"2007-09-04T00:00:00.000","PLATINUM - NEW YORK MERCANTILE EXCHANGE","PLATINUM","10881","2032","5060","3834","710"
"2007-09-04T00:00:00.000","PALLADIUM - NEW YORK MERCANTILE EXCHANGE","PALLADIUM","16511","1127","10283","8306","2374"
"2007-09-04T00:00:00.000","NATURAL GAS - NEW YORK MERCANTILE EXCHANGE","NATURAL GAS","772043","130373","139395","63586","114684"
"2007-09-11T00:00:00.000","NATURAL GAS - NEW YORK MERCANTILE EXCHANGE","NATURAL GAS","785276","142860","148577","67186","120192"
"2007-09-11T00:00:00.000","GOLD - COMMODITY EXCHANGE INC.","GOLD","373686","40397","142145","109090","8575"
"2007-09-11T00:00:00.000","COPPER-GRADE #1 - COMMODITY EXCHANGE INC.","COPPER","68684","11602","23695","10991","7861"
"2007-09-11T00:00:00.000","SILVER - COMMODITY EXCHANGE INC.","SILVER","108199","10962","40864","15458","14598"
"2007-09-11T00:00:00.000","PLATINUM - NEW YORK MERCANTILE EXCHANGE","PLATINUM","11352","2030","5764","4456","633"
"2007-09-11T00:00:00.000","PALLADIUM - NEW YORK MERCANTILE EXCHANGE","PALLADIUM","16264","1584","9925","7838","2449"
"2007-09-18T00:00:00.000","PALLADIUM - NEW YORK MERCANTILE EXCHANGE","PALLADIUM","15817","1953","9348","7028","2615"
"2007-09-18T00:00:00.000","GOLD - COMMODITY EXCHANGE INC.","GOLD","392748","40128","150952","125440","8362"
"2007-09-18T00:00:00.000","COPPER-GRADE #1 - COMMODITY EXCHANGE INC.","COPPER","71557","11573","26165","13153","7212"
"2007-09-18T00:00:00.000","SILVER - COMMODITY EXCHANGE INC.","SILVER","109750","11264","43086","16956","12770"
"2007-09-18T00:00:00.000","PLATINUM - NEW YORK MERCANTILE EXCHANGE","PLATINUM","12205","1627","5941","5576","684"
"2007-09-18T00:00:00.000","NATURAL GAS - NEW YORK MERCANTILE EXCHANGE","NATURAL GAS","797218","142972","152108","68561","105110"
"2007-09-25T00:00:00.000","PALLADIUM - NEW YORK MERCANTILE EXCHANGE","PALLADIUM","15799","1740","9615","6794","2441"
"2007-09-25T00:00:00.000","GOLD - COMMODITY EXCHANGE INC.","GOLD","440945","48227","181245","153984","9943"
"2007-09-25T00:00:00.000","COPPER-GRADE #1 - COMMODITY EXCHANGE INC.","COPPER","77528","12343","29074","16479","8025"
"2007-09-25T00:00:00.000","SILVER - COMMODITY EXCHANGE INC.","SILVER","116537","7138","48271","25903","11492"
"2007-09-25T00:00:00.000","PLATINUM - NEW YORK MERCANTILE EXCHANGE","PLATINUM","13729","823","6178","6933","346"
"2007-09-25T00:00:00.000","NATURAL GAS - NEW YORK MERCANTILE EXCHANGE","NATURAL GAS","755963","126855","137225","54180","100471"
"2007-10-02T00:00:00.000","PALLADIUM - NEW YORK MERCANTILE EXCHANGE","PALLADIUM","15946","1700","9738","6847","2190"
"2007-10-02T00:00:00.000","GOLD - COMMODITY EXCHANGE INC.","GOLD","439865","42567","185644","165536","13596"
"2007-10-02T00:00:00.000","COPPER-GRADE #1 - COMMODITY EXCHANGE INC.","COPPER","83055","12268","29812","19777","8901"
"2007-10-02T00:00:00.000","SILVER - COMMODITY EXCHANGE INC.","SILVER","117498","6564","47169","27809","11568"
"2007-10-02T00:00:00.000","PLATINUM - NEW YORK MERCANTILE EXCHANGE","PLATINUM","14621","757","6387","7992","1017"
"2007-10-02T00:00:00.000","NATURAL GAS - NEW YORK MERCANTILE EXCHANGE","NATURAL GAS","758406","123366","139413","59357","94570"
"2007-10-09T00:00:00.000","PALLADIUM - NEW YORK MERCANTILE EXCHANGE","PALLADIUM","16109","1613","9818","7764","2019"
"2007-10-09T00:00:00.000","GOLD - COMMODITY EXCHANGE INC.","GOLD","458936","43529","201058","177069","8722"
"2007-10-09T00:00:00.000","COPPER-GRADE #1 - COMMODITY EXCHANGE INC.","COPPER","86905","11537","32161","21878","9404"
"2007-10-09T00:00:00.000","SILVER - COMMODITY EXCHANGE INC.","SILVER","120478","7665","50002","29372","10534"
"2007-10-09T00:00:00.000","PLATINUM - NEW YORK MERCANTILE EXCHANGE","PLATINUM","14894","1330","6743","8221","910"
"2007-10-09T00:00:00.000","NATURAL GAS - NEW YORK MERCANTILE EXCHANGE","NATURAL GAS","740498","117928","130011","56888","102675"
"2007-10-16T00:00:00.000","NATURAL GAS - NEW YORK MERCANTILE EXCHANGE","NATURAL GAS","750765","118988","135568","56615","94858"
"2007-10-16T00:00:00.000","GOLD - COMMODITY EXCHANGE INC.","GOLD","483872","44003","204248","191927","9649"
"2007-10-16T00:00:00.000","COPPER-GRADE #1 - COMMODITY EXCHANGE INC.","COPPER","90148","11429","29405","21407","11055"
"2007-10-16T00:00:00.000","SILVER - COMMODITY EXCHANGE INC.","SILVER","124780","8844","51743","29138","10614"
"2007-10-16T00:00:00.000","PLATINUM - NEW YORK MERCANTILE EXCHANGE","PLATINUM","14968","683","7429","8602","949"
"2007-10-16T00:00:00.000","PALLADIUM - NEW YORK MERCANTILE EXCHANGE","PALLADIUM","16260","1086","10191","8472","2075"
"2007-10-23T00:00:00.000","NATURAL GAS - NEW YORK MERCANTILE EXCHANGE","NATURAL GAS","760401","118290","135110","57580","106343"
"2007-10-23T00:00:00.000","GOLD - COMMODITY EXCHANGE INC.","GOLD","489471","46395","198116","185137","12077"
"2007-10-23T00:00:00.000","COPPER-GRADE #1 - COMMODITY EXCHANGE INC.","COPPER","86858","11367","27926","17603","10836"
"2007-10-23T00:00:00.000","SILVER - COMMODITY EXCHANGE INC.","SILVER","122842","9188","51853","30134","10215"
"2007-10-23T00:00:00.000","PLATINUM - NEW YORK MERCANTILE EXCHANGE","PLATINUM","15504","812","8125","9044","920"
"2007-10-23T00:00:00.000","PALLADIUM - NEW YORK MERCANTILE EXCHANGE","PALLADIUM","16714","1046","10359","8791","1929"
"2007-10-30T00:00:00.000","PALLADIUM - NEW YORK MERCANTILE EXCHANGE","PALLADIUM","16473","969","10672","8223","1983"
"2007-10-30T00:00:00.000","GOLD - COMMODITY EXCHANGE INC.","GOLD","516163","51880","217358","194052","8156"
"2007-10-30T00:00:00.000","COPPER-GRADE #1 - COMMODITY EXCHANGE INC.","COPPER","86013","11612","26851","15056","11032"
"2007-10-30T00:00:00.000","SILVER - COMMODITY EXCHANGE INC.","SILVER","133518","9860","54454","33230","10785"
"2007-10-30T00:00:00.000","PLATINUM - NEW YORK MERCANTILE EXCHANGE","PLATINUM","15695","903","7618","8863","1100"
"2007-10-30T00:00:00.000","NATURAL GAS - NEW YORK MERCANTILE EXCHANGE","NATURAL GAS","741551","112445","139101","57057","98270"
"2007-11-06T00:00:00.000","PALLADIUM - NEW YORK MERCANTILE EXCHANGE","PALLADIUM","17698","1187","11374","8954","2254"
"2007-11-06T00:00:00.000","GOLD - COMMODITY EXCHANGE INC.","GOLD","556856","58684","231953","198786","12371"
"2007-11-06T00:00:00.000","COPPER-GRADE #1 - COMMODITY EXCHANGE INC.","COPPER","83317","11285","26611","12577","10959"
"2007-11-06T00:00:00.000","SILVER - COMMODITY EXCHANGE INC.","SILVER","150120","13927","62701","35880","11162"
"2007-11-06T00:00:00.000","PLATINUM - NEW YORK MERCANTILE EXCHANGE","PLATINUM","16382","791","7801","9510","1300"
"2007-11-06T00:00:00.000","NATURAL GAS - NEW YORK MERCANTILE EXCHANGE","NATURAL GAS","766001","117570","143096","52800","99695"
"2007-11-13T00:00:00.000","PALLADIUM - NEW YORK MERCANTILE EXCHANGE","PALLADIUM","17966","1059","11766","9284","1971"
"2007-11-13T00:00:00.000","GOLD - COMMODITY EXCHANGE INC.","GOLD","552546","66253","235001","185676","10739"
"2007-11-13T00:00:00.000","COPPER-GRADE #1 - COMMODITY EXCHANGE INC.","COPPER","78465","13370","26104","9455","11817"
"2007-11-13T00:00:00.000","SILVER - COMMODITY EXCHANGE INC.","SILVER","146205","13212","61576","34260","10895"
"2007-11-13T00:00:00.000","PLATINUM - NEW YORK MERCANTILE EXCHANGE","PLATINUM","13865","836","6884","7311","1204"
"2007-11-13T00:00:00.000","NATURAL GAS - NEW YORK MERCANTILE EXCHANGE","NATURAL GAS","791930","126098","143492","55402","115530"
"2007-11-20T00:00:00.000","PALLADIUM - NEW YORK MERCANTILE EXCHANGE","PALLADIUM","17371","1294","11747","8856","1789"
"2007-11-20T00:00:00.000","GOLD - COMMODITY EXCHANGE INC.","GOLD","512430","72081","235949","172412","11566"
"2007-11-20T00:00:00.000","COPPER-GRADE #1 - COMMODITY EXCHANGE INC.","COPPER","77837","14464","26966","7339","11788"
"2007-11-20T00:00:00.000","SILVER - COMMODITY EXCHANGE INC.","SILVER","146852","16606","62816","31961","11494"
"2007-11-20T00:00:00.000","PLATINUM - NEW YORK MERCANTILE EXCHANGE","PLATINUM","13979","600","5989","7491","1391"
"2007-11-20T00:00:00.000","NATURAL GAS - NEW YORK MERCANTILE EXCHANGE","NATURAL GAS","799586","128281","143241","54072","127289"
"2007-11-27T00:00:00.000","PLATINUM - NEW YORK MERCANTILE EXCHANGE","PLATINUM","13612","649","5243","6993","1774"
"2007-11-27T00:00:00.000","GOLD - COMMODITY EXCHANGE INC.","GOLD","520782","93667","264869","163138","11283"
"2007-11-27T00:00:00.000","COPPER-GRADE #1 - COMMODITY EXCHANGE INC.","COPPER","73905","12820","21751","5592","11306"
"2007-11-27T00:00:00.000","NATURAL GAS - NEW YORK MERCANTILE EXCHANGE","NATURAL GAS","793948","131724","145644","60312","128647"
"2007-11-27T00:00:00.000","SILVER - COMMODITY EXCHANGE INC.","SILVER","144601","18511","62954","28229","10519"
"2007-11-27T00:00:00.000","PALLADIUM - NEW YORK MERCANTILE EXCHANGE","PALLADIUM","16698","1963","11472","7671","1772"
"2007-12-04T00:00:00.000","SILVER - COMMODITY EXCHANGE INC.","SILVER","138128","20030","61071","25737","9329"
"2007-12-04T00:00:00.000","GOLD - COMMODITY EXCHANGE INC.","GOLD","486709","85698","252208","149675","5754"
"2007-12-04T00:00:00.000","COPPER-GRADE #1 - COMMODITY EXCHANGE INC.","COPPER","70839","12003","23631","5507","10438"
"2007-12-04T00:00:00.000","PLATINUM - NEW YORK MERCANTILE EXCHANGE","PLATINUM","13897","455","4675","7386","1820"
"2007-12-04T00:00:00.000","PALLADIUM - NEW YORK MERCANTILE EXCHANGE","PALLADIUM","14761","1282","10643","7321","1674"
"2007-12-04T00:00:00.000","NATURAL GAS - NEW YORK MERCANTILE EXCHANGE","NATURAL GAS","827956","144791","154041","67436","150956"
"2007-12-11T00:00:00.000","NATURAL GAS - NEW YORK MERCANTILE EXCHANGE","NATURAL GAS","829008","146791","158473","66883","159784"
"2007-12-11T00:00:00.000","GOLD - COMMODITY EXCHANGE INC.","GOLD","486198","77948","238538","155465","6109"
"2007-12-11T00:00:00.000","COPPER-GRADE #1 - COMMODITY EXCHANGE INC.","COPPER","70873","9619","21702","5272","10265"
"2007-12-11T00:00:00.000","SILVER - COMMODITY EXCHANGE INC.","SILVER","147922","23252","67826","27802","9178"
"2007-12-11T00:00:00.000","PLATINUM - NEW YORK MERCANTILE EXCHANGE","PLATINUM","14092","379","4963","7713","1616"
"2007-12-11T00:00:00.000","PALLADIUM - NEW YORK MERCANTILE EXCHANGE","PALLADIUM","14332","1232","10248","7127","1568"
"2007-12-18T00:00:00.000","PALLADIUM - NEW YORK MERCANTILE EXCHANGE","PALLADIUM","14511","1113","10198","7421","1467"
"2007-12-18T00:00:00.000","GOLD - COMMODITY EXCHANGE INC.","GOLD","495001","77709","239026","155660","9422"
"2007-12-18T00:00:00.000","COPPER-GRADE #1 - COMMODITY EXCHANGE INC.","COPPER","73019","10919","22159","4963","10850"
"2007-12-18T00:00:00.000","SILVER - COMMODITY EXCHANGE INC.","SILVER","148157","24963","64810","23878","10730"
"2007-12-18T00:00:00.000","PLATINUM - NEW YORK MERCANTILE EXCHANGE","PLATINUM","16213","370","6051","9011","1668"
"2007-12-18T00:00:00.000","NATURAL GAS - NEW YORK MERCANTILE EXCHANGE","NATURAL GAS","857492","150779","169053","71408","162815"
"2007-12-24T00:00:00.000","PALLADIUM - NEW YORK MERCANTILE EXCHANGE","PALLADIUM","15192","1778","10794","7323","1434"
"2007-12-24T00:00:00.000","GOLD - COMMODITY EXCHANGE INC.","GOLD","517020","80925","250597","164604","8469"
"2007-12-24T00:00:00.000","COPPER-GRADE #1 - COMMODITY EXCHANGE INC.","COPPER","71767","10116","21999","5161","10256"
"2007-12-24T00:00:00.000","SILVER - COMMODITY EXCHANGE INC.","SILVER","150953","25687","68737","26639","7778"
"2007-12-24T00:00:00.000","PLATINUM - NEW YORK MERCANTILE EXCHANGE","PLATINUM","16670","363","6440","9577","1614"
"2007-12-24T00:00:00.000","NATURAL GAS - NEW YORK MERCANTILE EXCHANGE","NATURAL GAS","854409","148025","164634","69359","174860"
"2007-12-31T00:00:00.000","PALLADIUM - NEW YORK MERCANTILE EXCHANGE","PALLADIUM","15978","1573","11265","8220","1265"
"2007-12-31T00:00:00.000","GOLD - COMMODITY EXCHANGE INC.","GOLD","541854","84248","258727","181902","10649"
"2007-12-31T00:00:00.000","COPPER-GRADE #1 - COMMODITY EXCHANGE INC.","COPPER","72142","9902","22943","5432","9583"
"2007-12-31T00:00:00.000","SILVER - COMMODITY EXCHANGE INC.","SILVER","152888","24207","68715","29525","7243"
"2007-12-31T00:00:00.000","PLATINUM - NEW YORK MERCANTILE EXCHANGE","PLATINUM","17562","230","6870","10453","1477"
"2007-12-31T00:00:00.000","NATURAL GAS - NEW YORK MERCANTILE EXCHANGE","NATURAL GAS","849704","149875","173874","69576","157938"
"2008-01-08T00:00:00.000","PALLADIUM - NEW YORK MERCANTILE EXCHANGE","PALLADIUM","17154","936","12383","9208","1195"
"2008-01-08T00:00:00.000","GOLD - COMMODITY EXCHANGE INC.","GOLD","558309","78725","246814","191788","11019"
"2008-01-08T00:00:00.000","COPPER-GRADE #1 - COMMODITY EXCHANGE INC.","COPPER","75606","10352","24492","6367","8706"
"2008-01-08T00:00:00.000","SILVER - COMMODITY EXCHANGE INC.","SILVER","168508","24828","73956","37921","8650"
"2008-01-08T00:00:00.000","PLATINUM - NEW YORK MERCANTILE EXCHANGE","PLATINUM","19500","289","8167","12144","1737"
"2008-01-08T00:00:00.000","NATURAL GAS - NEW YORK MERCANTILE EXCHANGE","NATURAL GAS","868133","161183","195661","61902","138745"
"2008-01-15T00:00:00.000","NATURAL GAS - NEW YORK MERCANTILE EXCHANGE","NATURAL GAS","881242","161328","195411","58638","136466"
"2008-01-15T00:00:00.000","GOLD - COMMODITY EXCHANGE INC.","GOLD","593953","80922","253690","197021","11137"
"2008-01-15T00:00:00.000","COPPER-GRADE #1 - COMMODITY EXCHANGE INC.","COPPER","83849","10066","27391","8327","11713"
"2008-01-15T00:00:00.000","SILVER - COMMODITY EXCHANGE INC.","SILVER","177544","23700","76571","41303","9598"
"2008-01-15T00:00:00.000","PLATINUM - NEW YORK MERCANTILE EXCHANGE","PLATINUM","17970","340","7328","10782","1504"
"2008-01-15T00:00:00.000","PALLADIUM - NEW YORK MERCANTILE EXCHANGE","PALLADIUM","17992","899","13152","9491","1147"
"2008-01-22T00:00:00.000","NATURAL GAS - NEW YORK MERCANTILE EXCHANGE","NATURAL GAS","888581","167301","198375","58299","146507"
"2008-01-22T00:00:00.000","GOLD - COMMODITY EXCHANGE INC.","GOLD","560173","71229","232617","193039","9618"
"2008-01-22T00:00:00.000","COPPER-GRADE #1 - COMMODITY EXCHANGE INC.","COPPER","86382","9724","26024","9230","12296"
"2008-01-22T00:00:00.000","SILVER - COMMODITY EXCHANGE INC.","SILVER","179362","24865","78584","45095","8668"
"2008-01-22T00:00:00.000","PLATINUM - NEW YORK MERCANTILE EXCHANGE","PLATINUM","16847","412","6576","9949","1225"
"2008-01-22T00:00:00.000","PALLADIUM - NEW YORK MERCANTILE EXCHANGE","PALLADIUM","18074","881","13361","9904","1087"
"2008-01-29T00:00:00.000","PALLADIUM - NEW YORK MERCANTILE EXCHANGE","PALLADIUM","20676","1151","15370","11373","990"
"2008-01-29T00:00:00.000","GOLD - COMMODITY EXCHANGE INC.","GOLD","522142","77238","245905","191376","9652"
"2008-01-29T00:00:00.000","COPPER-GRADE #1 - COMMODITY EXCHANGE INC.","COPPER","89706","10087","26156","8598","12168"
"2008-01-29T00:00:00.000","SILVER - COMMODITY EXCHANGE INC.","SILVER","183056","24134","79660","44364","7262"
"2008-01-29T00:00:00.000","PLATINUM - NEW YORK MERCANTILE EXCHANGE","PLATINUM","16759","552","6807","9559","1689"
"2008-01-29T00:00:00.000","NATURAL GAS - NEW YORK MERCANTILE EXCHANGE","NATURAL GAS","892265","166174","193190","60761","144639"
"2008-02-05T00:00:00.000","PALLADIUM - NEW YORK MERCANTILE EXCHANGE","PALLADIUM","20320","1053","15319","9631","633"
"2008-02-05T00:00:00.000","GOLD - COMMODITY EXCHANGE INC.","GOLD","495139","68597","223050","191024","9337"
"2008-02-05T00:00:00.000","COPPER-GRADE #1 - COMMODITY EXCHANGE INC.","COPPER","90375","10384","27821","9698","12644"
"2008-02-05T00:00:00.000","SILVER - COMMODITY EXCHANGE INC.","SILVER","184677","25260","82130","45757","6008"
"2008-02-05T00:00:00.000","PLATINUM - NEW YORK MERCANTILE EXCHANGE","PLATINUM","15705","541","6885","8956","1578"
"2008-02-05T00:00:00.000","NATURAL GAS - NEW YORK MERCANTILE EXCHANGE","NATURAL GAS","918550","174044","199464","61988","146140"
"2008-02-12T00:00:00.000","PALLADIUM - NEW YORK MERCANTILE EXCHANGE","PALLADIUM","20296","844","14977","8837","641"
"2008-02-12T00:00:00.000","GOLD - COMMODITY EXCHANGE INC.","GOLD","475749","58819","211996","190428","12352"
"2008-02-12T00:00:00.000","COPPER-GRADE #1 - COMMODITY EXCHANGE INC.","COPPER","88310","9583","32755","16552","10837"
"2008-02-12T00:00:00.000","SILVER - COMMODITY EXCHANGE INC.","SILVER","187309","24484","84691","49205","6091"
"2008-02-12T00:00:00.000","PLATINUM - NEW YORK MERCANTILE EXCHANGE","PLATINUM","15135","424","6380","8037","1773"
"2008-02-12T00:00:00.000","NATURAL GAS - NEW YORK MERCANTILE EXCHANGE","NATURAL GAS","957817","155595","190677","91962","151216"
"2008-02-19T00:00:00.000","PALLADIUM - NEW YORK MERCANTILE EXCHANGE","PALLADIUM","20607","689","14979","8743","823"
"2008-02-19T00:00:00.000","GOLD - COMMODITY EXCHANGE INC.","GOLD","489789","60308","220971","200191","12457"
"2008-02-19T00:00:00.000","COPPER-GRADE #1 - COMMODITY EXCHANGE INC.","COPPER","93661","10043","35984","19228","10688"
"2008-02-19T00:00:00.000","SILVER - COMMODITY EXCHANGE INC.","SILVER","189151","23977","88060","48883","6362"
"2008-02-19T00:00:00.000","PLATINUM - NEW YORK MERCANTILE EXCHANGE","PLATINUM","16153","647","6193","7725","1393"
"2008-02-19T00:00:00.000","NATURAL GAS - NEW YORK MERCANTILE EXCHANGE","NATURAL GAS","963709","141654","179284","104764","163627"
"2008-02-26T00:00:00.000","PALLADIUM - NEW YORK MERCANTILE EXCHANGE","PALLADIUM","22230","1462","16925","8423","679"
"2008-02-26T00:00:00.000","GOLD - COMMODITY EXCHANGE INC.","GOLD","495102","60026","219955","197000","10695"
"2008-02-26T00:00:00.000","COPPER-GRADE #1 - COMMODITY EXCHANGE INC.","COPPER","101872","11749","41043","22373","11907"
"2008-02-26T00:00:00.000","SILVER - COMMODITY EXCHANGE INC.","SILVER","173340","21085","85301","48277","5048"
"2008-02-26T00:00:00.000","PLATINUM - NEW YORK MERCANTILE EXCHANGE","PLATINUM","15486","1008","6009","7696","1574"
"2008-02-26T00:00:00.000","NATURAL GAS - NEW YORK MERCANTILE EXCHANGE","NATURAL GAS","951977","139609","176759","118944","194342"
"2008-03-04T00:00:00.000","SILVER - COMMODITY EXCHANGE INC.","SILVER","166625","19557","82894","44451","5755"
"2008-03-04T00:00:00.000","GOLD - COMMODITY EXCHANGE INC.","GOLD","486992","51882","204993","188294","12567"
"2008-03-04T00:00:00.000","COPPER-GRADE #1 - COMMODITY EXCHANGE INC.","COPPER","101867","9581","39847","24503","12315"
"2008-03-04T00:00:00.000","PLATINUM - NEW YORK MERCANTILE EXCHANGE","PLATINUM","15014","1321","5983","6861","1346"
"2008-03-04T00:00:00.000","PALLADIUM - NEW YORK MERCANTILE EXCHANGE","PALLADIUM","21466","1032","15146","8031","999"
"2008-03-04T00:00:00.000","NATURAL GAS - NEW YORK MERCANTILE EXCHANGE","NATURAL GAS","940141","134057","176478","132787","184110"
"2008-03-11T00:00:00.000","NATURAL GAS - NEW YORK MERCANTILE EXCHANGE","NATURAL GAS","925085","133036","173241","117434","183805"
"2008-03-11T00:00:00.000","GOLD - COMMODITY EXCHANGE INC.","GOLD","482035","44107","203350","186110","10395"
"2008-03-11T00:00:00.000","COPPER-GRADE #1 - COMMODITY EXCHANGE INC.","COPPER","103107","9371","39745","25514","12599"
"2008-03-11T00:00:00.000","SILVER - COMMODITY EXCHANGE INC.","SILVER","162481","19469","81455","41405","5838"
"2008-03-11T00:00:00.000","PLATINUM - NEW YORK MERCANTILE EXCHANGE","PLATINUM","13669","1808","5262","6407","827"
"2008-03-11T00:00:00.000","PALLADIUM - NEW YORK MERCANTILE EXCHANGE","PALLADIUM","20606","880","15530","8200","964"
"2008-03-18T00:00:00.000","PALLADIUM - NEW YORK MERCANTILE EXCHANGE","PALLADIUM","20216","863","15240","8057","1052"
"2008-03-18T00:00:00.000","GOLD - COMMODITY EXCHANGE INC.","GOLD","489055","49965","217235","179620","11055"
"2008-03-18T00:00:00.000","COPPER-GRADE #1 - COMMODITY EXCHANGE INC.","COPPER","101953","9222","38353","23682","12163"
"2008-03-18T00:00:00.000","SILVER - COMMODITY EXCHANGE INC.","SILVER","160860","18949","80560","42821","6011"
"2008-03-18T00:00:00.000","PLATINUM - NEW YORK MERCANTILE EXCHANGE","PLATINUM","12575","1304","4406","5328","813"
"2008-03-18T00:00:00.000","NATURAL GAS - NEW YORK MERCANTILE EXCHANGE","NATURAL GAS","901607","125807","162404","114597","175006"
"2008-03-25T00:00:00.000","PALLADIUM - NEW YORK MERCANTILE EXCHANGE","PALLADIUM","20188","771","14958","8717","1056"
"2008-03-25T00:00:00.000","GOLD - COMMODITY EXCHANGE INC.","GOLD","452193","52158","185842","169444","14286"
"2008-03-25T00:00:00.000","COPPER-GRADE #1 - COMMODITY EXCHANGE INC.","COPPER","97323","9700","37014","20107","8414"
"2008-03-25T00:00:00.000","SILVER - COMMODITY EXCHANGE INC.","SILVER","148918","20183","73768","31360","5589"
"2008-03-25T00:00:00.000","PLATINUM - NEW YORK MERCANTILE EXCHANGE","PLATINUM","11413","1119","3492","5517","439"
"2008-03-25T00:00:00.000","NATURAL GAS - NEW YORK MERCANTILE EXCHANGE","NATURAL GAS","884385","126462","155364","115807","182278"
"2008-04-01T00:00:00.000","PALLADIUM - NEW YORK MERCANTILE EXCHANGE","PALLADIUM","19649","997","14434","8090","1227"
"2008-04-01T00:00:00.000","GOLD - COMMODITY EXCHANGE INC.","GOLD","399393","54419","182555","146935","11584"
"2008-04-01T00:00:00.000","COPPER-GRADE #1 - COMMODITY EXCHANGE INC.","COPPER","101860","9313","37309","22847","8912"
"2008-04-01T00:00:00.000","SILVER - COMMODITY EXCHANGE INC.","SILVER","145358","19578","71868","29093","3338"
"2008-04-01T00:00:00.000","PLATINUM - NEW YORK MERCANTILE EXCHANGE","PLATINUM","12018","1150","4253","6402","609"
"2008-04-01T00:00:00.000","NATURAL GAS - NEW YORK MERCANTILE EXCHANGE","NATURAL GAS","866662","122844","150877","123873","185457"
"2008-04-08T00:00:00.000","PALLADIUM - NEW YORK MERCANTILE EXCHANGE","PALLADIUM","19201","975","13628","7047","1100"
"2008-04-08T00:00:00.000","GOLD - COMMODITY EXCHANGE INC.","GOLD","407212","53163","183964","151135","15005"
"2008-04-08T00:00:00.000","COPPER-GRADE #1 - COMMODITY EXCHANGE INC.","COPPER","102525","9803","37601","25173","11555"
"2008-04-08T00:00:00.000","SILVER - COMMODITY EXCHANGE INC.","SILVER","145698","20531","71192","28617","3674"
"2008-04-08T00:00:00.000","PLATINUM - NEW YORK MERCANTILE EXCHANGE","PLATINUM","11916","785","4240","6840","565"
"2008-04-08T00:00:00.000","NATURAL GAS - NEW YORK MERCANTILE EXCHANGE","NATURAL GAS","857982","121729","148197","122687","187086"
"2008-04-15T00:00:00.000","NATURAL GAS - NEW YORK MERCANTILE EXCHANGE","NATURAL GAS","880624","122579","149930","122423","188847"
"2008-04-15T00:00:00.000","GOLD - COMMODITY EXCHANGE INC.","GOLD","422699","52420","194052","156260","13481"
"2008-04-15T00:00:00.000","COPPER-GRADE #1 - COMMODITY EXCHANGE INC.","COPPER","105070","10697","38357","27505","13465"
"2008-04-15T00:00:00.000","SILVER - COMMODITY EXCHANGE INC.","SILVER","149199","19999","71463","29471","3531"
"2008-04-15T00:00:00.000","PLATINUM - NEW YORK MERCANTILE EXCHANGE","PLATINUM","12533","643","4630","7390","617"
"2008-04-15T00:00:00.000","PALLADIUM - NEW YORK MERCANTILE EXCHANGE","PALLADIUM","19764","880","13768","7353","1160"
"2008-04-22T00:00:00.000","NATURAL GAS - NEW YORK MERCANTILE EXCHANGE","NATURAL GAS","890378","119731","146864","127874","194181"
"2008-04-22T00:00:00.000","GOLD - COMMODITY EXCHANGE INC.","GOLD","424218","57832","198587","157492","14400"
"2008-04-22T00:00:00.000","COPPER-GRADE #1 - COMMODITY EXCHANGE INC.","COPPER","107654","11074","38852","28071","13729"
"2008-04-22T00:00:00.000","SILVER - COMMODITY EXCHANGE INC.","SILVER","153234","22208","73847","31177","3728"
"2008-04-22T00:00:00.000","PLATINUM - NEW YORK MERCANTILE EXCHANGE","PLATINUM","13881","386","5749","8247","735"
"2008-04-22T00:00:00.000","PALLADIUM - NEW YORK MERCANTILE EXCHANGE","PALLADIUM","19686","908","13743","7493","1119"
"2008-04-29T00:00:00.000","PALLADIUM - NEW YORK MERCANTILE EXCHANGE","PALLADIUM","19410","1061","13098","7161","1408"
"2008-04-29T00:00:00.000","GOLD - COMMODITY EXCHANGE INC.","GOLD","429670","59991","191942","151602","19235"
"2008-04-29T00:00:00.000","COPPER-GRADE #1 - COMMODITY EXCHANGE INC.","COPPER","104206","9951","34919","26289","14297"
"2008-04-29T00:00:00.000","SILVER - COMMODITY EXCHANGE INC.","SILVER","126504","13615","64999","29756","4167"
"2008-04-29T00:00:00.000","PLATINUM - NEW YORK MERCANTILE EXCHANGE","PLATINUM","13968","513","5420","8313","671"
"2008-04-29T00:00:00.000","NATURAL GAS - NEW YORK MERCANTILE EXCHANGE","NATURAL GAS","876570","116863","136229","118705","198021"
"2008-05-06T00:00:00.000","PALLADIUM - NEW YORK MERCANTILE EXCHANGE","PALLADIUM","19590","961","13287","7431","1337"
"2008-05-06T00:00:00.000","GOLD - COMMODITY EXCHANGE INC.","GOLD","433741","64631","193758","149175","24848"
"2008-05-06T00:00:00.000","COPPER-GRADE #1 - COMMODITY EXCHANGE INC.","COPPER","99434","9648","35715","24783","13538"
"2008-05-06T00:00:00.000","SILVER - COMMODITY EXCHANGE INC.","SILVER","121057","10314","57470","29686","5604"
"2008-05-06T00:00:00.000","PLATINUM - NEW YORK MERCANTILE EXCHANGE","PLATINUM","13961","582","5307","8331","497"
"2008-05-06T00:00:00.000","NATURAL GAS - NEW YORK MERCANTILE EXCHANGE","NATURAL GAS","867142","117290","136676","119935","199212"
"2008-05-13T00:00:00.000","PALLADIUM - NEW YORK MERCANTILE EXCHANGE","PALLADIUM","20268","962","13215","7340","1265"
"2008-05-13T00:00:00.000","GOLD - COMMODITY EXCHANGE INC.","GOLD","439636","64995","195323","150407","31816"
"2008-05-13T00:00:00.000","COPPER-GRADE #1 - COMMODITY EXCHANGE INC.","COPPER","97799","9665","34561","22140","12395"
"2008-05-13T00:00:00.000","SILVER - COMMODITY EXCHANGE INC.","SILVER","122802","8410","55886","30050","7480"
"2008-05-13T00:00:00.000","PLATINUM - NEW YORK MERCANTILE EXCHANGE","PLATINUM","15783","529","5645","8925","431"
"2008-05-13T00:00:00.000","NATURAL GAS - NEW YORK MERCANTILE EXCHANGE","NATURAL GAS","878936","117593","136862","126332","200902"
"2008-05-20T00:00:00.000","PALLADIUM - NEW YORK MERCANTILE EXCHANGE","PALLADIUM","18708","775","12823","6281","1193"
"2008-05-20T00:00:00.000","GOLD - COMMODITY EXCHANGE INC.","GOLD","453084","55186","206645","165800","18529"
"2008-05-20T00:00:00.000","COPPER-GRADE #1 - COMMODITY EXCHANGE INC.","COPPER","101017","9063","36398","22062","11748"
"2008-05-20T00:00:00.000","SILVER - COMMODITY EXCHANGE INC.","SILVER","125838","7664","58090","34268","7779"
"2008-05-20T00:00:00.000","PLATINUM - NEW YORK MERCANTILE EXCHANGE","PLATINUM","17225","337","5826","9630","513"
"2008-05-20T00:00:00.000","NATURAL GAS - NEW YORK MERCANTILE EXCHANGE","NATURAL GAS","892847","118385","136483","133981","207334"
"2008-05-27T00:00:00.000","NATURAL GAS - NEW YORK MERCANTILE EXCHANGE","NATURAL GAS","902704","115071","137090","161669","229741"
"2008-05-27T00:00:00.000","GOLD - COMMODITY EXCHANGE INC.","GOLD","430961","49833","199202","166394","20722"
"2008-05-27T00:00:00.000","COPPER-GRADE #1 - COMMODITY EXCHANGE INC.","COPPER","98441","9498","35045","20469","10564"
"2008-05-27T00:00:00.000","PLATINUM - NEW YORK MERCANTILE EXCHANGE","PLATINUM","17295","438","6026","9827","378"
"2008-05-27T00:00:00.000","PALLADIUM - NEW YORK MERCANTILE EXCHANGE","PALLADIUM","18352","823","12771","5738","1088"
"2008-05-27T00:00:00.000","SILVER - COMMODITY EXCHANGE INC.","SILVER","126583","6831","59868","35088","8371"
"2008-06-03T00:00:00.000","SILVER - COMMODITY EXCHANGE INC.","SILVER","123200","7407","56953","30404","6961"
"2008-06-03T00:00:00.000","GOLD - COMMODITY EXCHANGE INC.","GOLD","398441","50033","190356","155935","22278"
"2008-06-03T00:00:00.000","COPPER-GRADE #1 - COMMODITY EXCHANGE INC.","COPPER","97981","9062","30857","18475","13107"
"2008-06-03T00:00:00.000","PLATINUM - NEW YORK MERCANTILE EXCHANGE","PLATINUM","15395","775","6176","8233","256"
"2008-06-03T00:00:00.000","PALLADIUM - NEW YORK MERCANTILE EXCHANGE","PALLADIUM","17052","815","11550","5823","1578"
"2008-06-03T00:00:00.000","NATURAL GAS - NEW YORK MERCANTILE EXCHANGE","NATURAL GAS","915499","113517","132787","172786","241880"
"2008-06-10T00:00:00.000","NATURAL GAS - NEW YORK MERCANTILE EXCHANGE","NATURAL GAS","941378","133021","162709","170399","247350"
"2008-06-10T00:00:00.000","GOLD - COMMODITY EXCHANGE INC.","GOLD","396392","46137","172005","144056","29172"
"2008-06-10T00:00:00.000","COPPER-GRADE #1 - COMMODITY EXCHANGE INC.","COPPER","96229","9941","31675","18069","11345"
"2008-06-10T00:00:00.000","SILVER - COMMODITY EXCHANGE INC.","SILVER","128241","8331","58919","30292","8174"
"2008-06-10T00:00:00.000","PLATINUM - NEW YORK MERCANTILE EXCHANGE","PLATINUM","16138","792","6164","8850","329"
"2008-06-10T00:00:00.000","PALLADIUM - NEW YORK MERCANTILE EXCHANGE","PALLADIUM","17007","803","10943","5876","1801"
"2008-06-17T00:00:00.000","PALLADIUM - NEW YORK MERCANTILE EXCHANGE","PALLADIUM","16923","974","10961","6938","1868"
"2008-06-17T00:00:00.000","GOLD - COMMODITY EXCHANGE INC.","GOLD","390471","49329","169853","137007","19823"
"2008-06-17T00:00:00.000","COPPER-GRADE #1 - COMMODITY EXCHANGE INC.","COPPER","102488","12220","35112","20450","10811"
"2008-06-17T00:00:00.000","SILVER - COMMODITY EXCHANGE INC.","SILVER","130931","8908","59927","29018","6332"
"2008-06-17T00:00:00.000","PLATINUM - NEW YORK MERCANTILE EXCHANGE","PLATINUM","16146","854","6061","8885","310"
"2008-06-17T00:00:00.000","NATURAL GAS - NEW YORK MERCANTILE EXCHANGE","NATURAL GAS","947811","130431","153357","158953","252022"
"2008-06-24T00:00:00.000","PALLADIUM - NEW YORK MERCANTILE EXCHANGE","PALLADIUM","17078","939","10861","7122","1905"
"2008-06-24T00:00:00.000","GOLD - COMMODITY EXCHANGE INC.","GOLD","401226","47120","164205","143673","23409"
"2008-06-24T00:00:00.000","COPPER-GRADE #1 - COMMODITY EXCHANGE INC.","COPPER","109496","12954","40009","22982","8507"
"2008-06-24T00:00:00.000","SILVER - COMMODITY EXCHANGE INC.","SILVER","128720","12156","62397","28135","7918"
"2008-06-24T00:00:00.000","PLATINUM - NEW YORK MERCANTILE EXCHANGE","PLATINUM","15051","693","6430","8582","238"
"2008-06-24T00:00:00.000","NATURAL GAS - NEW YORK MERCANTILE EXCHANGE","NATURAL GAS","971727","131481","149983","174532","273415"
"2008-07-01T00:00:00.000","PALLADIUM - NEW YORK MERCANTILE EXCHANGE","PALLADIUM","17252","953","11143","7377","1918"
"2008-07-01T00:00:00.000","GOLD - COMMODITY EXCHANGE INC.","GOLD","434024","47593","183262","173983","17352"
"2008-07-01T00:00:00.000","COPPER-GRADE #1 - COMMODITY EXCHANGE INC.","COPPER","111367","10950","39824","23753","8812"
"2008-07-01T00:00:00.000","SILVER - COMMODITY EXCHANGE INC.","SILVER","130495","10245","63630","36104","7455"
"2008-07-01T00:00:00.000","PLATINUM - NEW YORK MERCANTILE EXCHANGE","PLATINUM","15141","787","6404","8646","306"
"2008-07-01T00:00:00.000","NATURAL GAS - NEW YORK MERCANTILE EXCHANGE","NATURAL GAS","971774","127887","147692","174632","282638"
"2008-07-08T00:00:00.000","PALLADIUM - NEW YORK MERCANTILE EXCHANGE","PALLADIUM","16575","915","10588","7226","1816"
"2008-07-08T00:00:00.000","GOLD - COMMODITY EXCHANGE INC.","GOLD","443202","54563","193023","174230","17127"
"2008-07-08T00:00:00.000","COPPER-GRADE #1 - COMMODITY EXCHANGE INC.","COPPER","110218","11976","40500","22703","10170"
"2008-07-08T00:00:00.000","SILVER - COMMODITY EXCHANGE INC.","SILVER","135835","10118","67644","39551","8042"
"2008-07-08T00:00:00.000","PLATINUM - NEW YORK MERCANTILE EXCHANGE","PLATINUM","14647","1316","6082","7436","339"
"2008-07-08T00:00:00.000","NATURAL GAS - NEW YORK MERCANTILE EXCHANGE","NATURAL GAS","971678","131889","144474","164733","289510"
"2008-07-15T00:00:00.000","NATURAL GAS - NEW YORK MERCANTILE EXCHANGE","NATURAL GAS","964168","135177","146634","170907","294650"
"2008-07-15T00:00:00.000","GOLD - COMMODITY EXCHANGE INC.","GOLD","483920","67361","225726","184704","15798"
"2008-07-15T00:00:00.000","COPPER-GRADE #1 - COMMODITY EXCHANGE INC.","COPPER","105627","11517","36866","18678","10425"
"2008-07-15T00:00:00.000","SILVER - COMMODITY EXCHANGE INC.","SILVER","143386","11181","69365","39525","7928"
"2008-07-15T00:00:00.000","PLATINUM - NEW YORK MERCANTILE EXCHANGE","PLATINUM","13943","943","5969","6929","335"
"2008-07-15T00:00:00.000","PALLADIUM - NEW YORK MERCANTILE EXCHANGE","PALLADIUM","15809","881","10021","6964","1889"
"2008-07-22T00:00:00.000","NATURAL GAS - NEW YORK MERCANTILE EXCHANGE","NATURAL GAS","968824","101720","112089","176371","292463"
"2008-07-22T00:00:00.000","GOLD - COMMODITY EXCHANGE INC.","GOLD","475606","66618","223432","177227","14225"
"2008-07-22T00:00:00.000","COPPER-GRADE #1 - COMMODITY EXCHANGE INC.","COPPER","110899","15254","36691","18104","12665"
"2008-07-22T00:00:00.000","SILVER - COMMODITY EXCHANGE INC.","SILVER","140089","10794","65885","37243","8846"
"2008-07-22T00:00:00.000","PLATINUM - NEW YORK MERCANTILE EXCHANGE","PLATINUM","14632","2493","5341","6535","372"
"2008-07-22T00:00:00.000","PALLADIUM - NEW YORK MERCANTILE EXCHANGE","PALLADIUM","14160","924","7366","5817","1909"
"2008-07-29T00:00:00.000","PALLADIUM - NEW YORK MERCANTILE EXCHANGE","PALLADIUM","13647","1089","7261","5217","2207"
"2008-07-29T00:00:00.000","GOLD - COMMODITY EXCHANGE INC.","GOLD","446013","73864","209685","158000","14757"
"2008-07-29T00:00:00.000","COPPER-GRADE #1 - COMMODITY EXCHANGE INC.","COPPER","108234","16805","33963","15600","14085"
"2008-07-29T00:00:00.000","SILVER - COMMODITY EXCHANGE INC.","SILVER","132854","13211","63025","30248","8290"
"2008-07-29T00:00:00.000","PLATINUM - NEW YORK MERCANTILE EXCHANGE","PLATINUM","13406","2584","4804","5554","216"
"2008-07-29T00:00:00.000","NATURAL GAS - NEW YORK MERCANTILE EXCHANGE","NATURAL GAS","940387","106394","104576","180992","299174"
"2008-08-05T00:00:00.000","PALLADIUM - NEW YORK MERCANTILE EXCHANGE","PALLADIUM","13680","1215","7047","4991","2486"
"2008-08-05T00:00:00.000","GOLD - COMMODITY EXCHANGE INC.","GOLD","408430","59111","181180","142508","13682"
"2008-08-05T00:00:00.000","COPPER-GRADE #1 - COMMODITY EXCHANGE INC.","COPPER","110205","20863","37192","12701","14406"
"2008-08-05T00:00:00.000","SILVER - COMMODITY EXCHANGE INC.","SILVER","133255","12622","62422","26061","7332"
"2008-08-05T00:00:00.000","PLATINUM - NEW YORK MERCANTILE EXCHANGE","PLATINUM","12078","2180","4409","4837","434"
"2008-08-05T00:00:00.000","NATURAL GAS - NEW YORK MERCANTILE EXCHANGE","NATURAL GAS","938687","107243","97804","194527","316500"
"2008-08-12T00:00:00.000","PALLADIUM - NEW YORK MERCANTILE EXCHANGE","PALLADIUM","13974","1897","6904","5068","2684"
"2008-08-12T00:00:00.000","GOLD - COMMODITY EXCHANGE INC.","GOLD","365611","58796","138227","105895","16226"
"2008-08-12T00:00:00.000","COPPER-GRADE #1 - COMMODITY EXCHANGE INC.","COPPER","100371","22370","34940","9786","13209"
"2008-08-12T00:00:00.000","SILVER - COMMODITY EXCHANGE INC.","SILVER","140094","16274","62987","24716","8108"
"2008-08-12T00:00:00.000","PLATINUM - NEW YORK MERCANTILE EXCHANGE","PLATINUM","12258","2680","4335","4831","270"
"2008-08-12T00:00:00.000","NATURAL GAS - NEW YORK MERCANTILE EXCHANGE","NATURAL GAS","922113","110034","94517","186207","326642"
"2008-08-19T00:00:00.000","PALLADIUM - NEW YORK MERCANTILE EXCHANGE","PALLADIUM","13417","1923","6380","4848","2652"
"2008-08-19T00:00:00.000","GOLD - COMMODITY EXCHANGE INC.","GOLD","372968","74464","137620","94403","20486"
"2008-08-19T00:00:00.000","COPPER-GRADE #1 - COMMODITY EXCHANGE INC.","COPPER","94900","23301","32582","6894","15130"
"2008-08-19T00:00:00.000","SILVER - COMMODITY EXCHANGE INC.","SILVER","135028","15193","61983","22384","8837"
"2008-08-19T00:00:00.000","PLATINUM - NEW YORK MERCANTILE EXCHANGE","PLATINUM","12563","2513","4513","5413","250"
"2008-08-19T00:00:00.000","NATURAL GAS - NEW YORK MERCANTILE EXCHANGE","NATURAL GAS","907257","108480","87827","178209","327888"
"2008-08-26T00:00:00.000","PALLADIUM - NEW YORK MERCANTILE EXCHANGE","PALLADIUM","13950","2151","6810","4648","2859"
"2008-08-26T00:00:00.000","GOLD - COMMODITY EXCHANGE INC.","GOLD","380766","83377","134486","96269","29048"
"2008-08-26T00:00:00.000","COPPER-GRADE #1 - COMMODITY EXCHANGE INC.","COPPER","87899","19214","27569","5732","14515"
"2008-08-26T00:00:00.000","SILVER - COMMODITY EXCHANGE INC.","SILVER","125075","13737","58585","22818","9970"
"2008-08-26T00:00:00.000","PLATINUM - NEW YORK MERCANTILE EXCHANGE","PLATINUM","12355","2396","4977","5285","72"
"2008-08-26T00:00:00.000","NATURAL GAS - NEW YORK MERCANTILE EXCHANGE","NATURAL GAS","910513","106784","83107","175797","337391"
"2008-09-02T00:00:00.000","SILVER - COMMODITY EXCHANGE INC.","SILVER","116628","10565","52533","23920","11205"
"2008-09-02T00:00:00.000","GOLD - COMMODITY EXCHANGE INC.","GOLD","382329","89492","132482","89713","36022"
"2008-09-02T00:00:00.000","COPPER-GRADE #1 - COMMODITY EXCHANGE INC.","COPPER","77739","11574","19606","4778","15131"
"2008-09-02T00:00:00.000","PLATINUM - NEW YORK MERCANTILE EXCHANGE","PLATINUM","12994","2554","5309","5640","195"
"2008-09-02T00:00:00.000","PALLADIUM - NEW YORK MERCANTILE EXCHANGE","PALLADIUM","13567","1113","6820","4968","2688"
"2008-09-02T00:00:00.000","NATURAL GAS - NEW YORK MERCANTILE EXCHANGE","NATURAL GAS","930563","105167","76517","174292","358252"
"2008-09-09T00:00:00.000","NATURAL GAS - NEW YORK MERCANTILE EXCHANGE","NATURAL GAS","935219","107922","72713","165339","365139"
"2008-09-09T00:00:00.000","GOLD - COMMODITY EXCHANGE INC.","GOLD","392592","95866","133259","85376","41009"
"2008-09-09T00:00:00.000","COPPER-GRADE #1 - COMMODITY EXCHANGE INC.","COPPER","76798","12061","20716","4420","16775"
"2008-09-09T00:00:00.000","SILVER - COMMODITY EXCHANGE INC.","SILVER","116403","10364","50573","23136","12290"
"2008-09-09T00:00:00.000","PLATINUM - NEW YORK MERCANTILE EXCHANGE","PLATINUM","13142","2751","5348","5426","324"
"2008-09-09T00:00:00.000","PALLADIUM - NEW YORK MERCANTILE EXCHANGE","PALLADIUM","13270","1122","6294","4266","2816"
"2008-09-16T00:00:00.000","PALLADIUM - NEW YORK MERCANTILE EXCHANGE","PALLADIUM","14577","1084","7496","6556","2905"
"2008-09-16T00:00:00.000","GOLD - COMMODITY EXCHANGE INC.","GOLD","393814","95621","123007","89779","43587"
"2008-09-16T00:00:00.000","COPPER-GRADE #1 - COMMODITY EXCHANGE INC.","COPPER","76698","12740","19035","3720","16858"
"2008-09-16T00:00:00.000","SILVER - COMMODITY EXCHANGE INC.","SILVER","112340","11502","49969","21047","13171"
"2008-09-16T00:00:00.000","PLATINUM - NEW YORK MERCANTILE EXCHANGE","PLATINUM","13405","2842","5458","5736","299"
"2008-09-16T00:00:00.000","NATURAL GAS - NEW YORK MERCANTILE EXCHANGE","NATURAL GAS","928762","112310","71198","153822","363728"
"2008-09-23T00:00:00.000","PALLADIUM - NEW YORK MERCANTILE EXCHANGE","PALLADIUM","14984","973","8114","6935","2705"
"2008-09-23T00:00:00.000","GOLD - COMMODITY EXCHANGE INC.","GOLD","368254","67824","134539","96573","23508"
"2008-09-23T00:00:00.000","COPPER-GRADE #1 - COMMODITY EXCHANGE INC.","COPPER","74489","9825","20045","3649","15263"
"2008-09-23T00:00:00.000","SILVER - COMMODITY EXCHANGE INC.","SILVER","104403","9698","47356","16594","11633"
"2008-09-23T00:00:00.000","PLATINUM - NEW YORK MERCANTILE EXCHANGE","PLATINUM","14572","2659","5301","6823","405"
"2008-09-23T00:00:00.000","NATURAL GAS - NEW YORK MERCANTILE EXCHANGE","NATURAL GAS","910379","114163","74281","157970","376328"
"2008-09-30T00:00:00.000","PALLADIUM - NEW YORK MERCANTILE EXCHANGE","PALLADIUM","14933","1228","8193","6974","2382"
"2008-09-30T00:00:00.000","GOLD - COMMODITY EXCHANGE INC.","GOLD","336598","59126","132007","88674","13550"
"2008-09-30T00:00:00.000","COPPER-GRADE #1 - COMMODITY EXCHANGE INC.","COPPER","78214","13314","21060","3994","18315"
"2008-09-30T00:00:00.000","SILVER - COMMODITY EXCHANGE INC.","SILVER","103812","11140","44972","15429","10928"
"2008-09-30T00:00:00.000","PLATINUM - NEW YORK MERCANTILE EXCHANGE","PLATINUM","14679","3124","7183","6776","396"
"2008-09-30T00:00:00.000","NATURAL GAS - NEW YORK MERCANTILE EXCHANGE","NATURAL GAS","881561","110434","67967","161902","379726"
"2008-10-07T00:00:00.000","PALLADIUM - NEW YORK MERCANTILE EXCHANGE","PALLADIUM","14622","1189","8070","7308","2735"
"2008-10-07T00:00:00.000","GOLD - COMMODITY EXCHANGE INC.","GOLD","329480","53389","124075","87411","17386"
"2008-10-07T00:00:00.000","COPPER-GRADE #1 - COMMODITY EXCHANGE INC.","COPPER","80024","16735","21659","3268","20203"
"2008-10-07T00:00:00.000","SILVER - COMMODITY EXCHANGE INC.","SILVER","99883","11900","44983","13790","10134"
"2008-10-07T00:00:00.000","PLATINUM - NEW YORK MERCANTILE EXCHANGE","PLATINUM","14850","2998","5149","6497","592"
"2008-10-07T00:00:00.000","NATURAL GAS - NEW YORK MERCANTILE EXCHANGE","NATURAL GAS","878959","115266","69874","155576","370692"
"2008-10-14T00:00:00.000","NATURAL GAS - NEW YORK MERCANTILE EXCHANGE","NATURAL GAS","889276","123613","77818","148449","352741"
"2008-10-14T00:00:00.000","GOLD - COMMODITY EXCHANGE INC.","GOLD","323496","44649","118509","84083","14296"
"2008-10-14T00:00:00.000","COPPER-GRADE #1 - COMMODITY EXCHANGE INC.","COPPER","80670","18878","23826","3948","19700"
"2008-10-14T00:00:00.000","SILVER - COMMODITY EXCHANGE INC.","SILVER","98596","12372","42751","13438","9875"
"2008-10-14T00:00:00.000","PLATINUM - NEW YORK MERCANTILE EXCHANGE","PLATINUM","15240","3098","5162","6455","625"
"2008-10-14T00:00:00.000","PALLADIUM - NEW YORK MERCANTILE EXCHANGE","PALLADIUM","15074","1060","8667","8179","2593"
"2008-10-21T00:00:00.000","NATURAL GAS - NEW YORK MERCANTILE EXCHANGE","NATURAL GAS","874036","120622","76827","140873","340384"
"2008-10-21T00:00:00.000","GOLD - COMMODITY EXCHANGE INC.","GOLD","319472","48637","114637","74401","18759"
"2008-10-21T00:00:00.000","COPPER-GRADE #1 - COMMODITY EXCHANGE INC.","COPPER","83603","19599","24513","3628","19544"
"2008-10-21T00:00:00.000","SILVER - COMMODITY EXCHANGE INC.","SILVER","95873","14535","42163","14389","11851"
"2008-10-21T00:00:00.000","PLATINUM - NEW YORK MERCANTILE EXCHANGE","PLATINUM","15106","3315","5419","6075","450"
"2008-10-21T00:00:00.000","PALLADIUM - NEW YORK MERCANTILE EXCHANGE","PALLADIUM","14524","1294","8115","7182","2559"
"2008-10-28T00:00:00.000","PALLADIUM - NEW YORK MERCANTILE EXCHANGE","PALLADIUM","14186","1285","7663","7210","2558"
"2008-10-28T00:00:00.000","GOLD - COMMODITY EXCHANGE INC.","GOLD","313709","56038","107142","69214","23048"
"2008-10-28T00:00:00.000","COPPER-GRADE #1 - COMMODITY EXCHANGE INC.","COPPER","79285","17227","23957","4616","17297"
"2008-10-28T00:00:00.000","SILVER - COMMODITY EXCHANGE INC.","SILVER","95716","13991","42083","14774","11657"
"2008-10-28T00:00:00.000","PLATINUM - NEW YORK MERCANTILE EXCHANGE","PLATINUM","15434","3285","5896","5940","470"
"2008-10-28T00:00:00.000","NATURAL GAS - NEW YORK MERCANTILE EXCHANGE","NATURAL GAS","785492","116372","76851","54781","245222"
"2008-11-04T00:00:00.000","PALLADIUM - NEW YORK MERCANTILE EXCHANGE","PALLADIUM","13470","1208","7036","6802","2484"
"2008-11-04T00:00:00.000","GOLD - COMMODITY EXCHANGE INC.","GOLD","303908","46820","91693","71373","25156"
"2008-11-04T00:00:00.000","COPPER-GRADE #1 - COMMODITY EXCHANGE INC.","COPPER","77976","17367","24254","4443","16899"
"2008-11-04T00:00:00.000","SILVER - COMMODITY EXCHANGE INC.","SILVER","94365","10775","41036","16387","10368"
"2008-11-04T00:00:00.000","PLATINUM - NEW YORK MERCANTILE EXCHANGE","PLATINUM","15761","3617","6246","5991","735"
"2008-11-04T00:00:00.000","NATURAL GAS - NEW YORK MERCANTILE EXCHANGE","NATURAL GAS","763236","111078","75447","57583","227152"
"2008-11-11T00:00:00.000","PALLADIUM - NEW YORK MERCANTILE EXCHANGE","PALLADIUM","13278","1276","7409","6891","2267"
"2008-11-11T00:00:00.000","GOLD - COMMODITY EXCHANGE INC.","GOLD","293831","46095","95326","65794","28922"
"2008-11-11T00:00:00.000","COPPER-GRADE #1 - COMMODITY EXCHANGE INC.","COPPER","77148","18608","25435","3713","16871"
"2008-11-11T00:00:00.000","SILVER - COMMODITY EXCHANGE INC.","SILVER","94494","11175","41731","18048","10114"
"2008-11-11T00:00:00.000","PLATINUM - NEW YORK MERCANTILE EXCHANGE","PLATINUM","16055","3629","6683","6457","593"
"2008-11-11T00:00:00.000","NATURAL GAS - NEW YORK MERCANTILE EXCHANGE","NATURAL GAS","751279","113438","74696","52963","229447"
"2008-11-18T00:00:00.000","PALLADIUM - NEW YORK MERCANTILE EXCHANGE","PALLADIUM","13355","1394","7341","6953","2240"
"2008-11-18T00:00:00.000","GOLD - COMMODITY EXCHANGE INC.","GOLD","289700","49789","102803","62986","23776"
"2008-11-18T00:00:00.000","COPPER-GRADE #1 - COMMODITY EXCHANGE INC.","COPPER","80583","20168","25911","5381","19384"
"2008-11-18T00:00:00.000","SILVER - COMMODITY EXCHANGE INC.","SILVER","91853","10883","43082","16405","9164"
"2008-11-18T00:00:00.000","PLATINUM - NEW YORK MERCANTILE EXCHANGE","PLATINUM","16731","3892","6818","6638","537"
"2008-11-18T00:00:00.000","NATURAL GAS - NEW YORK MERCANTILE EXCHANGE","NATURAL GAS","742054","112046","70700","52058","230893"
"2008-11-25T00:00:00.000","PLATINUM - NEW YORK MERCANTILE EXCHANGE","PLATINUM","17358","4451","7184","6710","666"
"2008-11-25T00:00:00.000","GOLD - COMMODITY EXCHANGE INC.","GOLD","276567","45465","125566","73051","15312"
"2008-11-25T00:00:00.000","COPPER-GRADE #1 - COMMODITY EXCHANGE INC.","COPPER","72372","16014","19754","5791","19216"
"2008-11-25T00:00:00.000","NATURAL GAS - NEW YORK MERCANTILE EXCHANGE","NATURAL GAS","718516","103375","63967","49817","212885"
"2008-11-25T00:00:00.000","SILVER - COMMODITY EXCHANGE INC.","SILVER","86878","11792","43393","15713","9031"
"2008-11-25T00:00:00.000","PALLADIUM - NEW YORK MERCANTILE EXCHANGE","PALLADIUM","13294","985","7360","7076","2346"
"2008-12-02T00:00:00.000","SILVER - COMMODITY EXCHANGE INC.","SILVER","82434","9432","43627","13679","6176"
"2008-12-02T00:00:00.000","GOLD - COMMODITY EXCHANGE INC.","GOLD","264796","40510","123721","69409","8657"
"2008-12-02T00:00:00.000","COPPER-GRADE #1 - COMMODITY EXCHANGE INC.","COPPER","70029","12610","17566","6338","21274"
"2008-12-02T00:00:00.000","PLATINUM - NEW YORK MERCANTILE EXCHANGE","PLATINUM","17325","4386","7108","6526","700"
"2008-12-02T00:00:00.000","PALLADIUM - NEW YORK MERCANTILE EXCHANGE","PALLADIUM","13056","920","6967","7120","2494"
"2008-12-02T00:00:00.000","NATURAL GAS - NEW YORK MERCANTILE EXCHANGE","NATURAL GAS","714276","101794","71163","50693","210499"
"2008-12-09T00:00:00.000","NATURAL GAS - NEW YORK MERCANTILE EXCHANGE","NATURAL GAS","716408","105944","71366","50006","220143"
"2008-12-09T00:00:00.000","GOLD - COMMODITY EXCHANGE INC.","GOLD","261001","42060","122729","69760","11925"
"2008-12-09T00:00:00.000","COPPER-GRADE #1 - COMMODITY EXCHANGE INC.","COPPER","69033","12963","18185","5127","20808"
"2008-12-09T00:00:00.000","SILVER - COMMODITY EXCHANGE INC.","SILVER","83476","9551","42429","14830","5384"
"2008-12-09T00:00:00.000","PLATINUM - NEW YORK MERCANTILE EXCHANGE","PLATINUM","16054","4204","6396","5890","727"
"2008-12-09T00:00:00.000","PALLADIUM - NEW YORK MERCANTILE EXCHANGE","PALLADIUM","12819","964","6341","7143","2749"
"2008-12-16T00:00:00.000","PALLADIUM - NEW YORK MERCANTILE EXCHANGE","PALLADIUM","12662","918","6226","7233","2780"
"2008-12-16T00:00:00.000","GOLD - COMMODITY EXCHANGE INC.","GOLD","282915","41680","138953","85191","11859"
"2008-12-16T00:00:00.000","COPPER-GRADE #1 - COMMODITY EXCHANGE INC.","COPPER","71777","13149","18535","5640","23089"
"2008-12-16T00:00:00.000","SILVER - COMMODITY EXCHANGE INC.","SILVER","87384","9527","45950","16254","5215"
"2008-12-16T00:00:00.000","PLATINUM - NEW YORK MERCANTILE EXCHANGE","PLATINUM","17045","4036","6875","5974","697"
"2008-12-16T00:00:00.000","NATURAL GAS - NEW YORK MERCANTILE EXCHANGE","NATURAL GAS","712293","105243","69377","48893","218252"
"2008-12-22T00:00:00.000","PALLADIUM - NEW YORK MERCANTILE EXCHANGE","PALLADIUM","12557","895","6111","7114","2710"
"2008-12-22T00:00:00.000","GOLD - COMMODITY EXCHANGE INC.","GOLD","291022","42216","142335","94571","6768"
"2008-12-22T00:00:00.000","COPPER-GRADE #1 - COMMODITY EXCHANGE INC.","COPPER","74212","13919","19207","6568","23659"
"2008-12-22T00:00:00.000","SILVER - COMMODITY EXCHANGE INC.","SILVER","85219","8665","45527","16455","4504"
"2008-12-22T00:00:00.000","PLATINUM - NEW YORK MERCANTILE EXCHANGE","PLATINUM","18191","3935","7525","6233","722"
"2008-12-22T00:00:00.000","NATURAL GAS - NEW YORK MERCANTILE EXCHANGE","NATURAL GAS","688851","105878","67394","49245","212223"
"2008-12-30T00:00:00.000","PALLADIUM - NEW YORK MERCANTILE EXCHANGE","PALLADIUM","12427","798","6220","7014","3045"
"2008-12-30T00:00:00.000","GOLD - COMMODITY EXCHANGE INC.","GOLD","300448","39773","148893","99432","7545"
"2008-12-30T00:00:00.000","COPPER-GRADE #1 - COMMODITY EXCHANGE INC.","COPPER","74252","14351","18654","6809","24143"
"2008-12-30T00:00:00.000","SILVER - COMMODITY EXCHANGE INC.","SILVER","85312","8921","44634","16076","5249"
"2008-12-30T00:00:00.000","PLATINUM - NEW YORK MERCANTILE EXCHANGE","PLATINUM","18320","4281","7390","6422","607"
"2008-12-30T00:00:00.000","NATURAL GAS - NEW YORK MERCANTILE EXCHANGE","NATURAL GAS","671730","102771","66357","45697","189425"
"2009-01-06T00:00:00.000","PALLADIUM - NEW YORK MERCANTILE EXCHANGE","PALLADIUM","12146","798","6506","6612","2598"
"2009-01-06T00:00:00.000","GOLD - COMMODITY EXCHANGE INC.","GOLD","320391","41419","160630","104828","6338"
"2009-01-06T00:00:00.000","COPPER-GRADE #1 - COMMODITY EXCHANGE INC.","COPPER","76356","12186","18046","7181","23756"
"2009-01-06T00:00:00.000","SILVER - COMMODITY EXCHANGE INC.","SILVER","86788","8619","45681","15764","4574"
"2009-01-06T00:00:00.000","PLATINUM - NEW YORK MERCANTILE EXCHANGE","PLATINUM","18386","4139","7721","6759","666"
"2009-01-06T00:00:00.000","NATURAL GAS - NEW YORK MERCANTILE EXCHANGE","NATURAL GAS","686597","107296","73271","50975","197738"
"2009-01-13T00:00:00.000","NATURAL GAS - NEW YORK MERCANTILE EXCHANGE","NATURAL GAS","705973","114752","73842","50176","199766"
"2009-01-13T00:00:00.000","GOLD - COMMODITY EXCHANGE INC.","GOLD","318185","44622","162290","96909","6889"
"2009-01-13T00:00:00.000","COPPER-GRADE #1 - COMMODITY EXCHANGE INC.","COPPER","81996","12688","21506","5402","24619"
"2009-01-13T00:00:00.000","SILVER - COMMODITY EXCHANGE INC.","SILVER","85916","8457","43556","15141","5276"
"2009-01-13T00:00:00.000","PLATINUM - NEW YORK MERCANTILE EXCHANGE","PLATINUM","18294","3984","7996","7075","580"
"2009-01-13T00:00:00.000","PALLADIUM - NEW YORK MERCANTILE EXCHANGE","PALLADIUM","12468","812","6647","6856","2720"
"2009-01-20T00:00:00.000","NATURAL GAS - NEW YORK MERCANTILE EXCHANGE","NATURAL GAS","704924","122714","81459","52582","196813"
"2009-01-20T00:00:00.000","GOLD - COMMODITY EXCHANGE INC.","GOLD","331507","50884","168082","101220","8898"
"2009-01-20T00:00:00.000","COPPER-GRADE #1 - COMMODITY EXCHANGE INC.","COPPER","83617","12154","22137","4757","25437"
"2009-01-20T00:00:00.000","SILVER - COMMODITY EXCHANGE INC.","SILVER","86349","8240","44550","16308","5319"
"2009-01-20T00:00:00.000","PLATINUM - NEW YORK MERCANTILE EXCHANGE","PLATINUM","17832","3918","7502","6638","932"
"2009-01-20T00:00:00.000","PALLADIUM - NEW YORK MERCANTILE EXCHANGE","PALLADIUM","12387","839","6275","6815","2717"
"2009-01-27T00:00:00.000","PALLADIUM - NEW YORK MERCANTILE EXCHANGE","PALLADIUM","12759","919","6450","6882","2704"
"2009-01-27T00:00:00.000","GOLD - COMMODITY EXCHANGE INC.","GOLD","354191","54060","189353","118261","12696"
"2009-01-27T00:00:00.000","COPPER-GRADE #1 - COMMODITY EXCHANGE INC.","COPPER","84113","11479","21399","4460","24777"
"2009-01-27T00:00:00.000","SILVER - COMMODITY EXCHANGE INC.","SILVER","89185","8331","46173","18811","4604"
"2009-01-27T00:00:00.000","PLATINUM - NEW YORK MERCANTILE EXCHANGE","PLATINUM","18522","3787","7947","6852","1160"
"2009-01-27T00:00:00.000","NATURAL GAS - NEW YORK MERCANTILE EXCHANGE","NATURAL GAS","679224","113612","75187","57332","188986"
"2009-02-03T00:00:00.000","PALLADIUM - NEW YORK MERCANTILE EXCHANGE","PALLADIUM","12423","855","6435","6695","2619"
"2009-02-03T00:00:00.000","GOLD - COMMODITY EXCHANGE INC.","GOLD","346288","49115","196357","130230","12946"
"2009-02-03T00:00:00.000","COPPER-GRADE #1 - COMMODITY EXCHANGE INC.","COPPER","87299","11213","22019","4888","25232"
"2009-02-03T00:00:00.000","SILVER - COMMODITY EXCHANGE INC.","SILVER","93813","9304","48637","18730","4262"
"2009-02-03T00:00:00.000","PLATINUM - NEW YORK MERCANTILE EXCHANGE","PLATINUM","18927","3516","8319","7310","749"
"2009-02-03T00:00:00.000","NATURAL GAS - NEW YORK MERCANTILE EXCHANGE","NATURAL GAS","692072","113188","71902","57361","189544"
"2009-02-10T00:00:00.000","PALLADIUM - NEW YORK MERCANTILE EXCHANGE","PALLADIUM","12760","980","7363","6876","2485"
"2009-02-10T00:00:00.000","GOLD - COMMODITY EXCHANGE INC.","GOLD","350858","47975","204778","135286","12626"
"2009-02-10T00:00:00.000","COPPER-GRADE #1 - COMMODITY EXCHANGE INC.","COPPER","83934","9828","21650","6383","24884"
"2009-02-10T00:00:00.000","SILVER - COMMODITY EXCHANGE INC.","SILVER","96019","9125","51212","20783","3432"
"2009-02-10T00:00:00.000","PLATINUM - NEW YORK MERCANTILE EXCHANGE","PLATINUM","19945","3529","8741","7747","790"
"2009-02-10T00:00:00.000","NATURAL GAS - NEW YORK MERCANTILE EXCHANGE","NATURAL GAS","707605","114573","78068","57337","175598"
"2009-02-17T00:00:00.000","PALLADIUM - NEW YORK MERCANTILE EXCHANGE","PALLADIUM","12750","955","7549","6604","2443"
"2009-02-17T00:00:00.000","GOLD - COMMODITY EXCHANGE INC.","GOLD","361619","45457","207757","137668","14501"
"2009-02-17T00:00:00.000","COPPER-GRADE #1 - COMMODITY EXCHANGE INC.","COPPER","89405","11823","20975","4518","26420"
"2009-02-17T00:00:00.000","SILVER - COMMODITY EXCHANGE INC.","SILVER","99325","9226","52702","20944","3232"
"2009-02-17T00:00:00.000","PLATINUM - NEW YORK MERCANTILE EXCHANGE","PLATINUM","20510","3120","8842","8621","613"
"2009-02-17T00:00:00.000","NATURAL GAS - NEW YORK MERCANTILE EXCHANGE","NATURAL GAS","732347","119210","87222","59205","167551"
"2009-02-24T00:00:00.000","PALLADIUM - NEW YORK MERCANTILE EXCHANGE","PALLADIUM","12505","1271","7372","6215","2577"
"2009-02-24T00:00:00.000","GOLD - COMMODITY EXCHANGE INC.","GOLD","372697","43925","206586","142009","11416"
"2009-02-24T00:00:00.000","COPPER-GRADE #1 - COMMODITY EXCHANGE INC.","COPPER","84903","11942","20787","4889","26524"
"2009-02-24T00:00:00.000","SILVER - COMMODITY EXCHANGE INC.","SILVER","101629","10929","56672","21256","3340"
"2009-02-24T00:00:00.000","PLATINUM - NEW YORK MERCANTILE EXCHANGE","PLATINUM","20870","3068","9134","8650","661"
"2009-02-24T00:00:00.000","NATURAL GAS - NEW YORK MERCANTILE EXCHANGE","NATURAL GAS","688701","105723","76921","59652","164531"
"2009-03-03T00:00:00.000","SILVER - COMMODITY EXCHANGE INC.","SILVER","93051","8855","55463","21419","3648"
"2009-03-03T00:00:00.000","GOLD - COMMODITY EXCHANGE INC.","GOLD","365271","42133","205790","142338","7446"
"2009-03-03T00:00:00.000","COPPER-GRADE #1 - COMMODITY EXCHANGE INC.","COPPER","80939","9503","20282","4151","24036"
"2009-03-03T00:00:00.000","PLATINUM - NEW YORK MERCANTILE EXCHANGE","PLATINUM","19443","3412","8454","7965","800"
"2009-03-03T00:00:00.000","PALLADIUM - NEW YORK MERCANTILE EXCHANGE","PALLADIUM","11460","1112","6606","6228","2753"
"2009-03-03T00:00:00.000","NATURAL GAS - NEW YORK MERCANTILE EXCHANGE","NATURAL GAS","677190","101583","79102","56197","136874"
"2009-03-10T00:00:00.000","NATURAL GAS - NEW YORK MERCANTILE EXCHANGE","NATURAL GAS","670391","100167","72728","63393","143664"
"2009-03-10T00:00:00.000","GOLD - COMMODITY EXCHANGE INC.","GOLD","371321","46038","202008","136814","8042"
"2009-03-10T00:00:00.000","COPPER-GRADE #1 - COMMODITY EXCHANGE INC.","COPPER","86966","7926","24850","8907","24880"
"2009-03-10T00:00:00.000","SILVER - COMMODITY EXCHANGE INC.","SILVER","92260","8813","53090","20019","2976"
"2009-03-10T00:00:00.000","PLATINUM - NEW YORK MERCANTILE EXCHANGE","PLATINUM","20175","3508","8846","8301","1347"
"2009-03-10T00:00:00.000","PALLADIUM - NEW YORK MERCANTILE EXCHANGE","PALLADIUM","12031","1105","6636","6602","2922"
"2009-03-17T00:00:00.000","PALLADIUM - NEW YORK MERCANTILE EXCHANGE","PALLADIUM","12275","1203","6453","6695","3291"
"2009-03-17T00:00:00.000","GOLD - COMMODITY EXCHANGE INC.","GOLD","376237","64072","214632","134182","6202"
"2009-03-17T00:00:00.000","COPPER-GRADE #1 - COMMODITY EXCHANGE INC.","COPPER","92910","9172","28478","10260","23724"
"2009-03-17T00:00:00.000","SILVER - COMMODITY EXCHANGE INC.","SILVER","92796","9034","53255","18834","3016"
"2009-03-17T00:00:00.000","PLATINUM - NEW YORK MERCANTILE EXCHANGE","PLATINUM","19900","3672","8651","7901","1363"
"2009-03-17T00:00:00.000","NATURAL GAS - NEW YORK MERCANTILE EXCHANGE","NATURAL GAS","662532","100676","74060","61392","145984"
"2009-03-24T00:00:00.000","PALLADIUM - NEW YORK MERCANTILE EXCHANGE","PALLADIUM","12363","846","6646","6810","2832"
"2009-03-24T00:00:00.000","GOLD - COMMODITY EXCHANGE INC.","GOLD","387177","76736","227236","134155","8485"
"2009-03-24T00:00:00.000","COPPER-GRADE #1 - COMMODITY EXCHANGE INC.","COPPER","95985","9177","31107","10537","24311"
"2009-03-24T00:00:00.000","SILVER - COMMODITY EXCHANGE INC.","SILVER","93147","8973","53297","17012","3078"
"2009-03-24T00:00:00.000","PLATINUM - NEW YORK MERCANTILE EXCHANGE","PLATINUM","20940","3095","9284","7941","1590"
"2009-03-24T00:00:00.000","NATURAL GAS - NEW YORK MERCANTILE EXCHANGE","NATURAL GAS","636183","96678","77727","70855","140138"
"2009-03-31T00:00:00.000","PALLADIUM - NEW YORK MERCANTILE EXCHANGE","PALLADIUM","13174","769","7657","7178","2455"
"2009-03-31T00:00:00.000","GOLD - COMMODITY EXCHANGE INC.","GOLD","368618","63616","209462","138279","7794"
"2009-03-31T00:00:00.000","COPPER-GRADE #1 - COMMODITY EXCHANGE INC.","COPPER","96572","9306","30229","10427","24000"
"2009-03-31T00:00:00.000","SILVER - COMMODITY EXCHANGE INC.","SILVER","94506","8495","52271","16548","4688"
"2009-03-31T00:00:00.000","PLATINUM - NEW YORK MERCANTILE EXCHANGE","PLATINUM","20101","2972","8655","8150","1888"
"2009-03-31T00:00:00.000","NATURAL GAS - NEW YORK MERCANTILE EXCHANGE","NATURAL GAS","624397","93454","72106","65447","157725"
"2009-04-07T00:00:00.000","PALLADIUM - NEW YORK MERCANTILE EXCHANGE","PALLADIUM","13901","754","7891","7651","2343"
"2009-04-07T00:00:00.000","GOLD - COMMODITY EXCHANGE INC.","GOLD","344929","51487","172719","126084","14927"
"2009-04-07T00:00:00.000","COPPER-GRADE #1 - COMMODITY EXCHANGE INC.","COPPER","102332","9101","35409","13329","24947"
"2009-04-07T00:00:00.000","SILVER - COMMODITY EXCHANGE INC.","SILVER","93101","8102","48857","14464","5863"
"2009-04-07T00:00:00.000","PLATINUM - NEW YORK MERCANTILE EXCHANGE","PLATINUM","20969","2899","8931","8571","1796"
"2009-04-07T00:00:00.000","NATURAL GAS - NEW YORK MERCANTILE EXCHANGE","NATURAL GAS","632142","98256","73241","67855","168418"
"2009-04-14T00:00:00.000","NATURAL GAS - NEW YORK MERCANTILE EXCHANGE","NATURAL GAS","663448","94623","73639","70575","165320"
"2009-04-14T00:00:00.000","GOLD - COMMODITY EXCHANGE INC.","GOLD","336930","44867","163178","125729","13705"
"2009-04-14T00:00:00.000","COPPER-GRADE #1 - COMMODITY EXCHANGE INC.","COPPER","106758","8467","33999","12643","25363"
"2009-04-14T00:00:00.000","SILVER - COMMODITY EXCHANGE INC.","SILVER","94568","8605","48280","13321","4709"
"2009-04-14T00:00:00.000","PLATINUM - NEW YORK MERCANTILE EXCHANGE","PLATINUM","21052","3143","9124","8682","1668"
"2009-04-14T00:00:00.000","PALLADIUM - NEW YORK MERCANTILE EXCHANGE","PALLADIUM","14759","731","8889","8106","2103"
"2009-04-21T00:00:00.000","NATURAL GAS - NEW YORK MERCANTILE EXCHANGE","NATURAL GAS","659500","103135","79224","66185","162090"
"2009-04-21T00:00:00.000","GOLD - COMMODITY EXCHANGE INC.","GOLD","339226","46132","161420","123645","12331"
"2009-04-21T00:00:00.000","COPPER-GRADE #1 - COMMODITY EXCHANGE INC.","COPPER","103736","8468","33579","13754","24322"
"2009-04-21T00:00:00.000","SILVER - COMMODITY EXCHANGE INC.","SILVER","96277","8167","45654","13081","7254"
"2009-04-21T00:00:00.000","PLATINUM - NEW YORK MERCANTILE EXCHANGE","PLATINUM","19879","3563","8576","8388","1947"
"2009-04-21T00:00:00.000","PALLADIUM - NEW YORK MERCANTILE EXCHANGE","PALLADIUM","14473","674","8698","7707","2274"
"2009-04-28T00:00:00.000","PALLADIUM - NEW YORK MERCANTILE EXCHANGE","PALLADIUM","13733","607","8043","7424","2247"
"2009-04-28T00:00:00.000","GOLD - COMMODITY EXCHANGE INC.","GOLD","343037","43248","163700","123760","15478"
"2009-04-28T00:00:00.000","COPPER-GRADE #1 - COMMODITY EXCHANGE INC.","COPPER","106170","8290","35722","15335","24424"
"2009-04-28T00:00:00.000","SILVER - COMMODITY EXCHANGE INC.","SILVER","90687","9952","47982","14072","5674"
"2009-04-28T00:00:00.000","PLATINUM - NEW YORK MERCANTILE EXCHANGE","PLATINUM","19767","3444","8318","8552","2005"
"2009-04-28T00:00:00.000","NATURAL GAS - NEW YORK MERCANTILE EXCHANGE","NATURAL GAS","645096","104061","77736","66564","163646"
"2009-05-05T00:00:00.000","PALLADIUM - NEW YORK MERCANTILE EXCHANGE","PALLADIUM","14342","638","7926","7877","2425"
"2009-05-05T00:00:00.000","GOLD - COMMODITY EXCHANGE INC.","GOLD","341461","35070","160800","126846","12219"
"2009-05-05T00:00:00.000","COPPER-GRADE #1 - COMMODITY EXCHANGE INC.","COPPER","104619","7047","35025","14307","23930"
"2009-05-05T00:00:00.000","SILVER - COMMODITY EXCHANGE INC.","SILVER","89477","8314","48321","16824","4375"
"2009-05-05T00:00:00.000","PLATINUM - NEW YORK MERCANTILE EXCHANGE","PLATINUM","20510","3563","8703","8308","1925"
"2009-05-05T00:00:00.000","NATURAL GAS - NEW YORK MERCANTILE EXCHANGE","NATURAL GAS","657764","105035","80188","70288","169061"
"2009-05-12T00:00:00.000","PALLADIUM - NEW YORK MERCANTILE EXCHANGE","PALLADIUM","15532","519","8352","8375","2109"
"2009-05-12T00:00:00.000","GOLD - COMMODITY EXCHANGE INC.","GOLD","359517","36463","171845","136934","12773"
"2009-05-12T00:00:00.000","COPPER-GRADE #1 - COMMODITY EXCHANGE INC.","COPPER","108470","11035","37716","13710","22771"
"2009-05-12T00:00:00.000","SILVER - COMMODITY EXCHANGE INC.","SILVER","96546","8611","52804","21001","4239"
"2009-05-12T00:00:00.000","PLATINUM - NEW YORK MERCANTILE EXCHANGE","PLATINUM","20600","3620","9072","8218","1907"
"2009-05-12T00:00:00.000","NATURAL GAS - NEW YORK MERCANTILE EXCHANGE","NATURAL GAS","686113","107417","85924","83427","167298"
"2009-05-19T00:00:00.000","PALLADIUM - NEW YORK MERCANTILE EXCHANGE","PALLADIUM","16488","768","8881","8450","2187"
"2009-05-19T00:00:00.000","GOLD - COMMODITY EXCHANGE INC.","GOLD","367931","39456","185443","140605","13146"
"2009-05-19T00:00:00.000","COPPER-GRADE #1 - COMMODITY EXCHANGE INC.","COPPER","105791","10835","37422","13162","23112"
"2009-05-19T00:00:00.000","SILVER - COMMODITY EXCHANGE INC.","SILVER","96079","7057","53302","23726","2442"
"2009-05-19T00:00:00.000","PLATINUM - NEW YORK MERCANTILE EXCHANGE","PLATINUM","21174","3438","8822","8934","2091"
"2009-05-19T00:00:00.000","NATURAL GAS - NEW YORK MERCANTILE EXCHANGE","NATURAL GAS","680523","114970","96363","65890","167346"
"2009-05-26T00:00:00.000","SILVER - COMMODITY EXCHANGE INC.","SILVER","98120","6218","53775","23817","2572"
"2009-05-26T00:00:00.000","GOLD - COMMODITY EXCHANGE INC.","GOLD","396965","35275","200904","155440","12542"
"2009-05-26T00:00:00.000","COPPER-GRADE #1 - COMMODITY EXCHANGE INC.","COPPER","107631","8744","35318","13722","22800"
"2009-05-26T00:00:00.000","PALLADIUM - NEW YORK MERCANTILE EXCHANGE","PALLADIUM","16195","480","9475","7876","2077"
"2009-05-26T00:00:00.000","NATURAL GAS - NEW YORK MERCANTILE EXCHANGE","NATURAL GAS","682096","108197","92013","69945","173785"
"2009-05-26T00:00:00.000","PLATINUM - NEW YORK MERCANTILE EXCHANGE","PLATINUM","21840","3303","9232","9422","2297"
"2009-06-02T00:00:00.000","SILVER - COMMODITY EXCHANGE INC.","SILVER","104986","6938","55877","25547","2834"
"2009-06-02T00:00:00.000","GOLD - COMMODITY EXCHANGE INC.","GOLD","391057","37314","217115","162201","9047"
"2009-06-02T00:00:00.000","COPPER-GRADE #1 - COMMODITY EXCHANGE INC.","COPPER","111357","8641","36787","15209","22888"
"2009-06-02T00:00:00.000","PLATINUM - NEW YORK MERCANTILE EXCHANGE","PLATINUM","23162","3021","9316","9610","2335"
"2009-06-02T00:00:00.000","PALLADIUM - NEW YORK MERCANTILE EXCHANGE","PALLADIUM","16129","673","11051","8092","1552"
"2009-06-02T00:00:00.000","NATURAL GAS - NEW YORK MERCANTILE EXCHANGE","NATURAL GAS","682815","109432","91657","71904","177575"
"2009-06-09T00:00:00.000","NATURAL GAS - NEW YORK MERCANTILE EXCHANGE","NATURAL GAS","713310","108021","96027","77660","195144"
"2009-06-09T00:00:00.000","GOLD - COMMODITY EXCHANGE INC.","GOLD","387181","33928","211612","166473","5836"
"2009-06-09T00:00:00.000","COPPER-GRADE #1 - COMMODITY EXCHANGE INC.","COPPER","109820","9385","37371","13675","21506"
"2009-06-09T00:00:00.000","SILVER - COMMODITY EXCHANGE INC.","SILVER","106447","6928","58851","25528","2598"
"2009-06-09T00:00:00.000","PLATINUM - NEW YORK MERCANTILE EXCHANGE","PLATINUM","24233","2438","10087","11229","2031"
"2009-06-09T00:00:00.000","PALLADIUM - NEW YORK MERCANTILE EXCHANGE","PALLADIUM","16182","566","11034","8482","1324"
"2009-06-16T00:00:00.000","PALLADIUM - NEW YORK MERCANTILE EXCHANGE","PALLADIUM","16465","774","10973","8838","1897"
"2009-06-16T00:00:00.000","GOLD - COMMODITY EXCHANGE INC.","GOLD","371997","34351","201391","153484","6654"
"2009-06-16T00:00:00.000","COPPER-GRADE #1 - COMMODITY EXCHANGE INC.","COPPER","115321","11399","39196","15278","21986"
"2009-06-16T00:00:00.000","SILVER - COMMODITY EXCHANGE INC.","SILVER","103981","7014","57862","22859","2245"
"2009-06-16T00:00:00.000","PLATINUM - NEW YORK MERCANTILE EXCHANGE","PLATINUM","23901","2339","10444","11253","1932"
"2009-06-16T00:00:00.000","NATURAL GAS - NEW YORK MERCANTILE EXCHANGE","NATURAL GAS","720428","112580","103910","65201","176341"
"2009-06-23T00:00:00.000","PALLADIUM - NEW YORK MERCANTILE EXCHANGE","PALLADIUM","16035","883","10814","8887","1963"
"2009-06-23T00:00:00.000","GOLD - COMMODITY EXCHANGE INC.","GOLD","370347","33442","193081","149419","10207"
"2009-06-23T00:00:00.000","COPPER-GRADE #1 - COMMODITY EXCHANGE INC.","COPPER","109536","9406","34248","12102","23144"
"2009-06-23T00:00:00.000","SILVER - COMMODITY EXCHANGE INC.","SILVER","105699","8066","56188","19973","2604"
"2009-06-23T00:00:00.000","PLATINUM - NEW YORK MERCANTILE EXCHANGE","PLATINUM","23276","2330","10496","11296","786"
"2009-06-23T00:00:00.000","NATURAL GAS - NEW YORK MERCANTILE EXCHANGE","NATURAL GAS","699295","110417","101817","55033","173572"
"2009-06-30T00:00:00.000","PALLADIUM - NEW YORK MERCANTILE EXCHANGE","PALLADIUM","16444","680","11026","9521","1889"
"2009-06-30T00:00:00.000","GOLD - COMMODITY EXCHANGE INC.","GOLD","379199","35013","198856","147628","10141"
"2009-06-30T00:00:00.000","COPPER-GRADE #1 - COMMODITY EXCHANGE INC.","COPPER","104189","5316","32040","11787","19820"
"2009-06-30T00:00:00.000","SILVER - COMMODITY EXCHANGE INC.","SILVER","104594","10912","58833","18904","4467"
"2009-06-30T00:00:00.000","PLATINUM - NEW YORK MERCANTILE EXCHANGE","PLATINUM","22996","2426","10817","11306","856"
"2009-06-30T00:00:00.000","NATURAL GAS - NEW YORK MERCANTILE EXCHANGE","NATURAL GAS","712804","110634","98147","68900","196357"
"2009-07-07T00:00:00.000","PALLADIUM - NEW YORK MERCANTILE EXCHANGE","PALLADIUM","16819","727","11103","9420","1945"
"2009-07-07T00:00:00.000","GOLD - COMMODITY EXCHANGE INC.","GOLD","372985","35998","198152","144471","5708"
"2009-07-07T00:00:00.000","COPPER-GRADE #1 - COMMODITY EXCHANGE INC.","COPPER","102426","5635","32927","11513","19756"
"2009-07-07T00:00:00.000","SILVER - COMMODITY EXCHANGE INC.","SILVER","100376","8588","54553","17249","4366"
"2009-07-07T00:00:00.000","PLATINUM - NEW YORK MERCANTILE EXCHANGE","PLATINUM","21965","2107","9970","10870","861"
"2009-07-07T00:00:00.000","NATURAL GAS - NEW YORK MERCANTILE EXCHANGE","NATURAL GAS","739142","116147","104656","72564","205615"
"2009-07-14T00:00:00.000","NATURAL GAS - NEW YORK MERCANTILE EXCHANGE","NATURAL GAS","749240","117799","108699","75519","207814"
"2009-07-14T00:00:00.000","GOLD - COMMODITY EXCHANGE INC.","GOLD","370509","33427","184042","140260","8088"
"2009-07-14T00:00:00.000","COPPER-GRADE #1 - COMMODITY EXCHANGE INC.","COPPER","106268","6733","32324","11479","19184"
"2009-07-14T00:00:00.000","SILVER - COMMODITY EXCHANGE INC.","SILVER","99662","8315","51845","16637","6002"
"2009-07-14T00:00:00.000","PLATINUM - NEW YORK MERCANTILE EXCHANGE","PLATINUM","21566","2219","9358","10807","1344"
"2009-07-14T00:00:00.000","PALLADIUM - NEW YORK MERCANTILE EXCHANGE","PALLADIUM","16263","788","10621","8956","2255"
"2009-07-21T00:00:00.000","NATURAL GAS - NEW YORK MERCANTILE EXCHANGE","NATURAL GAS","752409","123444","117329","73605","183844"
"2009-07-21T00:00:00.000","GOLD - COMMODITY EXCHANGE INC.","GOLD","390939","34947","189716","158071","7736"
"2009-07-21T00:00:00.000","COPPER-GRADE #1 - COMMODITY EXCHANGE INC.","COPPER","115991","7429","37836","17089","18841"
"2009-07-21T00:00:00.000","SILVER - COMMODITY EXCHANGE INC.","SILVER","98269","8494","50645","16701","7886"
"2009-07-21T00:00:00.000","PLATINUM - NEW YORK MERCANTILE EXCHANGE","PLATINUM","21774","1997","9531","11533","1267"
"2009-07-21T00:00:00.000","PALLADIUM - NEW YORK MERCANTILE EXCHANGE","PALLADIUM","17166","573","11404","9686","1741"
"2009-07-28T00:00:00.000","PALLADIUM - NEW YORK MERCANTILE EXCHANGE","PALLADIUM","18365","550","12466","10254","1719"
"2009-07-28T00:00:00.000","GOLD - COMMODITY EXCHANGE INC.","GOLD","386340","38357","192360","154908","7570"
"2009-07-28T00:00:00.000","COPPER-GRADE #1 - COMMODITY EXCHANGE INC.","COPPER","120479","7115","40238","19135","20046"
"2009-07-28T00:00:00.000","SILVER - COMMODITY EXCHANGE INC.","SILVER","97761","8170","51577","18405","6526"
"2009-07-28T00:00:00.000","PLATINUM - NEW YORK MERCANTILE EXCHANGE","PLATINUM","22289","1775","10042","11464","936"
"2009-07-28T00:00:00.000","NATURAL GAS - NEW YORK MERCANTILE EXCHANGE","NATURAL GAS","710992","108900","105544","70493","192591"
"2009-08-04T00:00:00.000","PALLADIUM - NEW YORK MERCANTILE EXCHANGE","PALLADIUM","19778","501","13363","11136","1684"
"2009-08-04T00:00:00.000","GOLD - COMMODITY EXCHANGE INC.","GOLD","392834","35888","197225","174707","7021"
"2009-08-04T00:00:00.000","COPPER-GRADE #1 - COMMODITY EXCHANGE INC.","COPPER","121925","6438","43425","21592","19288"
"2009-08-04T00:00:00.000","SILVER - COMMODITY EXCHANGE INC.","SILVER","99477","8194","52050","20892","5141"
"2009-08-04T00:00:00.000","PLATINUM - NEW YORK MERCANTILE EXCHANGE","PLATINUM","23272","1525","11322","12478","843"
"2009-08-04T00:00:00.000","NATURAL GAS - NEW YORK MERCANTILE EXCHANGE","NATURAL GAS","712429","107629","105527","72729","162001"
"2009-08-11T00:00:00.000","PALLADIUM - NEW YORK MERCANTILE EXCHANGE","PALLADIUM","20323","527","13466","11324","1659"
"2009-08-11T00:00:00.000","GOLD - COMMODITY EXCHANGE INC.","GOLD","385002","33969","194453","167169","7234"
"2009-08-11T00:00:00.000","COPPER-GRADE #1 - COMMODITY EXCHANGE INC.","COPPER","117741","5402","42355","22007","19055"
"2009-08-11T00:00:00.000","SILVER - COMMODITY EXCHANGE INC.","SILVER","104790","8382","53236","25566","3973"
"2009-08-11T00:00:00.000","PLATINUM - NEW YORK MERCANTILE EXCHANGE","PLATINUM","24264","1295","11929","13362","881"
"2009-08-11T00:00:00.000","NATURAL GAS - NEW YORK MERCANTILE EXCHANGE","NATURAL GAS","732986","104893","102620","74040","189527"
"2009-08-18T00:00:00.000","PALLADIUM - NEW YORK MERCANTILE EXCHANGE","PALLADIUM","20162","620","13576","11317","1359"
"2009-08-18T00:00:00.000","GOLD - COMMODITY EXCHANGE INC.","GOLD","373810","35030","181702","153525","12039"
"2009-08-18T00:00:00.000","COPPER-GRADE #1 - COMMODITY EXCHANGE INC.","COPPER","116703","5174","39556","22514","19641"
"2009-08-18T00:00:00.000","SILVER - COMMODITY EXCHANGE INC.","SILVER","103527","8284","52779","24155","3272"
"2009-08-18T00:00:00.000","PLATINUM - NEW YORK MERCANTILE EXCHANGE","PLATINUM","25878","1196","11787","15172","814"
"2009-08-18T00:00:00.000","NATURAL GAS - NEW YORK MERCANTILE EXCHANGE","NATURAL GAS","756083","112598","107208","63905","209320"
"2009-08-25T00:00:00.000","PALLADIUM - NEW YORK MERCANTILE EXCHANGE","PALLADIUM","21386","614","14624","12200","1213"
"2009-08-25T00:00:00.000","GOLD - COMMODITY EXCHANGE INC.","GOLD","379629","34032","186242","156834","7238"
"2009-08-25T00:00:00.000","COPPER-GRADE #1 - COMMODITY EXCHANGE INC.","COPPER","118454","4948","39019","24068","20176"
"2009-08-25T00:00:00.000","SILVER - COMMODITY EXCHANGE INC.","SILVER","101539","8975","54567","24828","3680"
"2009-08-25T00:00:00.000","PLATINUM - NEW YORK MERCANTILE EXCHANGE","PLATINUM","27053","1088","12623","15874","767"
"2009-08-25T00:00:00.000","NATURAL GAS - NEW YORK MERCANTILE EXCHANGE","NATURAL GAS","728176","103032","99930","64039","209430"
"2009-09-01T00:00:00.000","SILVER - COMMODITY EXCHANGE INC.","SILVER","106671","9687","59157","31263","3231"
"2009-09-01T00:00:00.000","GOLD - COMMODITY EXCHANGE INC.","GOLD","384703","34229","171642","157220","7182"
"2009-09-01T00:00:00.000","COPPER-GRADE #1 - COMMODITY EXCHANGE INC.","COPPER","119527","4867","37791","22643","21741"
"2009-09-01T00:00:00.000","PLATINUM - NEW YORK MERCANTILE EXCHANGE","PLATINUM","26857","1017","12502","14944","751"
"2009-09-01T00:00:00.000","PALLADIUM - NEW YORK MERCANTILE EXCHANGE","PALLADIUM","21655","745","15220","11852","862"
"2009-09-01T00:00:00.000","NATURAL GAS - NEW YORK MERCANTILE EXCHANGE","NATURAL GAS","720062","101311","99988","63982","203490"
"2009-09-08T00:00:00.000","NATURAL GAS - NEW YORK MERCANTILE EXCHANGE","NATURAL GAS","720282","107114","106188","71777","204437"
"2009-09-08T00:00:00.000","GOLD - COMMODITY EXCHANGE INC.","GOLD","451713","35941","225602","194723","7174"
"2009-09-08T00:00:00.000","COPPER-GRADE #1 - COMMODITY EXCHANGE INC.","COPPER","118148","4726","40168","23106","19637"
"2009-09-08T00:00:00.000","SILVER - COMMODITY EXCHANGE INC.","SILVER","116421","7109","62712","36230","3553"
"2009-09-08T00:00:00.000","PLATINUM - NEW YORK MERCANTILE EXCHANGE","PLATINUM","26908","253","12931","15859","647"
"2009-09-08T00:00:00.000","PALLADIUM - NEW YORK MERCANTILE EXCHANGE","PALLADIUM","22372","457","15074","12146","712"
"2009-09-15T00:00:00.000","PALLADIUM - NEW YORK MERCANTILE EXCHANGE","PALLADIUM","22121","455","14919","12390","704"
"2009-09-15T00:00:00.000","GOLD - COMMODITY EXCHANGE INC.","GOLD","467892","35158","227069","207387","5527"
"2009-09-15T00:00:00.000","COPPER-GRADE #1 - COMMODITY EXCHANGE INC.","COPPER","117983","4461","41659","21040","19972"
"2009-09-15T00:00:00.000","SILVER - COMMODITY EXCHANGE INC.","SILVER","123873","6283","65784","43053","3086"
"2009-09-15T00:00:00.000","PLATINUM - NEW YORK MERCANTILE EXCHANGE","PLATINUM","29051","309","14977","16928","623"
"2009-09-15T00:00:00.000","NATURAL GAS - NEW YORK MERCANTILE EXCHANGE","NATURAL GAS","744146","110165","114908","70576","192808"
"2009-09-22T00:00:00.000","PALLADIUM - NEW YORK MERCANTILE EXCHANGE","PALLADIUM","23181","454","15601","13223","780"
"2009-09-22T00:00:00.000","GOLD - COMMODITY EXCHANGE INC.","GOLD","467145","34672","223434","208236","5170"
"2009-09-22T00:00:00.000","COPPER-GRADE #1 - COMMODITY EXCHANGE INC.","COPPER","117248","3851","41269","19009","19256"
"2009-09-22T00:00:00.000","SILVER - COMMODITY EXCHANGE INC.","SILVER","128184","6478","68448","44250","3423"
"2009-09-22T00:00:00.000","PLATINUM - NEW YORK MERCANTILE EXCHANGE","PLATINUM","30270","181","16380","18090","577"
"2009-09-22T00:00:00.000","NATURAL GAS - NEW YORK MERCANTILE EXCHANGE","NATURAL GAS","710301","109024","117270","68795","176910"
"2009-09-29T00:00:00.000","PALLADIUM - NEW YORK MERCANTILE EXCHANGE","PALLADIUM","20094","315","13723","10339","980"
"2009-09-29T00:00:00.000","GOLD - COMMODITY EXCHANGE INC.","GOLD","454585","40629","223576","198175","3726"
"2009-09-29T00:00:00.000","COPPER-GRADE #1 - COMMODITY EXCHANGE INC.","COPPER","113874","3929","37682","16298","20190"
"2009-09-29T00:00:00.000","SILVER - COMMODITY EXCHANGE INC.","SILVER","128695","7138","69003","42374","2840"
"2009-09-29T00:00:00.000","PLATINUM - NEW YORK MERCANTILE EXCHANGE","PLATINUM","28591","403","15948","17167","653"
"2009-09-29T00:00:00.000","NATURAL GAS - NEW YORK MERCANTILE EXCHANGE","NATURAL GAS","676337","100340","110774","79328","173140"
"2009-10-06T00:00:00.000","PALLADIUM - NEW YORK MERCANTILE EXCHANGE","PALLADIUM","21223","332","14307","11183","886"
"2009-10-06T00:00:00.000","GOLD - COMMODITY EXCHANGE INC.","GOLD","484307","35439","223592","215753","6378"
"2009-10-06T00:00:00.000","COPPER-GRADE #1 - COMMODITY EXCHANGE INC.","COPPER","119080","3822","41027","18466","20948"
"2009-10-06T00:00:00.000","SILVER - COMMODITY EXCHANGE INC.","SILVER","131801","5998","68332","41565","2943"
"2009-10-06T00:00:00.000","PLATINUM - NEW YORK MERCANTILE EXCHANGE","PLATINUM","29743","365","16494","17893","658"
"2009-10-06T00:00:00.000","NATURAL GAS - NEW YORK MERCANTILE EXCHANGE","NATURAL GAS","692561","98742","113738","81042","179238"
"2009-10-13T00:00:00.000","NATURAL GAS - NEW YORK MERCANTILE EXCHANGE","NATURAL GAS","745533","95855","112904","80074","194773"
"2009-10-13T00:00:00.000","GOLD - COMMODITY EXCHANGE INC.","GOLD","504187","36541","237816","232086","5232"
"2009-10-13T00:00:00.000","COPPER-GRADE #1 - COMMODITY EXCHANGE INC.","COPPER","121664","3635","43164","19813","18860"
"2009-10-13T00:00:00.000","SILVER - COMMODITY EXCHANGE INC.","SILVER","136015","6136","69475","41799","2901"
"2009-10-13T00:00:00.000","PLATINUM - NEW YORK MERCANTILE EXCHANGE","PLATINUM","31813","317","17326","19105","755"
"2009-10-13T00:00:00.000","PALLADIUM - NEW YORK MERCANTILE EXCHANGE","PALLADIUM","21914","270","15190","11394","729"
"2009-10-20T00:00:00.000","NATURAL GAS - NEW YORK MERCANTILE EXCHANGE","NATURAL GAS","731235","86839","107966","80278","182739"
"2009-10-20T00:00:00.000","GOLD - COMMODITY EXCHANGE INC.","GOLD","509678","36742","236996","233990","6715"
"2009-10-20T00:00:00.000","COPPER-GRADE #1 - COMMODITY EXCHANGE INC.","COPPER","133100","3813","49290","27199","21925"
"2009-10-20T00:00:00.000","SILVER - COMMODITY EXCHANGE INC.","SILVER","135456","6921","70936","41780","3136"
"2009-10-20T00:00:00.000","PLATINUM - NEW YORK MERCANTILE EXCHANGE","PLATINUM","32227","277","17804","18567","859"
"2009-10-20T00:00:00.000","PALLADIUM - NEW YORK MERCANTILE EXCHANGE","PALLADIUM","22247","242","15421","11496","686"
"2009-10-27T00:00:00.000","PALLADIUM - NEW YORK MERCANTILE EXCHANGE","PALLADIUM","22694","242","16149","11807","762"
"2009-10-27T00:00:00.000","GOLD - COMMODITY EXCHANGE INC.","GOLD","497479","36640","225639","217920","7549"
"2009-10-27T00:00:00.000","COPPER-GRADE #1 - COMMODITY EXCHANGE INC.","COPPER","138431","4331","55815","31745","18342"
"2009-10-27T00:00:00.000","SILVER - COMMODITY EXCHANGE INC.","SILVER","132843","7041","71166","37446","2623"
"2009-10-27T00:00:00.000","PLATINUM - NEW YORK MERCANTILE EXCHANGE","PLATINUM","31649","110","18295","18046","715"
"2009-10-27T00:00:00.000","NATURAL GAS - NEW YORK MERCANTILE EXCHANGE","NATURAL GAS","722597","82512","97680","66264","186106"
"2009-11-03T00:00:00.000","PALLADIUM - NEW YORK MERCANTILE EXCHANGE","PALLADIUM","22255","289","15906","11417","800"
"2009-11-03T00:00:00.000","GOLD - COMMODITY EXCHANGE INC.","GOLD","493991","36678","229511","227499","9278"
"2009-11-03T00:00:00.000","COPPER-GRADE #1 - COMMODITY EXCHANGE INC.","COPPER","140662","4063","57561","32606","20538"
"2009-11-03T00:00:00.000","SILVER - COMMODITY EXCHANGE INC.","SILVER","129240","7813","68828","33325","3010"
"2009-11-03T00:00:00.000","PLATINUM - NEW YORK MERCANTILE EXCHANGE","PLATINUM","31269","120","18141","18034","747"
"2009-11-03T00:00:00.000","NATURAL GAS - NEW YORK MERCANTILE EXCHANGE","NATURAL GAS","689411","86680","95253","63503","189240"
"2009-11-09T00:00:00.000","PALLADIUM - NEW YORK MERCANTILE EXCHANGE","PALLADIUM","22507","282","16068","11357","676"
"2009-11-09T00:00:00.000","GOLD - COMMODITY EXCHANGE INC.","GOLD","530505","37063","230201","223460","8495"
"2009-11-09T00:00:00.000","COPPER-GRADE #1 - COMMODITY EXCHANGE INC.","COPPER","143698","4680","69432","32605","23488"
"2009-11-09T00:00:00.000","SILVER - COMMODITY EXCHANGE INC.","SILVER","141794","9135","71220","31918","3030"
"2009-11-09T00:00:00.000","PLATINUM - NEW YORK MERCANTILE EXCHANGE","PLATINUM","32774","157","18704","18370","628"
"2009-11-09T00:00:00.000","NATURAL GAS - NEW YORK MERCANTILE EXCHANGE","NATURAL GAS","717439","91780","102854","68310","202984"
"2009-11-17T00:00:00.000","PALLADIUM - NEW YORK MERCANTILE EXCHANGE","PALLADIUM","22534","458","16543","11430","801"
"2009-11-17T00:00:00.000","GOLD - COMMODITY EXCHANGE INC.","GOLD","533119","37355","231739","222637","8401"
"2009-11-17T00:00:00.000","COPPER-GRADE #1 - COMMODITY EXCHANGE INC.","COPPER","151451","5915","73488","38864","27314"
"2009-11-17T00:00:00.000","SILVER - COMMODITY EXCHANGE INC.","SILVER","142200","7078","69137","36268","2824"
"2009-11-17T00:00:00.000","PLATINUM - NEW YORK MERCANTILE EXCHANGE","PLATINUM","34656","335","19852","18987","659"
"2009-11-17T00:00:00.000","NATURAL GAS - NEW YORK MERCANTILE EXCHANGE","NATURAL GAS","750106","101718","103637","65830","219071"
"2009-11-24T00:00:00.000","PLATINUM - NEW YORK MERCANTILE EXCHANGE","PLATINUM","34981","334","19805","19206","749"
"2009-11-24T00:00:00.000","GOLD - COMMODITY EXCHANGE INC.","GOLD","521253","38162","241240","225366","3589"
"2009-11-24T00:00:00.000","COPPER-GRADE #1 - COMMODITY EXCHANGE INC.","COPPER","152001","5310","74528","40408","27456"
"2009-11-24T00:00:00.000","NATURAL GAS - NEW YORK MERCANTILE EXCHANGE","NATURAL GAS","707788","91909","102621","66931","214433"
"2009-11-24T00:00:00.000","SILVER - COMMODITY EXCHANGE INC.","SILVER","136162","9200","73056","35875","1156"
"2009-11-24T00:00:00.000","PALLADIUM - NEW YORK MERCANTILE EXCHANGE","PALLADIUM","22916","1174","17322","11469","748"
"2009-12-01T00:00:00.000","SILVER - COMMODITY EXCHANGE INC.","SILVER","131899","8590","70989","35875","1420"
"2009-12-01T00:00:00.000","GOLD - COMMODITY EXCHANGE INC.","GOLD","521433","41154","232019","224030","6874"
"2009-12-01T00:00:00.000","COPPER-GRADE #1 - COMMODITY EXCHANGE INC.","COPPER","148809","4791","73890","40865","27952"
"2009-12-01T00:00:00.000","PLATINUM - NEW YORK MERCANTILE EXCHANGE","PLATINUM","35855","360","19884","19957","699"
"2009-12-01T00:00:00.000","PALLADIUM - NEW YORK MERCANTILE EXCHANGE","PALLADIUM","23271","1463","17512","12040","727"
"2009-12-01T00:00:00.000","NATURAL GAS - NEW YORK MERCANTILE EXCHANGE","NATURAL GAS","723961","92336","104091","64004","212898"
"2009-12-08T00:00:00.000","NATURAL GAS - NEW YORK MERCANTILE EXCHANGE","NATURAL GAS","710148","91455","107085","61693","183970"
"2009-12-08T00:00:00.000","GOLD - COMMODITY EXCHANGE INC.","GOLD","505652","36817","229114","213164","5353"
"2009-12-08T00:00:00.000","COPPER-GRADE #1 - COMMODITY EXCHANGE INC.","COPPER","147950","4088","75424","42485","28369"
"2009-12-08T00:00:00.000","SILVER - COMMODITY EXCHANGE INC.","SILVER","125999","8169","68097","33678","1177"
"2009-12-08T00:00:00.000","PLATINUM - NEW YORK MERCANTILE EXCHANGE","PLATINUM","34120","399","19075","18477","716"
"2009-12-08T00:00:00.000","PALLADIUM - NEW YORK MERCANTILE EXCHANGE","PALLADIUM","22904","1365","17333","12151","846"
"2009-12-15T00:00:00.000","PALLADIUM - NEW YORK MERCANTILE EXCHANGE","PALLADIUM","22380","548","16155","12526","869"
"2009-12-15T00:00:00.000","GOLD - COMMODITY EXCHANGE INC.","GOLD","504368","37536","233192","212517","4429"
"2009-12-15T00:00:00.000","COPPER-GRADE #1 - COMMODITY EXCHANGE INC.","COPPER","147691","4034","73887","39995","29438"
"2009-12-15T00:00:00.000","SILVER - COMMODITY EXCHANGE INC.","SILVER","121787","7248","66033","28315","1830"
"2009-12-15T00:00:00.000","PLATINUM - NEW YORK MERCANTILE EXCHANGE","PLATINUM","32909","342","17979","18295","719"
"2009-12-15T00:00:00.000","NATURAL GAS - NEW YORK MERCANTILE EXCHANGE","NATURAL GAS","741168","96187","115262","66738","169557"
"2009-12-22T00:00:00.000","PALLADIUM - NEW YORK MERCANTILE EXCHANGE","PALLADIUM","22351","489","16292","12753","726"
"2009-12-22T00:00:00.000","GOLD - COMMODITY EXCHANGE INC.","GOLD","499233","39181","230615","206996","4813"
"2009-12-22T00:00:00.000","COPPER-GRADE #1 - COMMODITY EXCHANGE INC.","COPPER","145637","4154","72717","37265","29411"
"2009-12-22T00:00:00.000","SILVER - COMMODITY EXCHANGE INC.","SILVER","122294","6622","65046","27731","754"
"2009-12-22T00:00:00.000","PLATINUM - NEW YORK MERCANTILE EXCHANGE","PLATINUM","32478","381","17412","17471","693"
"2009-12-22T00:00:00.000","NATURAL GAS - NEW YORK MERCANTILE EXCHANGE","NATURAL GAS","703814","83509","107013","73201","168306"
"2009-12-29T00:00:00.000","PALLADIUM - NEW YORK MERCANTILE EXCHANGE","PALLADIUM","22402","545","16242","12414","788"
"2009-12-29T00:00:00.000","GOLD - COMMODITY EXCHANGE INC.","GOLD","491712","41013","226658","201751","5926"
"2009-12-29T00:00:00.000","COPPER-GRADE #1 - COMMODITY EXCHANGE INC.","COPPER","154559","4937","78816","44847","28839"
"2009-12-29T00:00:00.000","SILVER - COMMODITY EXCHANGE INC.","SILVER","124334","6557","65969","27100","1513"
"2009-12-29T00:00:00.000","PLATINUM - NEW YORK MERCANTILE EXCHANGE","PLATINUM","32473","505","17582","17398","616"
"2009-12-29T00:00:00.000","NATURAL GAS - NEW YORK MERCANTILE EXCHANGE","NATURAL GAS","701902","79740","104603","77479","174994"
"2010-01-05T00:00:00.000","PALLADIUM - NEW YORK MERCANTILE EXCHANGE","PALLADIUM","23379","661","16344","12401","844"
"2010-01-05T00:00:00.000","GOLD - COMMODITY EXCHANGE INC.","GOLD","507643","40511","227533","198506","6907"
"2010-01-05T00:00:00.000","COPPER-GRADE #1 - COMMODITY EXCHANGE INC.","COPPER","158539","4058","79113","45703","28631"
"2010-01-05T00:00:00.000","SILVER - COMMODITY EXCHANGE INC.","SILVER","125391","6422","64263","29548","3026"
"2010-01-05T00:00:00.000","PLATINUM - NEW YORK MERCANTILE EXCHANGE","PLATINUM","33582","773","18285","18185","325"
"2010-01-05T00:00:00.000","NATURAL GAS - NEW YORK MERCANTILE EXCHANGE","NATURAL GAS","724087","77237","100319","76202","184650"
"2010-01-12T00:00:00.000","NATURAL GAS - NEW YORK MERCANTILE EXCHANGE","NATURAL GAS","760159","72969","100871","82550","195730"
"2010-01-12T00:00:00.000","GOLD - COMMODITY EXCHANGE INC.","GOLD","523266","40771","237041","202180","11137"
"2010-01-12T00:00:00.000","COPPER-GRADE #1 - COMMODITY EXCHANGE INC.","COPPER","151321","4246","75727","46290","23198"
"2010-01-12T00:00:00.000","SILVER - COMMODITY EXCHANGE INC.","SILVER","128675","7260","67768","35721","1409"
"2010-01-12T00:00:00.000","PLATINUM - NEW YORK MERCANTILE EXCHANGE","PLATINUM","34502","632","17529","18510","537"
"2010-01-12T00:00:00.000","PALLADIUM - NEW YORK MERCANTILE EXCHANGE","PALLADIUM","23437","735","15585","11609","1048"
"2010-01-19T00:00:00.000","NATURAL GAS - NEW YORK MERCANTILE EXCHANGE","NATURAL GAS","782549","81412","109198","81808","193673"
"2010-01-19T00:00:00.000","GOLD - COMMODITY EXCHANGE INC.","GOLD","528924","43562","234633","200320","7695"
"2010-01-19T00:00:00.000","COPPER-GRADE #1 - COMMODITY EXCHANGE INC.","COPPER","143012","5087","73601","45009","16438"
"2010-01-19T00:00:00.000","SILVER - COMMODITY EXCHANGE INC.","SILVER","131385","7031","67341","36951","900"
"2010-01-19T00:00:00.000","PLATINUM - NEW YORK MERCANTILE EXCHANGE","PLATINUM","34352","566","17181","19047","910"
"2010-01-19T00:00:00.000","PALLADIUM - NEW YORK MERCANTILE EXCHANGE","PALLADIUM","23262","670","14661","11862","1229"
"2010-01-26T00:00:00.000","PALLADIUM - NEW YORK MERCANTILE EXCHANGE","PALLADIUM","23354","766","14066","12129","1478"
"2010-01-26T00:00:00.000","GOLD - COMMODITY EXCHANGE INC.","GOLD","507565","42580","215889","182133","7766"
"2010-01-26T00:00:00.000","COPPER-GRADE #1 - COMMODITY EXCHANGE INC.","COPPER","140683","5451","70884","43187","13180"
"2010-01-26T00:00:00.000","SILVER - COMMODITY EXCHANGE INC.","SILVER","124895","6850","65986","26832","1895"
"2010-01-26T00:00:00.000","PLATINUM - NEW YORK MERCANTILE EXCHANGE","PLATINUM","34697","616","16382","18964","1092"
"2010-01-26T00:00:00.000","NATURAL GAS - NEW YORK MERCANTILE EXCHANGE","NATURAL GAS","769887","72076","103483","83051","193047"
"2010-02-02T00:00:00.000","PALLADIUM - NEW YORK MERCANTILE EXCHANGE","PALLADIUM","23024","770","13770","12450","1631"
"2010-02-02T00:00:00.000","GOLD - COMMODITY EXCHANGE INC.","GOLD","480860","36275","199560","187024","8423"
"2010-02-02T00:00:00.000","COPPER-GRADE #1 - COMMODITY EXCHANGE INC.","COPPER","132113","6719","63920","33044","16462"
"2010-02-02T00:00:00.000","SILVER - COMMODITY EXCHANGE INC.","SILVER","122261","7065","62141","21528","4273"
"2010-02-02T00:00:00.000","PLATINUM - NEW YORK MERCANTILE EXCHANGE","PLATINUM","35072","657","15822","19108","1180"
"2010-02-02T00:00:00.000","NATURAL GAS - NEW YORK MERCANTILE EXCHANGE","NATURAL GAS","782673","72206","105925","71288","174507"
"2010-02-09T00:00:00.000","PALLADIUM - NEW YORK MERCANTILE EXCHANGE","PALLADIUM","22095","653","13523","12310","1893"
"2010-02-09T00:00:00.000","GOLD - COMMODITY EXCHANGE INC.","GOLD","466905","39206","186145","166132","13404"
"2010-02-09T00:00:00.000","COPPER-GRADE #1 - COMMODITY EXCHANGE INC.","COPPER","124076","9357","60745","29581","17091"
"2010-02-09T00:00:00.000","SILVER - COMMODITY EXCHANGE INC.","SILVER","118593","7428","55713","17686","6401"
"2010-02-09T00:00:00.000","PLATINUM - NEW YORK MERCANTILE EXCHANGE","PLATINUM","34325","637","15405","18220","1155"
"2010-02-09T00:00:00.000","NATURAL GAS - NEW YORK MERCANTILE EXCHANGE","NATURAL GAS","775827","72128","104561","71970","169508"
"2010-02-16T00:00:00.000","PALLADIUM - NEW YORK MERCANTILE EXCHANGE","PALLADIUM","22813","484","13706","12788","1943"
"2010-02-16T00:00:00.000","GOLD - COMMODITY EXCHANGE INC.","GOLD","466509","39006","176708","167613","10459"
"2010-02-16T00:00:00.000","COPPER-GRADE #1 - COMMODITY EXCHANGE INC.","COPPER","126363","8430","58889","30696","16868"
"2010-02-16T00:00:00.000","SILVER - COMMODITY EXCHANGE INC.","SILVER","120166","7636","55660","19247","6835"
"2010-02-16T00:00:00.000","PLATINUM - NEW YORK MERCANTILE EXCHANGE","PLATINUM","35153","569","16062","18373","1277"
"2010-02-16T00:00:00.000","NATURAL GAS - NEW YORK MERCANTILE EXCHANGE","NATURAL GAS","780477","69362","100862","72214","175606"
"2010-02-23T00:00:00.000","PALLADIUM - NEW YORK MERCANTILE EXCHANGE","PALLADIUM","23459","603","14373","12800","1934"
"2010-02-23T00:00:00.000","GOLD - COMMODITY EXCHANGE INC.","GOLD","466572","33555","188865","171565","6909"
"2010-02-23T00:00:00.000","COPPER-GRADE #1 - COMMODITY EXCHANGE INC.","COPPER","126394","6674","60800","32754","14552"
"2010-02-23T00:00:00.000","SILVER - COMMODITY EXCHANGE INC.","SILVER","117376","9799","58236","19154","6530"
"2010-02-23T00:00:00.000","PLATINUM - NEW YORK MERCANTILE EXCHANGE","PLATINUM","34991","546","16116","18968","1168"
"2010-02-23T00:00:00.000","NATURAL GAS - NEW YORK MERCANTILE EXCHANGE","NATURAL GAS","794836","72213","97962","64559","195461"
"2010-03-02T00:00:00.000","SILVER - COMMODITY EXCHANGE INC.","SILVER","108248","7654","55302","21737","3903"
"2010-03-02T00:00:00.000","GOLD - COMMODITY EXCHANGE INC.","GOLD","482786","33337","194206","182360","5689"
"2010-03-02T00:00:00.000","COPPER-GRADE #1 - COMMODITY EXCHANGE INC.","COPPER","125878","6169","60757","33356","13721"
"2010-03-02T00:00:00.000","PLATINUM - NEW YORK MERCANTILE EXCHANGE","PLATINUM","35096","417","16128","19588","1060"
"2010-03-02T00:00:00.000","PALLADIUM - NEW YORK MERCANTILE EXCHANGE","PALLADIUM","21597","511","14421","12201","2088"
"2010-03-02T00:00:00.000","NATURAL GAS - NEW YORK MERCANTILE EXCHANGE","NATURAL GAS","820300","75665","99221","68101","215431"
"2010-03-09T00:00:00.000","NATURAL GAS - NEW YORK MERCANTILE EXCHANGE","NATURAL GAS","853259","81679","106078","73156","224463"
"2010-03-09T00:00:00.000","GOLD - COMMODITY EXCHANGE INC.","GOLD","493909","39179","198734","179078","4670"
"2010-03-09T00:00:00.000","COPPER-GRADE #1 - COMMODITY EXCHANGE INC.","COPPER","127613","6405","63921","36197","13813"
"2010-03-09T00:00:00.000","SILVER - COMMODITY EXCHANGE INC.","SILVER","112130","6382","56569","26134","2671"
"2010-03-09T00:00:00.000","PLATINUM - NEW YORK MERCANTILE EXCHANGE","PLATINUM","35953","456","16668","20179","1184"
"2010-03-09T00:00:00.000","PALLADIUM - NEW YORK MERCANTILE EXCHANGE","PALLADIUM","22195","489","14766","12221","2035"
"2010-03-16T00:00:00.000","PALLADIUM - NEW YORK MERCANTILE EXCHANGE","PALLADIUM","23409","627","15067","11993","1815"
"2010-03-16T00:00:00.000","GOLD - COMMODITY EXCHANGE INC.","GOLD","496481","48383","194109","176715","6438"
"2010-03-16T00:00:00.000","COPPER-GRADE #1 - COMMODITY EXCHANGE INC.","COPPER","130126","6537","64164","36898","14102"
"2010-03-16T00:00:00.000","SILVER - COMMODITY EXCHANGE INC.","SILVER","114192","6516","58409","27490","2459"
"2010-03-16T00:00:00.000","PLATINUM - NEW YORK MERCANTILE EXCHANGE","PLATINUM","36930","346","17360","20340","893"
"2010-03-16T00:00:00.000","NATURAL GAS - NEW YORK MERCANTILE EXCHANGE","NATURAL GAS","859448","85844","105028","74550","239977"
"2010-03-23T00:00:00.000","PALLADIUM - NEW YORK MERCANTILE EXCHANGE","PALLADIUM","24170","920","15487","12181","1806"
"2010-03-23T00:00:00.000","GOLD - COMMODITY EXCHANGE INC.","GOLD","495143","57625","191137","162654","8962"
"2010-03-23T00:00:00.000","COPPER-GRADE #1 - COMMODITY EXCHANGE INC.","COPPER","132494","6815","62965","36665","14471"
"2010-03-23T00:00:00.000","SILVER - COMMODITY EXCHANGE INC.","SILVER","112520","6315","56443","26172","3035"
"2010-03-23T00:00:00.000","PLATINUM - NEW YORK MERCANTILE EXCHANGE","PLATINUM","38255","312","17428","20578","929"
"2010-03-23T00:00:00.000","NATURAL GAS - NEW YORK MERCANTILE EXCHANGE","NATURAL GAS","831206","88612","105383","78575","242444"
"2010-03-30T00:00:00.000","PALLADIUM - NEW YORK MERCANTILE EXCHANGE","PALLADIUM","22924","1065","14150","11653","1634"
"2010-03-30T00:00:00.000","GOLD - COMMODITY EXCHANGE INC.","GOLD","466678","62006","189646","155355","8135"
"2010-03-30T00:00:00.000","COPPER-GRADE #1 - COMMODITY EXCHANGE INC.","COPPER","141517","9808","69909","41665","13384"
"2010-03-30T00:00:00.000","SILVER - COMMODITY EXCHANGE INC.","SILVER","113405","6806","56215","27436","2667"
"2010-03-30T00:00:00.000","PLATINUM - NEW YORK MERCANTILE EXCHANGE","PLATINUM","37583","528","17609","20593","1002"
"2010-03-30T00:00:00.000","NATURAL GAS - NEW YORK MERCANTILE EXCHANGE","NATURAL GAS","815340","94554","108781","84443","234063"
"2010-04-06T00:00:00.000","PALLADIUM - NEW YORK MERCANTILE EXCHANGE","PALLADIUM","24075","1081","14384","12435","1594"
"2010-04-06T00:00:00.000","GOLD - COMMODITY EXCHANGE INC.","GOLD","497388","51492","205216","181635","6500"
"2010-04-06T00:00:00.000","COPPER-GRADE #1 - COMMODITY EXCHANGE INC.","COPPER","151388","9714","73227","44918","15123"
"2010-04-06T00:00:00.000","SILVER - COMMODITY EXCHANGE INC.","SILVER","118712","6383","58354","32984","2719"
"2010-04-06T00:00:00.000","PLATINUM - NEW YORK MERCANTILE EXCHANGE","PLATINUM","37763","361","17013","21119","612"
"2010-04-06T00:00:00.000","NATURAL GAS - NEW YORK MERCANTILE EXCHANGE","NATURAL GAS","844832","106481","115416","85943","246427"
"2010-04-13T00:00:00.000","NATURAL GAS - NEW YORK MERCANTILE EXCHANGE","NATURAL GAS","868368","101233","106841","85516","251570"
"2010-04-13T00:00:00.000","GOLD - COMMODITY EXCHANGE INC.","GOLD","528856","51345","223301","200201","3506"
"2010-04-13T00:00:00.000","COPPER-GRADE #1 - COMMODITY EXCHANGE INC.","COPPER","150306","9856","72362","47900","18165"
"2010-04-13T00:00:00.000","SILVER - COMMODITY EXCHANGE INC.","SILVER","123661","6329","61479","36067","3805"
"2010-04-13T00:00:00.000","PLATINUM - NEW YORK MERCANTILE EXCHANGE","PLATINUM","37422","252","17055","21781","635"
"2010-04-13T00:00:00.000","PALLADIUM - NEW YORK MERCANTILE EXCHANGE","PALLADIUM","23923","1244","14337","12639","1465"
"2010-04-20T00:00:00.000","NATURAL GAS - NEW YORK MERCANTILE EXCHANGE","NATURAL GAS","879380","100193","99845","81916","261454"
"2010-04-20T00:00:00.000","GOLD - COMMODITY EXCHANGE INC.","GOLD","521338","52092","227044","199008","6768"
"2010-04-20T00:00:00.000","COPPER-GRADE #1 - COMMODITY EXCHANGE INC.","COPPER","153954","9816","70772","44612","19027"
"2010-04-20T00:00:00.000","SILVER - COMMODITY EXCHANGE INC.","SILVER","126679","7515","60852","35650","4971"
"2010-04-20T00:00:00.000","PLATINUM - NEW YORK MERCANTILE EXCHANGE","PLATINUM","37178","379","16692","20892","681"
"2010-04-20T00:00:00.000","PALLADIUM - NEW YORK MERCANTILE EXCHANGE","PALLADIUM","23490","1132","14195","12861","1447"
"2010-04-27T00:00:00.000","PALLADIUM - NEW YORK MERCANTILE EXCHANGE","PALLADIUM","24037","888","14860","13793","1509"
"2010-04-27T00:00:00.000","GOLD - COMMODITY EXCHANGE INC.","GOLD","538591","53932","230598","210203","4760"
"2010-04-27T00:00:00.000","COPPER-GRADE #1 - COMMODITY EXCHANGE INC.","COPPER","151824","8282","68294","41393","19012"
"2010-04-27T00:00:00.000","SILVER - COMMODITY EXCHANGE INC.","SILVER","124157","8342","63118","37841","5245"
"2010-04-27T00:00:00.000","PLATINUM - NEW YORK MERCANTILE EXCHANGE","PLATINUM","37251","323","18070","20494","666"
"2010-04-27T00:00:00.000","NATURAL GAS - NEW YORK MERCANTILE EXCHANGE","NATURAL GAS","823549","93363","102460","93336","241556"
"2010-05-04T00:00:00.000","PALLADIUM - NEW YORK MERCANTILE EXCHANGE","PALLADIUM","23682","633","14459","13992","1336"
"2010-05-04T00:00:00.000","GOLD - COMMODITY EXCHANGE INC.","GOLD","551616","54736","242652","217433","9645"
"2010-05-04T00:00:00.000","COPPER-GRADE #1 - COMMODITY EXCHANGE INC.","COPPER","142318","6591","61909","36192","20506"
"2010-05-04T00:00:00.000","SILVER - COMMODITY EXCHANGE INC.","SILVER","123448","7893","64227","36444","5836"
"2010-05-04T00:00:00.000","PLATINUM - NEW YORK MERCANTILE EXCHANGE","PLATINUM","36320","522","17040","20099","408"
"2010-05-04T00:00:00.000","NATURAL GAS - NEW YORK MERCANTILE EXCHANGE","NATURAL GAS","861875","99217","104823","82360","263766"
"2010-05-11T00:00:00.000","PALLADIUM - NEW YORK MERCANTILE EXCHANGE","PALLADIUM","24964","629","15642","15431","1698"
"2010-05-11T00:00:00.000","GOLD - COMMODITY EXCHANGE INC.","GOLD","583504","55366","272119","224664","7134"
"2010-05-11T00:00:00.000","COPPER-GRADE #1 - COMMODITY EXCHANGE INC.","COPPER","130991","5820","56860","30620","16418"
"2010-05-11T00:00:00.000","SILVER - COMMODITY EXCHANGE INC.","SILVER","122669","7457","59222","37498","4154"
"2010-05-11T00:00:00.000","PLATINUM - NEW YORK MERCANTILE EXCHANGE","PLATINUM","35673","526","16250","19278","1002"
"2010-05-11T00:00:00.000","NATURAL GAS - NEW YORK MERCANTILE EXCHANGE","NATURAL GAS","868994","107785","119586","84143","237000"
"2010-05-18T00:00:00.000","PALLADIUM - NEW YORK MERCANTILE EXCHANGE","PALLADIUM","23370","608","14668","13464","1547"
"2010-05-18T00:00:00.000","GOLD - COMMODITY EXCHANGE INC.","GOLD","579758","53535","272632","226337","6542"
"2010-05-18T00:00:00.000","COPPER-GRADE #1 - COMMODITY EXCHANGE INC.","COPPER","128554","6272","52831","29369","17264"
"2010-05-18T00:00:00.000","SILVER - COMMODITY EXCHANGE INC.","SILVER","125228","7270","60785","40944","2049"
"2010-05-18T00:00:00.000","PLATINUM - NEW YORK MERCANTILE EXCHANGE","PLATINUM","35541","445","15768","19480","926"
"2010-05-18T00:00:00.000","NATURAL GAS - NEW YORK MERCANTILE EXCHANGE","NATURAL GAS","874072","109133","124546","89819","226453"
"2010-05-25T00:00:00.000","PALLADIUM - NEW YORK MERCANTILE EXCHANGE","PALLADIUM","21175","940","13044","12152","1684"
"2010-05-25T00:00:00.000","GOLD - COMMODITY EXCHANGE INC.","GOLD","591360","57469","266645","212919","7703"
"2010-05-25T00:00:00.000","COPPER-GRADE #1 - COMMODITY EXCHANGE INC.","COPPER","128730","7823","52039","26699","18278"
"2010-05-25T00:00:00.000","SILVER - COMMODITY EXCHANGE INC.","SILVER","120120","5905","58432","32358","3870"
"2010-05-25T00:00:00.000","PLATINUM - NEW YORK MERCANTILE EXCHANGE","PLATINUM","30283","1645","11425","14451","1332"
"2010-05-25T00:00:00.000","NATURAL GAS - NEW YORK MERCANTILE EXCHANGE","NATURAL GAS","840409","109903","117022","76089","225792"
"2010-06-01T00:00:00.000","NATURAL GAS - NEW YORK MERCANTILE EXCHANGE","NATURAL GAS","842011","101955","116001","78858","221640"
"2010-06-01T00:00:00.000","GOLD - COMMODITY EXCHANGE INC.","GOLD","553950","58949","269626","210717","4459"
"2010-06-01T00:00:00.000","COPPER-GRADE #1 - COMMODITY EXCHANGE INC.","COPPER","127018","7505","53544","27075","18194"
"2010-06-01T00:00:00.000","SILVER - COMMODITY EXCHANGE INC.","SILVER","122368","5735","59249","32085","2186"
"2010-06-01T00:00:00.000","PLATINUM - NEW YORK MERCANTILE EXCHANGE","PLATINUM","30293","645","11501","14765","1745"
"2010-06-01T00:00:00.000","PALLADIUM - NEW YORK MERCANTILE EXCHANGE","PALLADIUM","21271","844","13197","13099","1743"
"2010-06-08T00:00:00.000","NATURAL GAS - NEW YORK MERCANTILE EXCHANGE","NATURAL GAS","828729","92897","117725","103874","199139"
"2010-06-08T00:00:00.000","GOLD - COMMODITY EXCHANGE INC.","GOLD","564792","62913","279284","215177","5161"
"2010-06-08T00:00:00.000","COPPER-GRADE #1 - COMMODITY EXCHANGE INC.","COPPER","131799","8116","52881","26353","23740"
"2010-06-08T00:00:00.000","SILVER - COMMODITY EXCHANGE INC.","SILVER","122536","6369","59217","30976","2083"
"2010-06-08T00:00:00.000","PLATINUM - NEW YORK MERCANTILE EXCHANGE","PLATINUM","29728","663","12130","14453","1253"
"2010-06-08T00:00:00.000","PALLADIUM - NEW YORK MERCANTILE EXCHANGE","PALLADIUM","21145","803","12567","12938","1705"
"2010-06-15T00:00:00.000","PALLADIUM - NEW YORK MERCANTILE EXCHANGE","PALLADIUM","21509","790","12898","13157","1582"
"2010-06-15T00:00:00.000","GOLD - COMMODITY EXCHANGE INC.","GOLD","569204","61991","282292","215511","4021"
"2010-06-15T00:00:00.000","COPPER-GRADE #1 - COMMODITY EXCHANGE INC.","COPPER","137265","13517","56528","26181","23418"
"2010-06-15T00:00:00.000","SILVER - COMMODITY EXCHANGE INC.","SILVER","131070","6468","60299","33825","1910"
"2010-06-15T00:00:00.000","PLATINUM - NEW YORK MERCANTILE EXCHANGE","PLATINUM","30659","829","13356","14620","1149"
"2010-06-15T00:00:00.000","NATURAL GAS - NEW YORK MERCANTILE EXCHANGE","NATURAL GAS","832563","91707","117001","101234","197458"
"2010-06-22T00:00:00.000","PALLADIUM - NEW YORK MERCANTILE EXCHANGE","PALLADIUM","21790","890","12799","13270","1746"
"2010-06-22T00:00:00.000","GOLD - COMMODITY EXCHANGE INC.","GOLD","602411","66644","289653","223219","4354"
"2010-06-22T00:00:00.000","COPPER-GRADE #1 - COMMODITY EXCHANGE INC.","COPPER","139932","9660","52909","26258","23427"
"2010-06-22T00:00:00.000","SILVER - COMMODITY EXCHANGE INC.","SILVER","139019","7122","63077","37255","1888"
"2010-06-22T00:00:00.000","PLATINUM - NEW YORK MERCANTILE EXCHANGE","PLATINUM","30667","1049","13876","15165","1025"
"2010-06-22T00:00:00.000","NATURAL GAS - NEW YORK MERCANTILE EXCHANGE","NATURAL GAS","825786","92583","114443","87298","195545"
"2010-06-29T00:00:00.000","PALLADIUM - NEW YORK MERCANTILE EXCHANGE","PALLADIUM","20467","1031","12149","11996","1759"
"2010-06-29T00:00:00.000","GOLD - COMMODITY EXCHANGE INC.","GOLD","601138","68538","276753","219365","4903"
"2010-06-29T00:00:00.000","COPPER-GRADE #1 - COMMODITY EXCHANGE INC.","COPPER","130392","8258","52177","25870","20655"
"2010-06-29T00:00:00.000","SILVER - COMMODITY EXCHANGE INC.","SILVER","128065","7997","65831","36130","1824"
"2010-06-29T00:00:00.000","PLATINUM - NEW YORK MERCANTILE EXCHANGE","PLATINUM","29497","753","13086","14517","1429"
"2010-06-29T00:00:00.000","NATURAL GAS - NEW YORK MERCANTILE EXCHANGE","NATURAL GAS","759921","97223","116663","82935","203449"
"2010-07-06T00:00:00.000","PALLADIUM - NEW YORK MERCANTILE EXCHANGE","PALLADIUM","19506","1117","11311","11121","1608"
"2010-07-06T00:00:00.000","GOLD - COMMODITY EXCHANGE INC.","GOLD","577732","77071","257312","193032","11299"
"2010-07-06T00:00:00.000","COPPER-GRADE #1 - COMMODITY EXCHANGE INC.","COPPER","127883","7634","48426","25998","21010"
"2010-07-06T00:00:00.000","SILVER - COMMODITY EXCHANGE INC.","SILVER","118962","7646","60469","28214","2447"
"2010-07-06T00:00:00.000","PLATINUM - NEW YORK MERCANTILE EXCHANGE","PLATINUM","28097","640","11953","13709","1457"
"2010-07-06T00:00:00.000","NATURAL GAS - NEW YORK MERCANTILE EXCHANGE","NATURAL GAS","783430","100532","121619","86453","197029"
"2010-07-13T00:00:00.000","NATURAL GAS - NEW YORK MERCANTILE EXCHANGE","NATURAL GAS","800607","106050","119005","83983","213827"
"2010-07-13T00:00:00.000","GOLD - COMMODITY EXCHANGE INC.","GOLD","568078","74126","254873","188892","8138"
"2010-07-13T00:00:00.000","COPPER-GRADE #1 - COMMODITY EXCHANGE INC.","COPPER","129938","8282","51400","26262","19248"
"2010-07-13T00:00:00.000","SILVER - COMMODITY EXCHANGE INC.","SILVER","117959","7490","60087","27863","1866"
"2010-07-13T00:00:00.000","PLATINUM - NEW YORK MERCANTILE EXCHANGE","PLATINUM","27985","406","11502","13793","1404"
"2010-07-13T00:00:00.000","PALLADIUM - NEW YORK MERCANTILE EXCHANGE","PALLADIUM","19679","1111","11470","11888","1434"
"2010-07-20T00:00:00.000","NATURAL GAS - NEW YORK MERCANTILE EXCHANGE","NATURAL GAS","785515","103347","118747","79881","200923"
"2010-07-20T00:00:00.000","GOLD - COMMODITY EXCHANGE INC.","GOLD","559473","94437","249069","169169","20798"
"2010-07-20T00:00:00.000","COPPER-GRADE #1 - COMMODITY EXCHANGE INC.","COPPER","132711","7983","50784","26893","20157"
"2010-07-20T00:00:00.000","SILVER - COMMODITY EXCHANGE INC.","SILVER","117531","7381","59085","25371","3180"
"2010-07-20T00:00:00.000","PLATINUM - NEW YORK MERCANTILE EXCHANGE","PLATINUM","27646","269","11226","14165","1443"
"2010-07-20T00:00:00.000","PALLADIUM - NEW YORK MERCANTILE EXCHANGE","PALLADIUM","19266","1101","11169","11458","1409"
"2010-07-27T00:00:00.000","PALLADIUM - NEW YORK MERCANTILE EXCHANGE","PALLADIUM","20201","917","11622","12403","1320"
"2010-07-27T00:00:00.000","GOLD - COMMODITY EXCHANGE INC.","GOLD","560066","77122","243301","167161","14269"
"2010-07-27T00:00:00.000","COPPER-GRADE #1 - COMMODITY EXCHANGE INC.","COPPER","136009","9498","58302","29773","15233"
"2010-07-27T00:00:00.000","SILVER - COMMODITY EXCHANGE INC.","SILVER","117370","6473","56173","25308","3651"
"2010-07-27T00:00:00.000","PLATINUM - NEW YORK MERCANTILE EXCHANGE","PLATINUM","28971","242","12385","15468","1267"
"2010-07-27T00:00:00.000","NATURAL GAS - NEW YORK MERCANTILE EXCHANGE","NATURAL GAS","764029","94814","111861","86739","190413"
"2010-08-03T00:00:00.000","PALLADIUM - NEW YORK MERCANTILE EXCHANGE","PALLADIUM","20692","733","11886","13010","1310"
"2010-08-03T00:00:00.000","GOLD - COMMODITY EXCHANGE INC.","GOLD","518643","69440","223867","167800","11435"
"2010-08-03T00:00:00.000","COPPER-GRADE #1 - COMMODITY EXCHANGE INC.","COPPER","141838","8950","62943","32336","15149"
"2010-08-03T00:00:00.000","SILVER - COMMODITY EXCHANGE INC.","SILVER","123464","6114","57001","31497","2615"
"2010-08-03T00:00:00.000","PLATINUM - NEW YORK MERCANTILE EXCHANGE","PLATINUM","31615","294","13809","17447","1073"
"2010-08-03T00:00:00.000","NATURAL GAS - NEW YORK MERCANTILE EXCHANGE","NATURAL GAS","779372","92901","114908","91783","184873"
"2010-08-10T00:00:00.000","PALLADIUM - NEW YORK MERCANTILE EXCHANGE","PALLADIUM","19488","1008","11166","11325","1457"
"2010-08-10T00:00:00.000","GOLD - COMMODITY EXCHANGE INC.","GOLD","523078","65111","222710","167837","9244"
"2010-08-10T00:00:00.000","COPPER-GRADE #1 - COMMODITY EXCHANGE INC.","COPPER","139666","9389","69210","34757","13916"
"2010-08-10T00:00:00.000","SILVER - COMMODITY EXCHANGE INC.","SILVER","123370","6451","57879","31272","3014"
"2010-08-10T00:00:00.000","PLATINUM - NEW YORK MERCANTILE EXCHANGE","PLATINUM","31262","635","13258","17478","1031"
"2010-08-10T00:00:00.000","NATURAL GAS - NEW YORK MERCANTILE EXCHANGE","NATURAL GAS","842038","108800","124264","98037","220841"
"2010-08-17T00:00:00.000","PALLADIUM - NEW YORK MERCANTILE EXCHANGE","PALLADIUM","19419","942","10744","11651","1421"
"2010-08-17T00:00:00.000","GOLD - COMMODITY EXCHANGE INC.","GOLD","543674","62060","230214","182555","5336"
"2010-08-17T00:00:00.000","COPPER-GRADE #1 - COMMODITY EXCHANGE INC.","COPPER","140934","10507","67123","35782","16498"
"2010-08-17T00:00:00.000","SILVER - COMMODITY EXCHANGE INC.","SILVER","128848","6320","57930","31338","2911"
"2010-08-17T00:00:00.000","PLATINUM - NEW YORK MERCANTILE EXCHANGE","PLATINUM","31047","577","13381","17172","1128"
"2010-08-17T00:00:00.000","NATURAL GAS - NEW YORK MERCANTILE EXCHANGE","NATURAL GAS","828693","104638","117225","93992","212910"
"2010-08-24T00:00:00.000","PALLADIUM - NEW YORK MERCANTILE EXCHANGE","PALLADIUM","19378","1332","11516","10829","1301"
"2010-08-24T00:00:00.000","GOLD - COMMODITY EXCHANGE INC.","GOLD","556464","61661","238173","201864","5780"
"2010-08-24T00:00:00.000","COPPER-GRADE #1 - COMMODITY EXCHANGE INC.","COPPER","139877","14482","63614","31565","16702"
"2010-08-24T00:00:00.000","SILVER - COMMODITY EXCHANGE INC.","SILVER","124185","8312","60359","30575","3136"
"2010-08-24T00:00:00.000","PLATINUM - NEW YORK MERCANTILE EXCHANGE","PLATINUM","30248","563","12647","16512","1682"
"2010-08-24T00:00:00.000","NATURAL GAS - NEW YORK MERCANTILE EXCHANGE","NATURAL GAS","828565","103314","115575","91658","219035"
"2010-08-31T00:00:00.000","SILVER - COMMODITY EXCHANGE INC.","SILVER","130813","7355","65636","42120","2695"
"2010-08-31T00:00:00.000","GOLD - COMMODITY EXCHANGE INC.","GOLD","577352","61309","246193","215631","6431"
"2010-08-31T00:00:00.000","COPPER-GRADE #1 - COMMODITY EXCHANGE INC.","COPPER","134206","9664","62838","34577","15094"
"2010-08-31T00:00:00.000","PLATINUM - NEW YORK MERCANTILE EXCHANGE","PLATINUM","31010","512","13040","16231","2173"
"2010-08-31T00:00:00.000","PALLADIUM - NEW YORK MERCANTILE EXCHANGE","PALLADIUM","20257","1103","12117","12386","1436"
"2010-08-31T00:00:00.000","NATURAL GAS - NEW YORK MERCANTILE EXCHANGE","NATURAL GAS","816477","96291","113709","95015","222472"
"2010-09-07T00:00:00.000","NATURAL GAS - NEW YORK MERCANTILE EXCHANGE","NATURAL GAS","827657","103645","119715","97571","222796"
"2010-09-07T00:00:00.000","GOLD - COMMODITY EXCHANGE INC.","GOLD","585564","62019","249144","217437","6410"
"2010-09-07T00:00:00.000","COPPER-GRADE #1 - COMMODITY EXCHANGE INC.","COPPER","137079","9438","63717","37055","13068"
"2010-09-07T00:00:00.000","SILVER - COMMODITY EXCHANGE INC.","SILVER","139522","6596","68200","47152","2616"
"2010-09-07T00:00:00.000","PLATINUM - NEW YORK MERCANTILE EXCHANGE","PLATINUM","32647","477","14366","17191","1916"
"2010-09-07T00:00:00.000","PALLADIUM - NEW YORK MERCANTILE EXCHANGE","PALLADIUM","21688","999","12468","13579","1642"
"2010-09-14T00:00:00.000","PALLADIUM - NEW YORK MERCANTILE EXCHANGE","PALLADIUM","23010","1054","13103","13918","1542"
"2010-09-14T00:00:00.000","GOLD - COMMODITY EXCHANGE INC.","GOLD","594058","63662","249317","225821","7571"
"2010-09-14T00:00:00.000","COPPER-GRADE #1 - COMMODITY EXCHANGE INC.","COPPER","141028","10279","69248","37292","13740"
"2010-09-14T00:00:00.000","SILVER - COMMODITY EXCHANGE INC.","SILVER","144798","6891","69623","48613","2650"
"2010-09-14T00:00:00.000","PLATINUM - NEW YORK MERCANTILE EXCHANGE","PLATINUM","34637","241","15432","19144","1570"
"2010-09-14T00:00:00.000","NATURAL GAS - NEW YORK MERCANTILE EXCHANGE","NATURAL GAS","821716","111732","125284","92826","224374"
"2010-09-21T00:00:00.000","PALLADIUM - NEW YORK MERCANTILE EXCHANGE","PALLADIUM","23464","1218","13225","13756","1477"
"2010-09-21T00:00:00.000","GOLD - COMMODITY EXCHANGE INC.","GOLD","597592","61264","245558","219781","5982"
"2010-09-21T00:00:00.000","COPPER-GRADE #1 - COMMODITY EXCHANGE INC.","COPPER","142955","10363","70021","38554","14117"
"2010-09-21T00:00:00.000","SILVER - COMMODITY EXCHANGE INC.","SILVER","146767","5897","68090","49257","2807"
"2010-09-21T00:00:00.000","PLATINUM - NEW YORK MERCANTILE EXCHANGE","PLATINUM","37937","89","17254","22073","1285"
"2010-09-21T00:00:00.000","NATURAL GAS - NEW YORK MERCANTILE EXCHANGE","NATURAL GAS","817004","118836","129474","87546","220755"
"2010-09-28T00:00:00.000","PALLADIUM - NEW YORK MERCANTILE EXCHANGE","PALLADIUM","24189","1210","14698","14755","1108"
"2010-09-28T00:00:00.000","GOLD - COMMODITY EXCHANGE INC.","GOLD","619408","64254","254438","231457","7049"
"2010-09-28T00:00:00.000","COPPER-GRADE #1 - COMMODITY EXCHANGE INC.","COPPER","147744","10383","74623","42777","13609"
"2010-09-28T00:00:00.000","SILVER - COMMODITY EXCHANGE INC.","SILVER","154219","5752","67552","52960","4428"
"2010-09-28T00:00:00.000","PLATINUM - NEW YORK MERCANTILE EXCHANGE","PLATINUM","38523","443","18305","21834","1162"
"2010-09-28T00:00:00.000","NATURAL GAS - NEW YORK MERCANTILE EXCHANGE","NATURAL GAS","774120","110840","127909","85255","234516"
"2010-10-05T00:00:00.000","PALLADIUM - NEW YORK MERCANTILE EXCHANGE","PALLADIUM","24364","1322","15372","14070","1155"
"2010-10-05T00:00:00.000","GOLD - COMMODITY EXCHANGE INC.","GOLD","617204","62166","251555","227061","8345"
"2010-10-05T00:00:00.000","COPPER-GRADE #1 - COMMODITY EXCHANGE INC.","COPPER","153457","9254","76113","45546","14037"
"2010-10-05T00:00:00.000","SILVER - COMMODITY EXCHANGE INC.","SILVER","156096","5774","64391","52081","4258"
"2010-10-05T00:00:00.000","PLATINUM - NEW YORK MERCANTILE EXCHANGE","PLATINUM","38336","183","18259","22354","1157"
"2010-10-05T00:00:00.000","NATURAL GAS - NEW YORK MERCANTILE EXCHANGE","NATURAL GAS","791682","107263","127804","103535","242792"
"2010-10-12T00:00:00.000","NATURAL GAS - NEW YORK MERCANTILE EXCHANGE","NATURAL GAS","794669","105995","121803","98451","240427"
"2010-10-12T00:00:00.000","GOLD - COMMODITY EXCHANGE INC.","GOLD","616382","63352","253865","233925","9966"
"2010-10-12T00:00:00.000","COPPER-GRADE #1 - COMMODITY EXCHANGE INC.","COPPER","158917","10004","76301","47223","14666"
"2010-10-12T00:00:00.000","SILVER - COMMODITY EXCHANGE INC.","SILVER","153970","6478","63940","46087","4482"
"2010-10-12T00:00:00.000","PLATINUM - NEW YORK MERCANTILE EXCHANGE","PLATINUM","38698","110","18161","23071","1216"
"2010-10-12T00:00:00.000","PALLADIUM - NEW YORK MERCANTILE EXCHANGE","PALLADIUM","24196","1428","14704","14125","1157"
"2010-10-19T00:00:00.000","NATURAL GAS - NEW YORK MERCANTILE EXCHANGE","NATURAL GAS","807824","112684","125211","90442","229185"
"2010-10-19T00:00:00.000","GOLD - COMMODITY EXCHANGE INC.","GOLD","630626","60869","251520","220360","11613"
"2010-10-19T00:00:00.000","COPPER-GRADE #1 - COMMODITY EXCHANGE INC.","COPPER","162855","10889","78336","47549","14730"
"2010-10-19T00:00:00.000","SILVER - COMMODITY EXCHANGE INC.","SILVER","151104","5930","61298","42970","5094"
"2010-10-19T00:00:00.000","PLATINUM - NEW YORK MERCANTILE EXCHANGE","PLATINUM","38488","118","17510","23414","1171"
"2010-10-19T00:00:00.000","PALLADIUM - NEW YORK MERCANTILE EXCHANGE","PALLADIUM","24585","1342","14238","14979","1122"
"2010-10-26T00:00:00.000","PALLADIUM - NEW YORK MERCANTILE EXCHANGE","PALLADIUM","24702","1130","14583","15473","1142"
"2010-10-26T00:00:00.000","GOLD - COMMODITY EXCHANGE INC.","GOLD","607582","57351","241996","209780","11743"
"2010-10-26T00:00:00.000","COPPER-GRADE #1 - COMMODITY EXCHANGE INC.","COPPER","167063","10602","77689","47373","14695"
"2010-10-26T00:00:00.000","SILVER - COMMODITY EXCHANGE INC.","SILVER","152980","6599","60561","41640","5425"
"2010-10-26T00:00:00.000","PLATINUM - NEW YORK MERCANTILE EXCHANGE","PLATINUM","37906","140","17017","23673","233"
"2010-10-26T00:00:00.000","NATURAL GAS - NEW YORK MERCANTILE EXCHANGE","NATURAL GAS","808541","107089","123013","90382","216063"
"2010-11-02T00:00:00.000","PALLADIUM - NEW YORK MERCANTILE EXCHANGE","PALLADIUM","25597","1028","15259","16312","1222"
"2010-11-02T00:00:00.000","GOLD - COMMODITY EXCHANGE INC.","GOLD","618381","64004","248982","211627","16033"
"2010-11-02T00:00:00.000","COPPER-GRADE #1 - COMMODITY EXCHANGE INC.","COPPER","163209","10554","76772","45388","13780"
"2010-11-02T00:00:00.000","SILVER - COMMODITY EXCHANGE INC.","SILVER","158633","6627","61438","40204","5639"
"2010-11-02T00:00:00.000","PLATINUM - NEW YORK MERCANTILE EXCHANGE","PLATINUM","38603","134","17337","24351","298"
"2010-11-02T00:00:00.000","NATURAL GAS - NEW YORK MERCANTILE EXCHANGE","NATURAL GAS","796717","101719","122816","90544","192949"
"2010-11-09T00:00:00.000","PALLADIUM - NEW YORK MERCANTILE EXCHANGE","PALLADIUM","25858","1328","16083","16413","1287"
"2010-11-09T00:00:00.000","GOLD - COMMODITY EXCHANGE INC.","GOLD","650764","63279","259501","208053","19379"
"2010-11-09T00:00:00.000","COPPER-GRADE #1 - COMMODITY EXCHANGE INC.","COPPER","164045","10551","82401","47578","12480"
"2010-11-09T00:00:00.000","SILVER - COMMODITY EXCHANGE INC.","SILVER","156418","8115","60513","32780","6110"
"2010-11-09T00:00:00.000","PLATINUM - NEW YORK MERCANTILE EXCHANGE","PLATINUM","40815","303","18374","24875","846"
"2010-11-09T00:00:00.000","NATURAL GAS - NEW YORK MERCANTILE EXCHANGE","NATURAL GAS","815270","96390","120908","96141","194871"
"2010-11-16T00:00:00.000","PALLADIUM - NEW YORK MERCANTILE EXCHANGE","PALLADIUM","24029","1325","14930","15127","1599"
"2010-11-16T00:00:00.000","GOLD - COMMODITY EXCHANGE INC.","GOLD","637435","72080","241271","183835","17233"
"2010-11-16T00:00:00.000","COPPER-GRADE #1 - COMMODITY EXCHANGE INC.","COPPER","152332","9672","76243","42984","12297"
"2010-11-16T00:00:00.000","SILVER - COMMODITY EXCHANGE INC.","SILVER","146693","8393","57851","28327","6328"
"2010-11-16T00:00:00.000","PLATINUM - NEW YORK MERCANTILE EXCHANGE","PLATINUM","35418","369","15213","21136","1466"
"2010-11-16T00:00:00.000","NATURAL GAS - NEW YORK MERCANTILE EXCHANGE","NATURAL GAS","781273","96052","118934","93403","201274"
"2010-11-23T00:00:00.000","PLATINUM - NEW YORK MERCANTILE EXCHANGE","PLATINUM","34148","279","14529","20442","1306"
"2010-11-23T00:00:00.000","GOLD - COMMODITY EXCHANGE INC.","GOLD","622712","73229","244657","185172","15166"
"2010-11-23T00:00:00.000","COPPER-GRADE #1 - COMMODITY EXCHANGE INC.","COPPER","146054","7774","71235","39563","13315"
"2010-11-23T00:00:00.000","NATURAL GAS - NEW YORK MERCANTILE EXCHANGE","NATURAL GAS","749109","88304","116097","100880","190526"
"2010-11-23T00:00:00.000","SILVER - COMMODITY EXCHANGE INC.","SILVER","147685","10951","60269","28347","4468"
"2010-11-23T00:00:00.000","PALLADIUM - NEW YORK MERCANTILE EXCHANGE","PALLADIUM","24262","1429","13341","13738","1533"
"2010-11-30T00:00:00.000","SILVER - COMMODITY EXCHANGE INC.","SILVER","133139","6677","56222","29675","2190"
"2010-11-30T00:00:00.000","GOLD - COMMODITY EXCHANGE INC.","GOLD","600158","70724","238714","187247","11873"
"2010-11-30T00:00:00.000","COPPER-GRADE #1 - COMMODITY EXCHANGE INC.","COPPER","148249","8641","71892","40880","13827"
"2010-11-30T00:00:00.000","PLATINUM - NEW YORK MERCANTILE EXCHANGE","PLATINUM","34501","258","14404","20294","1522"
"2010-11-30T00:00:00.000","PALLADIUM - NEW YORK MERCANTILE EXCHANGE","PALLADIUM","22842","1511","13822","13403","1610"
"2010-11-30T00:00:00.000","NATURAL GAS - NEW YORK MERCANTILE EXCHANGE","NATURAL GAS","758702","87988","110750","96861","207328"
"2010-12-07T00:00:00.000","NATURAL GAS - NEW YORK MERCANTILE EXCHANGE","NATURAL GAS","760786","82924","100074","104657","198192"
"2010-12-07T00:00:00.000","GOLD - COMMODITY EXCHANGE INC.","GOLD","603632","67722","245522","190212","10455"
"2010-12-07T00:00:00.000","COPPER-GRADE #1 - COMMODITY EXCHANGE INC.","COPPER","157675","8792","80239","45906","13249"
"2010-12-07T00:00:00.000","SILVER - COMMODITY EXCHANGE INC.","SILVER","137675","5491","53436","29485","2686"
"2010-12-07T00:00:00.000","PLATINUM - NEW YORK MERCANTILE EXCHANGE","PLATINUM","36578","311","16417","21369","1044"
"2010-12-07T00:00:00.000","PALLADIUM - NEW YORK MERCANTILE EXCHANGE","PALLADIUM","23157","1143","13633","13265","1506"
"2010-12-14T00:00:00.000","PALLADIUM - NEW YORK MERCANTILE EXCHANGE","PALLADIUM","23124","985","14023","13895","1376"
"2010-12-14T00:00:00.000","GOLD - COMMODITY EXCHANGE INC.","GOLD","594652","70601","237163","180601","11976"
"2010-12-14T00:00:00.000","COPPER-GRADE #1 - COMMODITY EXCHANGE INC.","COPPER","163546","8741","81592","49597","13400"
"2010-12-14T00:00:00.000","SILVER - COMMODITY EXCHANGE INC.","SILVER","130145","5455","51610","27877","3254"
"2010-12-14T00:00:00.000","PLATINUM - NEW YORK MERCANTILE EXCHANGE","PLATINUM","36520","617","16542","20718","1187"
"2010-12-14T00:00:00.000","NATURAL GAS - NEW YORK MERCANTILE EXCHANGE","NATURAL GAS","785382","75612","92086","110493","210875"
"2010-12-21T00:00:00.000","PALLADIUM - NEW YORK MERCANTILE EXCHANGE","PALLADIUM","22590","775","13825","13574","1392"
"2010-12-21T00:00:00.000","GOLD - COMMODITY EXCHANGE INC.","GOLD","582133","75999","230824","172385","14735"
"2010-12-21T00:00:00.000","COPPER-GRADE #1 - COMMODITY EXCHANGE INC.","COPPER","166422","8092","81476","51615","13011"
"2010-12-21T00:00:00.000","SILVER - COMMODITY EXCHANGE INC.","SILVER","133135","6701","51127","27737","3102"
"2010-12-21T00:00:00.000","PLATINUM - NEW YORK MERCANTILE EXCHANGE","PLATINUM","37473","419","16767","21809","669"
"2010-12-21T00:00:00.000","NATURAL GAS - NEW YORK MERCANTILE EXCHANGE","NATURAL GAS","784807","66251","81529","106070","242117"
"2010-12-28T00:00:00.000","PALLADIUM - NEW YORK MERCANTILE EXCHANGE","PALLADIUM","23214","761","14213","13859","1354"
"2010-12-28T00:00:00.000","GOLD - COMMODITY EXCHANGE INC.","GOLD","594490","75043","232924","180866","12952"
"2010-12-28T00:00:00.000","COPPER-GRADE #1 - COMMODITY EXCHANGE INC.","COPPER","167334","7250","80330","53134","14029"
"2010-12-28T00:00:00.000","SILVER - COMMODITY EXCHANGE INC.","SILVER","137918","6134","53357","30270","3060"
"2010-12-28T00:00:00.000","PLATINUM - NEW YORK MERCANTILE EXCHANGE","PLATINUM","38980","467","18112","22879","654"
"2010-12-28T00:00:00.000","NATURAL GAS - NEW YORK MERCANTILE EXCHANGE","NATURAL GAS","760034","54400","75604","105321","240095"
"2011-01-04T00:00:00.000","PALLADIUM - NEW YORK MERCANTILE EXCHANGE","PALLADIUM","23046","833","13487","14177","1687"
"2011-01-04T00:00:00.000","GOLD - COMMODITY EXCHANGE INC.","GOLD","592613","77312","238426","172298","16163"
"2011-01-04T00:00:00.000","COPPER-GRADE #1 - COMMODITY EXCHANGE INC.","COPPER","166289","7171","80499","52984","15448"
"2011-01-04T00:00:00.000","SILVER - COMMODITY EXCHANGE INC.","SILVER","136931","5679","52256","28487","4840"
"2011-01-04T00:00:00.000","PLATINUM - NEW YORK MERCANTILE EXCHANGE","PLATINUM","39620","648","18711","23655","787"
"2011-01-04T00:00:00.000","NATURAL GAS - NEW YORK MERCANTILE EXCHANGE","NATURAL GAS","767021","50473","80340","112194","201893"
"2011-01-11T00:00:00.000","NATURAL GAS - NEW YORK MERCANTILE EXCHANGE","NATURAL GAS","817792","52438","86841","120325","216441"
"2011-01-11T00:00:00.000","GOLD - COMMODITY EXCHANGE INC.","GOLD","588179","82648","232082","160750","21194"
"2011-01-11T00:00:00.000","COPPER-GRADE #1 - COMMODITY EXCHANGE INC.","COPPER","165488","7920","80904","53059","16979"
"2011-01-11T00:00:00.000","SILVER - COMMODITY EXCHANGE INC.","SILVER","136331","5874","49950","27218","3457"
"2011-01-11T00:00:00.000","PLATINUM - NEW YORK MERCANTILE EXCHANGE","PLATINUM","38973","584","18145","23544","752"
"2011-01-11T00:00:00.000","PALLADIUM - NEW YORK MERCANTILE EXCHANGE","PALLADIUM","22188","932","12816","13814","1665"
"2011-01-18T00:00:00.000","NATURAL GAS - NEW YORK MERCANTILE EXCHANGE","NATURAL GAS","852133","56372","94139","118967","237447"
"2011-01-18T00:00:00.000","GOLD - COMMODITY EXCHANGE INC.","GOLD","587832","84503","217764","159114","25874"
"2011-01-18T00:00:00.000","COPPER-GRADE #1 - COMMODITY EXCHANGE INC.","COPPER","165873","8410","78329","54289","17998"
"2011-01-18T00:00:00.000","SILVER - COMMODITY EXCHANGE INC.","SILVER","135675","6054","50244","25430","4045"
"2011-01-18T00:00:00.000","PLATINUM - NEW YORK MERCANTILE EXCHANGE","PLATINUM","41604","559","18830","26611","634"
"2011-01-18T00:00:00.000","PALLADIUM - NEW YORK MERCANTILE EXCHANGE","PALLADIUM","22597","997","13149","13889","1554"
"2011-01-25T00:00:00.000","PALLADIUM - NEW YORK MERCANTILE EXCHANGE","PALLADIUM","21631","1090","12801","13602","1343"
"2011-01-25T00:00:00.000","GOLD - COMMODITY EXCHANGE INC.","GOLD","506047","65401","192983","160562","22345"
"2011-01-25T00:00:00.000","COPPER-GRADE #1 - COMMODITY EXCHANGE INC.","COPPER","155810","8808","72783","45774","17615"
"2011-01-25T00:00:00.000","SILVER - COMMODITY EXCHANGE INC.","SILVER","125229","6491","47765","24562","5274"
"2011-01-25T00:00:00.000","PLATINUM - NEW YORK MERCANTILE EXCHANGE","PLATINUM","41995","779","19029","25694","735"
"2011-01-25T00:00:00.000","NATURAL GAS - NEW YORK MERCANTILE EXCHANGE","NATURAL GAS","836565","55492","94441","119842","223606"
"2011-02-01T00:00:00.000","PALLADIUM - NEW YORK MERCANTILE EXCHANGE","PALLADIUM","22356","1017","13004","13937","1215"
"2011-02-01T00:00:00.000","GOLD - COMMODITY EXCHANGE INC.","GOLD","462907","58405","179393","145530","21797"
"2011-02-01T00:00:00.000","COPPER-GRADE #1 - COMMODITY EXCHANGE INC.","COPPER","160259","7451","72456","49583","17543"
"2011-02-01T00:00:00.000","SILVER - COMMODITY EXCHANGE INC.","SILVER","125287","7138","49051","26851","2684"
"2011-02-01T00:00:00.000","PLATINUM - NEW YORK MERCANTILE EXCHANGE","PLATINUM","42483","546","18998","26499","687"
"2011-02-01T00:00:00.000","NATURAL GAS - NEW YORK MERCANTILE EXCHANGE","NATURAL GAS","831568","51977","92515","120361","240648"
"2011-02-08T00:00:00.000","PALLADIUM - NEW YORK MERCANTILE EXCHANGE","PALLADIUM","23519","779","13516","14647","1253"
"2011-02-08T00:00:00.000","GOLD - COMMODITY EXCHANGE INC.","GOLD","469779","56819","180532","159732","18223"
"2011-02-08T00:00:00.000","COPPER-GRADE #1 - COMMODITY EXCHANGE INC.","COPPER","162263","7973","77073","54743","18153"
"2011-02-08T00:00:00.000","SILVER - COMMODITY EXCHANGE INC.","SILVER","135797","6445","51429","32807","2852"
"2011-02-08T00:00:00.000","PLATINUM - NEW YORK MERCANTILE EXCHANGE","PLATINUM","43810","421","20055","27108","591"
"2011-02-08T00:00:00.000","NATURAL GAS - NEW YORK MERCANTILE EXCHANGE","NATURAL GAS","898069","56432","91510","118228","259770"
"2011-02-15T00:00:00.000","PALLADIUM - NEW YORK MERCANTILE EXCHANGE","PALLADIUM","22803","623","13368","14575","1435"
"2011-02-15T00:00:00.000","GOLD - COMMODITY EXCHANGE INC.","GOLD","473345","57109","183366","166406","12172"
"2011-02-15T00:00:00.000","COPPER-GRADE #1 - COMMODITY EXCHANGE INC.","COPPER","159468","8468","77634","50917","17072"
"2011-02-15T00:00:00.000","SILVER - COMMODITY EXCHANGE INC.","SILVER","147113","7465","55160","36837","2523"
"2011-02-15T00:00:00.000","PLATINUM - NEW YORK MERCANTILE EXCHANGE","PLATINUM","41375","418","18406","25492","771"
"2011-02-15T00:00:00.000","NATURAL GAS - NEW YORK MERCANTILE EXCHANGE","NATURAL GAS","944994","65067","96765","106867","280301"
"2011-02-22T00:00:00.000","PALLADIUM - NEW YORK MERCANTILE EXCHANGE","PALLADIUM","23021","648","11950","14390","1238"
"2011-02-22T00:00:00.000","GOLD - COMMODITY EXCHANGE INC.","GOLD","502119","56286","190810","185082","16633"
"2011-02-22T00:00:00.000","COPPER-GRADE #1 - COMMODITY EXCHANGE INC.","COPPER","151893","8773","74909","44905","20712"
"2011-02-22T00:00:00.000","SILVER - COMMODITY EXCHANGE INC.","SILVER","145070","7172","56033","36800","3467"
"2011-02-22T00:00:00.000","PLATINUM - NEW YORK MERCANTILE EXCHANGE","PLATINUM","41700","512","18182","25635","1294"
"2011-02-22T00:00:00.000","NATURAL GAS - NEW YORK MERCANTILE EXCHANGE","NATURAL GAS","960208","66308","91611","102366","290976"
"2011-03-01T00:00:00.000","SILVER - COMMODITY EXCHANGE INC.","SILVER","135802","8540","60356","35840","3186"
"2011-03-01T00:00:00.000","GOLD - COMMODITY EXCHANGE INC.","GOLD","515784","56252","197958","199371","10555"
"2011-03-01T00:00:00.000","COPPER-GRADE #1 - COMMODITY EXCHANGE INC.","COPPER","147581","9356","74800","42879","17172"
"2011-03-01T00:00:00.000","PLATINUM - NEW YORK MERCANTILE EXCHANGE","PLATINUM","41621","745","18122","25787","1161"
"2011-03-01T00:00:00.000","PALLADIUM - NEW YORK MERCANTILE EXCHANGE","PALLADIUM","22457","1177","11496","14285","1396"
"2011-03-01T00:00:00.000","NATURAL GAS - NEW YORK MERCANTILE EXCHANGE","NATURAL GAS","982208","67198","92966","105946","313359"
"2011-03-08T00:00:00.000","NATURAL GAS - NEW YORK MERCANTILE EXCHANGE","NATURAL GAS","956442","65682","95953","104898","296084"
"2011-03-08T00:00:00.000","GOLD - COMMODITY EXCHANGE INC.","GOLD","515214","57023","203437","197377","8757"
"2011-03-08T00:00:00.000","COPPER-GRADE #1 - COMMODITY EXCHANGE INC.","COPPER","141773","8828","72193","40875","18601"
"2011-03-08T00:00:00.000","SILVER - COMMODITY EXCHANGE INC.","SILVER","133485","8574","57767","36312","3849"
"2011-03-08T00:00:00.000","PLATINUM - NEW YORK MERCANTILE EXCHANGE","PLATINUM","39640","837","17190","25481","1189"
"2011-03-08T00:00:00.000","PALLADIUM - NEW YORK MERCANTILE EXCHANGE","PALLADIUM","23191","1880","12012","13910","1471"
"2011-03-15T00:00:00.000","PALLADIUM - NEW YORK MERCANTILE EXCHANGE","PALLADIUM","20961","1782","10381","12397","1746"
"2011-03-15T00:00:00.000","GOLD - COMMODITY EXCHANGE INC.","GOLD","507760","63914","200540","187986","11748"
"2011-03-15T00:00:00.000","COPPER-GRADE #1 - COMMODITY EXCHANGE INC.","COPPER","134739","9411","69348","38541","14738"
"2011-03-15T00:00:00.000","SILVER - COMMODITY EXCHANGE INC.","SILVER","134914","8440","56839","34372","3606"
"2011-03-15T00:00:00.000","PLATINUM - NEW YORK MERCANTILE EXCHANGE","PLATINUM","35584","1983","13633","21335","1838"
"2011-03-15T00:00:00.000","NATURAL GAS - NEW YORK MERCANTILE EXCHANGE","NATURAL GAS","918567","61033","97164","106907","281828"
"2011-03-22T00:00:00.000","GOLD - COMMODITY EXCHANGE INC.","GOLD","509131","60835","202740","183912","5037"
"2011-03-22T00:00:00.000","COPPER-GRADE #1 - COMMODITY EXCHANGE INC.","COPPER","133713","8819","69647","36716","17430"
"2011-03-22T00:00:00.000","SILVER - COMMODITY EXCHANGE INC.","SILVER","135988","9066","57999","34494","2871"
"2011-03-22T00:00:00.000","PLATINUM - NEW YORK MERCANTILE EXCHANGE","PLATINUM","32752","1439","14591","19001","1545"
"2011-03-22T00:00:00.000","PALLADIUM - NEW YORK MERCANTILE EXCHANGE","PALLADIUM","20574","1962","10870","11382","1615"
"2011-03-22T00:00:00.000","NATURAL GAS - NEW YORK MERCANTILE EXCHANGE","NATURAL GAS","897569","62314","104737","110049","246028"
"2011-03-29T00:00:00.000","PALLADIUM - NEW YORK MERCANTILE EXCHANGE","PALLADIUM","20456","1962","11512","10962","1572"
"2011-03-29T00:00:00.000","GOLD - COMMODITY EXCHANGE INC.","GOLD","492087","68129","223141","196020","4603"
"2011-03-29T00:00:00.000","COPPER-GRADE #1 - COMMODITY EXCHANGE INC.","COPPER","135882","7912","72492","40475","14901"
"2011-03-29T00:00:00.000","SILVER - COMMODITY EXCHANGE INC.","SILVER","138486","8609","58812","34400","3299"
"2011-03-29T00:00:00.000","PLATINUM - NEW YORK MERCANTILE EXCHANGE","PLATINUM","32556","1043","15748","18995","1118"
"2011-03-29T00:00:00.000","NATURAL GAS - NEW YORK MERCANTILE EXCHANGE","NATURAL GAS","873477","56331","115244","112204","216188"
"2011-04-05T00:00:00.000","PALLADIUM - NEW YORK MERCANTILE EXCHANGE","PALLADIUM","21328","1718","12144","11791","1416"
"2011-04-05T00:00:00.000","GOLD - COMMODITY EXCHANGE INC.","GOLD","508956","67043","225667","213018","6324"
"2011-04-05T00:00:00.000","COPPER-GRADE #1 - COMMODITY EXCHANGE INC.","COPPER","134293","6413","70872","37825","17635"
"2011-04-05T00:00:00.000","SILVER - COMMODITY EXCHANGE INC.","SILVER","143013","8697","59104","35698","4727"
"2011-04-05T00:00:00.000","PLATINUM - NEW YORK MERCANTILE EXCHANGE","PLATINUM","33967","553","16632","20339","909"
"2011-04-05T00:00:00.000","NATURAL GAS - NEW YORK MERCANTILE EXCHANGE","NATURAL GAS","906245","58622","122814","117796","214438"
"2011-04-12T00:00:00.000","NATURAL GAS - NEW YORK MERCANTILE EXCHANGE","NATURAL GAS","950482","64946","120147","113432","238296"
"2011-04-12T00:00:00.000","GOLD - COMMODITY EXCHANGE INC.","GOLD","514871","67726","229536","208714","6810"
"2011-04-12T00:00:00.000","COPPER-GRADE #1 - COMMODITY EXCHANGE INC.","COPPER","142085","7454","76584","43729","15699"
"2011-04-12T00:00:00.000","SILVER - COMMODITY EXCHANGE INC.","SILVER","144670","8471","55036","32419","5125"
"2011-04-12T00:00:00.000","PLATINUM - NEW YORK MERCANTILE EXCHANGE","PLATINUM","35727","405","17352","21155","845"
"2011-04-12T00:00:00.000","PALLADIUM - NEW YORK MERCANTILE EXCHANGE","PALLADIUM","22073","1516","12549","12411","1234"
"2011-04-19T00:00:00.000","NATURAL GAS - NEW YORK MERCANTILE EXCHANGE","NATURAL GAS","978580","66970","118436","116366","235285"
"2011-04-19T00:00:00.000","GOLD - COMMODITY EXCHANGE INC.","GOLD","537946","64845","237148","216243","4506"
"2011-04-19T00:00:00.000","COPPER-GRADE #1 - COMMODITY EXCHANGE INC.","COPPER","132383","7210","68060","32507","14966"
"2011-04-19T00:00:00.000","SILVER - COMMODITY EXCHANGE INC.","SILVER","144981","9794","56853","33291","6450"
"2011-04-19T00:00:00.000","PLATINUM - NEW YORK MERCANTILE EXCHANGE","PLATINUM","35352","448","16473","20763","962"
"2011-04-19T00:00:00.000","PALLADIUM - NEW YORK MERCANTILE EXCHANGE","PALLADIUM","21129","1642","11925","11890","1718"
"2011-04-26T00:00:00.000","PALLADIUM - NEW YORK MERCANTILE EXCHANGE","PALLADIUM","21117","1625","12257","12153","1632"
"2011-04-26T00:00:00.000","GOLD - COMMODITY EXCHANGE INC.","GOLD","530132","66717","227756","207496","5079"
"2011-04-26T00:00:00.000","COPPER-GRADE #1 - COMMODITY EXCHANGE INC.","COPPER","130849","6477","65776","32025","14474"
"2011-04-26T00:00:00.000","SILVER - COMMODITY EXCHANGE INC.","SILVER","143341","9301","51644","30538","7295"
"2011-04-26T00:00:00.000","PLATINUM - NEW YORK MERCANTILE EXCHANGE","PLATINUM","37110","241","16901","21810","870"
"2011-04-26T00:00:00.000","NATURAL GAS - NEW YORK MERCANTILE EXCHANGE","NATURAL GAS","930153","62924","119268","112006","209472"
"2011-05-03T00:00:00.000","PALLADIUM - NEW YORK MERCANTILE EXCHANGE","PALLADIUM","21133","1277","12755","12216","1559"
"2011-05-03T00:00:00.000","GOLD - COMMODITY EXCHANGE INC.","GOLD","522323","58271","220564","203624","10746"
"2011-05-03T00:00:00.000","COPPER-GRADE #1 - COMMODITY EXCHANGE INC.","COPPER","125898","6607","60507","30572","15630"
"2011-05-03T00:00:00.000","SILVER - COMMODITY EXCHANGE INC.","SILVER","131907","10393","52219","28466","5069"
"2011-05-03T00:00:00.000","PLATINUM - NEW YORK MERCANTILE EXCHANGE","PLATINUM","40279","144","18381","24134","873"
"2011-05-03T00:00:00.000","NATURAL GAS - NEW YORK MERCANTILE EXCHANGE","NATURAL GAS","1003421","65562","128983","158661","212518"
"2011-05-10T00:00:00.000","PALLADIUM - NEW YORK MERCANTILE EXCHANGE","PALLADIUM","20710","1847","12295","10623","2120"
"2011-05-10T00:00:00.000","GOLD - COMMODITY EXCHANGE INC.","GOLD","510151","63407","223300","191435","10461"
"2011-05-10T00:00:00.000","COPPER-GRADE #1 - COMMODITY EXCHANGE INC.","COPPER","120303","8253","55084","24325","18249"
"2011-05-10T00:00:00.000","SILVER - COMMODITY EXCHANGE INC.","SILVER","123537","11237","52450","22250","4793"
"2011-05-10T00:00:00.000","PLATINUM - NEW YORK MERCANTILE EXCHANGE","PLATINUM","36391","313","16320","21215","833"
"2011-05-10T00:00:00.000","NATURAL GAS - NEW YORK MERCANTILE EXCHANGE","NATURAL GAS","981157","65697","119257","114273","227370"
"2011-05-17T00:00:00.000","PALLADIUM - NEW YORK MERCANTILE EXCHANGE","PALLADIUM","19857","1884","10961","10251","2577"
"2011-05-17T00:00:00.000","GOLD - COMMODITY EXCHANGE INC.","GOLD","509164","69957","222215","181722","7934"
"2011-05-17T00:00:00.000","COPPER-GRADE #1 - COMMODITY EXCHANGE INC.","COPPER","119749","8766","51237","21163","17418"
"2011-05-17T00:00:00.000","SILVER - COMMODITY EXCHANGE INC.","SILVER","120227","12152","50733","21071","5537"
"2011-05-17T00:00:00.000","PLATINUM - NEW YORK MERCANTILE EXCHANGE","PLATINUM","35215","582","15624","19693","1140"
"2011-05-17T00:00:00.000","NATURAL GAS - NEW YORK MERCANTILE EXCHANGE","NATURAL GAS","956074","67197","118654","108712","215722"
"2011-05-24T00:00:00.000","SILVER - COMMODITY EXCHANGE INC.","SILVER","121395","11638","50839","20055","6595"
"2011-05-24T00:00:00.000","GOLD - COMMODITY EXCHANGE INC.","GOLD","531180","74501","234288","191481","14589"
"2011-05-24T00:00:00.000","COPPER-GRADE #1 - COMMODITY EXCHANGE INC.","COPPER","120829","9005","52015","20377","17677"
"2011-05-24T00:00:00.000","PALLADIUM - NEW YORK MERCANTILE EXCHANGE","PALLADIUM","20122","1597","11689","10894","2406"
"2011-05-24T00:00:00.000","NATURAL GAS - NEW YORK MERCANTILE EXCHANGE","NATURAL GAS","915318","64133","117832","107273","197655"
"2011-05-24T00:00:00.000","PLATINUM - NEW YORK MERCANTILE EXCHANGE","PLATINUM","34956","698","15810","19333","1851"
"2011-05-31T00:00:00.000","SILVER - COMMODITY EXCHANGE INC.","SILVER","120853","12504","49947","19962","5728"
"2011-05-31T00:00:00.000","GOLD - COMMODITY EXCHANGE INC.","GOLD","501400","69831","242422","197416","10101"
"2011-05-31T00:00:00.000","COPPER-GRADE #1 - COMMODITY EXCHANGE INC.","COPPER","123919","8857","55115","21672","14368"
"2011-05-31T00:00:00.000","PLATINUM - NEW YORK MERCANTILE EXCHANGE","PLATINUM","35121","487","17158","19765","1408"
"2011-05-31T00:00:00.000","PALLADIUM - NEW YORK MERCANTILE EXCHANGE","PALLADIUM","20104","1635","12565","11373","1596"
"2011-05-31T00:00:00.000","NATURAL GAS - NEW YORK MERCANTILE EXCHANGE","NATURAL GAS","919093","58666","125592","111626","148364"
"2011-06-07T00:00:00.000","NATURAL GAS - NEW YORK MERCANTILE EXCHANGE","NATURAL GAS","981615","54849","129393","160209","156662"
"2011-06-07T00:00:00.000","GOLD - COMMODITY EXCHANGE INC.","GOLD","502251","63831","241565","203518","7648"
"2011-06-07T00:00:00.000","COPPER-GRADE #1 - COMMODITY EXCHANGE INC.","COPPER","122995","8398","55491","22152","14090"
"2011-06-07T00:00:00.000","SILVER - COMMODITY EXCHANGE INC.","SILVER","121191","12289","48495","19974","4924"
"2011-06-07T00:00:00.000","PLATINUM - NEW YORK MERCANTILE EXCHANGE","PLATINUM","36399","803","19432","20466","858"
"2011-06-07T00:00:00.000","PALLADIUM - NEW YORK MERCANTILE EXCHANGE","PALLADIUM","22257","1239","13605","13246","1688"
"2011-06-14T00:00:00.000","PALLADIUM - NEW YORK MERCANTILE EXCHANGE","PALLADIUM","21806","1244","14277","13380","1548"
"2011-06-14T00:00:00.000","GOLD - COMMODITY EXCHANGE INC.","GOLD","497780","65793","236983","197429","9643"
"2011-06-14T00:00:00.000","COPPER-GRADE #1 - COMMODITY EXCHANGE INC.","COPPER","132616","11641","60088","23245","14291"
"2011-06-14T00:00:00.000","SILVER - COMMODITY EXCHANGE INC.","SILVER","118846","12165","47361","19891","4946"
"2011-06-14T00:00:00.000","PLATINUM - NEW YORK MERCANTILE EXCHANGE","PLATINUM","37506","617","20288","21299","1204"
"2011-06-14T00:00:00.000","NATURAL GAS - NEW YORK MERCANTILE EXCHANGE","NATURAL GAS","1013660","54441","126269","165558","171651"
"2011-06-21T00:00:00.000","PALLADIUM - NEW YORK MERCANTILE EXCHANGE","PALLADIUM","20244","1316","13660","12231","1428"
"2011-06-21T00:00:00.000","GOLD - COMMODITY EXCHANGE INC.","GOLD","515016","67326","246313","213479","7220"
"2011-06-21T00:00:00.000","COPPER-GRADE #1 - COMMODITY EXCHANGE INC.","COPPER","133849","13323","58854","21939","14471"
"2011-06-21T00:00:00.000","SILVER - COMMODITY EXCHANGE INC.","SILVER","120238","10444","48814","21922","3814"
"2011-06-21T00:00:00.000","PLATINUM - NEW YORK MERCANTILE EXCHANGE","PLATINUM","35659","1024","17675","18683","2213"
"2011-06-21T00:00:00.000","NATURAL GAS - NEW YORK MERCANTILE EXCHANGE","NATURAL GAS","976498","55027","120626","125387","191266"
"2011-06-28T00:00:00.000","PALLADIUM - NEW YORK MERCANTILE EXCHANGE","PALLADIUM","19493","1314","12838","11221","1312"
"2011-06-28T00:00:00.000","GOLD - COMMODITY EXCHANGE INC.","GOLD","495761","71857","224246","178804","9233"
"2011-06-28T00:00:00.000","COPPER-GRADE #1 - COMMODITY EXCHANGE INC.","COPPER","124236","9984","54441","22588","13693"
"2011-06-28T00:00:00.000","SILVER - COMMODITY EXCHANGE INC.","SILVER","114330","10087","47895","18678","5451"
"2011-06-28T00:00:00.000","PLATINUM - NEW YORK MERCANTILE EXCHANGE","PLATINUM","30935","900","15079","16413","2519"
"2011-06-28T00:00:00.000","NATURAL GAS - NEW YORK MERCANTILE EXCHANGE","NATURAL GAS","960530","54530","110648","117140","215066"
"2011-07-05T00:00:00.000","PALLADIUM - NEW YORK MERCANTILE EXCHANGE","PALLADIUM","19924","1194","13050","11751","1123"
"2011-07-05T00:00:00.000","GOLD - COMMODITY EXCHANGE INC.","GOLD","489782","72293","217916","173769","8346"
"2011-07-05T00:00:00.000","COPPER-GRADE #1 - COMMODITY EXCHANGE INC.","COPPER","138627","10110","64468","34019","12118"
"2011-07-05T00:00:00.000","SILVER - COMMODITY EXCHANGE INC.","SILVER","111251","9294","49292","20452","3647"
"2011-07-05T00:00:00.000","PLATINUM - NEW YORK MERCANTILE EXCHANGE","PLATINUM","31245","928","15237","17018","2475"
"2011-07-05T00:00:00.000","NATURAL GAS - NEW YORK MERCANTILE EXCHANGE","NATURAL GAS","974776","55867","112455","120013","222624"
"2011-07-12T00:00:00.000","NATURAL GAS - NEW YORK MERCANTILE EXCHANGE","NATURAL GAS","988230","64386","115757","121841","244258"
"2011-07-12T00:00:00.000","GOLD - COMMODITY EXCHANGE INC.","GOLD","520202","67907","238727","208383","9278"
"2011-07-12T00:00:00.000","COPPER-GRADE #1 - COMMODITY EXCHANGE INC.","COPPER","146864","9462","67714","41293","14263"
"2011-07-12T00:00:00.000","SILVER - COMMODITY EXCHANGE INC.","SILVER","112795","7066","49777","21961","3633"
"2011-07-12T00:00:00.000","PLATINUM - NEW YORK MERCANTILE EXCHANGE","PLATINUM","31373","1032","15170","17305","2776"
"2011-07-12T00:00:00.000","PALLADIUM - NEW YORK MERCANTILE EXCHANGE","PALLADIUM","20561","910","13508","12785","1002"
"2011-07-19T00:00:00.000","NATURAL GAS - NEW YORK MERCANTILE EXCHANGE","NATURAL GAS","980563","58807","119955","125452","214348"
"2011-07-19T00:00:00.000","GOLD - COMMODITY EXCHANGE INC.","GOLD","542342","68996","245575","220116","9827"
"2011-07-19T00:00:00.000","COPPER-GRADE #1 - COMMODITY EXCHANGE INC.","COPPER","152876","9711","69691","43163","16158"
"2011-07-19T00:00:00.000","SILVER - COMMODITY EXCHANGE INC.","SILVER","115999","6628","51010","25976","4008"
"2011-07-19T00:00:00.000","PLATINUM - NEW YORK MERCANTILE EXCHANGE","PLATINUM","31999","975","16534","17594","1472"
"2011-07-19T00:00:00.000","PALLADIUM - NEW YORK MERCANTILE EXCHANGE","PALLADIUM","22059","987","14004","13807","1160"
"2011-07-26T00:00:00.000","PALLADIUM - NEW YORK MERCANTILE EXCHANGE","PALLADIUM","23930","873","15320","15537","1077"
"2011-07-26T00:00:00.000","GOLD - COMMODITY EXCHANGE INC.","GOLD","536454","68546","269102","221551","8050"
"2011-07-26T00:00:00.000","COPPER-GRADE #1 - COMMODITY EXCHANGE INC.","COPPER","156140","10693","69840","45067","15894"
"2011-07-26T00:00:00.000","SILVER - COMMODITY EXCHANGE INC.","SILVER","119563","6963","51921","28586","3791"
"2011-07-26T00:00:00.000","PLATINUM - NEW YORK MERCANTILE EXCHANGE","PLATINUM","33843","861","17799","19344","1181"
"2011-07-26T00:00:00.000","NATURAL GAS - NEW YORK MERCANTILE EXCHANGE","NATURAL GAS","951287","60997","119499","117822","211088"
"2011-08-02T00:00:00.000","PALLADIUM - NEW YORK MERCANTILE EXCHANGE","PALLADIUM","25086","988","16201","15481","906"
"2011-08-02T00:00:00.000","GOLD - COMMODITY EXCHANGE INC.","GOLD","529403","71500","267440","237847","9023"
"2011-08-02T00:00:00.000","COPPER-GRADE #1 - COMMODITY EXCHANGE INC.","COPPER","156089","10624","69651","44102","16760"
"2011-08-02T00:00:00.000","SILVER - COMMODITY EXCHANGE INC.","SILVER","120385","6694","53054","29881","4340"
"2011-08-02T00:00:00.000","PLATINUM - NEW YORK MERCANTILE EXCHANGE","PLATINUM","35099","985","18680","19901","638"
"2011-08-02T00:00:00.000","NATURAL GAS - NEW YORK MERCANTILE EXCHANGE","NATURAL GAS","968004","65538","119300","125432","245121"
"2011-08-09T00:00:00.000","PALLADIUM - NEW YORK MERCANTILE EXCHANGE","PALLADIUM","22034","2223","15214","12507","1171"
"2011-08-09T00:00:00.000","GOLD - COMMODITY EXCHANGE INC.","GOLD","510223","77275","263118","201303","9893"
"2011-08-09T00:00:00.000","COPPER-GRADE #1 - COMMODITY EXCHANGE INC.","COPPER","128475","12580","56681","28024","17384"
"2011-08-09T00:00:00.000","SILVER - COMMODITY EXCHANGE INC.","SILVER","115939","8293","51356","24131","5021"
"2011-08-09T00:00:00.000","PLATINUM - NEW YORK MERCANTILE EXCHANGE","PLATINUM","36046","1959","17880","18747","1321"
"2011-08-09T00:00:00.000","NATURAL GAS - NEW YORK MERCANTILE EXCHANGE","NATURAL GAS","981087","80515","123493","125491","253070"
"2011-08-16T00:00:00.000","PALLADIUM - NEW YORK MERCANTILE EXCHANGE","PALLADIUM","21268","1137","14656","12699","1190"
"2011-08-16T00:00:00.000","GOLD - COMMODITY EXCHANGE INC.","GOLD","514107","79163","267985","213261","13386"
"2011-08-16T00:00:00.000","COPPER-GRADE #1 - COMMODITY EXCHANGE INC.","COPPER","125673","16081","51125","20555","18014"
"2011-08-16T00:00:00.000","SILVER - COMMODITY EXCHANGE INC.","SILVER","116007","8374","53826","24743","3843"
"2011-08-16T00:00:00.000","PLATINUM - NEW YORK MERCANTILE EXCHANGE","PLATINUM","36041","745","19650","21234","874"
"2011-08-16T00:00:00.000","NATURAL GAS - NEW YORK MERCANTILE EXCHANGE","NATURAL GAS","1000246","85286","128173","129154","261340"
"2011-08-23T00:00:00.000","PALLADIUM - NEW YORK MERCANTILE EXCHANGE","PALLADIUM","20775","709","13792","12162","1036"
"2011-08-23T00:00:00.000","GOLD - COMMODITY EXCHANGE INC.","GOLD","528520","88843","275923","202430","10108"
"2011-08-23T00:00:00.000","COPPER-GRADE #1 - COMMODITY EXCHANGE INC.","COPPER","126380","18430","51573","20433","20763"
"2011-08-23T00:00:00.000","SILVER - COMMODITY EXCHANGE INC.","SILVER","122543","7653","57764","29849","3394"
"2011-08-23T00:00:00.000","PLATINUM - NEW YORK MERCANTILE EXCHANGE","PLATINUM","40688","522","22056","23278","824"
"2011-08-23T00:00:00.000","NATURAL GAS - NEW YORK MERCANTILE EXCHANGE","NATURAL GAS","998590","85419","131305","133951","261495"
"2011-08-30T00:00:00.000","SILVER - COMMODITY EXCHANGE INC.","SILVER","112375","6822","56283","27442","2983"
"2011-08-30T00:00:00.000","GOLD - COMMODITY EXCHANGE INC.","GOLD","509326","94120","282732","189799","6727"
"2011-08-30T00:00:00.000","COPPER-GRADE #1 - COMMODITY EXCHANGE INC.","COPPER","115815","9789","42571","21119","21950"
"2011-08-30T00:00:00.000","PLATINUM - NEW YORK MERCANTILE EXCHANGE","PLATINUM","39104","577","22160","21584","706"
"2011-08-30T00:00:00.000","PALLADIUM - NEW YORK MERCANTILE EXCHANGE","PALLADIUM","20360","875","14632","11965","1063"
"2011-08-30T00:00:00.000","NATURAL GAS - NEW YORK MERCANTILE EXCHANGE","NATURAL GAS","975210","77672","126904","126032","245766"
"2011-09-06T00:00:00.000","NATURAL GAS - NEW YORK MERCANTILE EXCHANGE","NATURAL GAS","977952","82784","125339","127620","251612"
"2011-09-06T00:00:00.000","GOLD - COMMODITY EXCHANGE INC.","GOLD","523294","90283","290583","195197","7002"
"2011-09-06T00:00:00.000","COPPER-GRADE #1 - COMMODITY EXCHANGE INC.","COPPER","115872","9592","42268","23600","20398"
"2011-09-06T00:00:00.000","SILVER - COMMODITY EXCHANGE INC.","SILVER","113449","6212","56058","28853","2447"
"2011-09-06T00:00:00.000","PLATINUM - NEW YORK MERCANTILE EXCHANGE","PLATINUM","42146","683","23729","23033","989"
"2011-09-06T00:00:00.000","PALLADIUM - NEW YORK MERCANTILE EXCHANGE","PALLADIUM","20813","912","15065","11882","984"
"2011-09-13T00:00:00.000","PALLADIUM - NEW YORK MERCANTILE EXCHANGE","PALLADIUM","19501","392","13446","11087","1869"
"2011-09-13T00:00:00.000","GOLD - COMMODITY EXCHANGE INC.","GOLD","512068","93436","278050","182461","6192"
"2011-09-13T00:00:00.000","COPPER-GRADE #1 - COMMODITY EXCHANGE INC.","COPPER","118383","8857","40849","23006","22706"
"2011-09-13T00:00:00.000","SILVER - COMMODITY EXCHANGE INC.","SILVER","112726","6419","53673","27463","2742"
"2011-09-13T00:00:00.000","PLATINUM - NEW YORK MERCANTILE EXCHANGE","PLATINUM","41298","796","21417","21274","800"
"2011-09-13T00:00:00.000","NATURAL GAS - NEW YORK MERCANTILE EXCHANGE","NATURAL GAS","952674","113256","153334","126813","238741"
"2011-09-20T00:00:00.000","PALLADIUM - NEW YORK MERCANTILE EXCHANGE","PALLADIUM","19799","612","13373","10579","1797"
"2011-09-20T00:00:00.000","GOLD - COMMODITY EXCHANGE INC.","GOLD","499356","96243","278187","159718","8293"
"2011-09-20T00:00:00.000","COPPER-GRADE #1 - COMMODITY EXCHANGE INC.","COPPER","125531","12593","40185","22534","29255"
"2011-09-20T00:00:00.000","SILVER - COMMODITY EXCHANGE INC.","SILVER","112103","6910","51686","26014","4670"
"2011-09-20T00:00:00.000","PLATINUM - NEW YORK MERCANTILE EXCHANGE","PLATINUM","38408","743","21063","18229","1355"
"2011-09-20T00:00:00.000","NATURAL GAS - NEW YORK MERCANTILE EXCHANGE","NATURAL GAS","953117","116169","151087","117442","255078"
"2011-09-27T00:00:00.000","PALLADIUM - NEW YORK MERCANTILE EXCHANGE","PALLADIUM","18739","1178","11009","9354","2340"
"2011-09-27T00:00:00.000","GOLD - COMMODITY EXCHANGE INC.","GOLD","465414","101853","264266","136103","13628"
"2011-09-27T00:00:00.000","COPPER-GRADE #1 - COMMODITY EXCHANGE INC.","COPPER","119891","10138","39129","22311","25857"
"2011-09-27T00:00:00.000","SILVER - COMMODITY EXCHANGE INC.","SILVER","102014","9806","43369","18043","3689"
"2011-09-27T00:00:00.000","PLATINUM - NEW YORK MERCANTILE EXCHANGE","PLATINUM","37708","2466","17488","15895","1736"
"2011-09-27T00:00:00.000","NATURAL GAS - NEW YORK MERCANTILE EXCHANGE","NATURAL GAS","913905","108250","145854","110515","244959"
"2011-10-04T00:00:00.000","PALLADIUM - NEW YORK MERCANTILE EXCHANGE","PALLADIUM","19516","1609","10989","9253","2541"
"2011-10-04T00:00:00.000","GOLD - COMMODITY EXCHANGE INC.","GOLD","436920","94415","261028","133320","12631"
"2011-10-04T00:00:00.000","COPPER-GRADE #1 - COMMODITY EXCHANGE INC.","COPPER","121499","12841","40000","19926","25229"
"2011-10-04T00:00:00.000","SILVER - COMMODITY EXCHANGE INC.","SILVER","101102","10859","40733","16553","6161"
"2011-10-04T00:00:00.000","PLATINUM - NEW YORK MERCANTILE EXCHANGE","PLATINUM","38401","3007","17126","17050","3223"
"2011-10-04T00:00:00.000","NATURAL GAS - NEW YORK MERCANTILE EXCHANGE","NATURAL GAS","938710","116821","150244","110741","234708"
"2011-10-11T00:00:00.000","NATURAL GAS - NEW YORK MERCANTILE EXCHANGE","NATURAL GAS","968457","114312","146087","116516","243214"
"2011-10-11T00:00:00.000","GOLD - COMMODITY EXCHANGE INC.","GOLD","438090","92505","263237","134111","12090"
"2011-10-11T00:00:00.000","COPPER-GRADE #1 - COMMODITY EXCHANGE INC.","COPPER","122868","17578","40147","19392","28904"
"2011-10-11T00:00:00.000","SILVER - COMMODITY EXCHANGE INC.","SILVER","99698","8416","41491","16494","6239"
"2011-10-11T00:00:00.000","PLATINUM - NEW YORK MERCANTILE EXCHANGE","PLATINUM","38519","2895","15599","16740","4144"
"2011-10-11T00:00:00.000","PALLADIUM - NEW YORK MERCANTILE EXCHANGE","PALLADIUM","19067","831","10877","9327","2645"
"2011-10-18T00:00:00.000","NATURAL GAS - NEW YORK MERCANTILE EXCHANGE","NATURAL GAS","996833","114129","142461","121770","248131"
"2011-10-18T00:00:00.000","GOLD - COMMODITY EXCHANGE INC.","GOLD","437739","94982","262866","132678","14779"
"2011-10-18T00:00:00.000","COPPER-GRADE #1 - COMMODITY EXCHANGE INC.","COPPER","129014","19134","43321","19730","28052"
"2011-10-18T00:00:00.000","SILVER - COMMODITY EXCHANGE INC.","SILVER","103357","9549","42193","16067","6553"
"2011-10-18T00:00:00.000","PLATINUM - NEW YORK MERCANTILE EXCHANGE","PLATINUM","37657","2195","15958","17054","3950"
"2011-10-18T00:00:00.000","PALLADIUM - NEW YORK MERCANTILE EXCHANGE","PALLADIUM","19398","845","11134","9329","2827"
"2011-10-25T00:00:00.000","PALLADIUM - NEW YORK MERCANTILE EXCHANGE","PALLADIUM","18747","1048","11023","8732","2525"
"2011-10-25T00:00:00.000","GOLD - COMMODITY EXCHANGE INC.","GOLD","443723","91090","265927","141961","15391"
"2011-10-25T00:00:00.000","COPPER-GRADE #1 - COMMODITY EXCHANGE INC.","COPPER","129893","17079","43670","19892","24941"
"2011-10-25T00:00:00.000","SILVER - COMMODITY EXCHANGE INC.","SILVER","107066","8798","44135","16872","6058"
"2011-10-25T00:00:00.000","PLATINUM - NEW YORK MERCANTILE EXCHANGE","PLATINUM","37291","2032","15531","16383","4287"
"2011-10-25T00:00:00.000","NATURAL GAS - NEW YORK MERCANTILE EXCHANGE","NATURAL GAS","977327","107380","141576","120089","241863"
"2011-11-01T00:00:00.000","PALLADIUM - NEW YORK MERCANTILE EXCHANGE","PALLADIUM","18667","1022","11118","8519","2536"
"2011-11-01T00:00:00.000","GOLD - COMMODITY EXCHANGE INC.","GOLD","442435","88995","269063","144879","11868"
"2011-11-01T00:00:00.000","COPPER-GRADE #1 - COMMODITY EXCHANGE INC.","COPPER","126363","14632","45625","19877","20819"
"2011-11-01T00:00:00.000","SILVER - COMMODITY EXCHANGE INC.","SILVER","108675","9124","44949","17795","6023"
"2011-11-01T00:00:00.000","PLATINUM - NEW YORK MERCANTILE EXCHANGE","PLATINUM","37948","1847","16929","17292","4011"
"2011-11-01T00:00:00.000","NATURAL GAS - NEW YORK MERCANTILE EXCHANGE","NATURAL GAS","960199","102035","139433","115681","238850"
"2011-11-08T00:00:00.000","PALLADIUM - NEW YORK MERCANTILE EXCHANGE","PALLADIUM","19327","1101","11551","8748","2276"
"2011-11-08T00:00:00.000","GOLD - COMMODITY EXCHANGE INC.","GOLD","464982","85134","273627","155632","9577"
"2011-11-08T00:00:00.000","COPPER-GRADE #1 - COMMODITY EXCHANGE INC.","COPPER","123572","14670","48467","18611","20400"
"2011-11-08T00:00:00.000","SILVER - COMMODITY EXCHANGE INC.","SILVER","111841","12046","49481","17675","5352"
"2011-11-08T00:00:00.000","PLATINUM - NEW YORK MERCANTILE EXCHANGE","PLATINUM","38852","1637","17976","17822","3504"
"2011-11-08T00:00:00.000","NATURAL GAS - NEW YORK MERCANTILE EXCHANGE","NATURAL GAS","971799","105028","139618","115788","254987"
"2011-11-15T00:00:00.000","PALLADIUM - NEW YORK MERCANTILE EXCHANGE","PALLADIUM","18847","1363","11643","9398","2491"
"2011-11-15T00:00:00.000","GOLD - COMMODITY EXCHANGE INC.","GOLD","470490","87774","275813","159850","8940"
"2011-11-15T00:00:00.000","COPPER-GRADE #1 - COMMODITY EXCHANGE INC.","COPPER","129991","17187","50552","18588","22109"
"2011-11-15T00:00:00.000","SILVER - COMMODITY EXCHANGE INC.","SILVER","110513","10896","50032","18758","4903"
"2011-11-15T00:00:00.000","PLATINUM - NEW YORK MERCANTILE EXCHANGE","PLATINUM","38552","1566","17991","18173","3457"
"2011-11-15T00:00:00.000","NATURAL GAS - NEW YORK MERCANTILE EXCHANGE","NATURAL GAS","996935","112621","141230","127493","277341"
"2011-11-22T00:00:00.000","PLATINUM - NEW YORK MERCANTILE EXCHANGE","PLATINUM","38807","1724","17500","17806","4247"
"2011-11-22T00:00:00.000","GOLD - COMMODITY EXCHANGE INC.","GOLD","457070","98776","263309","146180","8498"
"2011-11-22T00:00:00.000","COPPER-GRADE #1 - COMMODITY EXCHANGE INC.","COPPER","124189","14047","45354","16951","24689"
"2011-11-22T00:00:00.000","NATURAL GAS - NEW YORK MERCANTILE EXCHANGE","NATURAL GAS","991038","104937","138155","135604","279032"
"2011-11-22T00:00:00.000","SILVER - COMMODITY EXCHANGE INC.","SILVER","108548","11373","47039","17279","5874"
"2011-11-22T00:00:00.000","PALLADIUM - NEW YORK MERCANTILE EXCHANGE","PALLADIUM","19793","1668","10504","8896","3123"
"2011-11-29T00:00:00.000","SILVER - COMMODITY EXCHANGE INC.","SILVER","98959","11681","46642","17354","6065"
"2011-11-29T00:00:00.000","GOLD - COMMODITY EXCHANGE INC.","GOLD","423176","88104","256033","141009","7215"
"2011-11-29T00:00:00.000","COPPER-GRADE #1 - COMMODITY EXCHANGE INC.","COPPER","112374","5736","37418","17318","24346"
"2011-11-29T00:00:00.000","PLATINUM - NEW YORK MERCANTILE EXCHANGE","PLATINUM","38820","1600","16916","17588","4790"
"2011-11-29T00:00:00.000","PALLADIUM - NEW YORK MERCANTILE EXCHANGE","PALLADIUM","19847","2146","10639","8822","3629"
"2011-11-29T00:00:00.000","NATURAL GAS - NEW YORK MERCANTILE EXCHANGE","NATURAL GAS","955095","103289","137133","134631","270917"
"2011-12-06T00:00:00.000","NATURAL GAS - NEW YORK MERCANTILE EXCHANGE","NATURAL GAS","943649","100231","135965","140847","264884"
"2011-12-06T00:00:00.000","GOLD - COMMODITY EXCHANGE INC.","GOLD","422956","78704","256384","146486","8794"
"2011-12-06T00:00:00.000","COPPER-GRADE #1 - COMMODITY EXCHANGE INC.","COPPER","113252","5723","39807","19784","22508"
"2011-12-06T00:00:00.000","SILVER - COMMODITY EXCHANGE INC.","SILVER","95684","10125","45569","17427","6063"
"2011-12-06T00:00:00.000","PLATINUM - NEW YORK MERCANTILE EXCHANGE","PLATINUM","41893","1558","17750","19576","7148"
"2011-12-06T00:00:00.000","PALLADIUM - NEW YORK MERCANTILE EXCHANGE","PALLADIUM","19774","2057","11165","9089","3257"
"2011-12-13T00:00:00.000","PALLADIUM - NEW YORK MERCANTILE EXCHANGE","PALLADIUM","18430","1677","10523","8360","2954"
"2011-12-13T00:00:00.000","GOLD - COMMODITY EXCHANGE INC.","GOLD","427699","83774","255642","137811","10674"
"2011-12-13T00:00:00.000","COPPER-GRADE #1 - COMMODITY EXCHANGE INC.","COPPER","115993","6984","40286","20483","23884"
"2011-12-13T00:00:00.000","SILVER - COMMODITY EXCHANGE INC.","SILVER","98311","8964","45131","17966","6976"
"2011-12-13T00:00:00.000","PLATINUM - NEW YORK MERCANTILE EXCHANGE","PLATINUM","43600","1795","18805","19865","8177"
"2011-12-13T00:00:00.000","NATURAL GAS - NEW YORK MERCANTILE EXCHANGE","NATURAL GAS","988215","116115","154818","142809","262511"
"2011-12-20T00:00:00.000","PALLADIUM - NEW YORK MERCANTILE EXCHANGE","PALLADIUM","18287","2099","10398","8086","3211"
"2011-12-20T00:00:00.000","GOLD - COMMODITY EXCHANGE INC.","GOLD","423465","85338","242705","124617","13147"
"2011-12-20T00:00:00.000","COPPER-GRADE #1 - COMMODITY EXCHANGE INC.","COPPER","116050","7798","38577","21312","26773"
"2011-12-20T00:00:00.000","SILVER - COMMODITY EXCHANGE INC.","SILVER","101165","11695","44508","17433","11554"
"2011-12-20T00:00:00.000","PLATINUM - NEW YORK MERCANTILE EXCHANGE","PLATINUM","43456","2088","17883","20271","8825"
"2011-12-20T00:00:00.000","NATURAL GAS - NEW YORK MERCANTILE EXCHANGE","NATURAL GAS","994703","108168","150017","145703","262616"
"2011-12-27T00:00:00.000","PALLADIUM - NEW YORK MERCANTILE EXCHANGE","PALLADIUM","17523","1628","9853","8175","3084"
"2011-12-27T00:00:00.000","GOLD - COMMODITY EXCHANGE INC.","GOLD","418945","86324","241508","120594","14551"
"2011-12-27T00:00:00.000","COPPER-GRADE #1 - COMMODITY EXCHANGE INC.","COPPER","117153","7883","39103","21990","26014"
"2011-12-27T00:00:00.000","SILVER - COMMODITY EXCHANGE INC.","SILVER","103993","11430","44349","17012","12260"
"2011-12-27T00:00:00.000","PLATINUM - NEW YORK MERCANTILE EXCHANGE","PLATINUM","42938","2388","17887","20389","9112"
"2011-12-27T00:00:00.000","NATURAL GAS - NEW YORK MERCANTILE EXCHANGE","NATURAL GAS","1000237","105529","142203","143541","268679"
"2012-01-03T00:00:00.000","PALLADIUM - NEW YORK MERCANTILE EXCHANGE","PALLADIUM","17570","2266","10172","7737","3364"
"2012-01-03T00:00:00.000","GOLD - COMMODITY EXCHANGE INC.","GOLD","423275","86576","238940","121961","17399"
"2012-01-03T00:00:00.000","COPPER-GRADE #1 - COMMODITY EXCHANGE INC.","COPPER","120794","8225","40678","22625","24636"
"2012-01-03T00:00:00.000","SILVER - COMMODITY EXCHANGE INC.","SILVER","107101","12130","45289","19557","11207"
"2012-01-03T00:00:00.000","PLATINUM - NEW YORK MERCANTILE EXCHANGE","PLATINUM","42476","2111","17820","20677","8927"
"2012-01-03T00:00:00.000","NATURAL GAS - NEW YORK MERCANTILE EXCHANGE","NATURAL GAS","1016237","93336","131459","150855","259973"
"2012-01-10T00:00:00.000","NATURAL GAS - NEW YORK MERCANTILE EXCHANGE","NATURAL GAS","1096284","92035","127952","186379","290559"
"2012-01-10T00:00:00.000","GOLD - COMMODITY EXCHANGE INC.","GOLD","417923","88406","239346","118994","15014"
"2012-01-10T00:00:00.000","COPPER-GRADE #1 - COMMODITY EXCHANGE INC.","COPPER","126638","7468","41308","23792","26257"
"2012-01-10T00:00:00.000","SILVER - COMMODITY EXCHANGE INC.","SILVER","104345","11534","45351","19658","9026"
"2012-01-10T00:00:00.000","PLATINUM - NEW YORK MERCANTILE EXCHANGE","PLATINUM","43692","2009","18405","21149","8767"
"2012-01-10T00:00:00.000","PALLADIUM - NEW YORK MERCANTILE EXCHANGE","PALLADIUM","17756","1953","9493","7196","3835"
"2012-01-17T00:00:00.000","NATURAL GAS - NEW YORK MERCANTILE EXCHANGE","NATURAL GAS","1134701","98856","135910","189861","276760"
"2012-01-17T00:00:00.000","GOLD - COMMODITY EXCHANGE INC.","GOLD","432838","89853","255762","120582","11927"
"2012-01-17T00:00:00.000","COPPER-GRADE #1 - COMMODITY EXCHANGE INC.","COPPER","132457","6471","45033","26589","21814"
"2012-01-17T00:00:00.000","SILVER - COMMODITY EXCHANGE INC.","SILVER","103668","10943","45946","19630","7479"
"2012-01-17T00:00:00.000","PLATINUM - NEW YORK MERCANTILE EXCHANGE","PLATINUM","43849","1964","19136","22124","8131"
"2012-01-17T00:00:00.000","PALLADIUM - NEW YORK MERCANTILE EXCHANGE","PALLADIUM","17518","1208","9818","7351","3721"
"2012-01-24T00:00:00.000","PALLADIUM - NEW YORK MERCANTILE EXCHANGE","PALLADIUM","18099","941","11000","7839","2103"
"2012-01-24T00:00:00.000","GOLD - COMMODITY EXCHANGE INC.","GOLD","427032","85155","256803","127512","10356"
"2012-01-24T00:00:00.000","COPPER-GRADE #1 - COMMODITY EXCHANGE INC.","COPPER","142751","7462","47206","29021","21760"
"2012-01-24T00:00:00.000","SILVER - COMMODITY EXCHANGE INC.","SILVER","103025","10647","47328","20060","5156"
"2012-01-24T00:00:00.000","PLATINUM - NEW YORK MERCANTILE EXCHANGE","PLATINUM","44105","2018","21092","22110","7144"
"2012-01-24T00:00:00.000","NATURAL GAS - NEW YORK MERCANTILE EXCHANGE","NATURAL GAS","1152540","106383","142434","210814","292524"
"2012-01-31T00:00:00.000","PALLADIUM - NEW YORK MERCANTILE EXCHANGE","PALLADIUM","19398","875","12365","8686","1939"
"2012-01-31T00:00:00.000","GOLD - COMMODITY EXCHANGE INC.","GOLD","425133","83849","264347","149921","5973"
"2012-01-31T00:00:00.000","COPPER-GRADE #1 - COMMODITY EXCHANGE INC.","COPPER","151787","11741","53015","30968","23273"
"2012-01-31T00:00:00.000","SILVER - COMMODITY EXCHANGE INC.","SILVER","101747","10281","49723","21783","4415"
"2012-01-31T00:00:00.000","PLATINUM - NEW YORK MERCANTILE EXCHANGE","PLATINUM","45030","1956","23658","22379","5026"
"2012-01-31T00:00:00.000","NATURAL GAS - NEW YORK MERCANTILE EXCHANGE","NATURAL GAS","1203330","104184","140819","222771","299513"
"2012-02-07T00:00:00.000","PALLADIUM - NEW YORK MERCANTILE EXCHANGE","PALLADIUM","20900","964","14578","9512","1341"
"2012-02-07T00:00:00.000","GOLD - COMMODITY EXCHANGE INC.","GOLD","436061","79733","268892","161575","5966"
"2012-02-07T00:00:00.000","COPPER-GRADE #1 - COMMODITY EXCHANGE INC.","COPPER","160030","17616","61577","33747","21449"
"2012-02-07T00:00:00.000","SILVER - COMMODITY EXCHANGE INC.","SILVER","106008","9815","52919","25965","3001"
"2012-02-07T00:00:00.000","PLATINUM - NEW YORK MERCANTILE EXCHANGE","PLATINUM","44584","2197","24523","22913","3928"
"2012-02-07T00:00:00.000","NATURAL GAS - NEW YORK MERCANTILE EXCHANGE","NATURAL GAS","1256019","115928","149439","218559","290684"
"2012-02-14T00:00:00.000","PALLADIUM - NEW YORK MERCANTILE EXCHANGE","PALLADIUM","20984","724","14300","10320","1141"
"2012-02-14T00:00:00.000","GOLD - COMMODITY EXCHANGE INC.","GOLD","431164","79725","260523","156994","8005"
"2012-02-14T00:00:00.000","COPPER-GRADE #1 - COMMODITY EXCHANGE INC.","COPPER","164491","16135","61596","35559","20811"
"2012-02-14T00:00:00.000","SILVER - COMMODITY EXCHANGE INC.","SILVER","104872","9291","53801","26515","2748"
"2012-02-14T00:00:00.000","PLATINUM - NEW YORK MERCANTILE EXCHANGE","PLATINUM","44020","2224","25578","22807","2150"
"2012-02-14T00:00:00.000","NATURAL GAS - NEW YORK MERCANTILE EXCHANGE","NATURAL GAS","1262254","133101","160377","221831","284145"
"2012-02-21T00:00:00.000","PALLADIUM - NEW YORK MERCANTILE EXCHANGE","PALLADIUM","20904","648","14886","10529","1014"
"2012-02-21T00:00:00.000","GOLD - COMMODITY EXCHANGE INC.","GOLD","456676","79452","272935","169144","8850"
"2012-02-21T00:00:00.000","COPPER-GRADE #1 - COMMODITY EXCHANGE INC.","COPPER","162525","13538","57443","35154","21894"
"2012-02-21T00:00:00.000","SILVER - COMMODITY EXCHANGE INC.","SILVER","110583","9723","55620","28915","3053"
"2012-02-21T00:00:00.000","PLATINUM - NEW YORK MERCANTILE EXCHANGE","PLATINUM","44580","2031","25514","23009","1862"
"2012-02-21T00:00:00.000","NATURAL GAS - NEW YORK MERCANTILE EXCHANGE","NATURAL GAS","1252913","129636","154569","214742","285574"
"2012-02-28T00:00:00.000","SILVER - COMMODITY EXCHANGE INC.","SILVER","115866","12128","61557","32308","2609"
"2012-02-28T00:00:00.000","GOLD - COMMODITY EXCHANGE INC.","GOLD","479044","78899","280680","184843","7700"
"2012-02-28T00:00:00.000","COPPER-GRADE #1 - COMMODITY EXCHANGE INC.","COPPER","153312","10607","57136","36758","21216"
"2012-02-28T00:00:00.000","PLATINUM - NEW YORK MERCANTILE EXCHANGE","PLATINUM","45337","2194","26798","22254","1502"
"2012-02-28T00:00:00.000","PALLADIUM - NEW YORK MERCANTILE EXCHANGE","PALLADIUM","21864","646","15588","11469","1433"
"2012-02-28T00:00:00.000","NATURAL GAS - NEW YORK MERCANTILE EXCHANGE","NATURAL GAS","1204381","131609","155960","205842","287578"
"2012-03-06T00:00:00.000","NATURAL GAS - NEW YORK MERCANTILE EXCHANGE","NATURAL GAS","1216428","129427","153755","210371","297955"
"2012-03-06T00:00:00.000","GOLD - COMMODITY EXCHANGE INC.","GOLD","443249","81877","250981","153286","11445"
"2012-03-06T00:00:00.000","COPPER-GRADE #1 - COMMODITY EXCHANGE INC.","COPPER","152741","10520","55734","36249","22704"
"2012-03-06T00:00:00.000","SILVER - COMMODITY EXCHANGE INC.","SILVER","111023","11485","56824","25586","3963"
"2012-03-06T00:00:00.000","PLATINUM - NEW YORK MERCANTILE EXCHANGE","PLATINUM","42850","2214","24745","21772","1311"
"2012-03-06T00:00:00.000","PALLADIUM - NEW YORK MERCANTILE EXCHANGE","PALLADIUM","20262","411","13739","10118","1420"
"2012-03-13T00:00:00.000","PALLADIUM - NEW YORK MERCANTILE EXCHANGE","PALLADIUM","21155","368","14595","11442","1426"
"2012-03-13T00:00:00.000","GOLD - COMMODITY EXCHANGE INC.","GOLD","442319","81152","247753","146286","12668"
"2012-03-13T00:00:00.000","COPPER-GRADE #1 - COMMODITY EXCHANGE INC.","COPPER","150968","8615","54440","36765","22582"
"2012-03-13T00:00:00.000","SILVER - COMMODITY EXCHANGE INC.","SILVER","111730","10954","55631","23141","2811"
"2012-03-13T00:00:00.000","PLATINUM - NEW YORK MERCANTILE EXCHANGE","PLATINUM","43268","2287","25333","21369","1609"
"2012-03-13T00:00:00.000","NATURAL GAS - NEW YORK MERCANTILE EXCHANGE","NATURAL GAS","1231889","117974","140850","202755","304892"
"2012-03-20T00:00:00.000","PALLADIUM - NEW YORK MERCANTILE EXCHANGE","PALLADIUM","21656","358","14940","11306","1767"
"2012-03-20T00:00:00.000","GOLD - COMMODITY EXCHANGE INC.","GOLD","431039","85230","236802","129938","16840"
"2012-03-20T00:00:00.000","COPPER-GRADE #1 - COMMODITY EXCHANGE INC.","COPPER","154394","8424","53979","41482","24422"
"2012-03-20T00:00:00.000","SILVER - COMMODITY EXCHANGE INC.","SILVER","111422","12167","54318","22280","3927"
"2012-03-20T00:00:00.000","PLATINUM - NEW YORK MERCANTILE EXCHANGE","PLATINUM","43502","2946","25979","21142","1854"
"2012-03-20T00:00:00.000","NATURAL GAS - NEW YORK MERCANTILE EXCHANGE","NATURAL GAS","1238679","122386","142229","210059","308028"
"2012-03-27T00:00:00.000","PALLADIUM - NEW YORK MERCANTILE EXCHANGE","PALLADIUM","20439","366","13068","8848","1944"
"2012-03-27T00:00:00.000","GOLD - COMMODITY EXCHANGE INC.","GOLD","417304","76535","235618","136546","12463"
"2012-03-27T00:00:00.000","COPPER-GRADE #1 - COMMODITY EXCHANGE INC.","COPPER","152037","7328","51274","37884","23001"
"2012-03-27T00:00:00.000","SILVER - COMMODITY EXCHANGE INC.","SILVER","109859","12929","53608","21168","5618"
"2012-03-27T00:00:00.000","PLATINUM - NEW YORK MERCANTILE EXCHANGE","PLATINUM","41855","2589","24690","18961","2668"
"2012-03-27T00:00:00.000","NATURAL GAS - NEW YORK MERCANTILE EXCHANGE","NATURAL GAS","1231442","131252","135487","208128","321305"
"2012-04-03T00:00:00.000","PALLADIUM - NEW YORK MERCANTILE EXCHANGE","PALLADIUM","21003","844","12758","8373","2551"
"2012-04-03T00:00:00.000","GOLD - COMMODITY EXCHANGE INC.","GOLD","407761","79367","229690","126887","13847"
"2012-04-03T00:00:00.000","COPPER-GRADE #1 - COMMODITY EXCHANGE INC.","COPPER","156569","6452","50612","40451","21809"
"2012-04-03T00:00:00.000","SILVER - COMMODITY EXCHANGE INC.","SILVER","116434","13420","54396","22991","5678"
"2012-04-03T00:00:00.000","PLATINUM - NEW YORK MERCANTILE EXCHANGE","PLATINUM","40490","2311","24276","19083","1875"
"2012-04-03T00:00:00.000","NATURAL GAS - NEW YORK MERCANTILE EXCHANGE","NATURAL GAS","1234227","127105","136691","214679","309367"
"2012-04-10T00:00:00.000","NATURAL GAS - NEW YORK MERCANTILE EXCHANGE","NATURAL GAS","1252198","126668","134447","211988","313626"
"2012-04-10T00:00:00.000","GOLD - COMMODITY EXCHANGE INC.","GOLD","403989","78673","221202","119710","15480"
"2012-04-10T00:00:00.000","COPPER-GRADE #1 - COMMODITY EXCHANGE INC.","COPPER","148468","6565","43624","31944","28989"
"2012-04-10T00:00:00.000","SILVER - COMMODITY EXCHANGE INC.","SILVER","114469","14982","54240","20771","7129"
"2012-04-10T00:00:00.000","PLATINUM - NEW YORK MERCANTILE EXCHANGE","PLATINUM","39814","2539","22118","17637","3394"
"2012-04-10T00:00:00.000","PALLADIUM - NEW YORK MERCANTILE EXCHANGE","PALLADIUM","20821","828","11515","7969","3552"
"2012-04-17T00:00:00.000","NATURAL GAS - NEW YORK MERCANTILE EXCHANGE","NATURAL GAS","1308103","118662","122195","215293","319968"
"2012-04-17T00:00:00.000","GOLD - COMMODITY EXCHANGE INC.","GOLD","398526","75591","224882","117770","10194"
"2012-04-17T00:00:00.000","COPPER-GRADE #1 - COMMODITY EXCHANGE INC.","COPPER","159119","10666","43084","32425","30222"
"2012-04-17T00:00:00.000","SILVER - COMMODITY EXCHANGE INC.","SILVER","121448","17726","56755","18745","6621"
"2012-04-17T00:00:00.000","PLATINUM - NEW YORK MERCANTILE EXCHANGE","PLATINUM","40585","3076","20095","17810","4791"
"2012-04-17T00:00:00.000","PALLADIUM - NEW YORK MERCANTILE EXCHANGE","PALLADIUM","21466","777","11898","8478","3760"
"2012-04-24T00:00:00.000","PALLADIUM - NEW YORK MERCANTILE EXCHANGE","PALLADIUM","21513","792","12651","8838","3378"
"2012-04-24T00:00:00.000","GOLD - COMMODITY EXCHANGE INC.","GOLD","395389","78916","219917","115706","12356"
"2012-04-24T00:00:00.000","COPPER-GRADE #1 - COMMODITY EXCHANGE INC.","COPPER","159256","13626","45618","30516","28326"
"2012-04-24T00:00:00.000","SILVER - COMMODITY EXCHANGE INC.","SILVER","122325","19786","56233","19078","9364"
"2012-04-24T00:00:00.000","PLATINUM - NEW YORK MERCANTILE EXCHANGE","PLATINUM","40823","3085","18125","17108","7176"
"2012-04-24T00:00:00.000","NATURAL GAS - NEW YORK MERCANTILE EXCHANGE","NATURAL GAS","1284741","115145","115099","202336","311209"
"2012-05-01T00:00:00.000","PALLADIUM - NEW YORK MERCANTILE EXCHANGE","PALLADIUM","21576","706","12622","9421","3108"
"2012-05-01T00:00:00.000","GOLD - COMMODITY EXCHANGE INC.","GOLD","411972","79198","228645","119865","9809"
"2012-05-01T00:00:00.000","COPPER-GRADE #1 - COMMODITY EXCHANGE INC.","COPPER","144241","9521","46396","34702","19137"
"2012-05-01T00:00:00.000","SILVER - COMMODITY EXCHANGE INC.","SILVER","110862","18175","53356","18353","8793"
"2012-05-01T00:00:00.000","PLATINUM - NEW YORK MERCANTILE EXCHANGE","PLATINUM","41810","3181","19040","18697","7356"
"2012-05-01T00:00:00.000","NATURAL GAS - NEW YORK MERCANTILE EXCHANGE","NATURAL GAS","1257703","130443","129507","203266","306643"
"2012-05-08T00:00:00.000","PALLADIUM - NEW YORK MERCANTILE EXCHANGE","PALLADIUM","21816","814","11309","8212","3887"
"2012-05-08T00:00:00.000","GOLD - COMMODITY EXCHANGE INC.","GOLD","417798","82697","216394","113307","22935"
"2012-05-08T00:00:00.000","COPPER-GRADE #1 - COMMODITY EXCHANGE INC.","COPPER","144583","10987","45999","36648","21192"
"2012-05-08T00:00:00.000","SILVER - COMMODITY EXCHANGE INC.","SILVER","113549","19899","51852","18030","12127"
"2012-05-08T00:00:00.000","PLATINUM - NEW YORK MERCANTILE EXCHANGE","PLATINUM","43091","3304","18691","18830","9193"
"2012-05-08T00:00:00.000","NATURAL GAS - NEW YORK MERCANTILE EXCHANGE","NATURAL GAS","1226562","123240","126895","205335","281615"
"2012-05-15T00:00:00.000","PALLADIUM - NEW YORK MERCANTILE EXCHANGE","PALLADIUM","22652","987","9627","8349","5885"
"2012-05-15T00:00:00.000","GOLD - COMMODITY EXCHANGE INC.","GOLD","422091","81982","212571","112920","32822"
"2012-05-15T00:00:00.000","COPPER-GRADE #1 - COMMODITY EXCHANGE INC.","COPPER","147934","13943","43690","33163","28330"
"2012-05-15T00:00:00.000","SILVER - COMMODITY EXCHANGE INC.","SILVER","114208","19785","51143","18221","12518"
"2012-05-15T00:00:00.000","PLATINUM - NEW YORK MERCANTILE EXCHANGE","PLATINUM","45020","3693","18751","19190","11329"
"2012-05-15T00:00:00.000","NATURAL GAS - NEW YORK MERCANTILE EXCHANGE","NATURAL GAS","1222589","119189","125616","205597","268028"
"2012-05-22T00:00:00.000","NATURAL GAS - NEW YORK MERCANTILE EXCHANGE","NATURAL GAS","1210292","111534","119943","197269","256988"
"2012-05-22T00:00:00.000","GOLD - COMMODITY EXCHANGE INC.","GOLD","435706","93201","228881","113453","38808"
"2012-05-22T00:00:00.000","COPPER-GRADE #1 - COMMODITY EXCHANGE INC.","COPPER","150189","14287","38043","31600","34408"
"2012-05-22T00:00:00.000","PLATINUM - NEW YORK MERCANTILE EXCHANGE","PLATINUM","47012","4149","18240","19542","13713"
"2012-05-22T00:00:00.000","PALLADIUM - NEW YORK MERCANTILE EXCHANGE","PALLADIUM","24228","1744","9883","8287","6670"
"2012-05-22T00:00:00.000","SILVER - COMMODITY EXCHANGE INC.","SILVER","113647","19243","49918","18444","14325"
"2012-05-29T00:00:00.000","NATURAL GAS - NEW YORK MERCANTILE EXCHANGE","NATURAL GAS","1207028","109606","121376","188127","246701"
"2012-05-29T00:00:00.000","GOLD - COMMODITY EXCHANGE INC.","GOLD","419991","89263","217183","113383","40857"
"2012-05-29T00:00:00.000","COPPER-GRADE #1 - COMMODITY EXCHANGE INC.","COPPER","148694","15126","37575","30938","37695"
"2012-05-29T00:00:00.000","SILVER - COMMODITY EXCHANGE INC.","SILVER","113961","18428","50714","18238","14596"
"2012-05-29T00:00:00.000","PLATINUM - NEW YORK MERCANTILE EXCHANGE","PLATINUM","48449","4675","19795","20534","13909"
"2012-05-29T00:00:00.000","PALLADIUM - NEW YORK MERCANTILE EXCHANGE","PALLADIUM","24325","1813","9513","9035","6858"
"2012-06-05T00:00:00.000","NATURAL GAS - NEW YORK MERCANTILE EXCHANGE","NATURAL GAS","1206991","103037","115279","192432","255170"
"2012-06-05T00:00:00.000","GOLD - COMMODITY EXCHANGE INC.","GOLD","423941","75259","217097","124211","35621"
"2012-06-05T00:00:00.000","COPPER-GRADE #1 - COMMODITY EXCHANGE INC.","COPPER","156252","17373","33803","28758","41933"
"2012-06-05T00:00:00.000","SILVER - COMMODITY EXCHANGE INC.","SILVER","116809","16965","50407","18641","13654"
"2012-06-05T00:00:00.000","PLATINUM - NEW YORK MERCANTILE EXCHANGE","PLATINUM","49838","4411","20480","20958","14444"
"2012-06-05T00:00:00.000","PALLADIUM - NEW YORK MERCANTILE EXCHANGE","PALLADIUM","22719","1891","9897","9348","6336"
"2012-06-12T00:00:00.000","PALLADIUM - NEW YORK MERCANTILE EXCHANGE","PALLADIUM","22030","1325","9819","10084","5646"
"2012-06-12T00:00:00.000","GOLD - COMMODITY EXCHANGE INC.","GOLD","412244","75355","214547","120365","32492"
"2012-06-12T00:00:00.000","COPPER-GRADE #1 - COMMODITY EXCHANGE INC.","COPPER","152084","18136","36441","28590","41929"
"2012-06-12T00:00:00.000","SILVER - COMMODITY EXCHANGE INC.","SILVER","122080","18842","53610","18420","12678"
"2012-06-12T00:00:00.000","PLATINUM - NEW YORK MERCANTILE EXCHANGE","PLATINUM","50036","4410","21098","21909","13573"
"2012-06-12T00:00:00.000","NATURAL GAS - NEW YORK MERCANTILE EXCHANGE","NATURAL GAS","1176268","107239","120280","196924","265537"
"2012-06-19T00:00:00.000","PALLADIUM - NEW YORK MERCANTILE EXCHANGE","PALLADIUM","21017","772","9756","10171","5127"
"2012-06-19T00:00:00.000","COPPER-GRADE #1 - COMMODITY EXCHANGE INC.","COPPER","144845","14261","33345","28881","40778"
"2012-06-19T00:00:00.000","SILVER - COMMODITY EXCHANGE INC.","SILVER","122508","18760","53607","19005","12928"
"2012-06-19T00:00:00.000","GOLD - COMMODITY EXCHANGE INC.","GOLD","418492","77449","229915","121411","28260"
"2012-06-19T00:00:00.000","PLATINUM - NEW YORK MERCANTILE EXCHANGE","PLATINUM","51831","4329","22218","23082","13065"
"2012-06-19T00:00:00.000","NATURAL GAS - NEW YORK MERCANTILE EXCHANGE","NATURAL GAS","1185328","120959","134201","190120","268113"
"2012-06-26T00:00:00.000","PALLADIUM - NEW YORK MERCANTILE EXCHANGE","PALLADIUM","21646","719","9306","10023","6199"
"2012-06-26T00:00:00.000","COPPER-GRADE #1 - COMMODITY EXCHANGE INC.","COPPER","146442","16690","30895","27883","41652"
"2012-06-26T00:00:00.000","SILVER - COMMODITY EXCHANGE INC.","SILVER","126164","18899","50591","19098","16684"
"2012-06-26T00:00:00.000","GOLD - COMMODITY EXCHANGE INC.","GOLD","413618","79372","223244","110884","33389"
"2012-06-26T00:00:00.000","PLATINUM - NEW YORK MERCANTILE EXCHANGE","PLATINUM","50349","3501","20337","23611","13380"
"2012-06-26T00:00:00.000","NATURAL GAS - NEW YORK MERCANTILE EXCHANGE","NATURAL GAS","1145017","114056","129574","191844","244746"
"2012-07-03T00:00:00.000","PALLADIUM - NEW YORK MERCANTILE EXCHANGE","PALLADIUM","21977","1180","9106","9907","6459"
"2012-07-03T00:00:00.000","GOLD - COMMODITY EXCHANGE INC.","GOLD","425068","80343","236464","125464","29245"
"2012-07-03T00:00:00.000","COPPER-GRADE #1 - COMMODITY EXCHANGE INC.","COPPER","135682","8917","31525","31702","33456"
"2012-07-03T00:00:00.000","SILVER - COMMODITY EXCHANGE INC.","SILVER","122128","20159","53815","20116","13974"
"2012-07-03T00:00:00.000","PLATINUM - NEW YORK MERCANTILE EXCHANGE","PLATINUM","49442","3712","20693","24107","12494"
"2012-07-03T00:00:00.000","NATURAL GAS - NEW YORK MERCANTILE EXCHANGE","NATURAL GAS","1115630","104443","124110","202121","213813"
"2012-07-10T00:00:00.000","NATURAL GAS - NEW YORK MERCANTILE EXCHANGE","NATURAL GAS","1116158","106357","131096","195570","199651"
"2012-07-10T00:00:00.000","GOLD - COMMODITY EXCHANGE INC.","GOLD","429854","80672","234237","115071","34784"
"2012-07-10T00:00:00.000","COPPER-GRADE #1 - COMMODITY EXCHANGE INC.","COPPER","134099","8383","31468","31663","36477"
"2012-07-10T00:00:00.000","SILVER - COMMODITY EXCHANGE INC.","SILVER","124109","20606","52957","20010","14667"
"2012-07-10T00:00:00.000","PLATINUM - NEW YORK MERCANTILE EXCHANGE","PLATINUM","48715","3642","21070","23703","12438"
"2012-07-10T00:00:00.000","PALLADIUM - NEW YORK MERCANTILE EXCHANGE","PALLADIUM","22172","1091","8842","10189","6849"
"2012-07-17T00:00:00.000","NATURAL GAS - NEW YORK MERCANTILE EXCHANGE","NATURAL GAS","1117917","107422","134636","200607","174644"
"2012-07-17T00:00:00.000","GOLD - COMMODITY EXCHANGE INC.","GOLD","431317","79877","238078","109800","28444"
"2012-07-17T00:00:00.000","COPPER-GRADE #1 - COMMODITY EXCHANGE INC.","COPPER","138098","8573","33314","32459","34222"
"2012-07-17T00:00:00.000","SILVER - COMMODITY EXCHANGE INC.","SILVER","121819","20886","53565","20351","15893"
"2012-07-17T00:00:00.000","PLATINUM - NEW YORK MERCANTILE EXCHANGE","PLATINUM","49929","3864","21107","23546","13544"
"2012-07-17T00:00:00.000","PALLADIUM - NEW YORK MERCANTILE EXCHANGE","PALLADIUM","22056","1245","8975","9977","6629"
"2012-07-24T00:00:00.000","PALLADIUM - NEW YORK MERCANTILE EXCHANGE","PALLADIUM","23826","2361","9546","9819","7013"
"2012-07-24T00:00:00.000","GOLD - COMMODITY EXCHANGE INC.","GOLD","420296","82393","220064","92963","33154"
"2012-07-24T00:00:00.000","COPPER-GRADE #1 - COMMODITY EXCHANGE INC.","COPPER","142395","11250","35348","32010","39646"
"2012-07-24T00:00:00.000","SILVER - COMMODITY EXCHANGE INC.","SILVER","123661","19187","52772","20590","17575"
"2012-07-24T00:00:00.000","PLATINUM - NEW YORK MERCANTILE EXCHANGE","PLATINUM","51043","3682","21684","23556","14047"
"2012-07-24T00:00:00.000","NATURAL GAS - NEW YORK MERCANTILE EXCHANGE","NATURAL GAS","1123235","97603","130309","209131","169661"
"2012-07-31T00:00:00.000","PALLADIUM - NEW YORK MERCANTILE EXCHANGE","PALLADIUM","23698","2206","9992","9722","6911"
"2012-07-31T00:00:00.000","GOLD - COMMODITY EXCHANGE INC.","GOLD","403403","79471","227217","105196","24339"
"2012-07-31T00:00:00.000","COPPER-GRADE #1 - COMMODITY EXCHANGE INC.","COPPER","142774","14055","38389","30835","37499"
"2012-07-31T00:00:00.000","SILVER - COMMODITY EXCHANGE INC.","SILVER","121809","17273","53956","21526","13796"
"2012-07-31T00:00:00.000","PLATINUM - NEW YORK MERCANTILE EXCHANGE","PLATINUM","52220","3494","22547","22914","14518"
"2012-07-31T00:00:00.000","NATURAL GAS - NEW YORK MERCANTILE EXCHANGE","NATURAL GAS","1126758","88683","120855","207281","167149"
"2012-08-07T00:00:00.000","PALLADIUM - NEW YORK MERCANTILE EXCHANGE","PALLADIUM","24204","2079","9960","9952","6935"
"2012-08-07T00:00:00.000","GOLD - COMMODITY EXCHANGE INC.","GOLD","388254","77035","211868","96887","27177"
"2012-08-07T00:00:00.000","COPPER-GRADE #1 - COMMODITY EXCHANGE INC.","COPPER","145059","13030","36105","31819","40020"
"2012-08-07T00:00:00.000","SILVER - COMMODITY EXCHANGE INC.","SILVER","124276","18503","54470","22592","13527"
"2012-08-07T00:00:00.000","PLATINUM - NEW YORK MERCANTILE EXCHANGE","PLATINUM","53246","3611","23420","23125","14498"
"2012-08-07T00:00:00.000","NATURAL GAS - NEW YORK MERCANTILE EXCHANGE","NATURAL GAS","1112252","86192","120448","207019","179318"
"2012-08-14T00:00:00.000","PALLADIUM - NEW YORK MERCANTILE EXCHANGE","PALLADIUM","24007","2243","10358","9927","7130"
"2012-08-14T00:00:00.000","GOLD - COMMODITY EXCHANGE INC.","GOLD","388187","74399","206767","95478","28822"
"2012-08-14T00:00:00.000","COPPER-GRADE #1 - COMMODITY EXCHANGE INC.","COPPER","156244","20855","43861","29190","39955"
"2012-08-14T00:00:00.000","SILVER - COMMODITY EXCHANGE INC.","SILVER","128993","19168","56328","23461","12907"
"2012-08-14T00:00:00.000","PLATINUM - NEW YORK MERCANTILE EXCHANGE","PLATINUM","54074","3667","23051","22699","15667"
"2012-08-14T00:00:00.000","NATURAL GAS - NEW YORK MERCANTILE EXCHANGE","NATURAL GAS","1076707","97280","134915","201630","173456"
"2012-08-21T00:00:00.000","PALLADIUM - NEW YORK MERCANTILE EXCHANGE","PALLADIUM","24291","2513","11435","10624","5750"
"2012-08-21T00:00:00.000","GOLD - COMMODITY EXCHANGE INC.","GOLD","398747","72285","215517","111063","19478"
"2012-08-21T00:00:00.000","COPPER-GRADE #1 - COMMODITY EXCHANGE INC.","COPPER","149461","15337","42968","32237","35458"
"2012-08-21T00:00:00.000","SILVER - COMMODITY EXCHANGE INC.","SILVER","127776","16571","58895","26075","9420"
"2012-08-21T00:00:00.000","PLATINUM - NEW YORK MERCANTILE EXCHANGE","PLATINUM","54526","2972","25402","26676","11709"
"2012-08-21T00:00:00.000","NATURAL GAS - NEW YORK MERCANTILE EXCHANGE","NATURAL GAS","1086018","103874","135796","199324","184801"
"2012-08-28T00:00:00.000","SILVER - COMMODITY EXCHANGE INC.","SILVER","121777","15788","60627","29366","5052"
"2012-08-28T00:00:00.000","GOLD - COMMODITY EXCHANGE INC.","GOLD","426559","73133","233502","127743","14577"
"2012-08-28T00:00:00.000","COPPER-GRADE #1 - COMMODITY EXCHANGE INC.","COPPER","145214","12915","44397","33200","29943"
"2012-08-28T00:00:00.000","PLATINUM - NEW YORK MERCANTILE EXCHANGE","PLATINUM","54458","2629","26450","28472","8713"
"2012-08-28T00:00:00.000","PALLADIUM - NEW YORK MERCANTILE EXCHANGE","PALLADIUM","21730","2340","11584","10508","3914"
"2012-08-28T00:00:00.000","NATURAL GAS - NEW YORK MERCANTILE EXCHANGE","NATURAL GAS","1080414","105457","126660","204906","222973"
"2012-09-04T00:00:00.000","NATURAL GAS - NEW YORK MERCANTILE EXCHANGE","NATURAL GAS","1101920","106035","129834","210984","231857"
"2012-09-04T00:00:00.000","GOLD - COMMODITY EXCHANGE INC.","GOLD","444489","71947","250540","136347","13420"
"2012-09-04T00:00:00.000","COPPER-GRADE #1 - COMMODITY EXCHANGE INC.","COPPER","136512","8277","38744","30512","29839"
"2012-09-04T00:00:00.000","SILVER - COMMODITY EXCHANGE INC.","SILVER","119504","13030","63435","30560","4364"
"2012-09-04T00:00:00.000","PLATINUM - NEW YORK MERCANTILE EXCHANGE","PLATINUM","54977","2039","27368","29186","7847"
"2012-09-04T00:00:00.000","PALLADIUM - NEW YORK MERCANTILE EXCHANGE","PALLADIUM","19901","1523","11295","10223","3357"
"2012-09-11T00:00:00.000","PALLADIUM - NEW YORK MERCANTILE EXCHANGE","PALLADIUM","19154","1092","11677","9285","2087"
"2012-09-11T00:00:00.000","GOLD - COMMODITY EXCHANGE INC.","GOLD","460531","72737","266203","147696","10083"
"2012-09-11T00:00:00.000","COPPER-GRADE #1 - COMMODITY EXCHANGE INC.","COPPER","147630","6769","48954","41429","23931"
"2012-09-11T00:00:00.000","SILVER - COMMODITY EXCHANGE INC.","SILVER","121050","12129","64473","30731","3976"
"2012-09-11T00:00:00.000","PLATINUM - NEW YORK MERCANTILE EXCHANGE","PLATINUM","56375","2677","28812","29310","5639"
"2012-09-11T00:00:00.000","NATURAL GAS - NEW YORK MERCANTILE EXCHANGE","NATURAL GAS","1133496","124855","145032","212621","236291"
"2012-09-18T00:00:00.000","PALLADIUM - NEW YORK MERCANTILE EXCHANGE","PALLADIUM","20377","667","12027","10463","1551"
"2012-09-18T00:00:00.000","GOLD - COMMODITY EXCHANGE INC.","GOLD","478609","44354","236273","155972","11670"
"2012-09-18T00:00:00.000","COPPER-GRADE #1 - COMMODITY EXCHANGE INC.","COPPER","149098","6480","50783","42111","24947"
"2012-09-18T00:00:00.000","SILVER - COMMODITY EXCHANGE INC.","SILVER","127032","9256","51855","31582","3990"
"2012-09-18T00:00:00.000","PLATINUM - NEW YORK MERCANTILE EXCHANGE","PLATINUM","57118","1905","30085","31853","4147"
"2012-09-18T00:00:00.000","NATURAL GAS - NEW YORK MERCANTILE EXCHANGE","NATURAL GAS","1122990","125359","151798","203796","215762"
"2012-09-25T00:00:00.000","PALLADIUM - NEW YORK MERCANTILE EXCHANGE","PALLADIUM","20057","763","12916","10631","1385"
"2012-09-25T00:00:00.000","GOLD - COMMODITY EXCHANGE INC.","GOLD","489516","44057","256629","167404","9176"
"2012-09-25T00:00:00.000","COPPER-GRADE #1 - COMMODITY EXCHANGE INC.","COPPER","152263","6401","52602","46597","26015"
"2012-09-25T00:00:00.000","SILVER - COMMODITY EXCHANGE INC.","SILVER","133163","9204","52944","35613","4259"
"2012-09-25T00:00:00.000","PLATINUM - NEW YORK MERCANTILE EXCHANGE","PLATINUM","58824","2320","33712","33857","3486"
"2012-09-25T00:00:00.000","NATURAL GAS - NEW YORK MERCANTILE EXCHANGE","NATURAL GAS","1067076","121867","149573","200723","211043"
"2012-10-02T00:00:00.000","PALLADIUM - NEW YORK MERCANTILE EXCHANGE","PALLADIUM","20458","680","13286","10900","1309"
"2012-10-02T00:00:00.000","GOLD - COMMODITY EXCHANGE INC.","GOLD","480908","42029","258285","171822","8832"
"2012-10-02T00:00:00.000","COPPER-GRADE #1 - COMMODITY EXCHANGE INC.","COPPER","152264","5451","56565","47502","23186"
"2012-10-02T00:00:00.000","SILVER - COMMODITY EXCHANGE INC.","SILVER","139117","9130","56351","37591","2627"
"2012-10-02T00:00:00.000","PLATINUM - NEW YORK MERCANTILE EXCHANGE","PLATINUM","60889","1956","34990","36207","3141"
"2012-10-02T00:00:00.000","NATURAL GAS - NEW YORK MERCANTILE EXCHANGE","NATURAL GAS","1147792","121007","161706","221543","187574"
"2012-10-09T00:00:00.000","NATURAL GAS - NEW YORK MERCANTILE EXCHANGE","NATURAL GAS","1187378","129373","170329","234652","191607"
"2012-10-09T00:00:00.000","GOLD - COMMODITY EXCHANGE INC.","GOLD","484359","41908","258562","177644","10171"
"2012-10-09T00:00:00.000","COPPER-GRADE #1 - COMMODITY EXCHANGE INC.","COPPER","152004","5185","58772","45002","21554"
"2012-10-09T00:00:00.000","SILVER - COMMODITY EXCHANGE INC.","SILVER","140426","9302","55807","39512","3138"
"2012-10-09T00:00:00.000","PLATINUM - NEW YORK MERCANTILE EXCHANGE","PLATINUM","64674","1804","36182","39625","3245"
"2012-10-09T00:00:00.000","PALLADIUM - NEW YORK MERCANTILE EXCHANGE","PALLADIUM","20295","550","13049","11436","1482"
"2012-10-16T00:00:00.000","NATURAL GAS - NEW YORK MERCANTILE EXCHANGE","NATURAL GAS","1188592","140006","177978","248350","213064"
"2012-10-16T00:00:00.000","GOLD - COMMODITY EXCHANGE INC.","GOLD","462826","39443","238865","169829","11245"
"2012-10-16T00:00:00.000","COPPER-GRADE #1 - COMMODITY EXCHANGE INC.","COPPER","150296","5030","57864","43632","19856"
"2012-10-16T00:00:00.000","SILVER - COMMODITY EXCHANGE INC.","SILVER","141405","8810","54852","37906","3087"
"2012-10-16T00:00:00.000","PLATINUM - NEW YORK MERCANTILE EXCHANGE","PLATINUM","64707","1653","36855","40232","2723"
"2012-10-16T00:00:00.000","PALLADIUM - NEW YORK MERCANTILE EXCHANGE","PALLADIUM","19725","663","12276","10749","1338"
"2012-10-23T00:00:00.000","PALLADIUM - NEW YORK MERCANTILE EXCHANGE","PALLADIUM","19885","843","11597","9554","1938"
"2012-10-23T00:00:00.000","GOLD - COMMODITY EXCHANGE INC.","GOLD","455836","40928","232022","159412","12776"
"2012-10-23T00:00:00.000","COPPER-GRADE #1 - COMMODITY EXCHANGE INC.","COPPER","153564","9391","60879","39694","21627"
"2012-10-23T00:00:00.000","SILVER - COMMODITY EXCHANGE INC.","SILVER","140643","9186","54308","35242","3626"
"2012-10-23T00:00:00.000","PLATINUM - NEW YORK MERCANTILE EXCHANGE","PLATINUM","62200","1689","36366","38129","3497"
"2012-10-23T00:00:00.000","NATURAL GAS - NEW YORK MERCANTILE EXCHANGE","NATURAL GAS","1204690","141218","177626","259337","221132"
"2012-10-30T00:00:00.000","PALLADIUM - NEW YORK MERCANTILE EXCHANGE","PALLADIUM","20761","1183","11096","9279","3206"
"2012-10-30T00:00:00.000","GOLD - COMMODITY EXCHANGE INC.","GOLD","454742","41732","226728","149389","13961"
"2012-10-30T00:00:00.000","COPPER-GRADE #1 - COMMODITY EXCHANGE INC.","COPPER","156569","11192","58909","35512","28548"
"2012-10-30T00:00:00.000","SILVER - COMMODITY EXCHANGE INC.","SILVER","137585","9124","53083","34328","5218"
"2012-10-30T00:00:00.000","PLATINUM - NEW YORK MERCANTILE EXCHANGE","PLATINUM","61449","2236","36082","35929","4666"
"2012-10-30T00:00:00.000","NATURAL GAS - NEW YORK MERCANTILE EXCHANGE","NATURAL GAS","1183848","133631","173947","254519","218238"
"2012-11-06T00:00:00.000","PALLADIUM - NEW YORK MERCANTILE EXCHANGE","PALLADIUM","21665","1391","11571","9857","3385"
"2012-11-06T00:00:00.000","GOLD - COMMODITY EXCHANGE INC.","GOLD","447154","44160","211709","128668","13499"
"2012-11-06T00:00:00.000","COPPER-GRADE #1 - COMMODITY EXCHANGE INC.","COPPER","155396","12065","57900","32746","30674"
"2012-11-06T00:00:00.000","SILVER - COMMODITY EXCHANGE INC.","SILVER","139313","9551","53663","32227","5589"
"2012-11-06T00:00:00.000","PLATINUM - NEW YORK MERCANTILE EXCHANGE","PLATINUM","60132","2601","35630","31883","4213"
"2012-11-06T00:00:00.000","NATURAL GAS - NEW YORK MERCANTILE EXCHANGE","NATURAL GAS","1175941","119950","157988","233500","217216"
"2012-11-13T00:00:00.000","PALLADIUM - NEW YORK MERCANTILE EXCHANGE","PALLADIUM","21933","1434","11741","10127","2906"
"2012-11-13T00:00:00.000","COPPER-GRADE #1 - COMMODITY EXCHANGE INC.","COPPER","151884","8207","52369","30809","31640"
"2012-11-13T00:00:00.000","SILVER - COMMODITY EXCHANGE INC.","SILVER","144567","9538","55066","32663","5645"
"2012-11-13T00:00:00.000","GOLD - COMMODITY EXCHANGE INC.","GOLD","459761","44875","227746","137972","13042"
"2012-11-13T00:00:00.000","PLATINUM - NEW YORK MERCANTILE EXCHANGE","PLATINUM","60470","2880","35771","30472","4927"
"2012-11-13T00:00:00.000","NATURAL GAS - NEW YORK MERCANTILE EXCHANGE","NATURAL GAS","1150704","113951","154052","208266","210849"
"2012-11-20T00:00:00.000","PLATINUM - NEW YORK MERCANTILE EXCHANGE","PLATINUM","59533","2490","35247","28440","4738"
"2012-11-20T00:00:00.000","GOLD - COMMODITY EXCHANGE INC.","GOLD","474129","44224","233033","147339","11400"
"2012-11-20T00:00:00.000","COPPER-GRADE #1 - COMMODITY EXCHANGE INC.","COPPER","147748","12033","55540","29778","32430"
"2012-11-20T00:00:00.000","NATURAL GAS - NEW YORK MERCANTILE EXCHANGE","NATURAL GAS","1156533","112420","153869","223470","211397"
"2012-11-20T00:00:00.000","SILVER - COMMODITY EXCHANGE INC.","SILVER","150335","9583","58469","35954","3739"
"2012-11-20T00:00:00.000","PALLADIUM - NEW YORK MERCANTILE EXCHANGE","PALLADIUM","21897","983","12278","11144","2022"
"2012-11-27T00:00:00.000","SILVER - COMMODITY EXCHANGE INC.","SILVER","150727","11644","62803","39784","3299"
"2012-11-27T00:00:00.000","GOLD - COMMODITY EXCHANGE INC.","GOLD","479373","47394","244733","159947","7640"
"2012-11-27T00:00:00.000","COPPER-GRADE #1 - COMMODITY EXCHANGE INC.","COPPER","145313","8795","54531","29202","30755"
"2012-11-27T00:00:00.000","PLATINUM - NEW YORK MERCANTILE EXCHANGE","PLATINUM","61261","2903","35861","31150","4379"
"2012-11-27T00:00:00.000","PALLADIUM - NEW YORK MERCANTILE EXCHANGE","PALLADIUM","22786","1126","13588","12174","1384"
"2012-11-27T00:00:00.000","NATURAL GAS - NEW YORK MERCANTILE EXCHANGE","NATURAL GAS","1164799","110523","157245","237197","218715"
"2012-12-04T00:00:00.000","NATURAL GAS - NEW YORK MERCANTILE EXCHANGE","NATURAL GAS","1152312","104368","145969","213670","257755"
"2012-12-04T00:00:00.000","GOLD - COMMODITY EXCHANGE INC.","GOLD","434416","48256","223187","134304","15559"
"2012-12-04T00:00:00.000","COPPER-GRADE #1 - COMMODITY EXCHANGE INC.","COPPER","143993","5444","58476","33312","19831"
"2012-12-04T00:00:00.000","SILVER - COMMODITY EXCHANGE INC.","SILVER","141738","10595","59903","39361","2969"
"2012-12-04T00:00:00.000","PLATINUM - NEW YORK MERCANTILE EXCHANGE","PLATINUM","61309","1725","36142","32264","4312"
"2012-12-04T00:00:00.000","PALLADIUM - NEW YORK MERCANTILE EXCHANGE","PALLADIUM","23194","737","14974","14773","695"
"2012-12-11T00:00:00.000","PALLADIUM - NEW YORK MERCANTILE EXCHANGE","PALLADIUM","24856","754","15923","16043","1088"
"2012-12-11T00:00:00.000","GOLD - COMMODITY EXCHANGE INC.","GOLD","433586","50170","212748","134234","14579"
"2012-12-11T00:00:00.000","COPPER-GRADE #1 - COMMODITY EXCHANGE INC.","COPPER","151310","5613","63805","39284","17161"
"2012-12-11T00:00:00.000","SILVER - COMMODITY EXCHANGE INC.","SILVER","142085","10541","58364","37532","3602"
"2012-12-11T00:00:00.000","PLATINUM - NEW YORK MERCANTILE EXCHANGE","PLATINUM","63805","1703","36200","34813","3559"
"2012-12-11T00:00:00.000","NATURAL GAS - NEW YORK MERCANTILE EXCHANGE","NATURAL GAS","1137704","111707","152476","210992","260980"
"2012-12-18T00:00:00.000","PALLADIUM - NEW YORK MERCANTILE EXCHANGE","PALLADIUM","26517","720","15808","17773","1719"
"2012-12-18T00:00:00.000","GOLD - COMMODITY EXCHANGE INC.","GOLD","435742","50213","199985","130786","22755"
"2012-12-18T00:00:00.000","COPPER-GRADE #1 - COMMODITY EXCHANGE INC.","COPPER","153815","6401","66143","42233","17702"
"2012-12-18T00:00:00.000","SILVER - COMMODITY EXCHANGE INC.","SILVER","141423","11005","57620","33175","3652"
"2012-12-18T00:00:00.000","PLATINUM - NEW YORK MERCANTILE EXCHANGE","PLATINUM","64501","1249","36983","36028","2782"
"2012-12-18T00:00:00.000","NATURAL GAS - NEW YORK MERCANTILE EXCHANGE","NATURAL GAS","1167143","131117","165938","212399","278231"
"2012-12-24T00:00:00.000","PALLADIUM - NEW YORK MERCANTILE EXCHANGE","PALLADIUM","26325","547","16074","17838","1392"
"2012-12-24T00:00:00.000","GOLD - COMMODITY EXCHANGE INC.","GOLD","426300","51885","188906","128403","29509"
"2012-12-24T00:00:00.000","COPPER-GRADE #1 - COMMODITY EXCHANGE INC.","COPPER","148449","7604","62048","35797","20809"
"2012-12-24T00:00:00.000","SILVER - COMMODITY EXCHANGE INC.","SILVER","140751","12439","53440","27545","4542"
"2012-12-24T00:00:00.000","PLATINUM - NEW YORK MERCANTILE EXCHANGE","PLATINUM","62466","2765","34703","32328","3686"
"2012-12-24T00:00:00.000","NATURAL GAS - NEW YORK MERCANTILE EXCHANGE","NATURAL GAS","1164624","138759","166100","213194","305616"
"2012-12-31T00:00:00.000","PALLADIUM - NEW YORK MERCANTILE EXCHANGE","PALLADIUM","28532","602","17165","19238","1390"
"2012-12-31T00:00:00.000","GOLD - COMMODITY EXCHANGE INC.","GOLD","427991","50991","186493","124967","27848"
"2012-12-31T00:00:00.000","COPPER-GRADE #1 - COMMODITY EXCHANGE INC.","COPPER","146548","7719","63993","34694","18770"
"2012-12-31T00:00:00.000","SILVER - COMMODITY EXCHANGE INC.","SILVER","141489","13156","53645","27421","4882"
"2012-12-31T00:00:00.000","PLATINUM - NEW YORK MERCANTILE EXCHANGE","PLATINUM","59593","2815","33041","32381","4887"
"2012-12-31T00:00:00.000","NATURAL GAS - NEW YORK MERCANTILE EXCHANGE","NATURAL GAS","1164815","137336","165465","214598","304569"
"2013-01-08T00:00:00.000","NATURAL GAS - NEW YORK MERCANTILE EXCHANGE","NATURAL GAS","1175043","141351","170716","221886","306797"
"2013-01-08T00:00:00.000","GOLD - COMMODITY EXCHANGE INC.","GOLD","441304","51806","187324","117603","30254"
"2013-01-08T00:00:00.000","COPPER-GRADE #1 - COMMODITY EXCHANGE INC.","COPPER","156245","10716","70884","36715","16550"
"2013-01-08T00:00:00.000","SILVER - COMMODITY EXCHANGE INC.","SILVER","137542","12337","51395","26390","5497"
"2013-01-08T00:00:00.000","PLATINUM - NEW YORK MERCANTILE EXCHANGE","PLATINUM","62313","2487","33468","34157","5508"
"2013-01-08T00:00:00.000","PALLADIUM - NEW YORK MERCANTILE EXCHANGE","PALLADIUM","27462","1892","17475","16731","1575"
"2013-01-15T00:00:00.000","NATURAL GAS - NEW YORK MERCANTILE EXCHANGE","NATURAL GAS","1174780","132416","156186","219833","302537"
"2013-01-15T00:00:00.000","GOLD - COMMODITY EXCHANGE INC.","GOLD","447773","52729","188070","118437","27333"
"2013-01-15T00:00:00.000","COPPER-GRADE #1 - COMMODITY EXCHANGE INC.","COPPER","155689","10887","71123","35789","19621"
"2013-01-15T00:00:00.000","SILVER - COMMODITY EXCHANGE INC.","SILVER","140433","12890","52564","27730","5418"
"2013-01-15T00:00:00.000","PLATINUM - NEW YORK MERCANTILE EXCHANGE","PLATINUM","63266","2797","35055","36200","1999"
"2013-01-15T00:00:00.000","PALLADIUM - NEW YORK MERCANTILE EXCHANGE","PALLADIUM","29944","2136","17513","18100","1970"
"2013-01-22T00:00:00.000","PALLADIUM - NEW YORK MERCANTILE EXCHANGE","PALLADIUM","31940","1884","18511","20195","1812"
"2013-01-22T00:00:00.000","GOLD - COMMODITY EXCHANGE INC.","GOLD","461369","55162","195954","121758","23861"
"2013-01-22T00:00:00.000","COPPER-GRADE #1 - COMMODITY EXCHANGE INC.","COPPER","161899","11290","70795","35415","18977"
"2013-01-22T00:00:00.000","SILVER - COMMODITY EXCHANGE INC.","SILVER","142279","11526","53353","31764","5449"
"2013-01-22T00:00:00.000","PLATINUM - NEW YORK MERCANTILE EXCHANGE","PLATINUM","64784","1885","35911","40128","2260"
"2013-01-22T00:00:00.000","NATURAL GAS - NEW YORK MERCANTILE EXCHANGE","NATURAL GAS","1174981","130734","157064","223542","284287"
"2013-01-29T00:00:00.000","PALLADIUM - NEW YORK MERCANTILE EXCHANGE","PALLADIUM","35172","1405","20224","23951","2129"
"2013-01-29T00:00:00.000","GOLD - COMMODITY EXCHANGE INC.","GOLD","430718","62343","193626","111076","34575"
"2013-01-29T00:00:00.000","COPPER-GRADE #1 - COMMODITY EXCHANGE INC.","COPPER","168493","12469","71723","35221","20773"
"2013-01-29T00:00:00.000","SILVER - COMMODITY EXCHANGE INC.","SILVER","148532","11720","56349","33814","4548"
"2013-01-29T00:00:00.000","PLATINUM - NEW YORK MERCANTILE EXCHANGE","PLATINUM","68157","2225","37591","42734","2626"
"2013-01-29T00:00:00.000","NATURAL GAS - NEW YORK MERCANTILE EXCHANGE","NATURAL GAS","1146846","126987","158974","228543","291784"
"2013-02-05T00:00:00.000","PALLADIUM - NEW YORK MERCANTILE EXCHANGE","PALLADIUM","37627","1224","21925","24877","2491"
"2013-02-05T00:00:00.000","GOLD - COMMODITY EXCHANGE INC.","GOLD","423982","49831","184696","113058","34510"
"2013-02-05T00:00:00.000","COPPER-GRADE #1 - COMMODITY EXCHANGE INC.","COPPER","183941","16982","81229","44912","22262"
"2013-02-05T00:00:00.000","SILVER - COMMODITY EXCHANGE INC.","SILVER","151512","12337","57557","33289","3219"
"2013-02-05T00:00:00.000","PLATINUM - NEW YORK MERCANTILE EXCHANGE","PLATINUM","71955","2317","39356","43745","2965"
"2013-02-05T00:00:00.000","NATURAL GAS - NEW YORK MERCANTILE EXCHANGE","NATURAL GAS","1201259","142824","172397","225459","282622"
"2013-02-12T00:00:00.000","PALLADIUM - NEW YORK MERCANTILE EXCHANGE","PALLADIUM","38763","1183","23212","25566","2215"
"2013-02-12T00:00:00.000","GOLD - COMMODITY EXCHANGE INC.","GOLD","435088","54166","179008","113939","47357"
"2013-02-12T00:00:00.000","COPPER-GRADE #1 - COMMODITY EXCHANGE INC.","COPPER","174441","10949","71836","44964","21866"
"2013-02-12T00:00:00.000","SILVER - COMMODITY EXCHANGE INC.","SILVER","152817","14384","58555","31071","4733"
"2013-02-12T00:00:00.000","PLATINUM - NEW YORK MERCANTILE EXCHANGE","PLATINUM","73657","2564","40152","42716","1870"
"2013-02-12T00:00:00.000","NATURAL GAS - NEW YORK MERCANTILE EXCHANGE","NATURAL GAS","1193809","150443","177200","221816","291263"
"2013-02-19T00:00:00.000","PALLADIUM - NEW YORK MERCANTILE EXCHANGE","PALLADIUM","38162","1118","23720","25367","2491"
"2013-02-19T00:00:00.000","GOLD - COMMODITY EXCHANGE INC.","GOLD","447290","56079","160514","109507","66697"
"2013-02-19T00:00:00.000","COPPER-GRADE #1 - COMMODITY EXCHANGE INC.","COPPER","178372","12344","69347","38179","26766"
"2013-02-19T00:00:00.000","SILVER - COMMODITY EXCHANGE INC.","SILVER","155353","13800","53939","27296","9320"
"2013-02-19T00:00:00.000","PLATINUM - NEW YORK MERCANTILE EXCHANGE","PLATINUM","72215","2791","39850","40600","1174"
"2013-02-19T00:00:00.000","NATURAL GAS - NEW YORK MERCANTILE EXCHANGE","NATURAL GAS","1199688","144030","165665","213290","295975"
"2013-02-26T00:00:00.000","SILVER - COMMODITY EXCHANGE INC.","SILVER","145625","13243","52043","25946","13361"
"2013-02-26T00:00:00.000","GOLD - COMMODITY EXCHANGE INC.","GOLD","433858","50828","159967","112888","62035"
"2013-02-26T00:00:00.000","COPPER-GRADE #1 - COMMODITY EXCHANGE INC.","COPPER","161180","12384","57674","25839","33004"
"2013-02-26T00:00:00.000","PLATINUM - NEW YORK MERCANTILE EXCHANGE","PLATINUM","66162","2687","37413","33969","1608"
"2013-02-26T00:00:00.000","PALLADIUM - NEW YORK MERCANTILE EXCHANGE","PALLADIUM","34819","855","22427","23348","1363"
"2013-02-26T00:00:00.000","NATURAL GAS - NEW YORK MERCANTILE EXCHANGE","NATURAL GAS","1201674","154341","172552","213966","281656"
"2013-03-05T00:00:00.000","NATURAL GAS - NEW YORK MERCANTILE EXCHANGE","NATURAL GAS","1236980","163903","185369","225564","258745"
"2013-03-05T00:00:00.000","GOLD - COMMODITY EXCHANGE INC.","GOLD","434586","54198","153960","108352","67182"
"2013-03-05T00:00:00.000","COPPER-GRADE #1 - COMMODITY EXCHANGE INC.","COPPER","159485","12184","49959","24581","40963"
"2013-03-05T00:00:00.000","SILVER - COMMODITY EXCHANGE INC.","SILVER","147100","14317","50904","24575","17123"
"2013-03-05T00:00:00.000","PLATINUM - NEW YORK MERCANTILE EXCHANGE","PLATINUM","64689","3252","37656","31967","1962"
"2013-03-05T00:00:00.000","PALLADIUM - NEW YORK MERCANTILE EXCHANGE","PALLADIUM","34479","1408","22588","23567","1465"
"2013-03-12T00:00:00.000","PALLADIUM - NEW YORK MERCANTILE EXCHANGE","PALLADIUM","38141","861","24216","25615","1001"
"2013-03-12T00:00:00.000","GOLD - COMMODITY EXCHANGE INC.","GOLD","445651","55461","150703","112966","68642"
"2013-03-12T00:00:00.000","COPPER-GRADE #1 - COMMODITY EXCHANGE INC.","COPPER","158500","13182","50437","24540","41303"
"2013-03-12T00:00:00.000","SILVER - COMMODITY EXCHANGE INC.","SILVER","148283","13854","49977","24088","17800"
"2013-03-12T00:00:00.000","PLATINUM - NEW YORK MERCANTILE EXCHANGE","PLATINUM","65079","2908","36680","30720","3192"
"2013-03-12T00:00:00.000","NATURAL GAS - NEW YORK MERCANTILE EXCHANGE","NATURAL GAS","1272844","174771","209694","246452","244990"
"2013-03-19T00:00:00.000","PALLADIUM - NEW YORK MERCANTILE EXCHANGE","PALLADIUM","37671","783","24206","25515","1270"
"2013-03-19T00:00:00.000","COPPER-GRADE #1 - COMMODITY EXCHANGE INC.","COPPER","168616","17870","52215","22064","47782"
"2013-03-19T00:00:00.000","SILVER - COMMODITY EXCHANGE INC.","SILVER","151521","14562","49199","24856","20841"
"2013-03-19T00:00:00.000","GOLD - COMMODITY EXCHANGE INC.","GOLD","440712","53473","152898","121388","56609"
"2013-03-19T00:00:00.000","PLATINUM - NEW YORK MERCANTILE EXCHANGE","PLATINUM","64670","3557","36303","29145","5119"
"2013-03-19T00:00:00.000","NATURAL GAS - NEW YORK MERCANTILE EXCHANGE","NATURAL GAS","1340116","158074","202914","291772","247720"
"2013-03-26T00:00:00.000","PALLADIUM - NEW YORK MERCANTILE EXCHANGE","PALLADIUM","37808","773","23949","24999","1259"
"2013-03-26T00:00:00.000","GOLD - COMMODITY EXCHANGE INC.","GOLD","419727","58542","153528","110766","54831"
"2013-03-26T00:00:00.000","COPPER-GRADE #1 - COMMODITY EXCHANGE INC.","COPPER","172979","20460","52025","22684","52720"
"2013-03-26T00:00:00.000","SILVER - COMMODITY EXCHANGE INC.","SILVER","151568","14080","47936","23480","22405"
"2013-03-26T00:00:00.000","PLATINUM - NEW YORK MERCANTILE EXCHANGE","PLATINUM","65542","6456","37467","30556","6334"
"2013-03-26T00:00:00.000","NATURAL GAS - NEW YORK MERCANTILE EXCHANGE","NATURAL GAS","1407669","157636","227943","320351","257655"
"2013-04-02T00:00:00.000","PALLADIUM - NEW YORK MERCANTILE EXCHANGE","PALLADIUM","40010","826","24594","26784","1108"
"2013-04-02T00:00:00.000","GOLD - COMMODITY EXCHANGE INC.","GOLD","417176","53548","136021","110504","66308"
"2013-04-02T00:00:00.000","COPPER-GRADE #1 - COMMODITY EXCHANGE INC.","COPPER","179944","22044","49239","21302","60302"
"2013-04-02T00:00:00.000","SILVER - COMMODITY EXCHANGE INC.","SILVER","155755","15866","44909","23840","26337"
"2013-04-02T00:00:00.000","PLATINUM - NEW YORK MERCANTILE EXCHANGE","PLATINUM","63829","4213","36839","31526","6729"
"2013-04-02T00:00:00.000","NATURAL GAS - NEW YORK MERCANTILE EXCHANGE","NATURAL GAS","1459808","160972","246322","327188","252547"
"2013-04-09T00:00:00.000","NATURAL GAS - NEW YORK MERCANTILE EXCHANGE","NATURAL GAS","1517970","168594","259135","340236","253079"
"2013-04-09T00:00:00.000","GOLD - COMMODITY EXCHANGE INC.","GOLD","416513","53345","129907","113423","63436"
"2013-04-09T00:00:00.000","COPPER-GRADE #1 - COMMODITY EXCHANGE INC.","COPPER","182719","19556","45111","24749","57691"
"2013-04-09T00:00:00.000","SILVER - COMMODITY EXCHANGE INC.","SILVER","162241","17458","47033","25463","26072"
"2013-04-09T00:00:00.000","PLATINUM - NEW YORK MERCANTILE EXCHANGE","PLATINUM","64905","6500","34404","32021","10001"
"2013-04-09T00:00:00.000","PALLADIUM - NEW YORK MERCANTILE EXCHANGE","PALLADIUM","38032","1076","22666","24164","1733"
"2013-04-16T00:00:00.000","NATURAL GAS - NEW YORK MERCANTILE EXCHANGE","NATURAL GAS","1564250","186832","281138","340888","271005"
"2013-04-16T00:00:00.000","GOLD - COMMODITY EXCHANGE INC.","GOLD","413083","61088","134458","122687","54025"
"2013-04-16T00:00:00.000","COPPER-GRADE #1 - COMMODITY EXCHANGE INC.","COPPER","187450","30820","56630","26087","53591"
"2013-04-16T00:00:00.000","SILVER - COMMODITY EXCHANGE INC.","SILVER","157302","15312","47508","27416","17967"
"2013-04-16T00:00:00.000","PLATINUM - NEW YORK MERCANTILE EXCHANGE","PLATINUM","61946","7424","33241","31047","9625"
"2013-04-16T00:00:00.000","PALLADIUM - NEW YORK MERCANTILE EXCHANGE","PALLADIUM","36931","2256","21370","21792","1757"
"2013-04-23T00:00:00.000","PALLADIUM - NEW YORK MERCANTILE EXCHANGE","PALLADIUM","35716","2276","20639","20726","2306"
"2013-04-23T00:00:00.000","GOLD - COMMODITY EXCHANGE INC.","GOLD","415074","68445","118507","119662","66743"
"2013-04-23T00:00:00.000","COPPER-GRADE #1 - COMMODITY EXCHANGE INC.","COPPER","172312","24316","51462","30284","46075"
"2013-04-23T00:00:00.000","SILVER - COMMODITY EXCHANGE INC.","SILVER","158970","17448","47344","26811","19163"
"2013-04-23T00:00:00.000","PLATINUM - NEW YORK MERCANTILE EXCHANGE","PLATINUM","62976","7267","33055","31781","10744"
"2013-04-23T00:00:00.000","NATURAL GAS - NEW YORK MERCANTILE EXCHANGE","NATURAL GAS","1573733","187533","288628","337555","255464"
"2013-04-30T00:00:00.000","PALLADIUM - NEW YORK MERCANTILE EXCHANGE","PALLADIUM","36193","2734","20885","20372","1803"
"2013-04-30T00:00:00.000","GOLD - COMMODITY EXCHANGE INC.","GOLD","421087","77240","120192","116815","65224"
"2013-04-30T00:00:00.000","COPPER-GRADE #1 - COMMODITY EXCHANGE INC.","COPPER","166042","23252","47472","27703","51133"
"2013-04-30T00:00:00.000","SILVER - COMMODITY EXCHANGE INC.","SILVER","143477","21014","47669","25505","18327"
"2013-04-30T00:00:00.000","PLATINUM - NEW YORK MERCANTILE EXCHANGE","PLATINUM","62692","6577","34308","32476","9329"
"2013-04-30T00:00:00.000","NATURAL GAS - NEW YORK MERCANTILE EXCHANGE","NATURAL GAS","1559802","183321","281410","340216","243367"
"2013-05-07T00:00:00.000","PALLADIUM - NEW YORK MERCANTILE EXCHANGE","PALLADIUM","35922","2512","20926","19983","2028"
"2013-05-07T00:00:00.000","GOLD - COMMODITY EXCHANGE INC.","GOLD","437931","83822","121285","115705","67172"
"2013-05-07T00:00:00.000","COPPER-GRADE #1 - COMMODITY EXCHANGE INC.","COPPER","158787","19313","46031","26935","43731"
"2013-05-07T00:00:00.000","SILVER - COMMODITY EXCHANGE INC.","SILVER","144156","20196","47202","24651","18048"
"2013-05-07T00:00:00.000","PLATINUM - NEW YORK MERCANTILE EXCHANGE","PLATINUM","63701","7017","33763","32640","9756"
"2013-05-07T00:00:00.000","NATURAL GAS - NEW YORK MERCANTILE EXCHANGE","NATURAL GAS","1537414","159150","259109","328253","248959"
"2013-05-14T00:00:00.000","PALLADIUM - NEW YORK MERCANTILE EXCHANGE","PALLADIUM","36906","2811","21484","20038","631"
"2013-05-14T00:00:00.000","GOLD - COMMODITY EXCHANGE INC.","GOLD","443806","97264","124330","112533","73149"
"2013-05-14T00:00:00.000","COPPER-GRADE #1 - COMMODITY EXCHANGE INC.","COPPER","159750","20231","47783","27503","40667"
"2013-05-14T00:00:00.000","SILVER - COMMODITY EXCHANGE INC.","SILVER","144666","20636","46346","24794","21099"
"2013-05-14T00:00:00.000","PLATINUM - NEW YORK MERCANTILE EXCHANGE","PLATINUM","63509","7185","34071","33341","9293"
"2013-05-14T00:00:00.000","NATURAL GAS - NEW YORK MERCANTILE EXCHANGE","NATURAL GAS","1507390","152395","251318","295778","236720"
"2013-05-21T00:00:00.000","SILVER - COMMODITY EXCHANGE INC.","SILVER","148619","21882","47778","24739","22758"
"2013-05-21T00:00:00.000","GOLD - COMMODITY EXCHANGE INC.","GOLD","446087","95314","129648","113088","76730"
"2013-05-21T00:00:00.000","COPPER-GRADE #1 - COMMODITY EXCHANGE INC.","COPPER","162304","21318","51783","27848","36937"
"2013-05-21T00:00:00.000","PALLADIUM - NEW YORK MERCANTILE EXCHANGE","PALLADIUM","36735","2372","22010","20144","637"
"2013-05-21T00:00:00.000","NATURAL GAS - NEW YORK MERCANTILE EXCHANGE","NATURAL GAS","1490834","150155","246728","286895","229831"
"2013-05-21T00:00:00.000","PLATINUM - NEW YORK MERCANTILE EXCHANGE","PLATINUM","63518","8500","31813","31942","11265"
"2013-05-28T00:00:00.000","NATURAL GAS - NEW YORK MERCANTILE EXCHANGE","NATURAL GAS","1498148","145911","242988","312079","236161"
"2013-05-28T00:00:00.000","GOLD - COMMODITY EXCHANGE INC.","GOLD","411001","75989","113560","114281","67244"
"2013-05-28T00:00:00.000","COPPER-GRADE #1 - COMMODITY EXCHANGE INC.","COPPER","165931","21717","52677","27120","36038"
"2013-05-28T00:00:00.000","SILVER - COMMODITY EXCHANGE INC.","SILVER","145299","18747","44897","24003","23324"
"2013-05-28T00:00:00.000","PLATINUM - NEW YORK MERCANTILE EXCHANGE","PLATINUM","63619","8102","31201","31954","12101"
"2013-05-28T00:00:00.000","PALLADIUM - NEW YORK MERCANTILE EXCHANGE","PALLADIUM","37666","2663","22623","21560","694"
"2013-06-04T00:00:00.000","NATURAL GAS - NEW YORK MERCANTILE EXCHANGE","NATURAL GAS","1460034","146734","243070","295516","247309"
"2013-06-04T00:00:00.000","GOLD - COMMODITY EXCHANGE INC.","GOLD","373061","67333","100463","112259","58671"
"2013-06-04T00:00:00.000","COPPER-GRADE #1 - COMMODITY EXCHANGE INC.","COPPER","168538","20927","53945","28533","35189"
"2013-06-04T00:00:00.000","SILVER - COMMODITY EXCHANGE INC.","SILVER","145734","20759","46587","24938","23004"
"2013-06-04T00:00:00.000","PLATINUM - NEW YORK MERCANTILE EXCHANGE","PLATINUM","61991","6841","30034","32202","10154"
"2013-06-04T00:00:00.000","PALLADIUM - NEW YORK MERCANTILE EXCHANGE","PALLADIUM","36364","2179","21976","22361","784"
"2013-06-11T00:00:00.000","PALLADIUM - NEW YORK MERCANTILE EXCHANGE","PALLADIUM","37301","2096","22229","23565","942"
"2013-06-11T00:00:00.000","GOLD - COMMODITY EXCHANGE INC.","GOLD","373844","66809","96688","116492","61174"
"2013-06-11T00:00:00.000","COPPER-GRADE #1 - COMMODITY EXCHANGE INC.","COPPER","181231","27445","55229","25973","44687"
"2013-06-11T00:00:00.000","SILVER - COMMODITY EXCHANGE INC.","SILVER","147175","18917","45365","24787","25444"
"2013-06-11T00:00:00.000","PLATINUM - NEW YORK MERCANTILE EXCHANGE","PLATINUM","62964","6479","31322","32592","9362"
"2013-06-11T00:00:00.000","NATURAL GAS - NEW YORK MERCANTILE EXCHANGE","NATURAL GAS","1433839","158634","239643","270466","242833"
"2013-06-18T00:00:00.000","PALLADIUM - NEW YORK MERCANTILE EXCHANGE","PALLADIUM","36845","1691","21878","23057","953"
"2013-06-18T00:00:00.000","GOLD - COMMODITY EXCHANGE INC.","GOLD","377106","69754","90094","110415","71162"
"2013-06-18T00:00:00.000","COPPER-GRADE #1 - COMMODITY EXCHANGE INC.","COPPER","194877","34547","55626","26887","55896"
"2013-06-18T00:00:00.000","SILVER - COMMODITY EXCHANGE INC.","SILVER","149891","18066","44621","24898","25323"
"2013-06-18T00:00:00.000","PLATINUM - NEW YORK MERCANTILE EXCHANGE","PLATINUM","62677","7493","28597","32238","12358"
"2013-06-18T00:00:00.000","NATURAL GAS - NEW YORK MERCANTILE EXCHANGE","NATURAL GAS","1442807","167207","242967","260358","246143"
"2013-06-25T00:00:00.000","PALLADIUM - NEW YORK MERCANTILE EXCHANGE","PALLADIUM","34530","1947","19693","20285","1510"
"2013-06-25T00:00:00.000","GOLD - COMMODITY EXCHANGE INC.","GOLD","390647","77991","97257","107441","77152"
"2013-06-25T00:00:00.000","COPPER-GRADE #1 - COMMODITY EXCHANGE INC.","COPPER","178746","29800","44160","27037","59634"
"2013-06-25T00:00:00.000","SILVER - COMMODITY EXCHANGE INC.","SILVER","140639","16293","43724","26690","26512"
"2013-06-25T00:00:00.000","PLATINUM - NEW YORK MERCANTILE EXCHANGE","PLATINUM","63824","8045","28311","32010","13862"
"2013-06-25T00:00:00.000","NATURAL GAS - NEW YORK MERCANTILE EXCHANGE","NATURAL GAS","1408440","160069","235848","258660","251086"
"2013-07-02T00:00:00.000","PALLADIUM - NEW YORK MERCANTILE EXCHANGE","PALLADIUM","35142","2122","20842","20215","1974"
"2013-07-02T00:00:00.000","GOLD - COMMODITY EXCHANGE INC.","GOLD","410399","87590","102780","103011","81627"
"2013-07-02T00:00:00.000","COPPER-GRADE #1 - COMMODITY EXCHANGE INC.","COPPER","170977","27471","42464","29465","56428"
"2013-07-02T00:00:00.000","SILVER - COMMODITY EXCHANGE INC.","SILVER","136146","17271","45244","27371","24421"
"2013-07-02T00:00:00.000","PLATINUM - NEW YORK MERCANTILE EXCHANGE","PLATINUM","61248","8602","27737","32740","14447"
"2013-07-02T00:00:00.000","NATURAL GAS - NEW YORK MERCANTILE EXCHANGE","NATURAL GAS","1388993","156646","222663","263701","265129"
"2013-07-09T00:00:00.000","NATURAL GAS - NEW YORK MERCANTILE EXCHANGE","NATURAL GAS","1380105","154708","219075","269665","274832"
"2013-07-09T00:00:00.000","GOLD - COMMODITY EXCHANGE INC.","GOLD","431574","97549","112677","105942","82060"
"2013-07-09T00:00:00.000","COPPER-GRADE #1 - COMMODITY EXCHANGE INC.","COPPER","169108","26711","42710","28384","54668"
"2013-07-09T00:00:00.000","SILVER - COMMODITY EXCHANGE INC.","SILVER","133851","16191","43503","27462","23527"
"2013-07-09T00:00:00.000","PLATINUM - NEW YORK MERCANTILE EXCHANGE","PLATINUM","61593","9415","27944","32655","14649"
"2013-07-09T00:00:00.000","PALLADIUM - NEW YORK MERCANTILE EXCHANGE","PALLADIUM","34543","1876","20788","20582","1732"
"2013-07-16T00:00:00.000","NATURAL GAS - NEW YORK MERCANTILE EXCHANGE","NATURAL GAS","1406912","168491","233472","272010","273110"
"2013-07-16T00:00:00.000","COPPER-GRADE #1 - COMMODITY EXCHANGE INC.","COPPER","163870","24509","47376","28748","44400"
"2013-07-16T00:00:00.000","SILVER - COMMODITY EXCHANGE INC.","SILVER","133445","16053","45498","27430","22983"
"2013-07-16T00:00:00.000","GOLD - COMMODITY EXCHANGE INC.","GOLD","440283","112727","126621","106737","64896"
"2013-07-16T00:00:00.000","PLATINUM - NEW YORK MERCANTILE EXCHANGE","PLATINUM","60670","9519","27880","32189","12899"
"2013-07-16T00:00:00.000","PALLADIUM - NEW YORK MERCANTILE EXCHANGE","PALLADIUM","33994","1722","21259","20505","630"
"2013-07-23T00:00:00.000","PALLADIUM - NEW YORK MERCANTILE EXCHANGE","PALLADIUM","36414","1483","21165","22641","656"
"2013-07-23T00:00:00.000","GOLD - COMMODITY EXCHANGE INC.","GOLD","434750","111059","125351","111993","56639"
"2013-07-23T00:00:00.000","COPPER-GRADE #1 - COMMODITY EXCHANGE INC.","COPPER","161805","25076","46936","29208","42158"
"2013-07-23T00:00:00.000","SILVER - COMMODITY EXCHANGE INC.","SILVER","131748","16161","45276","27199","21383"
"2013-07-23T00:00:00.000","PLATINUM - NEW YORK MERCANTILE EXCHANGE","PLATINUM","62923","9840","28871","32766","12012"
"2013-07-23T00:00:00.000","NATURAL GAS - NEW YORK MERCANTILE EXCHANGE","NATURAL GAS","1399786","170507","238669","271062","255553"
"2013-07-30T00:00:00.000","PALLADIUM - NEW YORK MERCANTILE EXCHANGE","PALLADIUM","37791","1209","21677","23941","990"
"2013-07-30T00:00:00.000","GOLD - COMMODITY EXCHANGE INC.","GOLD","397035","102399","106813","108850","56821"
"2013-07-30T00:00:00.000","COPPER-GRADE #1 - COMMODITY EXCHANGE INC.","COPPER","166158","24478","38000","25653","52576"
"2013-07-30T00:00:00.000","SILVER - COMMODITY EXCHANGE INC.","SILVER","132831","16447","44003","28602","22102"
"2013-07-30T00:00:00.000","PLATINUM - NEW YORK MERCANTILE EXCHANGE","PLATINUM","63811","9502","29835","35223","10775"
"2013-07-30T00:00:00.000","NATURAL GAS - NEW YORK MERCANTILE EXCHANGE","NATURAL GAS","1368913","165392","233556","270039","276092"
"2013-08-06T00:00:00.000","PALLADIUM - NEW YORK MERCANTILE EXCHANGE","PALLADIUM","38182","1267","21945","25204","995"
"2013-08-06T00:00:00.000","GOLD - COMMODITY EXCHANGE INC.","GOLD","396062","100446","104902","105340","70596"
"2013-08-06T00:00:00.000","COPPER-GRADE #1 - COMMODITY EXCHANGE INC.","COPPER","163880","22719","43583","26753","41414"
"2013-08-06T00:00:00.000","SILVER - COMMODITY EXCHANGE INC.","SILVER","132053","13354","39744","27625","23430"
"2013-08-06T00:00:00.000","PLATINUM - NEW YORK MERCANTILE EXCHANGE","PLATINUM","64066","9407","30296","34762","9397"
"2013-08-06T00:00:00.000","NATURAL GAS - NEW YORK MERCANTILE EXCHANGE","NATURAL GAS","1368006","161959","227128","265928","286815"
"2013-08-13T00:00:00.000","PALLADIUM - NEW YORK MERCANTILE EXCHANGE","PALLADIUM","39308","1187","22130","25662","1155"
"2013-08-13T00:00:00.000","GOLD - COMMODITY EXCHANGE INC.","GOLD","390547","97495","104789","100561","62573"
"2013-08-13T00:00:00.000","COPPER-GRADE #1 - COMMODITY EXCHANGE INC.","COPPER","161593","24559","60689","30434","23535"
"2013-08-13T00:00:00.000","SILVER - COMMODITY EXCHANGE INC.","SILVER","135226","14141","46445","29913","18451"
"2013-08-13T00:00:00.000","PLATINUM - NEW YORK MERCANTILE EXCHANGE","PLATINUM","64953","9699","32453","33844","6215"
"2013-08-13T00:00:00.000","NATURAL GAS - NEW YORK MERCANTILE EXCHANGE","NATURAL GAS","1370250","155370","214731","263378","294387"
"2013-08-20T00:00:00.000","PALLADIUM - NEW YORK MERCANTILE EXCHANGE","PALLADIUM","39391","1096","24934","26088","1018"
"2013-08-20T00:00:00.000","GOLD - COMMODITY EXCHANGE INC.","GOLD","385410","86423","98763","104483","56067"
"2013-08-20T00:00:00.000","COPPER-GRADE #1 - COMMODITY EXCHANGE INC.","COPPER","160062","21890","63019","36260","21978"
"2013-08-20T00:00:00.000","SILVER - COMMODITY EXCHANGE INC.","SILVER","131076","14184","47294","29207","13039"
"2013-08-20T00:00:00.000","PLATINUM - NEW YORK MERCANTILE EXCHANGE","PLATINUM","65710","9479","33324","35589","5062"
"2013-08-20T00:00:00.000","NATURAL GAS - NEW YORK MERCANTILE EXCHANGE","NATURAL GAS","1363235","151651","211807","267016","285029"
"2013-08-27T00:00:00.000","SILVER - COMMODITY EXCHANGE INC.","SILVER","122271","12019","48304","26879","11863"
"2013-08-27T00:00:00.000","GOLD - COMMODITY EXCHANGE INC.","GOLD","384102","81581","102111","105531","35142"
"2013-08-27T00:00:00.000","COPPER-GRADE #1 - COMMODITY EXCHANGE INC.","COPPER","156847","22442","63772","34638","21578"
"2013-08-27T00:00:00.000","PLATINUM - NEW YORK MERCANTILE EXCHANGE","PLATINUM","66996","9382","34805","36467","4218"
"2013-08-27T00:00:00.000","PALLADIUM - NEW YORK MERCANTILE EXCHANGE","PALLADIUM","37753","1163","24932","25581","1092"
"2013-08-27T00:00:00.000","NATURAL GAS - NEW YORK MERCANTILE EXCHANGE","NATURAL GAS","1328438","149646","211998","266651","270248"
"2013-09-03T00:00:00.000","NATURAL GAS - NEW YORK MERCANTILE EXCHANGE","NATURAL GAS","1328801","149383","208534","270189","270385"
"2013-09-03T00:00:00.000","GOLD - COMMODITY EXCHANGE INC.","GOLD","388584","81562","106201","107642","32242"
"2013-09-03T00:00:00.000","COPPER-GRADE #1 - COMMODITY EXCHANGE INC.","COPPER","149072","19477","57185","32446","24224"
"2013-09-03T00:00:00.000","SILVER - COMMODITY EXCHANGE INC.","SILVER","115644","10630","45829","27731","10084"
"2013-09-03T00:00:00.000","PLATINUM - NEW YORK MERCANTILE EXCHANGE","PLATINUM","66585","7587","35578","36438","3900"
"2013-09-03T00:00:00.000","PALLADIUM - NEW YORK MERCANTILE EXCHANGE","PALLADIUM","35316","1021","24088","24044","1510"
"2013-09-10T00:00:00.000","PALLADIUM - NEW YORK MERCANTILE EXCHANGE","PALLADIUM","34514","1672","22838","22680","1430"
"2013-09-10T00:00:00.000","GOLD - COMMODITY EXCHANGE INC.","GOLD","384164","84890","101758","100358","35578"
"2013-09-10T00:00:00.000","COPPER-GRADE #1 - COMMODITY EXCHANGE INC.","COPPER","149202","19940","54597","29114","27096"
"2013-09-10T00:00:00.000","SILVER - COMMODITY EXCHANGE INC.","SILVER","112276","10433","43323","26262","11166"
"2013-09-10T00:00:00.000","PLATINUM - NEW YORK MERCANTILE EXCHANGE","PLATINUM","63223","6307","34429","35133","4425"
"2013-09-10T00:00:00.000","NATURAL GAS - NEW YORK MERCANTILE EXCHANGE","NATURAL GAS","1306595","142618","201884","270018","272417"
"2013-09-17T00:00:00.000","PALLADIUM - NEW YORK MERCANTILE EXCHANGE","PALLADIUM","34825","1515","22482","22980","2158"
"2013-09-17T00:00:00.000","GOLD - COMMODITY EXCHANGE INC.","GOLD","384592","85522","96426","96370","41590"
"2013-09-17T00:00:00.000","COPPER-GRADE #1 - COMMODITY EXCHANGE INC.","COPPER","149173","20306","49845","27078","30880"
"2013-09-17T00:00:00.000","SILVER - COMMODITY EXCHANGE INC.","SILVER","112757","9923","42100","23835","11781"
"2013-09-17T00:00:00.000","PLATINUM - NEW YORK MERCANTILE EXCHANGE","PLATINUM","61006","6563","33804","32142","5222"
"2013-09-17T00:00:00.000","NATURAL GAS - NEW YORK MERCANTILE EXCHANGE","NATURAL GAS","1325431","135562","201876","272539","263646"
"2013-09-24T00:00:00.000","PALLADIUM - NEW YORK MERCANTILE EXCHANGE","PALLADIUM","35410","1792","23159","23403","1526"
"2013-09-24T00:00:00.000","GOLD - COMMODITY EXCHANGE INC.","GOLD","378216","83916","96807","99035","35023"
"2013-09-24T00:00:00.000","COPPER-GRADE #1 - COMMODITY EXCHANGE INC.","COPPER","147511","17519","52305","29218","23942"
"2013-09-24T00:00:00.000","SILVER - COMMODITY EXCHANGE INC.","SILVER","112317","10987","42478","22960","12421"
"2013-09-24T00:00:00.000","PLATINUM - NEW YORK MERCANTILE EXCHANGE","PLATINUM","59279","6583","32018","32522","5576"
"2013-09-24T00:00:00.000","NATURAL GAS - NEW YORK MERCANTILE EXCHANGE","NATURAL GAS","1284673","130716","204527","267118","270272"
"2013-10-01T00:00:00.000","PALLADIUM - NEW YORK MERCANTILE EXCHANGE","PALLADIUM","35689","1802","23323","23705","1167"
"2013-10-01T00:00:00.000","GOLD - COMMODITY EXCHANGE INC.","GOLD","374151","92044","101222","97777","36394"
"2013-10-01T00:00:00.000","COPPER-GRADE #1 - COMMODITY EXCHANGE INC.","COPPER","148001","16178","54666","30036","22207"
"2013-10-01T00:00:00.000","SILVER - COMMODITY EXCHANGE INC.","SILVER","115238","11979","42754","25769","13932"
"2013-10-01T00:00:00.000","PLATINUM - NEW YORK MERCANTILE EXCHANGE","PLATINUM","59708","6702","31908","32369","8296"
"2013-10-01T00:00:00.000","NATURAL GAS - NEW YORK MERCANTILE EXCHANGE","NATURAL GAS","1275792","135717","207874","264850","287546"
"2013-10-08T00:00:00.000","NATURAL GAS - NEW YORK MERCANTILE EXCHANGE","NATURAL GAS","1246549","132362","202028","260903","284050"
"2013-10-08T00:00:00.000","GOLD - COMMODITY EXCHANGE INC.","GOLD","370406","88837","105698","97919","26363"
"2013-10-08T00:00:00.000","COPPER-GRADE #1 - COMMODITY EXCHANGE INC.","COPPER","147936","15616","53780","27721","23308"
"2013-10-08T00:00:00.000","SILVER - COMMODITY EXCHANGE INC.","SILVER","116098","11692","44307","26422","12157"
"2013-10-08T00:00:00.000","PLATINUM - NEW YORK MERCANTILE EXCHANGE","PLATINUM","60888","7292","30732","31669","10933"
"2013-10-08T00:00:00.000","PALLADIUM - NEW YORK MERCANTILE EXCHANGE","PALLADIUM","36267","2135","23322","23181","1558"
"2013-10-15T00:00:00.000","NATURAL GAS - NEW YORK MERCANTILE EXCHANGE","NATURAL GAS","1266770","152197","238186","260598","240256"
"2013-10-15T00:00:00.000","GOLD - COMMODITY EXCHANGE INC.","GOLD","381727","91615","103060","97326","44536"
"2013-10-15T00:00:00.000","COPPER-GRADE #1 - COMMODITY EXCHANGE INC.","COPPER","149819","17647","50221","28591","24509"
"2013-10-15T00:00:00.000","SILVER - COMMODITY EXCHANGE INC.","SILVER","116207","12633","44572","26706","13853"
"2013-10-15T00:00:00.000","PLATINUM - NEW YORK MERCANTILE EXCHANGE","PLATINUM","60716","7012","31560","29702","10680"
"2013-10-15T00:00:00.000","PALLADIUM - NEW YORK MERCANTILE EXCHANGE","PALLADIUM","36477","2145","23020","23171","1796"
"2013-10-22T00:00:00.000","SILVER - COMMODITY EXCHANGE INC.","SILVER","116767","11568","47172","29291","11626"
"2013-10-22T00:00:00.000","GOLD - COMMODITY EXCHANGE INC.","GOLD","390369","89361","109995","105074","38476"
"2013-10-22T00:00:00.000","COPPER-GRADE #1 - COMMODITY EXCHANGE INC.","COPPER","154924","17294","52346","35451","16920"
"2013-10-22T00:00:00.000","PLATINUM - NEW YORK MERCANTILE EXCHANGE","PLATINUM","58993","6048","31762","29602","8823"
"2013-10-22T00:00:00.000","PALLADIUM - NEW YORK MERCANTILE EXCHANGE","PALLADIUM","37936","1905","23751","24796","1039"
"2013-10-22T00:00:00.000","NATURAL GAS - NEW YORK MERCANTILE EXCHANGE","NATURAL GAS","1261740","151003","238090","258369","244478"
"2013-10-29T00:00:00.000","PALLADIUM - NEW YORK MERCANTILE EXCHANGE","PALLADIUM","38956","1506","24212","25949","1370"
"2013-10-29T00:00:00.000","GOLD - COMMODITY EXCHANGE INC.","GOLD","387166","90404","116664","109627","21224"
"2013-10-29T00:00:00.000","COPPER-GRADE #1 - COMMODITY EXCHANGE INC.","COPPER","154498","24268","51961","30992","20702"
"2013-10-29T00:00:00.000","SILVER - COMMODITY EXCHANGE INC.","SILVER","117934","11474","46312","31540","12200"
"2013-10-29T00:00:00.000","PLATINUM - NEW YORK MERCANTILE EXCHANGE","PLATINUM","57827","5210","31719","29978","5415"
"2013-10-29T00:00:00.000","NATURAL GAS - NEW YORK MERCANTILE EXCHANGE","NATURAL GAS","1261896","146707","232961","252078","271666"
"2013-11-05T00:00:00.000","PALLADIUM - NEW YORK MERCANTILE EXCHANGE","PALLADIUM","40147","1353","24234","25985","1400"
"2013-11-05T00:00:00.000","GOLD - COMMODITY EXCHANGE INC.","GOLD","386796","87629","116465","105007","26923"
"2013-11-05T00:00:00.000","COPPER-GRADE #1 - COMMODITY EXCHANGE INC.","COPPER","148624","21833","51683","28774","23844"
"2013-11-05T00:00:00.000","SILVER - COMMODITY EXCHANGE INC.","SILVER","118718","11152","45995","30017","12137"
"2013-11-05T00:00:00.000","PLATINUM - NEW YORK MERCANTILE EXCHANGE","PLATINUM","58319","4699","33310","30925","3197"
"2013-11-05T00:00:00.000","NATURAL GAS - NEW YORK MERCANTILE EXCHANGE","NATURAL GAS","1278043","125597","186736","252866","329822"
"2013-11-12T00:00:00.000","PALLADIUM - NEW YORK MERCANTILE EXCHANGE","PALLADIUM","41464","1661","25191","27160","1732"
"2013-11-12T00:00:00.000","GOLD - COMMODITY EXCHANGE INC.","GOLD","403840","88916","109031","100760","54653"
"2013-11-12T00:00:00.000","COPPER-GRADE #1 - COMMODITY EXCHANGE INC.","COPPER","163264","25955","48304","28395","36526"
"2013-11-12T00:00:00.000","SILVER - COMMODITY EXCHANGE INC.","SILVER","129525","13290","46548","29491","19732"
"2013-11-12T00:00:00.000","PLATINUM - NEW YORK MERCANTILE EXCHANGE","PLATINUM","59048","3807","34300","30846","3031"
"2013-11-12T00:00:00.000","NATURAL GAS - NEW YORK MERCANTILE EXCHANGE","NATURAL GAS","1279355","135541","193395","249008","340580"
"2013-11-19T00:00:00.000","PLATINUM - NEW YORK MERCANTILE EXCHANGE","PLATINUM","58571","3939","32103","30119","4935"
"2013-11-19T00:00:00.000","GOLD - COMMODITY EXCHANGE INC.","GOLD","397590","85180","97592","97331","62800"
"2013-11-19T00:00:00.000","COPPER-GRADE #1 - COMMODITY EXCHANGE INC.","COPPER","173106","31761","41422","27744","51802"
"2013-11-19T00:00:00.000","NATURAL GAS - NEW YORK MERCANTILE EXCHANGE","NATURAL GAS","1279061","135225","194720","249610","329382"
"2013-11-19T00:00:00.000","SILVER - COMMODITY EXCHANGE INC.","SILVER","138809","15986","45033","29072","23822"
"2013-11-19T00:00:00.000","PALLADIUM - NEW YORK MERCANTILE EXCHANGE","PALLADIUM","38152","1357","24126","24633","2003"
"2013-11-26T00:00:00.000","NATURAL GAS - NEW YORK MERCANTILE EXCHANGE","NATURAL GAS","1240883","127928","188141","259381","277184"
"2013-11-26T00:00:00.000","GOLD - COMMODITY EXCHANGE INC.","GOLD","394432","92112","86202","93619","77658"
"2013-11-26T00:00:00.000","COPPER-GRADE #1 - COMMODITY EXCHANGE INC.","COPPER","158780","25885","37528","29315","49053"
"2013-11-26T00:00:00.000","SILVER - COMMODITY EXCHANGE INC.","SILVER","133287","15245","42554","29637","27808"
"2013-11-26T00:00:00.000","PLATINUM - NEW YORK MERCANTILE EXCHANGE","PLATINUM","61034","5117","30134","29414","9993"
"2013-11-26T00:00:00.000","PALLADIUM - NEW YORK MERCANTILE EXCHANGE","PALLADIUM","36338","1764","22828","22659","1670"
"2013-12-03T00:00:00.000","NATURAL GAS - NEW YORK MERCANTILE EXCHANGE","NATURAL GAS","1267787","137586","206110","267074","242868"
"2013-12-03T00:00:00.000","GOLD - COMMODITY EXCHANGE INC.","GOLD","386436","89853","77558","93671","83730"
"2013-12-03T00:00:00.000","COPPER-GRADE #1 - COMMODITY EXCHANGE INC.","COPPER","160042","25663","37524","30360","49676"
"2013-12-03T00:00:00.000","SILVER - COMMODITY EXCHANGE INC.","SILVER","133109","14607","38575","28557","32332"
"2013-12-03T00:00:00.000","PLATINUM - NEW YORK MERCANTILE EXCHANGE","PLATINUM","61351","5354","27644","29529","13199"
"2013-12-03T00:00:00.000","PALLADIUM - NEW YORK MERCANTILE EXCHANGE","PALLADIUM","35385","2060","22377","22283","1768"
"2013-12-10T00:00:00.000","PALLADIUM - NEW YORK MERCANTILE EXCHANGE","PALLADIUM","36051","2059","22907","21535","1323"
"2013-12-10T00:00:00.000","GOLD - COMMODITY EXCHANGE INC.","GOLD","377313","85670","75406","94330","78527"
"2013-12-10T00:00:00.000","COPPER-GRADE #1 - COMMODITY EXCHANGE INC.","COPPER","159552","25575","43965","34596","35840"
"2013-12-10T00:00:00.000","SILVER - COMMODITY EXCHANGE INC.","SILVER","133086","16782","43866","29730","28581"
"2013-12-10T00:00:00.000","PLATINUM - NEW YORK MERCANTILE EXCHANGE","PLATINUM","62152","5006","27952","30369","14086"
"2013-12-10T00:00:00.000","NATURAL GAS - NEW YORK MERCANTILE EXCHANGE","NATURAL GAS","1308411","156246","226163","283256","228820"
"2013-12-17T00:00:00.000","PALLADIUM - NEW YORK MERCANTILE EXCHANGE","PALLADIUM","36789","2761","22628","20975","2203"
"2013-12-17T00:00:00.000","GOLD - COMMODITY EXCHANGE INC.","GOLD","385432","90760","79659","93399","79637"
"2013-12-17T00:00:00.000","COPPER-GRADE #1 - COMMODITY EXCHANGE INC.","COPPER","159879","19441","48311","43742","23085"
"2013-12-17T00:00:00.000","SILVER - COMMODITY EXCHANGE INC.","SILVER","133306","16404","44632","30361","26652"
"2013-12-17T00:00:00.000","PLATINUM - NEW YORK MERCANTILE EXCHANGE","PLATINUM","64211","5862","29844","29706","15342"
"2013-12-17T00:00:00.000","NATURAL GAS - NEW YORK MERCANTILE EXCHANGE","NATURAL GAS","1321483","147134","221763","312522","191705"
"2013-12-24T00:00:00.000","PALLADIUM - NEW YORK MERCANTILE EXCHANGE","PALLADIUM","37782","3524","21011","19399","3720"
"2013-12-24T00:00:00.000","GOLD - COMMODITY EXCHANGE INC.","GOLD","384974","87970","76015","93958","82765"
"2013-12-24T00:00:00.000","COPPER-GRADE #1 - COMMODITY EXCHANGE INC.","COPPER","164932","17599","48809","50492","21040"
"2013-12-24T00:00:00.000","SILVER - COMMODITY EXCHANGE INC.","SILVER","132501","16986","44957","30321","26996"
"2013-12-24T00:00:00.000","PLATINUM - NEW YORK MERCANTILE EXCHANGE","PLATINUM","64199","7573","27968","29001","16105"
"2013-12-24T00:00:00.000","NATURAL GAS - NEW YORK MERCANTILE EXCHANGE","NATURAL GAS","1294536","142724","227048","306670","171580"
"2013-12-31T00:00:00.000","PALLADIUM - NEW YORK MERCANTILE EXCHANGE","PALLADIUM","38881","3595","21043","19413","4176"
"2013-12-31T00:00:00.000","GOLD - COMMODITY EXCHANGE INC.","GOLD","379550","85708","80151","96059","78334"
"2013-12-31T00:00:00.000","COPPER-GRADE #1 - COMMODITY EXCHANGE INC.","COPPER","167024","14774","53816","55831","20208"
"2013-12-31T00:00:00.000","SILVER - COMMODITY EXCHANGE INC.","SILVER","132475","16377","46317","31779","23967"
"2013-12-31T00:00:00.000","PLATINUM - NEW YORK MERCANTILE EXCHANGE","PLATINUM","62037","7434","28865","29169","14781"
"2013-12-31T00:00:00.000","NATURAL GAS - NEW YORK MERCANTILE EXCHANGE","NATURAL GAS","1291380","136559","225847","316656","179576"
"2014-01-07T00:00:00.000","NATURAL GAS - NEW YORK MERCANTILE EXCHANGE","NATURAL GAS","1308426","145426","236767","308934","183192"
"2014-01-07T00:00:00.000","GOLD - COMMODITY EXCHANGE INC.","GOLD","383021","85519","82409","98659","74421"
"2014-01-07T00:00:00.000","COPPER-GRADE #1 - COMMODITY EXCHANGE INC.","COPPER","169588","13685","54039","55828","20803"
"2014-01-07T00:00:00.000","SILVER - COMMODITY EXCHANGE INC.","SILVER","131294","15822","45939","30297","20715"
"2014-01-07T00:00:00.000","PLATINUM - NEW YORK MERCANTILE EXCHANGE","PLATINUM","59561","6331","30546","28378","9767"
"2014-01-07T00:00:00.000","PALLADIUM - NEW YORK MERCANTILE EXCHANGE","PALLADIUM","38773","3592","21753","20339","3294"
"2014-01-14T00:00:00.000","NATURAL GAS - NEW YORK MERCANTILE EXCHANGE","NATURAL GAS","1275849","151829","238824","280114","149548"
"2014-01-14T00:00:00.000","GOLD - COMMODITY EXCHANGE INC.","GOLD","415426","101424","95297","104303","76033"
"2014-01-14T00:00:00.000","COPPER-GRADE #1 - COMMODITY EXCHANGE INC.","COPPER","163296","16299","51015","47778","22108"
"2014-01-14T00:00:00.000","SILVER - COMMODITY EXCHANGE INC.","SILVER","136158","15743","46638","31793","20634"
"2014-01-14T00:00:00.000","PLATINUM - NEW YORK MERCANTILE EXCHANGE","PLATINUM","58636","4988","33532","28726","6121"
"2014-01-14T00:00:00.000","PALLADIUM - NEW YORK MERCANTILE EXCHANGE","PALLADIUM","38643","3528","22315","20874","2882"
"2014-01-21T00:00:00.000","PALLADIUM - NEW YORK MERCANTILE EXCHANGE","PALLADIUM","39226","3546","22435","22819","2861"
"2014-01-21T00:00:00.000","GOLD - COMMODITY EXCHANGE INC.","GOLD","410959","105533","99956","104723","74506"
"2014-01-21T00:00:00.000","COPPER-GRADE #1 - COMMODITY EXCHANGE INC.","COPPER","160115","11550","47809","51056","20367"
"2014-01-21T00:00:00.000","SILVER - COMMODITY EXCHANGE INC.","SILVER","139468","17261","47216","32102","22288"
"2014-01-21T00:00:00.000","PLATINUM - NEW YORK MERCANTILE EXCHANGE","PLATINUM","60358","3675","36455","29349","5119"
"2014-01-21T00:00:00.000","NATURAL GAS - NEW YORK MERCANTILE EXCHANGE","NATURAL GAS","1287601","157947","241728","293458","136078"
"2014-01-28T00:00:00.000","PALLADIUM - NEW YORK MERCANTILE EXCHANGE","PALLADIUM","39495","4400","22098","21881","3384"
"2014-01-28T00:00:00.000","GOLD - COMMODITY EXCHANGE INC.","GOLD","382739","83687","96093","109782","62544"
"2014-01-28T00:00:00.000","COPPER-GRADE #1 - COMMODITY EXCHANGE INC.","COPPER","152829","14075","44033","41471","29737"
"2014-01-28T00:00:00.000","SILVER - COMMODITY EXCHANGE INC.","SILVER","144244","17439","46417","29670","25674"
"2014-01-28T00:00:00.000","PLATINUM - NEW YORK MERCANTILE EXCHANGE","PLATINUM","60923","3559","36535","31321","4863"
"2014-01-28T00:00:00.000","NATURAL GAS - NEW YORK MERCANTILE EXCHANGE","NATURAL GAS","1257253","152925","226992","299500","124748"
"2014-02-04T00:00:00.000","PALLADIUM - NEW YORK MERCANTILE EXCHANGE","PALLADIUM","39256","5080","21127","20698","4919"
"2014-02-04T00:00:00.000","GOLD - COMMODITY EXCHANGE INC.","GOLD","368279","84257","92687","107407","63755"
"2014-02-04T00:00:00.000","COPPER-GRADE #1 - COMMODITY EXCHANGE INC.","COPPER","151800","21506","41101","33477","40299"
"2014-02-04T00:00:00.000","SILVER - COMMODITY EXCHANGE INC.","SILVER","149163","19076","41846","31093","28715"
"2014-02-04T00:00:00.000","PLATINUM - NEW YORK MERCANTILE EXCHANGE","PLATINUM","61388","4039","34661","30070","7010"
"2014-02-04T00:00:00.000","NATURAL GAS - NEW YORK MERCANTILE EXCHANGE","NATURAL GAS","1258638","154613","225800","293367","138142"
"2014-02-11T00:00:00.000","PALLADIUM - NEW YORK MERCANTILE EXCHANGE","PALLADIUM","40276","5484","21871","20520","5903"
"2014-02-11T00:00:00.000","GOLD - COMMODITY EXCHANGE INC.","GOLD","376973","80473","89428","116817","64731"
"2014-02-11T00:00:00.000","COPPER-GRADE #1 - COMMODITY EXCHANGE INC.","COPPER","164996","28784","43006","31535","47326"
"2014-02-11T00:00:00.000","SILVER - COMMODITY EXCHANGE INC.","SILVER","147988","18297","43116","32897","22947"
"2014-02-11T00:00:00.000","PLATINUM - NEW YORK MERCANTILE EXCHANGE","PLATINUM","63300","4668","34436","30381","8786"
"2014-02-11T00:00:00.000","NATURAL GAS - NEW YORK MERCANTILE EXCHANGE","NATURAL GAS","1280849","152178","224610","303404","136932"
"2014-02-18T00:00:00.000","PALLADIUM - NEW YORK MERCANTILE EXCHANGE","PALLADIUM","40436","5428","22010","20095","4655"
"2014-02-18T00:00:00.000","GOLD - COMMODITY EXCHANGE INC.","GOLD","390535","72428","98901","123273","54503"
"2014-02-18T00:00:00.000","COPPER-GRADE #1 - COMMODITY EXCHANGE INC.","COPPER","162959","21696","40869","32313","41218"
"2014-02-18T00:00:00.000","SILVER - COMMODITY EXCHANGE INC.","SILVER","147035","19046","49328","32399","12179"
"2014-02-18T00:00:00.000","PLATINUM - NEW YORK MERCANTILE EXCHANGE","PLATINUM","63376","4632","35563","30807","7424"
"2014-02-18T00:00:00.000","NATURAL GAS - NEW YORK MERCANTILE EXCHANGE","NATURAL GAS","1255232","163637","230827","292589","117136"
"2014-02-25T00:00:00.000","NATURAL GAS - NEW YORK MERCANTILE EXCHANGE","NATURAL GAS","1208023","150169","214468","300465","130515"
"2014-02-25T00:00:00.000","GOLD - COMMODITY EXCHANGE INC.","GOLD","387503","68140","104950","127279","31023"
"2014-02-25T00:00:00.000","COPPER-GRADE #1 - COMMODITY EXCHANGE INC.","COPPER","146265","16990","39320","34461","32943"
"2014-02-25T00:00:00.000","SILVER - COMMODITY EXCHANGE INC.","SILVER","144305","20071","51997","36229","9525"
"2014-02-25T00:00:00.000","PLATINUM - NEW YORK MERCANTILE EXCHANGE","PLATINUM","64653","4384","38212","31452","7474"
"2014-02-25T00:00:00.000","PALLADIUM - NEW YORK MERCANTILE EXCHANGE","PALLADIUM","41410","6108","23988","20887","4590"
"2014-03-04T00:00:00.000","NATURAL GAS - NEW YORK MERCANTILE EXCHANGE","NATURAL GAS","1190626","147613","208038","295289","144525"
"2014-03-04T00:00:00.000","GOLD - COMMODITY EXCHANGE INC.","GOLD","393266","66707","110079","128351","27184"
"2014-03-04T00:00:00.000","COPPER-GRADE #1 - COMMODITY EXCHANGE INC.","COPPER","145295","17882","38803","35504","37992"
"2014-03-04T00:00:00.000","SILVER - COMMODITY EXCHANGE INC.","SILVER","133550","15401","49224","36276","10709"
"2014-03-04T00:00:00.000","PLATINUM - NEW YORK MERCANTILE EXCHANGE","PLATINUM","66158","5788","40951","34205","5484"
"2014-03-04T00:00:00.000","PALLADIUM - NEW YORK MERCANTILE EXCHANGE","PALLADIUM","40300","3750","22669","24149","4425"
"2014-03-11T00:00:00.000","PALLADIUM - NEW YORK MERCANTILE EXCHANGE","PALLADIUM","41579","3412","23108","25940","5086"
"2014-03-11T00:00:00.000","GOLD - COMMODITY EXCHANGE INC.","GOLD","415340","61001","106750","127797","21766"
"2014-03-11T00:00:00.000","COPPER-GRADE #1 - COMMODITY EXCHANGE INC.","COPPER","155791","21343","35514","32249","42610"
"2014-03-11T00:00:00.000","SILVER - COMMODITY EXCHANGE INC.","SILVER","136625","16258","49448","35984","12610"
"2014-03-11T00:00:00.000","PLATINUM - NEW YORK MERCANTILE EXCHANGE","PLATINUM","69748","5112","43796","37073","4233"
"2014-03-11T00:00:00.000","NATURAL GAS - NEW YORK MERCANTILE EXCHANGE","NATURAL GAS","1172007","144919","205823","289021","141475"
"2014-03-18T00:00:00.000","PALLADIUM - NEW YORK MERCANTILE EXCHANGE","PALLADIUM","42334","3517","23671","25896","5611"
"2014-03-18T00:00:00.000","GOLD - COMMODITY EXCHANGE INC.","GOLD","420626","61350","121662","137216","16153"
"2014-03-18T00:00:00.000","COPPER-GRADE #1 - COMMODITY EXCHANGE INC.","COPPER","159542","22306","33143","29156","51040"
"2014-03-18T00:00:00.000","SILVER - COMMODITY EXCHANGE INC.","SILVER","144578","19129","52754","36611","15963"
"2014-03-18T00:00:00.000","PLATINUM - NEW YORK MERCANTILE EXCHANGE","PLATINUM","71251","5037","44455","38737","5691"
"2014-03-18T00:00:00.000","NATURAL GAS - NEW YORK MERCANTILE EXCHANGE","NATURAL GAS","1155891","145495","200983","279098","142813"
"2014-03-25T00:00:00.000","PALLADIUM - NEW YORK MERCANTILE EXCHANGE","PALLADIUM","42454","2659","21106","25216","6348"
"2014-03-25T00:00:00.000","GOLD - COMMODITY EXCHANGE INC.","GOLD","398264","58922","86941","125231","18218"
"2014-03-25T00:00:00.000","COPPER-GRADE #1 - COMMODITY EXCHANGE INC.","COPPER","154057","21964","32132","28600","53570"
"2014-03-25T00:00:00.000","SILVER - COMMODITY EXCHANGE INC.","SILVER","147597","18703","46401","35672","22876"
"2014-03-25T00:00:00.000","PLATINUM - NEW YORK MERCANTILE EXCHANGE","PLATINUM","69810","5208","37618","37162","4895"
"2014-03-25T00:00:00.000","NATURAL GAS - NEW YORK MERCANTILE EXCHANGE","NATURAL GAS","1138127","143634","199721","272410","153042"
"2014-04-01T00:00:00.000","PALLADIUM - NEW YORK MERCANTILE EXCHANGE","PALLADIUM","40974","2655","20891","24757","5394"
"2014-04-01T00:00:00.000","GOLD - COMMODITY EXCHANGE INC.","GOLD","363451","54606","79339","117969","26516"
"2014-04-01T00:00:00.000","COPPER-GRADE #1 - COMMODITY EXCHANGE INC.","COPPER","153098","19918","34581","28894","48618"
"2014-04-01T00:00:00.000","SILVER - COMMODITY EXCHANGE INC.","SILVER","150361","19082","45201","33982","25296"
"2014-04-01T00:00:00.000","PLATINUM - NEW YORK MERCANTILE EXCHANGE","PLATINUM","66562","6436","34475","35441","6187"
"2014-04-01T00:00:00.000","NATURAL GAS - NEW YORK MERCANTILE EXCHANGE","NATURAL GAS","1113438","148435","201296","275690","179179"
"2014-04-08T00:00:00.000","PALLADIUM - NEW YORK MERCANTILE EXCHANGE","PALLADIUM","41129","2965","21625","22867","4474"
"2014-04-08T00:00:00.000","GOLD - COMMODITY EXCHANGE INC.","GOLD","365400","54960","78829","109728","28201"
"2014-04-08T00:00:00.000","COPPER-GRADE #1 - COMMODITY EXCHANGE INC.","COPPER","153322","20380","37718","29092","42467"
"2014-04-08T00:00:00.000","SILVER - COMMODITY EXCHANGE INC.","SILVER","159316","25042","52219","34069","25699"
"2014-04-08T00:00:00.000","PLATINUM - NEW YORK MERCANTILE EXCHANGE","PLATINUM","66928","5196","34434","36353","5256"
"2014-04-08T00:00:00.000","NATURAL GAS - NEW YORK MERCANTILE EXCHANGE","NATURAL GAS","1113228","153808","206389","288781","173626"
"2014-04-15T00:00:00.000","SILVER - COMMODITY EXCHANGE INC.","SILVER","164158","25791","51313","34228","29085"
"2014-04-15T00:00:00.000","GOLD - COMMODITY EXCHANGE INC.","GOLD","369577","58448","73033","105454","32464"
"2014-04-15T00:00:00.000","COPPER-GRADE #1 - COMMODITY EXCHANGE INC.","COPPER","164022","26989","42854","28940","43768"
"2014-04-15T00:00:00.000","PLATINUM - NEW YORK MERCANTILE EXCHANGE","PLATINUM","67064","4885","33850","36601","4386"
"2014-04-15T00:00:00.000","PALLADIUM - NEW YORK MERCANTILE EXCHANGE","PALLADIUM","41882","2895","22376","22965","4041"
"2014-04-15T00:00:00.000","NATURAL GAS - NEW YORK MERCANTILE EXCHANGE","NATURAL GAS","1111608","136756","189030","293691","175286"
"2014-04-22T00:00:00.000","NATURAL GAS - NEW YORK MERCANTILE EXCHANGE","NATURAL GAS","1091694","125314","175238","298810","181028"
"2014-04-22T00:00:00.000","GOLD - COMMODITY EXCHANGE INC.","GOLD","372593","59447","74937","105681","28575"
"2014-04-22T00:00:00.000","COPPER-GRADE #1 - COMMODITY EXCHANGE INC.","COPPER","152890","22727","38524","31896","35353"
"2014-04-22T00:00:00.000","SILVER - COMMODITY EXCHANGE INC.","SILVER","157687","23820","48885","34616","28336"
"2014-04-22T00:00:00.000","PLATINUM - NEW YORK MERCANTILE EXCHANGE","PLATINUM","63645","4976","32016","33596","4181"
"2014-04-22T00:00:00.000","PALLADIUM - NEW YORK MERCANTILE EXCHANGE","PALLADIUM","42478","3238","22143","23148","3693"
"2014-04-29T00:00:00.000","PALLADIUM - NEW YORK MERCANTILE EXCHANGE","PALLADIUM","43087","3581","22610","23524","3523"
"2014-04-29T00:00:00.000","GOLD - COMMODITY EXCHANGE INC.","GOLD","378092","61248","77932","106919","29512"
"2014-04-29T00:00:00.000","COPPER-GRADE #1 - COMMODITY EXCHANGE INC.","COPPER","138987","15581","40015","33870","28860"
"2014-04-29T00:00:00.000","SILVER - COMMODITY EXCHANGE INC.","SILVER","149341","18716","44624","34612","30151"
"2014-04-29T00:00:00.000","PLATINUM - NEW YORK MERCANTILE EXCHANGE","PLATINUM","63427","6022","30901","32988","4881"
"2014-04-29T00:00:00.000","NATURAL GAS - NEW YORK MERCANTILE EXCHANGE","NATURAL GAS","1084659","119613","168926","299279","189858"
"2014-05-06T00:00:00.000","PALLADIUM - NEW YORK MERCANTILE EXCHANGE","PALLADIUM","44208","3799","21962","23244","4026"
"2014-05-06T00:00:00.000","GOLD - COMMODITY EXCHANGE INC.","GOLD","404700","64437","83172","119385","28746"
"2014-05-06T00:00:00.000","COPPER-GRADE #1 - COMMODITY EXCHANGE INC.","COPPER","142069","17828","41242","32328","31688"
"2014-05-06T00:00:00.000","SILVER - COMMODITY EXCHANGE INC.","SILVER","149495","18424","42116","35122","31480"
"2014-05-06T00:00:00.000","PLATINUM - NEW YORK MERCANTILE EXCHANGE","PLATINUM","64939","5331","31989","35817","3463"
"2014-05-06T00:00:00.000","NATURAL GAS - NEW YORK MERCANTILE EXCHANGE","NATURAL GAS","1074913","109825","157803","297560","192009"
"2014-05-13T00:00:00.000","PALLADIUM - NEW YORK MERCANTILE EXCHANGE","PALLADIUM","44496","3298","22095","23407","4550"
"2014-05-13T00:00:00.000","GOLD - COMMODITY EXCHANGE INC.","GOLD","397029","63958","89873","114561","32107"
"2014-05-13T00:00:00.000","COPPER-GRADE #1 - COMMODITY EXCHANGE INC.","COPPER","151610","16386","44904","40720","27593"
"2014-05-13T00:00:00.000","SILVER - COMMODITY EXCHANGE INC.","SILVER","149922","18646","41386","35193","30805"
"2014-05-13T00:00:00.000","PLATINUM - NEW YORK MERCANTILE EXCHANGE","PLATINUM","67432","3922","33204","36910","2957"
"2014-05-13T00:00:00.000","NATURAL GAS - NEW YORK MERCANTILE EXCHANGE","NATURAL GAS","1023801","110173","151080","270924","188966"
"2014-05-20T00:00:00.000","GOLD - COMMODITY EXCHANGE INC.","GOLD","399371","60814","86888","112385","31232"
"2014-05-20T00:00:00.000","COPPER-GRADE #1 - COMMODITY EXCHANGE INC.","COPPER","150346","16068","47398","41903","23219"
"2014-05-20T00:00:00.000","SILVER - COMMODITY EXCHANGE INC.","SILVER","150164","17352","38960","34113","33276"
"2014-05-20T00:00:00.000","PLATINUM - NEW YORK MERCANTILE EXCHANGE","PLATINUM","70109","3584","34525","40531","2866"
"2014-05-20T00:00:00.000","PALLADIUM - NEW YORK MERCANTILE EXCHANGE","PALLADIUM","43517","2653","21148","23807","4389"
"2014-05-20T00:00:00.000","NATURAL GAS - NEW YORK MERCANTILE EXCHANGE","NATURAL GAS","997231","106243","145345","256440","184751"
"2014-05-27T00:00:00.000","PLATINUM - NEW YORK MERCANTILE EXCHANGE","PLATINUM","70304","3824","34785","40092","2682"
"2014-05-27T00:00:00.000","GOLD - COMMODITY EXCHANGE INC.","GOLD","397695","50019","64916","111146","53577"
"2014-05-27T00:00:00.000","COPPER-GRADE #1 - COMMODITY EXCHANGE INC.","COPPER","153499","15777","48053","42800","21594"
"2014-05-27T00:00:00.000","NATURAL GAS - NEW YORK MERCANTILE EXCHANGE","NATURAL GAS","980333","103351","141152","257535","184746"
"2014-05-27T00:00:00.000","SILVER - COMMODITY EXCHANGE INC.","SILVER","156319","17905","38518","34227","38453"
"2014-05-27T00:00:00.000","PALLADIUM - NEW YORK MERCANTILE EXCHANGE","PALLADIUM","42575","2300","20850","25729","4292"
"2014-06-03T00:00:00.000","PLATINUM - NEW YORK MERCANTILE EXCHANGE","PLATINUM","69875","3966","33595","40003","2201"
"2014-06-03T00:00:00.000","NATURAL GAS - NEW YORK MERCANTILE EXCHANGE","NATURAL GAS","986495","110597","149265","268505","193755"
"2014-06-03T00:00:00.000","PALLADIUM - NEW YORK MERCANTILE EXCHANGE","PALLADIUM","41058","1961","19928","26126","4753"
"2014-06-03T00:00:00.000","SILVER - COMMODITY EXCHANGE INC.","SILVER","161062","16409","36740","35166","42804"
"2014-06-03T00:00:00.000","COPPER-GRADE #1 - COMMODITY EXCHANGE INC.","COPPER","151783","16144","48101","38036","21887"
"2014-06-03T00:00:00.000","GOLD - COMMODITY EXCHANGE INC.","GOLD","382141","48855","63220","111245","73063"
"2014-06-10T00:00:00.000","NATURAL GAS - NEW YORK MERCANTILE EXCHANGE","NATURAL GAS","1020527","122280","153517","285256","215109"
"2014-06-10T00:00:00.000","PALLADIUM - NEW YORK MERCANTILE EXCHANGE","PALLADIUM","40873","1821","19312","25553","5006"
"2014-06-10T00:00:00.000","PLATINUM - NEW YORK MERCANTILE EXCHANGE","PLATINUM","69756","4731","33177","39765","3060"
"2014-06-10T00:00:00.000","SILVER - COMMODITY EXCHANGE INC.","SILVER","161532","16368","38078","35455","39270"
"2014-06-10T00:00:00.000","COPPER-GRADE #1 - COMMODITY EXCHANGE INC.","COPPER","147453","18274","48534","30795","25794"
"2014-06-10T00:00:00.000","GOLD - COMMODITY EXCHANGE INC.","GOLD","378689","45471","59335","111795","73741"
"2014-06-17T00:00:00.000","PALLADIUM - NEW YORK MERCANTILE EXCHANGE","PALLADIUM","39133","1990","17872","24289","5281"
"2014-06-17T00:00:00.000","GOLD - COMMODITY EXCHANGE INC.","GOLD","379843","45840","63426","113624","60065"
"2014-06-17T00:00:00.000","COPPER-GRADE #1 - COMMODITY EXCHANGE INC.","COPPER","151523","19212","46871","28750","29151"
"2014-06-17T00:00:00.000","SILVER - COMMODITY EXCHANGE INC.","SILVER","164576","17292","39921","36380","30142"
"2014-06-17T00:00:00.000","PLATINUM - NEW YORK MERCANTILE EXCHANGE","PLATINUM","67854","5394","33788","36535","3376"
"2014-06-17T00:00:00.000","NATURAL GAS - NEW YORK MERCANTILE EXCHANGE","NATURAL GAS","1059370","132087","165437","298891","221561"
"2014-06-24T00:00:00.000","PALLADIUM - NEW YORK MERCANTILE EXCHANGE","PALLADIUM","39594","2006","18060","25262","4709"
"2014-06-24T00:00:00.000","GOLD - COMMODITY EXCHANGE INC.","GOLD","392388","43455","81598","134571","34641"
"2014-06-24T00:00:00.000","COPPER-GRADE #1 - COMMODITY EXCHANGE INC.","COPPER","142413","13898","50340","34514","20301"
"2014-06-24T00:00:00.000","SILVER - COMMODITY EXCHANGE INC.","SILVER","158093","14676","44349","42272","17765"
"2014-06-24T00:00:00.000","PLATINUM - NEW YORK MERCANTILE EXCHANGE","PLATINUM","65525","4607","33156","36842","2455"
"2014-06-24T00:00:00.000","NATURAL GAS - NEW YORK MERCANTILE EXCHANGE","NATURAL GAS","1045923","139000","156479","283448","223592"
"2014-07-01T00:00:00.000","PALLADIUM - NEW YORK MERCANTILE EXCHANGE","PALLADIUM","40545","1825","18615","25705","4639"
"2014-07-01T00:00:00.000","GOLD - COMMODITY EXCHANGE INC.","GOLD","401813","38911","91232","149227","23273"
"2014-07-01T00:00:00.000","COPPER-GRADE #1 - COMMODITY EXCHANGE INC.","COPPER","146243","12723","56017","44419","19729"
"2014-07-01T00:00:00.000","SILVER - COMMODITY EXCHANGE INC.","SILVER","156698","13669","43469","49245","13043"
"2014-07-01T00:00:00.000","PLATINUM - NEW YORK MERCANTILE EXCHANGE","PLATINUM","69466","3970","34266","42222","2209"
"2014-07-01T00:00:00.000","NATURAL GAS - NEW YORK MERCANTILE EXCHANGE","NATURAL GAS","1031681","141860","154409","265109","215605"
"2014-07-08T00:00:00.000","PALLADIUM - NEW YORK MERCANTILE EXCHANGE","PALLADIUM","42409","1887","19195","25726","4475"
"2014-07-08T00:00:00.000","GOLD - COMMODITY EXCHANGE INC.","GOLD","410992","35090","92825","154719","20943"
"2014-07-08T00:00:00.000","COPPER-GRADE #1 - COMMODITY EXCHANGE INC.","COPPER","161048","12845","62849","56092","17815"
"2014-07-08T00:00:00.000","SILVER - COMMODITY EXCHANGE INC.","SILVER","162879","11855","44628","55539","11588"
"2014-07-08T00:00:00.000","PLATINUM - NEW YORK MERCANTILE EXCHANGE","PLATINUM","72928","4579","35731","44362","2253"
"2014-07-08T00:00:00.000","NATURAL GAS - NEW YORK MERCANTILE EXCHANGE","NATURAL GAS","1040013","140216","150676","257403","225925"
"2014-07-15T00:00:00.000","SILVER - COMMODITY EXCHANGE INC.","SILVER","162447","11693","46797","55361","9418"
"2014-07-15T00:00:00.000","GOLD - COMMODITY EXCHANGE INC.","GOLD","408368","36257","91384","149260","27173"
"2014-07-15T00:00:00.000","COPPER-GRADE #1 - COMMODITY EXCHANGE INC.","COPPER","179412","13762","71721","66443","17540"
"2014-07-15T00:00:00.000","PLATINUM - NEW YORK MERCANTILE EXCHANGE","PLATINUM","72433","3428","35575","44207","3419"
"2014-07-15T00:00:00.000","PALLADIUM - NEW YORK MERCANTILE EXCHANGE","PALLADIUM","43571","1961","18844","26299","4714"
"2014-07-15T00:00:00.000","NATURAL GAS - NEW YORK MERCANTILE EXCHANGE","NATURAL GAS","1028965","132922","146280","249517","217543"
"2014-07-22T00:00:00.000","NATURAL GAS - NEW YORK MERCANTILE EXCHANGE","NATURAL GAS","1010714","139388","151622","241910","220597"
"2014-07-22T00:00:00.000","GOLD - COMMODITY EXCHANGE INC.","GOLD","405617","35624","92941","148121","22395"
"2014-07-22T00:00:00.000","COPPER-GRADE #1 - COMMODITY EXCHANGE INC.","COPPER","180479","14650","70899","62523","18508"
"2014-07-22T00:00:00.000","SILVER - COMMODITY EXCHANGE INC.","SILVER","162485","11451","45614","53733","8683"
"2014-07-22T00:00:00.000","PLATINUM - NEW YORK MERCANTILE EXCHANGE","PLATINUM","70716","2699","35205","43589","3009"
"2014-07-22T00:00:00.000","PALLADIUM - NEW YORK MERCANTILE EXCHANGE","PALLADIUM","44696","2179","19790","26745","4704"
"2014-07-29T00:00:00.000","PALLADIUM - NEW YORK MERCANTILE EXCHANGE","PALLADIUM","45440","2080","20805","26613","5201"
"2014-07-29T00:00:00.000","GOLD - COMMODITY EXCHANGE INC.","GOLD","374467","34871","90450","135724","27094"
"2014-07-29T00:00:00.000","COPPER-GRADE #1 - COMMODITY EXCHANGE INC.","COPPER","175017","14442","68287","56748","18009"
"2014-07-29T00:00:00.000","SILVER - COMMODITY EXCHANGE INC.","SILVER","158558","11947","44815","48963","8496"
"2014-07-29T00:00:00.000","PLATINUM - NEW YORK MERCANTILE EXCHANGE","PLATINUM","69593","2519","34844","43050","1823"
"2014-07-29T00:00:00.000","NATURAL GAS - NEW YORK MERCANTILE EXCHANGE","NATURAL GAS","982801","135129","142243","241242","230597"
"2014-08-05T00:00:00.000","PALLADIUM - NEW YORK MERCANTILE EXCHANGE","PALLADIUM","44360","2286","19336","26093","6408"
"2014-08-05T00:00:00.000","GOLD - COMMODITY EXCHANGE INC.","GOLD","360342","31968","79502","123819","33140"
"2014-08-05T00:00:00.000","COPPER-GRADE #1 - COMMODITY EXCHANGE INC.","COPPER","171323","14181","72178","54131","19908"
"2014-08-05T00:00:00.000","SILVER - COMMODITY EXCHANGE INC.","SILVER","157578","12486","43382","42923","14364"
"2014-08-05T00:00:00.000","PLATINUM - NEW YORK MERCANTILE EXCHANGE","PLATINUM","66836","2484","32228","39562","2203"
"2014-08-05T00:00:00.000","NATURAL GAS - NEW YORK MERCANTILE EXCHANGE","NATURAL GAS","969135","127456","125850","236869","241764"
"2014-08-12T00:00:00.000","PALLADIUM - NEW YORK MERCANTILE EXCHANGE","PALLADIUM","44458","2447","18431","25714","6250"
"2014-08-12T00:00:00.000","GOLD - COMMODITY EXCHANGE INC.","GOLD","368114","30213","85589","138357","21930"
"2014-08-12T00:00:00.000","COPPER-GRADE #1 - COMMODITY EXCHANGE INC.","COPPER","153657","14328","64864","39744","20732"
"2014-08-12T00:00:00.000","SILVER - COMMODITY EXCHANGE INC.","SILVER","158219","15490","43306","41436","19401"
"2014-08-12T00:00:00.000","PLATINUM - NEW YORK MERCANTILE EXCHANGE","PLATINUM","64763","2353","31744","39917","1428"
"2014-08-12T00:00:00.000","NATURAL GAS - NEW YORK MERCANTILE EXCHANGE","NATURAL GAS","956296","123051","122109","234058","237125"
"2014-08-19T00:00:00.000","PLATINUM - NEW YORK MERCANTILE EXCHANGE","PLATINUM","63846","3097","30576","36390","2119"
"2014-08-19T00:00:00.000","GOLD - COMMODITY EXCHANGE INC.","GOLD","366401","30797","84900","128398","25193"
"2014-08-19T00:00:00.000","COPPER-GRADE #1 - COMMODITY EXCHANGE INC.","COPPER","152025","16497","61861","33090","24505"
"2014-08-19T00:00:00.000","NATURAL GAS - NEW YORK MERCANTILE EXCHANGE","NATURAL GAS","960195","139348","138451","245125","229684"
"2014-08-19T00:00:00.000","SILVER - COMMODITY EXCHANGE INC.","SILVER","164893","16752","41901","40861","24812"
"2014-08-19T00:00:00.000","PALLADIUM - NEW YORK MERCANTILE EXCHANGE","PALLADIUM","44268","2118","20772","26638","2585"
"2014-08-26T00:00:00.000","PLATINUM - NEW YORK MERCANTILE EXCHANGE","PLATINUM","63225","3151","27820","34309","5435"
"2014-08-26T00:00:00.000","GOLD - COMMODITY EXCHANGE INC.","GOLD","363608","31479","73638","118012","36830"
"2014-08-26T00:00:00.000","COPPER-GRADE #1 - COMMODITY EXCHANGE INC.","COPPER","146526","13690","64928","36633","19321"
"2014-08-26T00:00:00.000","SILVER - COMMODITY EXCHANGE INC.","SILVER","164262","18399","43302","42291","28228"
"2014-08-26T00:00:00.000","PALLADIUM - NEW YORK MERCANTILE EXCHANGE","PALLADIUM","43254","2040","20549","27049","2434"
"2014-08-26T00:00:00.000","NATURAL GAS - NEW YORK MERCANTILE EXCHANGE","NATURAL GAS","952728","150715","147279","250541","228542"
"2014-09-02T00:00:00.000","NATURAL GAS - NEW YORK MERCANTILE EXCHANGE","NATURAL GAS","976994","157914","152187","257433","240803"
"2014-09-02T00:00:00.000","COPPER-GRADE #1 - COMMODITY EXCHANGE INC.","COPPER","136370","13787","57327","30584","24029"
"2014-09-02T00:00:00.000","SILVER - COMMODITY EXCHANGE INC.","SILVER","162307","16421","39747","43145","35624"
"2014-09-02T00:00:00.000","GOLD - COMMODITY EXCHANGE INC.","GOLD","371515","32793","71204","116120","53202"
"2014-09-02T00:00:00.000","PLATINUM - NEW YORK MERCANTILE EXCHANGE","PLATINUM","65015","2945","27907","37033","7186"
"2014-09-02T00:00:00.000","PALLADIUM - NEW YORK MERCANTILE EXCHANGE","PALLADIUM","43891","1915","20247","27915","2337"
"2014-09-09T00:00:00.000","PALLADIUM - NEW YORK MERCANTILE EXCHANGE","PALLADIUM","43493","1817","19611","28082","2278"
"2014-09-09T00:00:00.000","COPPER-GRADE #1 - COMMODITY EXCHANGE INC.","COPPER","144047","16571","53791","30719","32883"
"2014-09-09T00:00:00.000","SILVER - COMMODITY EXCHANGE INC.","SILVER","165281","18974","42087","41303","37081"
"2014-09-09T00:00:00.000","GOLD - COMMODITY EXCHANGE INC.","GOLD","384341","37265","76014","118708","58501"
"2014-09-09T00:00:00.000","PLATINUM - NEW YORK MERCANTILE EXCHANGE","PLATINUM","66449","4601","28672","36323","8919"
"2014-09-09T00:00:00.000","NATURAL GAS - NEW YORK MERCANTILE EXCHANGE","NATURAL GAS","989817","147535","143406","255623","241414"
"2014-09-16T00:00:00.000","PALLADIUM - NEW YORK MERCANTILE EXCHANGE","PALLADIUM","40182","1589","18565","27091","1657"
"2014-09-16T00:00:00.000","GOLD - COMMODITY EXCHANGE INC.","GOLD","386080","37158","70141","113659","73364"
"2014-09-16T00:00:00.000","COPPER-GRADE #1 - COMMODITY EXCHANGE INC.","COPPER","143370","16146","49325","34162","33469"
"2014-09-16T00:00:00.000","SILVER - COMMODITY EXCHANGE INC.","SILVER","171260","22879","42233","40546","42249"
"2014-09-16T00:00:00.000","PLATINUM - NEW YORK MERCANTILE EXCHANGE","PLATINUM","64542","4466","27256","32722","10026"
"2014-09-16T00:00:00.000","NATURAL GAS - NEW YORK MERCANTILE EXCHANGE","NATURAL GAS","999207","159793","156282","247933","239125"
"2014-09-23T00:00:00.000","PALLADIUM - NEW YORK MERCANTILE EXCHANGE","PALLADIUM","34683","1449","17694","21465","2843"
"2014-09-23T00:00:00.000","GOLD - COMMODITY EXCHANGE INC.","GOLD","385788","38784","69623","110427","80297"
"2014-09-23T00:00:00.000","COPPER-GRADE #1 - COMMODITY EXCHANGE INC.","COPPER","152016","20714","47238","31928","44354"
"2014-09-23T00:00:00.000","SILVER - COMMODITY EXCHANGE INC.","SILVER","170393","22847","41356","39521","40611"
"2014-09-23T00:00:00.000","PLATINUM - NEW YORK MERCANTILE EXCHANGE","PLATINUM","64712","5116","25029","28953","12368"
"2014-09-23T00:00:00.000","NATURAL GAS - NEW YORK MERCANTILE EXCHANGE","NATURAL GAS","944154","121902","120900","239383","229113"
"2014-09-30T00:00:00.000","SILVER - COMMODITY EXCHANGE INC.","SILVER","173222","21849","40475","41979","44535"
"2014-09-30T00:00:00.000","GOLD - COMMODITY EXCHANGE INC.","GOLD","379874","37100","68903","111264","80341"
"2014-09-30T00:00:00.000","COPPER-GRADE #1 - COMMODITY EXCHANGE INC.","COPPER","160389","25287","45024","32208","53678"
"2014-09-30T00:00:00.000","PLATINUM - NEW YORK MERCANTILE EXCHANGE","PLATINUM","59192","6140","22539","26778","13693"
"2014-09-30T00:00:00.000","PALLADIUM - NEW YORK MERCANTILE EXCHANGE","PALLADIUM","34238","1467","17200","20660","3203"
"2014-09-30T00:00:00.000","NATURAL GAS - NEW YORK MERCANTILE EXCHANGE","NATURAL GAS","937715","121326","120871","249477","220689"
"2014-10-07T00:00:00.000","NATURAL GAS - NEW YORK MERCANTILE EXCHANGE","NATURAL GAS","921759","125680","117868","233514","224282"
"2014-10-07T00:00:00.000","GOLD - COMMODITY EXCHANGE INC.","GOLD","380087","39274","70192","110064","80201"
"2014-10-07T00:00:00.000","COPPER-GRADE #1 - COMMODITY EXCHANGE INC.","COPPER","167622","28798","47433","33480","54784"
"2014-10-07T00:00:00.000","SILVER - COMMODITY EXCHANGE INC.","SILVER","171283","20569","38508","40779","43700"
"2014-10-07T00:00:00.000","PLATINUM - NEW YORK MERCANTILE EXCHANGE","PLATINUM","59560","6411","24963","29356","12758"
"2014-10-07T00:00:00.000","PALLADIUM - NEW YORK MERCANTILE EXCHANGE","PALLADIUM","33468","1340","16220","20727","2890"
"2014-10-14T00:00:00.000","PALLADIUM - NEW YORK MERCANTILE EXCHANGE","PALLADIUM","33753","1325","16271","19939","2695"
"2014-10-14T00:00:00.000","GOLD - COMMODITY EXCHANGE INC.","GOLD","397855","42111","74570","123582","81386"
"2014-10-14T00:00:00.000","COPPER-GRADE #1 - COMMODITY EXCHANGE INC.","COPPER","167530","26321","45951","37055","48527"
"2014-10-14T00:00:00.000","SILVER - COMMODITY EXCHANGE INC.","SILVER","169329","19984","37410","40207","44926"
"2014-10-14T00:00:00.000","PLATINUM - NEW YORK MERCANTILE EXCHANGE","PLATINUM","58569","6459","24582","29270","12555"
"2014-10-14T00:00:00.000","NATURAL GAS - NEW YORK MERCANTILE EXCHANGE","NATURAL GAS","922102","115628","110832","227173","222933"
"2014-10-21T00:00:00.000","GOLD - COMMODITY EXCHANGE INC.","GOLD","411057","39585","84500","132835","70347"
"2014-10-21T00:00:00.000","COPPER-GRADE #1 - COMMODITY EXCHANGE INC.","COPPER","175541","31832","48497","35376","47371"
"2014-10-21T00:00:00.000","SILVER - COMMODITY EXCHANGE INC.","SILVER","170192","20211","38232","40233","45093"
"2014-10-21T00:00:00.000","PLATINUM - NEW YORK MERCANTILE EXCHANGE","PLATINUM","59865","6228","25086","29107","14664"
"2014-10-21T00:00:00.000","PALLADIUM - NEW YORK MERCANTILE EXCHANGE","PALLADIUM","32790","1338","15868","19290","2908"
"2014-10-21T00:00:00.000","NATURAL GAS - NEW YORK MERCANTILE EXCHANGE","NATURAL GAS","912072","118416","111051","214541","227017"
"2014-10-28T00:00:00.000","PALLADIUM - NEW YORK MERCANTILE EXCHANGE","PALLADIUM","33590","1370","16240","19145","2797"
"2014-10-28T00:00:00.000","COPPER-GRADE #1 - COMMODITY EXCHANGE INC.","COPPER","169924","30380","52167","38389","39713"
"2014-10-28T00:00:00.000","SILVER - COMMODITY EXCHANGE INC.","SILVER","173733","20101","37991","40577","46254"
"2014-10-28T00:00:00.000","GOLD - COMMODITY EXCHANGE INC.","GOLD","414410","38273","88088","128420","68353"
"2014-10-28T00:00:00.000","PLATINUM - NEW YORK MERCANTILE EXCHANGE","PLATINUM","60695","6270","25018","27911","15194"
"2014-10-28T00:00:00.000","NATURAL GAS - NEW YORK MERCANTILE EXCHANGE","NATURAL GAS","891641","105733","104977","216404","244431"
"2014-11-04T00:00:00.000","PLATINUM - NEW YORK MERCANTILE EXCHANGE","PLATINUM","60012","6169","24162","28617","15086"
"2014-11-04T00:00:00.000","GOLD - COMMODITY EXCHANGE INC.","GOLD","417377","39318","77108","113324","74519"
"2014-11-04T00:00:00.000","COPPER-GRADE #1 - COMMODITY EXCHANGE INC.","COPPER","164942","33066","52574","32801","38817"
"2014-11-04T00:00:00.000","SILVER - COMMODITY EXCHANGE INC.","SILVER","176463","18989","38021","42938","44360"
"2014-11-04T00:00:00.000","PALLADIUM - NEW YORK MERCANTILE EXCHANGE","PALLADIUM","33802","1397","16981","19431","1634"
"2014-11-04T00:00:00.000","NATURAL GAS - NEW YORK MERCANTILE EXCHANGE","NATURAL GAS","915135","118602","126281","224994","228214"
"2014-11-11T00:00:00.000","GOLD - COMMODITY EXCHANGE INC.","GOLD","443422","49129","86992","110478","79863"
"2014-11-11T00:00:00.000","COPPER-GRADE #1 - COMMODITY EXCHANGE INC.","COPPER","170361","34139","50848","33215","34948"
"2014-11-11T00:00:00.000","SILVER - COMMODITY EXCHANGE INC.","SILVER","170684","15430","34758","42796","40549"
"2014-11-11T00:00:00.000","PLATINUM - NEW YORK MERCANTILE EXCHANGE","PLATINUM","60167","6359","23684","29396","14403"
"2014-11-11T00:00:00.000","PALLADIUM - NEW YORK MERCANTILE EXCHANGE","PALLADIUM","35085","1944","16887","19352","1896"
"2014-11-11T00:00:00.000","NATURAL GAS - NEW YORK MERCANTILE EXCHANGE","NATURAL GAS","967434","127782","141978","245674","233325"
"2014-11-18T00:00:00.000","GOLD - COMMODITY EXCHANGE INC.","GOLD","459657","56408","96660","119566","71166"
"2014-11-18T00:00:00.000","COPPER-GRADE #1 - COMMODITY EXCHANGE INC.","COPPER","176417","28759","45396","35758","37096"
"2014-11-18T00:00:00.000","SILVER - COMMODITY EXCHANGE INC.","SILVER","173075","17990","36082","42949","38161"
"2014-11-18T00:00:00.000","PLATINUM - NEW YORK MERCANTILE EXCHANGE","PLATINUM","62442","6450","23896","29013","16953"
"2014-11-18T00:00:00.000","PALLADIUM - NEW YORK MERCANTILE EXCHANGE","PALLADIUM","34676","1800","15929","19134","2078"
"2014-11-18T00:00:00.000","NATURAL GAS - NEW YORK MERCANTILE EXCHANGE","NATURAL GAS","966597","144729","154796","248940","226349"
"2014-11-25T00:00:00.000","GOLD - COMMODITY EXCHANGE INC.","GOLD","388145","36606","73368","113999","59549"
"2014-11-25T00:00:00.000","COPPER-GRADE #1 - COMMODITY EXCHANGE INC.","COPPER","160924","23966","38280","39395","41262"
"2014-11-25T00:00:00.000","SILVER - COMMODITY EXCHANGE INC.","SILVER","156984","15655","37870","41297","31385"
"2014-11-25T00:00:00.000","PLATINUM - NEW YORK MERCANTILE EXCHANGE","PLATINUM","64042","7063","25274","29811","15729"
"2014-11-25T00:00:00.000","PALLADIUM - NEW YORK MERCANTILE EXCHANGE","PALLADIUM","32990","1538","16645","20124","1520"
"2014-11-25T00:00:00.000","NATURAL GAS - NEW YORK MERCANTILE EXCHANGE","NATURAL GAS","955365","143023","160907","263356","227135"
"2014-12-02T00:00:00.000","GOLD - COMMODITY EXCHANGE INC.","GOLD","368121","30598","75927","117804","49170"
"2014-12-02T00:00:00.000","COPPER-GRADE #1 - COMMODITY EXCHANGE INC.","COPPER","159261","27601","37154","35992","41968"
"2014-12-02T00:00:00.000","SILVER - COMMODITY EXCHANGE INC.","SILVER","148422","17322","39682","39787","24140"
"2014-12-02T00:00:00.000","PLATINUM - NEW YORK MERCANTILE EXCHANGE","PLATINUM","63522","6489","26908","30181","12584"
"2014-12-02T00:00:00.000","PALLADIUM - NEW YORK MERCANTILE EXCHANGE","PALLADIUM","31534","1408","15778","20328","1552"
"2014-12-02T00:00:00.000","NATURAL GAS - NEW YORK MERCANTILE EXCHANGE","NATURAL GAS","969944","150604","166670","232495","233890"
"2014-12-09T00:00:00.000","GOLD - COMMODITY EXCHANGE INC.","GOLD","375323","33262","88237","130648","39985"
"2014-12-09T00:00:00.000","COPPER-GRADE #1 - COMMODITY EXCHANGE INC.","COPPER","152267","25344","35602","36364","41761"
"2014-12-09T00:00:00.000","SILVER - COMMODITY EXCHANGE INC.","SILVER","148195","16288","41261","40381","19164"
"2014-12-09T00:00:00.000","PLATINUM - NEW YORK MERCANTILE EXCHANGE","PLATINUM","65138","6499","29359","30464","11523"
"2014-12-09T00:00:00.000","PALLADIUM - NEW YORK MERCANTILE EXCHANGE","PALLADIUM","31820","1342","15564","20695","1925"
"2014-12-09T00:00:00.000","NATURAL GAS - NEW YORK MERCANTILE EXCHANGE","NATURAL GAS","948980","136936","144710","213711","239429"
"2014-12-16T00:00:00.000","GOLD - COMMODITY EXCHANGE INC.","GOLD","371743","34330","93684","127571","35746"
"2014-12-16T00:00:00.000","COPPER-GRADE #1 - COMMODITY EXCHANGE INC.","COPPER","152045","26514","36218","35384","40384"
"2014-12-16T00:00:00.000","SILVER - COMMODITY EXCHANGE INC.","SILVER","150199","19553","43732","39852","22904"
"2014-12-16T00:00:00.000","PLATINUM - NEW YORK MERCANTILE EXCHANGE","PLATINUM","66810","6988","29772","29631","12928"
"2014-12-16T00:00:00.000","PALLADIUM - NEW YORK MERCANTILE EXCHANGE","PALLADIUM","31974","1488","15522","20414","2153"
"2014-12-16T00:00:00.000","NATURAL GAS - NEW YORK MERCANTILE EXCHANGE","NATURAL GAS","920021","122946","131893","203438","233722"
"2014-12-23T00:00:00.000","GOLD - COMMODITY EXCHANGE INC.","GOLD","375212","31936","82559","123087","40890"
"2014-12-23T00:00:00.000","COPPER-GRADE #1 - COMMODITY EXCHANGE INC.","COPPER","152816","27850","38096","35155","39385"
"2014-12-23T00:00:00.000","SILVER - COMMODITY EXCHANGE INC.","SILVER","149149","19549","45537","39725","22455"
"2014-12-23T00:00:00.000","PLATINUM - NEW YORK MERCANTILE EXCHANGE","PLATINUM","66799","6943","28872","29420","13393"
"2014-12-23T00:00:00.000","PALLADIUM - NEW YORK MERCANTILE EXCHANGE","PALLADIUM","32482","1630","15966","20982","1423"
"2014-12-23T00:00:00.000","NATURAL GAS - NEW YORK MERCANTILE EXCHANGE","NATURAL GAS","924013","127017","126070","203358","241830"
"2014-12-30T00:00:00.000","GOLD - COMMODITY EXCHANGE INC.","GOLD","373982","28690","82890","124928","37878"
"2014-12-30T00:00:00.000","COPPER-GRADE #1 - COMMODITY EXCHANGE INC.","COPPER","159107","31378","38806","34871","39379"
"2014-12-30T00:00:00.000","SILVER - COMMODITY EXCHANGE INC.","SILVER","149594","19645","46465","40272","20946"
"2014-12-30T00:00:00.000","PLATINUM - NEW YORK MERCANTILE EXCHANGE","PLATINUM","64175","7031","29314","30348","13216"
"2014-12-30T00:00:00.000","PALLADIUM - NEW YORK MERCANTILE EXCHANGE","PALLADIUM","32946","1336","16106","21361","1644"
"2014-12-30T00:00:00.000","NATURAL GAS - NEW YORK MERCANTILE EXCHANGE","NATURAL GAS","933734","130991","128604","200260","248247"
"2015-01-06T00:00:00.000","GOLD - COMMODITY EXCHANGE INC.","GOLD","394021","32669","92020","128325","34129"
"2015-01-06T00:00:00.000","COPPER-GRADE #1 - COMMODITY EXCHANGE INC.","COPPER","170037","38632","38314","34032","44964"
"2015-01-06T00:00:00.000","SILVER - COMMODITY EXCHANGE INC.","SILVER","152879","20811","47706","41520","19713"
"2015-01-06T00:00:00.000","PLATINUM - NEW YORK MERCANTILE EXCHANGE","PLATINUM","66275","6853","29621","31205","14807"
"2015-01-06T00:00:00.000","NATURAL GAS - NEW YORK MERCANTILE EXCHANGE","NATURAL GAS","956917","134793","128689","205171","244054"
"2015-01-06T00:00:00.000","PALLADIUM - NEW YORK MERCANTILE EXCHANGE","PALLADIUM","32665","1310","16099","20819","1346"
"2015-01-13T00:00:00.000","PLATINUM - NEW YORK MERCANTILE EXCHANGE","PLATINUM","66358","6885","30655","32468","13894"
"2015-01-13T00:00:00.000","NATURAL GAS - NEW YORK MERCANTILE EXCHANGE","NATURAL GAS","984362","139228","132153","207606","247869"
"2015-01-13T00:00:00.000","PALLADIUM - NEW YORK MERCANTILE EXCHANGE","PALLADIUM","33826","1360","16173","20740","1764"
"2015-01-13T00:00:00.000","SILVER - COMMODITY EXCHANGE INC.","SILVER","157282","20510","50017","44293","16190"
"2015-01-13T00:00:00.000","COPPER-GRADE #1 - COMMODITY EXCHANGE INC.","COPPER","179459","34628","40882","38275","48206"
"2015-01-13T00:00:00.000","GOLD - COMMODITY EXCHANGE INC.","GOLD","402108","34607","99314","132173","30232"
"2015-01-20T00:00:00.000","NATURAL GAS - NEW YORK MERCANTILE EXCHANGE","NATURAL GAS","1019571","152303","150830","202426","246499"
"2015-01-20T00:00:00.000","PALLADIUM - NEW YORK MERCANTILE EXCHANGE","PALLADIUM","34518","1478","15126","21590","2472"
"2015-01-20T00:00:00.000","PLATINUM - NEW YORK MERCANTILE EXCHANGE","PLATINUM","67945","6606","31685","34045","11385"
"2015-01-20T00:00:00.000","SILVER - COMMODITY EXCHANGE INC.","SILVER","159904","20318","52730","47694","11850"
"2015-01-20T00:00:00.000","COPPER-GRADE #1 - COMMODITY EXCHANGE INC.","COPPER","172846","31457","39625","35731","43808"
"2015-01-20T00:00:00.000","GOLD - COMMODITY EXCHANGE INC.","GOLD","430128","29306","114948","155602","26261"
"2015-01-27T00:00:00.000","PALLADIUM - NEW YORK MERCANTILE EXCHANGE","PALLADIUM","34098","1606","14412","21691","2491"
"2015-01-27T00:00:00.000","GOLD - COMMODITY EXCHANGE INC.","GOLD","438279","24610","121126","173110","19873"
"2015-01-27T00:00:00.000","COPPER-GRADE #1 - COMMODITY EXCHANGE INC.","COPPER","179152","35046","40087","35675","48696"
"2015-01-27T00:00:00.000","SILVER - COMMODITY EXCHANGE INC.","SILVER","162440","19885","54617","49408","7686"
"2015-01-27T00:00:00.000","PLATINUM - NEW YORK MERCANTILE EXCHANGE","PLATINUM","65908","6014","32410","32653","8713"
"2015-01-27T00:00:00.000","NATURAL GAS - NEW YORK MERCANTILE EXCHANGE","NATURAL GAS","1000469","146657","146892","197354","249369"
"2015-02-03T00:00:00.000","PALLADIUM - NEW YORK MERCANTILE EXCHANGE","PALLADIUM","33952","1811","15606","20571","2606"
"2015-02-03T00:00:00.000","GOLD - COMMODITY EXCHANGE INC.","GOLD","419524","27037","117623","167310","18984"
"2015-02-03T00:00:00.000","COPPER-GRADE #1 - COMMODITY EXCHANGE INC.","COPPER","180944","35398","41246","37593","47919"
"2015-02-03T00:00:00.000","SILVER - COMMODITY EXCHANGE INC.","SILVER","168486","20967","52988","47942","9057"
"2015-02-03T00:00:00.000","PLATINUM - NEW YORK MERCANTILE EXCHANGE","PLATINUM","64831","6132","30934","31781","9790"
"2015-02-03T00:00:00.000","NATURAL GAS - NEW YORK MERCANTILE EXCHANGE","NATURAL GAS","1014989","148919","148942","207873","273291"
"2015-02-10T00:00:00.000","PALLADIUM - NEW YORK MERCANTILE EXCHANGE","PALLADIUM","33778","1767","15615","20235","3006"
"2015-02-10T00:00:00.000","GOLD - COMMODITY EXCHANGE INC.","GOLD","393232","23007","101513","140835","21298"
"2015-02-10T00:00:00.000","COPPER-GRADE #1 - COMMODITY EXCHANGE INC.","COPPER","185606","33813","42017","36383","50477"
"2015-02-10T00:00:00.000","SILVER - COMMODITY EXCHANGE INC.","SILVER","168146","20797","52136","48590","10660"
"2015-02-10T00:00:00.000","PLATINUM - NEW YORK MERCANTILE EXCHANGE","PLATINUM","64849","6998","29313","31204","10296"
"2015-02-10T00:00:00.000","NATURAL GAS - NEW YORK MERCANTILE EXCHANGE","NATURAL GAS","1013349","135670","136515","210349","271961"
"2015-02-17T00:00:00.000","NATURAL GAS - NEW YORK MERCANTILE EXCHANGE","NATURAL GAS","1002010","126282","130338","209352","265769"
"2015-02-17T00:00:00.000","GOLD - COMMODITY EXCHANGE INC.","GOLD","389530","22366","96511","128595","32903"
"2015-02-17T00:00:00.000","COPPER-GRADE #1 - COMMODITY EXCHANGE INC.","COPPER","185675","32196","42482","36309","45481"
"2015-02-17T00:00:00.000","SILVER - COMMODITY EXCHANGE INC.","SILVER","175193","20359","49392","48059","15620"
"2015-02-17T00:00:00.000","PLATINUM - NEW YORK MERCANTILE EXCHANGE","PLATINUM","67715","7311","28851","30593","13216"
"2015-02-17T00:00:00.000","PALLADIUM - NEW YORK MERCANTILE EXCHANGE","PALLADIUM","34191","1809","15911","20795","2989"
"2015-02-24T00:00:00.000","NATURAL GAS - NEW YORK MERCANTILE EXCHANGE","NATURAL GAS","984419","116841","125104","212791","276796"
"2015-02-24T00:00:00.000","GOLD - COMMODITY EXCHANGE INC.","GOLD","399307","24350","95758","124595","35108"
"2015-02-24T00:00:00.000","COPPER-GRADE #1 - COMMODITY EXCHANGE INC.","COPPER","171520","26038","45343","39964","40288"
"2015-02-24T00:00:00.000","SILVER - COMMODITY EXCHANGE INC.","SILVER","166676","19578","43689","44139","15117"
"2015-02-24T00:00:00.000","PLATINUM - NEW YORK MERCANTILE EXCHANGE","PLATINUM","69019","7673","26540","30303","16260"
"2015-02-24T00:00:00.000","PALLADIUM - NEW YORK MERCANTILE EXCHANGE","PALLADIUM","32998","1220","15848","19967","2662"
"2015-03-03T00:00:00.000","PALLADIUM - NEW YORK MERCANTILE EXCHANGE","PALLADIUM","32935","1455","16671","20113","2366"
"2015-03-03T00:00:00.000","GOLD - COMMODITY EXCHANGE INC.","GOLD","405124","23666","89987","115279","42320"
"2015-03-03T00:00:00.000","COPPER-GRADE #1 - COMMODITY EXCHANGE INC.","COPPER","163020","20555","49632","40181","39175"
"2015-03-03T00:00:00.000","SILVER - COMMODITY EXCHANGE INC.","SILVER","164018","17789","42141","40461","19942"
"2015-03-03T00:00:00.000","PLATINUM - NEW YORK MERCANTILE EXCHANGE","PLATINUM","68794","6778","26443","32638","17115"
"2015-03-03T00:00:00.000","NATURAL GAS - NEW YORK MERCANTILE EXCHANGE","NATURAL GAS","983213","116603","121406","205906","283361"
"2015-03-10T00:00:00.000","PALLADIUM - NEW YORK MERCANTILE EXCHANGE","PALLADIUM","32909","1797","17025","20563","2021"
"2015-03-10T00:00:00.000","COPPER-GRADE #1 - COMMODITY EXCHANGE INC.","COPPER","164239","21055","50087","41275","38918"
"2015-03-10T00:00:00.000","GOLD - COMMODITY EXCHANGE INC.","GOLD","410918","26168","78115","107032","58359"
"2015-03-10T00:00:00.000","SILVER - COMMODITY EXCHANGE INC.","SILVER","169125","19145","39266","42054","26517"
"2015-03-10T00:00:00.000","PLATINUM - NEW YORK MERCANTILE EXCHANGE","PLATINUM","69341","6536","24910","33916","18831"
"2015-03-10T00:00:00.000","NATURAL GAS - NEW YORK MERCANTILE EXCHANGE","NATURAL GAS","973142","123226","124482","210865","284470"
"2015-03-17T00:00:00.000","NATURAL GAS - NEW YORK MERCANTILE EXCHANGE","NATURAL GAS","987946","131612","136736","215904","266350"
"2015-03-17T00:00:00.000","SILVER - COMMODITY EXCHANGE INC.","SILVER","178524","22649","40243","43056","31552"
"2015-03-17T00:00:00.000","GOLD - COMMODITY EXCHANGE INC.","GOLD","429738","30755","74063","97847","78623"
"2015-03-17T00:00:00.000","PLATINUM - NEW YORK MERCANTILE EXCHANGE","PLATINUM","72020","6632","24645","33931","22183"
"2015-03-17T00:00:00.000","PALLADIUM - NEW YORK MERCANTILE EXCHANGE","PALLADIUM","31255","2092","15951","19418","2659"
"2015-03-17T00:00:00.000","COPPER-GRADE #1 - COMMODITY EXCHANGE INC.","COPPER","164490","18028","52344","40981","37123"
"2015-03-24T00:00:00.000","GOLD - COMMODITY EXCHANGE INC.","GOLD","433767","27523","72822","98784","87349"
"2015-03-24T00:00:00.000","COPPER-GRADE #1 - COMMODITY EXCHANGE INC.","COPPER","165590","15677","59043","43482","28496"
"2015-03-24T00:00:00.000","SILVER - COMMODITY EXCHANGE INC.","SILVER","172659","20672","42055","46032","26415"
"2015-03-24T00:00:00.000","PLATINUM - NEW YORK MERCANTILE EXCHANGE","PLATINUM","72949","6831","24652","33039","22343"
"2015-03-24T00:00:00.000","PALLADIUM - NEW YORK MERCANTILE EXCHANGE","PALLADIUM","30935","2051","15669","19448","2778"
"2015-03-24T00:00:00.000","NATURAL GAS - NEW YORK MERCANTILE EXCHANGE","NATURAL GAS","956871","131199","134135","196691","268384"
"2015-03-31T00:00:00.000","COPPER-GRADE #1 - COMMODITY EXCHANGE INC.","COPPER","170125","15721","63443","45870","28832"
"2015-03-31T00:00:00.000","SILVER - COMMODITY EXCHANGE INC.","SILVER","170105","18699","46069","50887","19453"
"2015-03-31T00:00:00.000","PLATINUM - NEW YORK MERCANTILE EXCHANGE","PLATINUM","68848","6041","24527","33673","19094"
"2015-03-31T00:00:00.000","PALLADIUM - NEW YORK MERCANTILE EXCHANGE","PALLADIUM","31497","2007","13747","19692","4207"
"2015-03-31T00:00:00.000","GOLD - COMMODITY EXCHANGE INC.","GOLD","387585","25366","75694","103808","67752"
"2015-03-31T00:00:00.000","NATURAL GAS - NEW YORK MERCANTILE EXCHANGE","NATURAL GAS","998123","132871","137327","191754","304809"
"2015-04-07T00:00:00.000","GOLD - COMMODITY EXCHANGE INC.","GOLD","390571","24724","85642","112747","57072"
"2015-04-07T00:00:00.000","COPPER-GRADE #1 - COMMODITY EXCHANGE INC.","COPPER","171006","16144","65311","44883","29527"
"2015-04-07T00:00:00.000","SILVER - COMMODITY EXCHANGE INC.","SILVER","169700","18598","46561","48266","17682"
"2015-04-07T00:00:00.000","PLATINUM - NEW YORK MERCANTILE EXCHANGE","PLATINUM","68260","6170","26516","33265","16133"
"2015-04-07T00:00:00.000","PALLADIUM - NEW YORK MERCANTILE EXCHANGE","PALLADIUM","31602","2117","14002","19549","3830"
"2015-04-07T00:00:00.000","NATURAL GAS - NEW YORK MERCANTILE EXCHANGE","NATURAL GAS","997602","127565","128644","193476","308921"
"2015-04-14T00:00:00.000","GOLD - COMMODITY EXCHANGE INC.","GOLD","395089","23642","83946","110439","62390"
"2015-04-14T00:00:00.000","COPPER-GRADE #1 - COMMODITY EXCHANGE INC.","COPPER","165760","16006","61371","42063","27784"
"2015-04-14T00:00:00.000","SILVER - COMMODITY EXCHANGE INC.","SILVER","177877","16949","42635","45308","23358"
"2015-04-14T00:00:00.000","PLATINUM - NEW YORK MERCANTILE EXCHANGE","PLATINUM","68699","6415","28352","32626","16591"
"2015-04-14T00:00:00.000","PALLADIUM - NEW YORK MERCANTILE EXCHANGE","PALLADIUM","31666","2574","15050","18910","2787"
"2015-04-14T00:00:00.000","NATURAL GAS - NEW YORK MERCANTILE EXCHANGE","NATURAL GAS","1029544","132219","135183","200255","331400"
"2015-04-21T00:00:00.000","GOLD - COMMODITY EXCHANGE INC.","GOLD","397379","21523","75074","108259","60134"
"2015-04-21T00:00:00.000","NATURAL GAS - NEW YORK MERCANTILE EXCHANGE","NATURAL GAS","1018282","128633","134473","200007","331050"
"2015-04-21T00:00:00.000","PALLADIUM - NEW YORK MERCANTILE EXCHANGE","PALLADIUM","32073","3132","17164","18086","2328"
"2015-04-21T00:00:00.000","PLATINUM - NEW YORK MERCANTILE EXCHANGE","PLATINUM","68668","6195","27053","32407","18213"
"2015-04-21T00:00:00.000","SILVER - COMMODITY EXCHANGE INC.","SILVER","182633","16531","38836","42437","32283"
"2015-04-21T00:00:00.000","COPPER-GRADE #1 - COMMODITY EXCHANGE INC.","COPPER","157721","14236","59866","38320","24742"
"2015-04-28T00:00:00.000","NATURAL GAS - NEW YORK MERCANTILE EXCHANGE","NATURAL GAS","1027660","126390","128907","203109","356000"
"2015-04-28T00:00:00.000","PALLADIUM - NEW YORK MERCANTILE EXCHANGE","PALLADIUM","32578","3149","17294","18764","2468"
"2015-04-28T00:00:00.000","PLATINUM - NEW YORK MERCANTILE EXCHANGE","PLATINUM","70799","7344","26631","32505","19864"
"2015-04-28T00:00:00.000","SILVER - COMMODITY EXCHANGE INC.","SILVER","179461","19002","39756","44235","37724"
"2015-04-28T00:00:00.000","COPPER-GRADE #1 - COMMODITY EXCHANGE INC.","COPPER","154447","15123","57599","37369","23448"
"2015-04-28T00:00:00.000","GOLD - COMMODITY EXCHANGE INC.","GOLD","403575","18237","71952","114952","64369"
"2015-05-05T00:00:00.000","SILVER - COMMODITY EXCHANGE INC.","SILVER","175694","18851","41437","46096","33918"
"2015-05-05T00:00:00.000","GOLD - COMMODITY EXCHANGE INC.","GOLD","399988","20250","60415","98957","76100"
"2015-05-05T00:00:00.000","COPPER-GRADE #1 - COMMODITY EXCHANGE INC.","COPPER","166179","14223","67369","49484","17886"
"2015-05-05T00:00:00.000","PLATINUM - NEW YORK MERCANTILE EXCHANGE","PLATINUM","70063","7426","27185","32998","17988"
"2015-05-05T00:00:00.000","PALLADIUM - NEW YORK MERCANTILE EXCHANGE","PALLADIUM","32470","3305","17686","18619","2338"
"2015-05-05T00:00:00.000","NATURAL GAS - NEW YORK MERCANTILE EXCHANGE","NATURAL GAS","1013527","138303","144382","206946","323612"
"2015-05-12T00:00:00.000","NATURAL GAS - NEW YORK MERCANTILE EXCHANGE","NATURAL GAS","1018067","133237","144435","213632","309857"
"2015-05-12T00:00:00.000","SILVER - COMMODITY EXCHANGE INC.","SILVER","174919","19458","42382","46306","31600"
"2015-05-12T00:00:00.000","GOLD - COMMODITY EXCHANGE INC.","GOLD","405612","20691","64014","104207","76488"
"2015-05-12T00:00:00.000","COPPER-GRADE #1 - COMMODITY EXCHANGE INC.","COPPER","178077","12042","71706","58412","18435"
"2015-05-12T00:00:00.000","PLATINUM - NEW YORK MERCANTILE EXCHANGE","PLATINUM","71688","7088","27183","34045","19560"
"2015-05-12T00:00:00.000","PALLADIUM - NEW YORK MERCANTILE EXCHANGE","PALLADIUM","31823","2732","16972","18367","2671"
"2015-05-19T00:00:00.000","GOLD - COMMODITY EXCHANGE INC.","GOLD","428597","17951","94860","132306","53689"
"2015-05-19T00:00:00.000","COPPER-GRADE #1 - COMMODITY EXCHANGE INC.","COPPER","179210","11556","74044","59058","20532"
"2015-05-19T00:00:00.000","SILVER - COMMODITY EXCHANGE INC.","SILVER","174337","18252","52257","54860","11920"
"2015-05-19T00:00:00.000","PLATINUM - NEW YORK MERCANTILE EXCHANGE","PLATINUM","70841","6972","29414","35063","15621"
"2015-05-19T00:00:00.000","PALLADIUM - NEW YORK MERCANTILE EXCHANGE","PALLADIUM","31484","2137","16205","18327","3162"
"2015-05-19T00:00:00.000","NATURAL GAS - NEW YORK MERCANTILE EXCHANGE","NATURAL GAS","1028741","129731","146880","220607","299316"
"2015-05-26T00:00:00.000","GOLD - COMMODITY EXCHANGE INC.","GOLD","411961","17429","91862","125069","58825"
"2015-05-26T00:00:00.000","COPPER-GRADE #1 - COMMODITY EXCHANGE INC.","COPPER","172622","12076","70055","51953","23676"
"2015-05-26T00:00:00.000","SILVER - COMMODITY EXCHANGE INC.","SILVER","173629","18171","52283","53118","10520"
"2015-05-26T00:00:00.000","PLATINUM - NEW YORK MERCANTILE EXCHANGE","PLATINUM","72424","6909","29622","34757","16867"
"2015-05-26T00:00:00.000","PALLADIUM - NEW YORK MERCANTILE EXCHANGE","PALLADIUM","30284","2138","15929","18266","2632"
"2015-05-26T00:00:00.000","NATURAL GAS - NEW YORK MERCANTILE EXCHANGE","NATURAL GAS","983234","117085","139870","214205","308621"
"2015-06-02T00:00:00.000","COPPER-GRADE #1 - COMMODITY EXCHANGE INC.","COPPER","160588","12485","58463","35472","31252"
"2015-06-02T00:00:00.000","NATURAL GAS - NEW YORK MERCANTILE EXCHANGE","NATURAL GAS","1019431","114589","130714","213985","368811"
"2015-06-02T00:00:00.000","PALLADIUM - NEW YORK MERCANTILE EXCHANGE","PALLADIUM","29149","1484","14346","18916","3004"
"2015-06-02T00:00:00.000","PLATINUM - NEW YORK MERCANTILE EXCHANGE","PLATINUM","76650","7513","28860","34591","22168"
"2015-06-02T00:00:00.000","SILVER - COMMODITY EXCHANGE INC.","SILVER","178343","18391","50396","48794","11844"
"2015-06-02T00:00:00.000","GOLD - COMMODITY EXCHANGE INC.","GOLD","398724","16934","90560","125229","63482"
"2015-06-09T00:00:00.000","PLATINUM - NEW YORK MERCANTILE EXCHANGE","PLATINUM","77304","7117","27276","34915","24520"
"2015-06-09T00:00:00.000","NATURAL GAS - NEW YORK MERCANTILE EXCHANGE","NATURAL GAS","1030892","124316","126651","216015","383265"
"2015-06-09T00:00:00.000","GOLD - COMMODITY EXCHANGE INC.","GOLD","406069","18488","79791","121125","83486"
"2015-06-09T00:00:00.000","COPPER-GRADE #1 - COMMODITY EXCHANGE INC.","COPPER","171541","17338","56118","33595","37730"
"2015-06-09T00:00:00.000","SILVER - COMMODITY EXCHANGE INC.","SILVER","189524","16379","39183","44341","35651"
"2015-06-09T00:00:00.000","PALLADIUM - NEW YORK MERCANTILE EXCHANGE","PALLADIUM","32282","1795","12989","20175","5949"
"2015-06-16T00:00:00.000","GOLD - COMMODITY EXCHANGE INC.","GOLD","415718","16454","75845","124527","89529"
"2015-06-16T00:00:00.000","NATURAL GAS - NEW YORK MERCANTILE EXCHANGE","NATURAL GAS","1051377","131803","138336","213299","352099"
"2015-06-16T00:00:00.000","PALLADIUM - NEW YORK MERCANTILE EXCHANGE","PALLADIUM","33684","1888","12045","20579","7683"
"2015-06-16T00:00:00.000","PLATINUM - NEW YORK MERCANTILE EXCHANGE","PLATINUM","82478","7196","26592","37111","26990"
"2015-06-16T00:00:00.000","SILVER - COMMODITY EXCHANGE INC.","SILVER","191774","16223","35597","45520","44779"
"2015-06-16T00:00:00.000","COPPER-GRADE #1 - COMMODITY EXCHANGE INC.","COPPER","181765","21567","57286","36278","43064"
"2015-06-23T00:00:00.000","GOLD - COMMODITY EXCHANGE INC.","GOLD","430978","15949","91484","124843","84927"
"2015-06-23T00:00:00.000","NATURAL GAS - NEW YORK MERCANTILE EXCHANGE","NATURAL GAS","1048052","131965","147009","211895","352153"
"2015-06-23T00:00:00.000","PALLADIUM - NEW YORK MERCANTILE EXCHANGE","PALLADIUM","34821","2264","10712","20758","9825"
"2015-06-23T00:00:00.000","PLATINUM - NEW YORK MERCANTILE EXCHANGE","PLATINUM","84121","8369","26885","35245","28667"
"2015-06-23T00:00:00.000","SILVER - COMMODITY EXCHANGE INC.","SILVER","200273","16295","37746","46135","53304"
"2015-06-23T00:00:00.000","COPPER-GRADE #1 - COMMODITY EXCHANGE INC.","COPPER","184635","35838","53939","34130","52614"
"2015-06-30T00:00:00.000","GOLD - COMMODITY EXCHANGE INC.","GOLD","442301","16748","81821","115188","99565"
"2015-06-30T00:00:00.000","NATURAL GAS - NEW YORK MERCANTILE EXCHANGE","NATURAL GAS","1036572","134366","153026","209104","341042"
"2015-06-30T00:00:00.000","PALLADIUM - NEW YORK MERCANTILE EXCHANGE","PALLADIUM","37100","2420","10758","21980","11668"
"2015-06-30T00:00:00.000","PLATINUM - NEW YORK MERCANTILE EXCHANGE","PLATINUM","77670","8478","28117","35016","26203"
"2015-06-30T00:00:00.000","SILVER - COMMODITY EXCHANGE INC.","SILVER","196724","20052","38457","44153","54774"
"2015-06-30T00:00:00.000","COPPER-GRADE #1 - COMMODITY EXCHANGE INC.","COPPER","166278","26201","47096","35476","56751"
"2015-07-07T00:00:00.000","COPPER-GRADE #1 - COMMODITY EXCHANGE INC.","COPPER","167008","28372","44059","34057","59066"
"2015-07-07T00:00:00.000","NATURAL GAS - NEW YORK MERCANTILE EXCHANGE","NATURAL GAS","1034726","133771","154823","205818","352422"
"2015-07-07T00:00:00.000","PALLADIUM - NEW YORK MERCANTILE EXCHANGE","PALLADIUM","36192","2397","10650","20558","11598"
"2015-07-07T00:00:00.000","PLATINUM - NEW YORK MERCANTILE EXCHANGE","PLATINUM","78321","8124","27772","35473","26267"
"2015-07-07T00:00:00.000","SILVER - COMMODITY EXCHANGE INC.","SILVER","197092","19498","33728","44311","56859"
"2015-07-07T00:00:00.000","GOLD - COMMODITY EXCHANGE INC.","GOLD","452145","18678","72089","111482","109383"
"2015-07-14T00:00:00.000","NATURAL GAS - NEW YORK MERCANTILE EXCHANGE","NATURAL GAS","1000887","125157","136752","204698","322992"
"2015-07-14T00:00:00.000","PALLADIUM - NEW YORK MERCANTILE EXCHANGE","PALLADIUM","36205","2625","10607","19740","11652"
"2015-07-14T00:00:00.000","PLATINUM - NEW YORK MERCANTILE EXCHANGE","PLATINUM","79889","8638","28382","35090","28100"
"2015-07-14T00:00:00.000","SILVER - COMMODITY EXCHANGE INC.","SILVER","185716","18303","34487","42753","51751"
"2015-07-14T00:00:00.000","COPPER-GRADE #1 - COMMODITY EXCHANGE INC.","COPPER","161713","26639","46020","32666","54010"
"2015-07-14T00:00:00.000","GOLD - COMMODITY EXCHANGE INC.","GOLD","462664","22205","74248","108413","109536"
"2015-07-21T00:00:00.000","NATURAL GAS - NEW YORK MERCANTILE EXCHANGE","NATURAL GAS","1000364","138725","156000","207273","299125"
"2015-07-21T00:00:00.000","GOLD - COMMODITY EXCHANGE INC.","GOLD","459760","26690","66493","106297","119853"
"2015-07-21T00:00:00.000","COPPER-GRADE #1 - COMMODITY EXCHANGE INC.","COPPER","165842","26995","45091","32628","58810"
"2015-07-21T00:00:00.000","SILVER - COMMODITY EXCHANGE INC.","SILVER","190226","20383","35512","40552","55303"
"2015-07-21T00:00:00.000","PLATINUM - NEW YORK MERCANTILE EXCHANGE","PLATINUM","80783","8265","27743","35829","29607"
"2015-07-21T00:00:00.000","PALLADIUM - NEW YORK MERCANTILE EXCHANGE","PALLADIUM","36428","2822","10643","19198","11705"
"2015-07-28T00:00:00.000","COPPER-GRADE #1 - COMMODITY EXCHANGE INC.","COPPER","163656","29164","42281","32972","58706"
"2015-07-28T00:00:00.000","NATURAL GAS - NEW YORK MERCANTILE EXCHANGE","NATURAL GAS","962054","133224","152451","208330","299331"
"2015-07-28T00:00:00.000","PALLADIUM - NEW YORK MERCANTILE EXCHANGE","PALLADIUM","37021","2954","10566","18899","11735"
"2015-07-28T00:00:00.000","PLATINUM - NEW YORK MERCANTILE EXCHANGE","PLATINUM","79079","7700","27151","36338","29658"
"2015-07-28T00:00:00.000","GOLD - COMMODITY EXCHANGE INC.","GOLD","438282","22082","58546","106284","120917"
"2015-07-28T00:00:00.000","SILVER - COMMODITY EXCHANGE INC.","SILVER","190322","21966","37482","40641","53636"
"2015-08-04T00:00:00.000","COPPER-GRADE #1 - COMMODITY EXCHANGE INC.","COPPER","181276","35975","43104","33385","66920"
"2015-08-04T00:00:00.000","SILVER - COMMODITY EXCHANGE INC.","SILVER","185848","21112","37093","39495","50587"
"2015-08-04T00:00:00.000","PLATINUM - NEW YORK MERCANTILE EXCHANGE","PLATINUM","79763","7671","27398","35820","29446"
"2015-08-04T00:00:00.000","PALLADIUM - NEW YORK MERCANTILE EXCHANGE","PALLADIUM","37485","2905","10270","19206","12231"
"2015-08-04T00:00:00.000","NATURAL GAS - NEW YORK MERCANTILE EXCHANGE","NATURAL GAS","973594","135407","146419","201697","313496"
"2015-08-04T00:00:00.000","GOLD - COMMODITY EXCHANGE INC.","GOLD","434273","20798","60201","103573","114860"
"2015-08-11T00:00:00.000","GOLD - COMMODITY EXCHANGE INC.","GOLD","435489","18426","62110","108507","113937"
"2015-08-11T00:00:00.000","NATURAL GAS - NEW YORK MERCANTILE EXCHANGE","NATURAL GAS","970067","126103","131563","199870","306752"
"2015-08-11T00:00:00.000","COPPER-GRADE #1 - COMMODITY EXCHANGE INC.","COPPER","195117","39501","44495","34267","66966"
"2015-08-11T00:00:00.000","SILVER - COMMODITY EXCHANGE INC.","SILVER","177902","17317","37634","41980","42213"
"2015-08-11T00:00:00.000","PLATINUM - NEW YORK MERCANTILE EXCHANGE","PLATINUM","78884","6691","28104","35031","28456"
"2015-08-11T00:00:00.000","PALLADIUM - NEW YORK MERCANTILE EXCHANGE","PALLADIUM","36928","2975","10347","19036","12324"
"2015-08-18T00:00:00.000","COPPER-GRADE #1 - COMMODITY EXCHANGE INC.","COPPER","191265","35685","44919","34655","62169"
"2015-08-18T00:00:00.000","NATURAL GAS - NEW YORK MERCANTILE EXCHANGE","NATURAL GAS","977912","121425","123504","201480","349162"
"2015-08-18T00:00:00.000","PALLADIUM - NEW YORK MERCANTILE EXCHANGE","PALLADIUM","36028","2469","10094","19258","11308"
"2015-08-18T00:00:00.000","PLATINUM - NEW YORK MERCANTILE EXCHANGE","PLATINUM","78564","6113","29605","35712","27259"
"2015-08-18T00:00:00.000","GOLD - COMMODITY EXCHANGE INC.","GOLD","432728","17508","63587","112075","104158"
"2015-08-18T00:00:00.000","SILVER - COMMODITY EXCHANGE INC.","SILVER","173545","19385","40783","40045","40368"
"2015-08-25T00:00:00.000","NATURAL GAS - NEW YORK MERCANTILE EXCHANGE","NATURAL GAS","942081","121683","125935","190393","348331"
"2015-08-25T00:00:00.000","GOLD - COMMODITY EXCHANGE INC.","GOLD","432154","14467","80360","119456","78842"
"2015-08-25T00:00:00.000","COPPER-GRADE #1 - COMMODITY EXCHANGE INC.","COPPER","166991","29647","41641","34548","52780"
"2015-08-25T00:00:00.000","SILVER - COMMODITY EXCHANGE INC.","SILVER","167243","19098","42365","37735","37815"
"2015-08-25T00:00:00.000","PLATINUM - NEW YORK MERCANTILE EXCHANGE","PLATINUM","74149","5543","30141","32232","23257"
"2015-08-25T00:00:00.000","PALLADIUM - NEW YORK MERCANTILE EXCHANGE","PALLADIUM","31134","2401","8578","15145","9443"
"2015-09-01T00:00:00.000","PALLADIUM - NEW YORK MERCANTILE EXCHANGE","PALLADIUM","28619","2075","8811","16351","9450"
"2015-09-01T00:00:00.000","GOLD - COMMODITY EXCHANGE INC.","GOLD","410274","12944","80229","112641","72044"
"2015-09-01T00:00:00.000","COPPER-GRADE #1 - COMMODITY EXCHANGE INC.","COPPER","158648","29573","43495","34564","50321"
"2015-09-01T00:00:00.000","SILVER - COMMODITY EXCHANGE INC.","SILVER","157013","16234","37136","39035","34986"
"2015-09-01T00:00:00.000","PLATINUM - NEW YORK MERCANTILE EXCHANGE","PLATINUM","69973","5223","30293","30374","19705"
"2015-09-01T00:00:00.000","NATURAL GAS - NEW YORK MERCANTILE EXCHANGE","NATURAL GAS","922375","120160","123443","188920","335202"
"2015-09-08T00:00:00.000","GOLD - COMMODITY EXCHANGE INC.","GOLD","421732","20513","77612","112684","85859"
"2015-09-08T00:00:00.000","COPPER-GRADE #1 - COMMODITY EXCHANGE INC.","COPPER","159016","26823","48489","38573","43184"
"2015-09-08T00:00:00.000","SILVER - COMMODITY EXCHANGE INC.","SILVER","155615","19083","39421","41533","33899"
"2015-09-08T00:00:00.000","PLATINUM - NEW YORK MERCANTILE EXCHANGE","PLATINUM","70035","6075","31268","30523","18682"
"2015-09-08T00:00:00.000","PALLADIUM - NEW YORK MERCANTILE EXCHANGE","PALLADIUM","27515","2431","8475","15839","9682"
"2015-09-08T00:00:00.000","NATURAL GAS - NEW YORK MERCANTILE EXCHANGE","NATURAL GAS","927167","125689","131897","184924","324372"
"2015-09-15T00:00:00.000","GOLD - COMMODITY EXCHANGE INC.","GOLD","413333","17304","60606","104300","95493"
"2015-09-15T00:00:00.000","COPPER-GRADE #1 - COMMODITY EXCHANGE INC.","COPPER","154631","24267","55102","36890","35757"
"2015-09-15T00:00:00.000","SILVER - COMMODITY EXCHANGE INC.","SILVER","158007","16702","36542","42219","39900"
"2015-09-15T00:00:00.000","PLATINUM - NEW YORK MERCANTILE EXCHANGE","PLATINUM","73784","6181","29889","31322","21091"
"2015-09-15T00:00:00.000","PALLADIUM - NEW YORK MERCANTILE EXCHANGE","PALLADIUM","27693","2770","8687","16156","9941"
"2015-09-15T00:00:00.000","NATURAL GAS - NEW YORK MERCANTILE EXCHANGE","NATURAL GAS","904256","122124","131108","186675","307977"
"2015-09-22T00:00:00.000","GOLD - COMMODITY EXCHANGE INC.","GOLD","419304","19677","75195","107531","86702"
"2015-09-22T00:00:00.000","COPPER-GRADE #1 - COMMODITY EXCHANGE INC.","COPPER","152575","23922","47150","33365","38433"
"2015-09-22T00:00:00.000","SILVER - COMMODITY EXCHANGE INC.","SILVER","152140","13820","40440","43316","28316"
"2015-09-22T00:00:00.000","PLATINUM - NEW YORK MERCANTILE EXCHANGE","PLATINUM","79193","6087","29455","33223","22324"
"2015-09-22T00:00:00.000","PALLADIUM - NEW YORK MERCANTILE EXCHANGE","PALLADIUM","27147","2674","9204","15771","8621"
"2015-09-22T00:00:00.000","NATURAL GAS - NEW YORK MERCANTILE EXCHANGE","NATURAL GAS","905773","115768","121850","189389","385467"
"2015-09-29T00:00:00.000","GOLD - COMMODITY EXCHANGE INC.","GOLD","415700","25515","87605","112633","72069"
"2015-09-29T00:00:00.000","COPPER-GRADE #1 - COMMODITY EXCHANGE INC.","COPPER","151710","25299","43622","32052","40905"
"2015-09-29T00:00:00.000","SILVER - COMMODITY EXCHANGE INC.","SILVER","156905","14127","40398","43252","33610"
"2015-09-29T00:00:00.000","PLATINUM - NEW YORK MERCANTILE EXCHANGE","PLATINUM","75469","6445","26670","31256","22653"
"2015-09-29T00:00:00.000","PALLADIUM - NEW YORK MERCANTILE EXCHANGE","PALLADIUM","26595","2384","11466","15771","6133"
"2015-09-29T00:00:00.000","NATURAL GAS - NEW YORK MERCANTILE EXCHANGE","NATURAL GAS","906840","117903","119555","185977","395848"
"2015-10-06T00:00:00.000","GOLD - COMMODITY EXCHANGE INC.","GOLD","430228","25741","92163","115414","69576"
"2015-10-06T00:00:00.000","COPPER-GRADE #1 - COMMODITY EXCHANGE INC.","COPPER","153387","25042","49777","34763","35733"
"2015-10-06T00:00:00.000","SILVER - COMMODITY EXCHANGE INC.","SILVER","156226","13833","48857","49621","21469"
"2015-10-06T00:00:00.000","PLATINUM - NEW YORK MERCANTILE EXCHANGE","PLATINUM","74919","7141","27011","30020","21339"
"2015-10-06T00:00:00.000","PALLADIUM - NEW YORK MERCANTILE EXCHANGE","PALLADIUM","26430","2339","12852","15683","4093"
"2015-10-06T00:00:00.000","NATURAL GAS - NEW YORK MERCANTILE EXCHANGE","NATURAL GAS","943756","112071","120349","186100","401640"
"2015-10-13T00:00:00.000","GOLD - COMMODITY EXCHANGE INC.","GOLD","435928","24080","103595","128350","51137"
"2015-10-13T00:00:00.000","NATURAL GAS - NEW YORK MERCANTILE EXCHANGE","NATURAL GAS","967718","121882","132507","183084","396080"
"2015-10-13T00:00:00.000","PALLADIUM - NEW YORK MERCANTILE EXCHANGE","PALLADIUM","25558","2453","13320","15016","2939"
"2015-10-13T00:00:00.000","PLATINUM - NEW YORK MERCANTILE EXCHANGE","PLATINUM","71682","6213","29738","31747","15808"
"2015-10-13T00:00:00.000","SILVER - COMMODITY EXCHANGE INC.","SILVER","161346","13039","51865","56412","14439"
"2015-10-13T00:00:00.000","COPPER-GRADE #1 - COMMODITY EXCHANGE INC.","COPPER","156482","23810","55018","36957","29608"
"2015-10-20T00:00:00.000","PALLADIUM - NEW YORK MERCANTILE EXCHANGE","PALLADIUM","25837","2688","13161","15281","2463"
"2015-10-20T00:00:00.000","NATURAL GAS - NEW YORK MERCANTILE EXCHANGE","NATURAL GAS","989765","114823","129569","182420","398107"
"2015-10-20T00:00:00.000","PLATINUM - NEW YORK MERCANTILE EXCHANGE","PLATINUM","70469","6078","31648","32068","13090"
"2015-10-20T00:00:00.000","SILVER - COMMODITY EXCHANGE INC.","SILVER","167574","13472","54680","60905","13003"
"2015-10-20T00:00:00.000","COPPER-GRADE #1 - COMMODITY EXCHANGE INC.","COPPER","162963","23285","56825","35883","28872"
"2015-10-20T00:00:00.000","GOLD - COMMODITY EXCHANGE INC.","GOLD","467792","24068","125536","156199","39855"
"2015-10-27T00:00:00.000","NATURAL GAS - NEW YORK MERCANTILE EXCHANGE","NATURAL GAS","990658","113095","129931","178608","393698"
"2015-10-27T00:00:00.000","COPPER-GRADE #1 - COMMODITY EXCHANGE INC.","COPPER","165946","24557","60129","36805","28586"
"2015-10-27T00:00:00.000","SILVER - COMMODITY EXCHANGE INC.","SILVER","169757","12779","55982","63187","9834"
"2015-10-27T00:00:00.000","PLATINUM - NEW YORK MERCANTILE EXCHANGE","PLATINUM","71052","5491","33365","34128","11829"
"2015-10-27T00:00:00.000","PALLADIUM - NEW YORK MERCANTILE EXCHANGE","PALLADIUM","26065","2348","13216","15809","2267"
"2015-10-27T00:00:00.000","GOLD - COMMODITY EXCHANGE INC.","GOLD","466780","24021","126967","147660","33568"
"2015-11-03T00:00:00.000","PALLADIUM - NEW YORK MERCANTILE EXCHANGE","PALLADIUM","26826","2093","13499","16078","2931"
"2015-11-03T00:00:00.000","GOLD - COMMODITY EXCHANGE INC.","GOLD","443900","26094","115320","116702","49495"
"2015-11-03T00:00:00.000","COPPER-GRADE #1 - COMMODITY EXCHANGE INC.","COPPER","165386","27397","54824","32466","35327"
"2015-11-03T00:00:00.000","SILVER - COMMODITY EXCHANGE INC.","SILVER","166942","12136","55417","58867","10271"
"2015-11-03T00:00:00.000","PLATINUM - NEW YORK MERCANTILE EXCHANGE","PLATINUM","70053","5712","34046","33818","10273"
"2015-11-03T00:00:00.000","NATURAL GAS - NEW YORK MERCANTILE EXCHANGE","NATURAL GAS","1046280","118417","139927","182648","416632"
"2015-11-10T00:00:00.000","PALLADIUM - NEW YORK MERCANTILE EXCHANGE","PALLADIUM","27526","2198","12240","16146","3683"
"2015-11-10T00:00:00.000","GOLD - COMMODITY EXCHANGE INC.","GOLD","436426","25898","90778","91880","75011"
"2015-11-10T00:00:00.000","COPPER-GRADE #1 - COMMODITY EXCHANGE INC.","COPPER","173872","29666","46257","29676","49026"
"2015-11-10T00:00:00.000","SILVER - COMMODITY EXCHANGE INC.","SILVER","162435","15452","49890","53256","27229"
"2015-11-10T00:00:00.000","PLATINUM - NEW YORK MERCANTILE EXCHANGE","PLATINUM","71115","5755","32726","32131","13242"
"2015-11-10T00:00:00.000","NATURAL GAS - NEW YORK MERCANTILE EXCHANGE","NATURAL GAS","998745","122412","146027","180663","389268"
"2015-11-17T00:00:00.000","PALLADIUM - NEW YORK MERCANTILE EXCHANGE","PALLADIUM","27520","2330","11580","14091","4259"
"2015-11-17T00:00:00.000","GOLD - COMMODITY EXCHANGE INC.","GOLD","435376","25079","75078","90510","104433"
"2015-11-17T00:00:00.000","COPPER-GRADE #1 - COMMODITY EXCHANGE INC.","COPPER","193328","33565","47628","28890","56804"
"2015-11-17T00:00:00.000","SILVER - COMMODITY EXCHANGE INC.","SILVER","170721","17911","44800","51627","39422"
"2015-11-17T00:00:00.000","PLATINUM - NEW YORK MERCANTILE EXCHANGE","PLATINUM","74144","6442","27555","29593","20410"
"2015-11-17T00:00:00.000","NATURAL GAS - NEW YORK MERCANTILE EXCHANGE","NATURAL GAS","1004080","130284","144825","181604","383703"
"2015-11-24T00:00:00.000","PALLADIUM - NEW YORK MERCANTILE EXCHANGE","PALLADIUM","28418","3255","11599","13370","5662"
"2015-11-24T00:00:00.000","GOLD - COMMODITY EXCHANGE INC.","GOLD","397705","25625","67103","91059","107723"
"2015-11-24T00:00:00.000","COPPER-GRADE #1 - COMMODITY EXCHANGE INC.","COPPER","186199","33275","44585","30056","60297"
"2015-11-24T00:00:00.000","SILVER - COMMODITY EXCHANGE INC.","SILVER","170092","19398","42903","52630","42772"
"2015-11-24T00:00:00.000","PLATINUM - NEW YORK MERCANTILE EXCHANGE","PLATINUM","75570","7235","25633","28503","23647"
"2015-11-24T00:00:00.000","NATURAL GAS - NEW YORK MERCANTILE EXCHANGE","NATURAL GAS","990097","123306","143548","186336","368004"
"2015-12-01T00:00:00.000","PLATINUM - NEW YORK MERCANTILE EXCHANGE","PLATINUM","76282","6848","25162","28889","24016"
"2015-12-01T00:00:00.000","COPPER-GRADE #1 - COMMODITY EXCHANGE INC.","COPPER","180517","34964","42439","29883","67063"
"2015-12-01T00:00:00.000","SILVER - COMMODITY EXCHANGE INC.","SILVER","163286","16015","39668","54282","42842"
"2015-12-01T00:00:00.000","PALLADIUM - NEW YORK MERCANTILE EXCHANGE","PALLADIUM","26853","2743","10712","14001","6065"
"2015-12-01T00:00:00.000","GOLD - COMMODITY EXCHANGE INC.","GOLD","390940","27538","59821","89982","110548"
"2015-12-01T00:00:00.000","NATURAL GAS - NEW YORK MERCANTILE EXCHANGE","NATURAL GAS","1005820","126549","147209","185228","368776"
"2015-12-08T00:00:00.000","NATURAL GAS - NEW YORK MERCANTILE EXCHANGE","NATURAL GAS","1001636","146416","164036","181101","357433"
"2015-12-08T00:00:00.000","SILVER - COMMODITY EXCHANGE INC.","SILVER","162758","16873","40692","52472","43201"
"2015-12-08T00:00:00.000","COPPER-GRADE #1 - COMMODITY EXCHANGE INC.","COPPER","179248","35938","40024","30038","65850"
"2015-12-08T00:00:00.000","GOLD - COMMODITY EXCHANGE INC.","GOLD","394128","25951","62512","92488","109910"
"2015-12-08T00:00:00.000","PLATINUM - NEW YORK MERCANTILE EXCHANGE","PLATINUM","76192","6267","26469","28172","22353"
"2015-12-08T00:00:00.000","PALLADIUM - NEW YORK MERCANTILE EXCHANGE","PALLADIUM","26006","2820","10956","14025","5218"
"2015-12-15T00:00:00.000","NATURAL GAS - NEW YORK MERCANTILE EXCHANGE","NATURAL GAS","1034263","164858","178721","177562","359699"
"2015-12-15T00:00:00.000","GOLD - COMMODITY EXCHANGE INC.","GOLD","390944","20596","61412","83617","110836"
"2015-12-15T00:00:00.000","COPPER-GRADE #1 - COMMODITY EXCHANGE INC.","COPPER","178761","33464","39030","30012","67234"
"2015-12-15T00:00:00.000","SILVER - COMMODITY EXCHANGE INC.","SILVER","166864","19056","37647","50580","47982"
"2015-12-15T00:00:00.000","PLATINUM - NEW YORK MERCANTILE EXCHANGE","PLATINUM","76027","6453","25725","27969","22331"
"2015-12-15T00:00:00.000","PALLADIUM - NEW YORK MERCANTILE EXCHANGE","PALLADIUM","24428","2483","9604","12991","5306"
"2015-12-22T00:00:00.000","GOLD - COMMODITY EXCHANGE INC.","GOLD","405294","19453","73397","79979","100041"
"2015-12-22T00:00:00.000","COPPER-GRADE #1 - COMMODITY EXCHANGE INC.","COPPER","170210","32820","39510","29459","58211"
"2015-12-22T00:00:00.000","SILVER - COMMODITY EXCHANGE INC.","SILVER","161116","16676","39686","50223","39607"
"2015-12-22T00:00:00.000","PLATINUM - NEW YORK MERCANTILE EXCHANGE","PLATINUM","69653","6310","26478","26583","18531"
"2015-12-22T00:00:00.000","PALLADIUM - NEW YORK MERCANTILE EXCHANGE","PALLADIUM","23778","2207","9651","13143","4673"
"2015-12-22T00:00:00.000","NATURAL GAS - NEW YORK MERCANTILE EXCHANGE","NATURAL GAS","997935","165650","174539","179444","368036"
"2015-12-29T00:00:00.000","GOLD - COMMODITY EXCHANGE INC.","GOLD","401880","23044","67018","76071","103272"
"2015-12-29T00:00:00.000","COPPER-GRADE #1 - COMMODITY EXCHANGE INC.","COPPER","167689","32903","39574","28222","54186"
"2015-12-29T00:00:00.000","SILVER - COMMODITY EXCHANGE INC.","SILVER","165006","16916","39882","49244","42105"
"2015-12-29T00:00:00.000","PLATINUM - NEW YORK MERCANTILE EXCHANGE","PLATINUM","66584","6005","26874","26201","17299"
"2015-12-29T00:00:00.000","PALLADIUM - NEW YORK MERCANTILE EXCHANGE","PALLADIUM","24119","2275","9734","13329","4707"
"2015-12-29T00:00:00.000","NATURAL GAS - NEW YORK MERCANTILE EXCHANGE","NATURAL GAS","982886","154354","164048","181527","347918"
"2016-01-05T00:00:00.000","PALLADIUM - NEW YORK MERCANTILE EXCHANGE","PALLADIUM","25036","2311","9150","13169","5257"
"2016-01-05T00:00:00.000","GOLD - COMMODITY EXCHANGE INC.","GOLD","413688","22948","67800","79732","95659"
"2016-01-05T00:00:00.000","COPPER-GRADE #1 - COMMODITY EXCHANGE INC.","COPPER","171819","33477","38418","26775","55534"
"2016-01-05T00:00:00.000","SILVER - COMMODITY EXCHANGE INC.","SILVER","167520","17895","39793","49088","41197"
"2016-01-05T00:00:00.000","PLATINUM - NEW YORK MERCANTILE EXCHANGE","PLATINUM","65506","5909","26966","26401","15995"
"2016-01-05T00:00:00.000","NATURAL GAS - NEW YORK MERCANTILE EXCHANGE","NATURAL GAS","935925","131626","143823","174292","307926"
"2016-01-12T00:00:00.000","NATURAL GAS - NEW YORK MERCANTILE EXCHANGE","NATURAL GAS","901080","122288","135725","172300","292654"
"2016-01-12T00:00:00.000","GOLD - COMMODITY EXCHANGE INC.","GOLD","397565","23309","75124","82908","82816"
"2016-01-12T00:00:00.000","COPPER-GRADE #1 - COMMODITY EXCHANGE INC.","COPPER","193520","39779","36253","29055","60779"
"2016-01-12T00:00:00.000","SILVER - COMMODITY EXCHANGE INC.","SILVER","166172","15934","38809","50421","41872"
"2016-01-12T00:00:00.000","PLATINUM - NEW YORK MERCANTILE EXCHANGE","PLATINUM","69088","6217","25975","26880","17657"
"2016-01-12T00:00:00.000","PALLADIUM - NEW YORK MERCANTILE EXCHANGE","PALLADIUM","27222","2410","7768","12991","6975"
"2016-01-19T00:00:00.000","COPPER-GRADE #1 - COMMODITY EXCHANGE INC.","COPPER","199011","42579","38399","29784","63757"
"2016-01-19T00:00:00.000","SILVER - COMMODITY EXCHANGE INC.","SILVER","159521","15167","39947","49199","32750"
"2016-01-19T00:00:00.000","GOLD - COMMODITY EXCHANGE INC.","GOLD","408835","24206","73168","84054","83615"
"2016-01-19T00:00:00.000","PLATINUM - NEW YORK MERCANTILE EXCHANGE","PLATINUM","70000","5943","22475","26805","20787"
"2016-01-19T00:00:00.000","PALLADIUM - NEW YORK MERCANTILE EXCHANGE","PALLADIUM","26180","2491","7894","13652","6956"
"2016-01-19T00:00:00.000","NATURAL GAS - NEW YORK MERCANTILE EXCHANGE","NATURAL GAS","911328","124554","132393","164797","296981"
"2016-01-26T00:00:00.000","GOLD - COMMODITY EXCHANGE INC.","GOLD","385350","19845","72454","95745","78942"
"2016-01-26T00:00:00.000","COPPER-GRADE #1 - COMMODITY EXCHANGE INC.","COPPER","202900","42891","44171","32609","56517"
"2016-01-26T00:00:00.000","SILVER - COMMODITY EXCHANGE INC.","SILVER","154734","13982","42708","50614","25218"
"2016-01-26T00:00:00.000","PLATINUM - NEW YORK MERCANTILE EXCHANGE","PLATINUM","67395","5829","22795","26546","19254"
"2016-01-26T00:00:00.000","PALLADIUM - NEW YORK MERCANTILE EXCHANGE","PALLADIUM","25779","2508","7495","12855","6758"
"2016-01-26T00:00:00.000","NATURAL GAS - NEW YORK MERCANTILE EXCHANGE","NATURAL GAS","895870","118800","124409","158971","314786"
"2016-02-02T00:00:00.000","GOLD - COMMODITY EXCHANGE INC.","GOLD","379185","24395","80385","100566","71530"
"2016-02-02T00:00:00.000","COPPER-GRADE #1 - COMMODITY EXCHANGE INC.","COPPER","201682","39239","41974","30981","49991"
"2016-02-02T00:00:00.000","SILVER - COMMODITY EXCHANGE INC.","SILVER","157934","14360","44711","50949","25932"
"2016-02-02T00:00:00.000","PLATINUM - NEW YORK MERCANTILE EXCHANGE","PLATINUM","66265","5750","23604","25587","17410"
"2016-02-02T00:00:00.000","PALLADIUM - NEW YORK MERCANTILE EXCHANGE","PALLADIUM","26235","2546","7398","12982","6932"
"2016-02-02T00:00:00.000","NATURAL GAS - NEW YORK MERCANTILE EXCHANGE","NATURAL GAS","947373","125307","118222","171879","335016"
"2016-02-09T00:00:00.000","GOLD - COMMODITY EXCHANGE INC.","GOLD","410833","23988","91728","121059","60423"
"2016-02-09T00:00:00.000","COPPER-GRADE #1 - COMMODITY EXCHANGE INC.","COPPER","189518","34548","46417","36582","43693"
"2016-02-09T00:00:00.000","SILVER - COMMODITY EXCHANGE INC.","SILVER","164664","12816","51259","58876","19132"
"2016-02-09T00:00:00.000","PLATINUM - NEW YORK MERCANTILE EXCHANGE","PLATINUM","65426","5101","26310","26857","12712"
"2016-02-09T00:00:00.000","PALLADIUM - NEW YORK MERCANTILE EXCHANGE","PALLADIUM","27198","2249","7883","13783","7221"
"2016-02-09T00:00:00.000","NATURAL GAS - NEW YORK MERCANTILE EXCHANGE","NATURAL GAS","955454","127121","120328","183120","321977"
"2016-02-16T00:00:00.000","GOLD - COMMODITY EXCHANGE INC.","GOLD","428912","26085","111860","126219","45206"
"2016-02-16T00:00:00.000","COPPER-GRADE #1 - COMMODITY EXCHANGE INC.","COPPER","191131","35648","47791","33244","40921"
"2016-02-16T00:00:00.000","SILVER - COMMODITY EXCHANGE INC.","SILVER","166645","12175","56287","60725","13004"
"2016-02-16T00:00:00.000","PLATINUM - NEW YORK MERCANTILE EXCHANGE","PLATINUM","64876","4344","28308","27302","9834"
"2016-02-16T00:00:00.000","PALLADIUM - NEW YORK MERCANTILE EXCHANGE","PALLADIUM","28117","2732","9049","13769","7116"
"2016-02-16T00:00:00.000","NATURAL GAS - NEW YORK MERCANTILE EXCHANGE","NATURAL GAS","1011059","135671","126033","183810","337412"
"2016-02-23T00:00:00.000","GOLD - COMMODITY EXCHANGE INC.","GOLD","445290","19329","123277","141373","32276"
"2016-02-23T00:00:00.000","COPPER-GRADE #1 - COMMODITY EXCHANGE INC.","COPPER","173541","30001","44860","30808","32874"
"2016-02-23T00:00:00.000","SILVER - COMMODITY EXCHANGE INC.","SILVER","174697","13483","59944","62683","11662"
"2016-02-23T00:00:00.000","PLATINUM - NEW YORK MERCANTILE EXCHANGE","PLATINUM","64316","4097","29486","26662","8409"
"2016-02-23T00:00:00.000","PALLADIUM - NEW YORK MERCANTILE EXCHANGE","PALLADIUM","28091","2837","8189","12401","7577"
"2016-02-23T00:00:00.000","NATURAL GAS - NEW YORK MERCANTILE EXCHANGE","NATURAL GAS","1034296","136788","124132","184333","351816"
"2016-03-01T00:00:00.000","GOLD - COMMODITY EXCHANGE INC.","GOLD","450555","16920","129587","133823","29453"
"2016-03-01T00:00:00.000","NATURAL GAS - NEW YORK MERCANTILE EXCHANGE","NATURAL GAS","1042618","122979","122258","189176","359996"
"2016-03-01T00:00:00.000","PALLADIUM - NEW YORK MERCANTILE EXCHANGE","PALLADIUM","25293","3000","7370","11845","7918"
"2016-03-01T00:00:00.000","PLATINUM - NEW YORK MERCANTILE EXCHANGE","PLATINUM","66211","4764","28564","27262","7447"
"2016-03-01T00:00:00.000","SILVER - COMMODITY EXCHANGE INC.","SILVER","162293","16020","58393","58117","11562"
"2016-03-01T00:00:00.000","COPPER-GRADE #1 - COMMODITY EXCHANGE INC.","COPPER","160010","26051","43829","36254","30297"
"2016-03-08T00:00:00.000","SILVER - COMMODITY EXCHANGE INC.","SILVER","169875","15606","60460","59303","9730"
"2016-03-08T00:00:00.000","NATURAL GAS - NEW YORK MERCANTILE EXCHANGE","NATURAL GAS","1072608","134147","131301","192554","370539"
"2016-03-08T00:00:00.000","GOLD - COMMODITY EXCHANGE INC.","GOLD","499110","17739","143726","160317","32890"
"2016-03-08T00:00:00.000","PALLADIUM - NEW YORK MERCANTILE EXCHANGE","PALLADIUM","23425","3028","8614","12182","6011"
"2016-03-08T00:00:00.000","PLATINUM - NEW YORK MERCANTILE EXCHANGE","PLATINUM","64142","4999","29310","25241","6961"
"2016-03-08T00:00:00.000","COPPER-GRADE #1 - COMMODITY EXCHANGE INC.","COPPER","165888","20786","59808","47964","20133"
"2016-03-15T00:00:00.000","NATURAL GAS - NEW YORK MERCANTILE EXCHANGE","NATURAL GAS","1109271","165830","160419","201853","357717"
"2016-03-15T00:00:00.000","GOLD - COMMODITY EXCHANGE INC.","GOLD","493086","19486","143435","159202","29425"
"2016-03-15T00:00:00.000","COPPER-GRADE #1 - COMMODITY EXCHANGE INC.","COPPER","175443","24134","64357","43814","19770"
"2016-03-15T00:00:00.000","SILVER - COMMODITY EXCHANGE INC.","SILVER","166180","14831","59948","58689","7933"
"2016-03-15T00:00:00.000","PLATINUM - NEW YORK MERCANTILE EXCHANGE","PLATINUM","63234","4488","28875","25005","8151"
"2016-03-15T00:00:00.000","PALLADIUM - NEW YORK MERCANTILE EXCHANGE","PALLADIUM","22064","2970","9373","11631","4818"
"2016-03-22T00:00:00.000","PALLADIUM - NEW YORK MERCANTILE EXCHANGE","PALLADIUM","22446","3059","9591","12210","3997"
"2016-03-22T00:00:00.000","GOLD - COMMODITY EXCHANGE INC.","GOLD","510579","19858","150125","174457","29558"
"2016-03-22T00:00:00.000","COPPER-GRADE #1 - COMMODITY EXCHANGE INC.","COPPER","178177","23268","66325","42807","19832"
"2016-03-22T00:00:00.000","SILVER - COMMODITY EXCHANGE INC.","SILVER","175775","14205","63656","64150","9449"
"2016-03-22T00:00:00.000","PLATINUM - NEW YORK MERCANTILE EXCHANGE","PLATINUM","62649","4622","28526","24299","7372"
"2016-03-22T00:00:00.000","NATURAL GAS - NEW YORK MERCANTILE EXCHANGE","NATURAL GAS","1070818","150631","144881","202692","325492"
"2016-03-29T00:00:00.000","PALLADIUM - NEW YORK MERCANTILE EXCHANGE","PALLADIUM","22670","3350","8913","11784","4381"
"2016-03-29T00:00:00.000","COPPER-GRADE #1 - COMMODITY EXCHANGE INC.","COPPER","186775","26483","66142","43527","22454"
"2016-03-29T00:00:00.000","SILVER - COMMODITY EXCHANGE INC.","SILVER","175255","15033","59094","60154","15734"
"2016-03-29T00:00:00.000","GOLD - COMMODITY EXCHANGE INC.","GOLD","480461","24190","150685","184135","29930"
"2016-03-29T00:00:00.000","PLATINUM - NEW YORK MERCANTILE EXCHANGE","PLATINUM","58313","5189","27870","22600","7871"
"2016-03-29T00:00:00.000","NATURAL GAS - NEW YORK MERCANTILE EXCHANGE","NATURAL GAS","1073459","163459","162256","209898","301140"
"2016-04-05T00:00:00.000","SILVER - COMMODITY EXCHANGE INC.","SILVER","179913","18071","57007","60866","17603"
"2016-04-05T00:00:00.000","GOLD - COMMODITY EXCHANGE INC.","GOLD","474094","21204","151023","186716","33958"
"2016-04-05T00:00:00.000","COPPER-GRADE #1 - COMMODITY EXCHANGE INC.","COPPER","192906","26823","60305","38199","29720"
"2016-04-05T00:00:00.000","PLATINUM - NEW YORK MERCANTILE EXCHANGE","PLATINUM","55898","4756","27887","22402","7746"
"2016-04-05T00:00:00.000","PALLADIUM - NEW YORK MERCANTILE EXCHANGE","PALLADIUM","22736","3122","8564","11592","5155"
"2016-04-05T00:00:00.000","NATURAL GAS - NEW YORK MERCANTILE EXCHANGE","NATURAL GAS","1094070","168271","166575","209945","282805"
"2016-04-12T00:00:00.000","NATURAL GAS - NEW YORK MERCANTILE EXCHANGE","NATURAL GAS","1131760","180955","179827","215877","297560"
"2016-04-12T00:00:00.000","GOLD - COMMODITY EXCHANGE INC.","GOLD","504523","21129","164322","202500","31866"
"2016-04-12T00:00:00.000","COPPER-GRADE #1 - COMMODITY EXCHANGE INC.","COPPER","201236","33830","55442","34360","44001"
"2016-04-12T00:00:00.000","SILVER - COMMODITY EXCHANGE INC.","SILVER","184800","18847","65976","69774","13756"
"2016-04-12T00:00:00.000","PLATINUM - NEW YORK MERCANTILE EXCHANGE","PLATINUM","56899","4637","28013","23226","6801"
"2016-04-12T00:00:00.000","PALLADIUM - NEW YORK MERCANTILE EXCHANGE","PALLADIUM","24523","3333","7998","11771","6983"
"2016-04-19T00:00:00.000","PALLADIUM - NEW YORK MERCANTILE EXCHANGE","PALLADIUM","24352","3360","8267","12207","6646"
"2016-04-19T00:00:00.000","GOLD - COMMODITY EXCHANGE INC.","GOLD","503331","20069","166296","208661","34554"
"2016-04-19T00:00:00.000","COPPER-GRADE #1 - COMMODITY EXCHANGE INC.","COPPER","201891","35630","56731","37254","45384"
"2016-04-19T00:00:00.000","SILVER - COMMODITY EXCHANGE INC.","SILVER","194510","19682","73069","77534","9631"
"2016-04-19T00:00:00.000","PLATINUM - NEW YORK MERCANTILE EXCHANGE","PLATINUM","60387","4191","30064","25095","7509"
"2016-04-19T00:00:00.000","NATURAL GAS - NEW YORK MERCANTILE EXCHANGE","NATURAL GAS","1157059","167755","170012","238656","296167"
"2016-04-26T00:00:00.000","PALLADIUM - NEW YORK MERCANTILE EXCHANGE","PALLADIUM","22958","3132","8555","11898","4733"
"2016-04-26T00:00:00.000","COPPER-GRADE #1 - COMMODITY EXCHANGE INC.","COPPER","172378","25948","59411","43389","27576"
"2016-04-26T00:00:00.000","SILVER - COMMODITY EXCHANGE INC.","SILVER","206748","20341","76004","79825","8665"
"2016-04-26T00:00:00.000","NATURAL GAS - NEW YORK MERCANTILE EXCHANGE","NATURAL GAS","1098995","173802","189512","217548","272627"
"2016-04-26T00:00:00.000","PLATINUM - NEW YORK MERCANTILE EXCHANGE","PLATINUM","62482","4654","31368","27704","6628"
"2016-04-26T00:00:00.000","GOLD - COMMODITY EXCHANGE INC.","GOLD","497884","18752","165367","206476","34426"
"2016-05-03T00:00:00.000","NATURAL GAS - NEW YORK MERCANTILE EXCHANGE","NATURAL GAS","1106944","171136","181705","214456","293865"
"2016-05-03T00:00:00.000","GOLD - COMMODITY EXCHANGE INC.","GOLD","565774","19259","189227","248842","29947"
"2016-05-03T00:00:00.000","COPPER-GRADE #1 - COMMODITY EXCHANGE INC.","COPPER","176458","27504","62748","44230","27541"
"2016-05-03T00:00:00.000","SILVER - COMMODITY EXCHANGE INC.","SILVER","198237","22398","74805","81012","12646"
"2016-05-03T00:00:00.000","PLATINUM - NEW YORK MERCANTILE EXCHANGE","PLATINUM","64158","5081","33274","29742","5712"
"2016-05-03T00:00:00.000","PALLADIUM - NEW YORK MERCANTILE EXCHANGE","PALLADIUM","22749","2885","8944","12229","3918"
"2016-05-10T00:00:00.000","NATURAL GAS - NEW YORK MERCANTILE EXCHANGE","NATURAL GAS","1073563","149940","161018","222932","289582"
"2016-05-10T00:00:00.000","GOLD - COMMODITY EXCHANGE INC.","GOLD","579777","20797","178897","246782","35591"
"2016-05-10T00:00:00.000","COPPER-GRADE #1 - COMMODITY EXCHANGE INC.","COPPER","184768","36401","54880","38221","44631"
"2016-05-10T00:00:00.000","SILVER - COMMODITY EXCHANGE INC.","SILVER","205391","20601","73181","86732","13792"
"2016-05-10T00:00:00.000","PLATINUM - NEW YORK MERCANTILE EXCHANGE","PLATINUM","65493","5184","33816","30478","6443"
"2016-05-10T00:00:00.000","PALLADIUM - NEW YORK MERCANTILE EXCHANGE","PALLADIUM","24651","3117","9112","11140","4232"
"2016-05-17T00:00:00.000","PALLADIUM - NEW YORK MERCANTILE EXCHANGE","PALLADIUM","24978","3211","9365","10634","3801"
"2016-05-17T00:00:00.000","GOLD - COMMODITY EXCHANGE INC.","GOLD","595077","21631","170642","247059","34618"
"2016-05-17T00:00:00.000","COPPER-GRADE #1 - COMMODITY EXCHANGE INC.","COPPER","203157","41027","54683","38937","63322"
"2016-05-17T00:00:00.000","SILVER - COMMODITY EXCHANGE INC.","SILVER","207394","20830","72445","84369","16171"
"2016-05-17T00:00:00.000","PLATINUM - NEW YORK MERCANTILE EXCHANGE","PLATINUM","66689","4799","34155","32466","7820"
"2016-05-17T00:00:00.000","NATURAL GAS - NEW YORK MERCANTILE EXCHANGE","NATURAL GAS","1088763","136601","157686","232975","309206"
"2016-05-24T00:00:00.000","PALLADIUM - NEW YORK MERCANTILE EXCHANGE","PALLADIUM","23153","3373","7905","10017","4433"
"2016-05-24T00:00:00.000","GOLD - COMMODITY EXCHANGE INC.","GOLD","542958","59557","156435","205180","48719"
"2016-05-24T00:00:00.000","COPPER-GRADE #1 - COMMODITY EXCHANGE INC.","COPPER","210264","51040","55423","32598","66128"
"2016-05-24T00:00:00.000","SILVER - COMMODITY EXCHANGE INC.","SILVER","203682","24423","68210","76941","18946"
"2016-05-24T00:00:00.000","PLATINUM - NEW YORK MERCANTILE EXCHANGE","PLATINUM","64186","5521","33340","30802","7716"
"2016-05-24T00:00:00.000","NATURAL GAS - NEW YORK MERCANTILE EXCHANGE","NATURAL GAS","1076282","149299","149452","215861","329418"
"2016-05-31T00:00:00.000","NATURAL GAS - NEW YORK MERCANTILE EXCHANGE","NATURAL GAS","1075414","149957","143992","230157","330293"
"2016-05-31T00:00:00.000","GOLD - COMMODITY EXCHANGE INC.","GOLD","494321","47227","142196","192160","43549"
"2016-05-31T00:00:00.000","COPPER-GRADE #1 - COMMODITY EXCHANGE INC.","COPPER","217128","50882","55776","31668","63027"
"2016-05-31T00:00:00.000","SILVER - COMMODITY EXCHANGE INC.","SILVER","198118","23919","67729","70677","16761"
"2016-05-31T00:00:00.000","PLATINUM - NEW YORK MERCANTILE EXCHANGE","PLATINUM","61795","5766","31431","27311","9264"
"2016-05-31T00:00:00.000","PALLADIUM - NEW YORK MERCANTILE EXCHANGE","PALLADIUM","22341","3388","6971","11042","5437"
"2016-06-07T00:00:00.000","NATURAL GAS - NEW YORK MERCANTILE EXCHANGE","NATURAL GAS","1051119","146708","131608","215116","272250"
"2016-06-07T00:00:00.000","GOLD - COMMODITY EXCHANGE INC.","GOLD","496330","26136","147563","212061","34695"
"2016-06-07T00:00:00.000","COPPER-GRADE #1 - COMMODITY EXCHANGE INC.","COPPER","227927","53469","59914","33397","70704"
"2016-06-07T00:00:00.000","SILVER - COMMODITY EXCHANGE INC.","SILVER","192376","22928","64790","68148","18987"
"2016-06-07T00:00:00.000","PLATINUM - NEW YORK MERCANTILE EXCHANGE","PLATINUM","63185","6365","30966","27564","10031"
"2016-06-07T00:00:00.000","PALLADIUM - NEW YORK MERCANTILE EXCHANGE","PALLADIUM","23144","3441","7091","11772","6739"
"2016-06-14T00:00:00.000","PALLADIUM - NEW YORK MERCANTILE EXCHANGE","PALLADIUM","23750","3474","6611","11171","7220"
"2016-06-14T00:00:00.000","COPPER-GRADE #1 - COMMODITY EXCHANGE INC.","COPPER","239071","56765","55298","31338","78683"
"2016-06-14T00:00:00.000","SILVER - COMMODITY EXCHANGE INC.","SILVER","199111","22321","69214","77085","15666"
"2016-06-14T00:00:00.000","GOLD - COMMODITY EXCHANGE INC.","GOLD","545357","26395","176665","257500","28260"
"2016-06-14T00:00:00.000","PLATINUM - NEW YORK MERCANTILE EXCHANGE","PLATINUM","66103","6823","31227","27436","11390"
"2016-06-14T00:00:00.000","NATURAL GAS - NEW YORK MERCANTILE EXCHANGE","NATURAL GAS","1073841","147584","138436","228877","272428"
"2016-06-21T00:00:00.000","PALLADIUM - NEW YORK MERCANTILE EXCHANGE","PALLADIUM","23998","3536","6185","11192","7564"
"2016-06-21T00:00:00.000","GOLD - COMMODITY EXCHANGE INC.","GOLD","571517","28287","177414","274936","24528"
"2016-06-21T00:00:00.000","COPPER-GRADE #1 - COMMODITY EXCHANGE INC.","COPPER","215529","48019","55892","32112","60150"
"2016-06-21T00:00:00.000","SILVER - COMMODITY EXCHANGE INC.","SILVER","205618","21397","72678","87674","12096"
"2016-06-21T00:00:00.000","PLATINUM - NEW YORK MERCANTILE EXCHANGE","PLATINUM","64950","6333","29674","25936","10890"
"2016-06-21T00:00:00.000","NATURAL GAS - NEW YORK MERCANTILE EXCHANGE","NATURAL GAS","1075469","141939","136469","234575","264426"
"2016-06-28T00:00:00.000","PALLADIUM - NEW YORK MERCANTILE EXCHANGE","PALLADIUM","21616","3056","7037","10841","5889"
"2016-06-28T00:00:00.000","GOLD - COMMODITY EXCHANGE INC.","GOLD","613792","30055","179646","285895","24845"
"2016-06-28T00:00:00.000","COPPER-GRADE #1 - COMMODITY EXCHANGE INC.","COPPER","167927","37001","56284","31985","37924"
"2016-06-28T00:00:00.000","SILVER - COMMODITY EXCHANGE INC.","SILVER","211396","21355","75848","87541","9879"
"2016-06-28T00:00:00.000","PLATINUM - NEW YORK MERCANTILE EXCHANGE","PLATINUM","62873","6419","30109","24065","10529"
"2016-06-28T00:00:00.000","NATURAL GAS - NEW YORK MERCANTILE EXCHANGE","NATURAL GAS","1063784","197790","185454","224710","252847"
"2016-07-05T00:00:00.000","SILVER - COMMODITY EXCHANGE INC.","SILVER","211347","22991","76664","90030","9045"
"2016-07-05T00:00:00.000","GOLD - COMMODITY EXCHANGE INC.","GOLD","652971","29270","178378","300070","26994"
"2016-07-05T00:00:00.000","COPPER-GRADE #1 - COMMODITY EXCHANGE INC.","COPPER","164665","35457","58113","33063","28802"
"2016-07-05T00:00:00.000","PLATINUM - NEW YORK MERCANTILE EXCHANGE","PLATINUM","63840","6099","32832","27358","7513"
"2016-07-05T00:00:00.000","PALLADIUM - NEW YORK MERCANTILE EXCHANGE","PALLADIUM","21620","3102","8589","10921","4079"
"2016-07-05T00:00:00.000","NATURAL GAS - NEW YORK MERCANTILE EXCHANGE","NATURAL GAS","1057182","197583","185134","218023","248401"
"2016-07-12T00:00:00.000","NATURAL GAS - NEW YORK MERCANTILE EXCHANGE","NATURAL GAS","1022505","161779","146594","216243","246494"
"2016-07-12T00:00:00.000","GOLD - COMMODITY EXCHANGE INC.","GOLD","633020","35210","176993","296106","36977"
"2016-07-12T00:00:00.000","COPPER-GRADE #1 - COMMODITY EXCHANGE INC.","COPPER","166225","33983","62423","36601","31820"
"2016-07-12T00:00:00.000","SILVER - COMMODITY EXCHANGE INC.","SILVER","214617","22783","75820","92979","7112"
"2016-07-12T00:00:00.000","PLATINUM - NEW YORK MERCANTILE EXCHANGE","PLATINUM","70300","5692","34376","32795","7418"
"2016-07-12T00:00:00.000","PALLADIUM - NEW YORK MERCANTILE EXCHANGE","PALLADIUM","22949","3426","8997","11269","3292"
"2016-07-19T00:00:00.000","PALLADIUM - NEW YORK MERCANTILE EXCHANGE","PALLADIUM","23595","2726","9475","12835","2041"
"2016-07-19T00:00:00.000","GOLD - COMMODITY EXCHANGE INC.","GOLD","617069","31861","167764","287317","34920"
"2016-07-19T00:00:00.000","COPPER-GRADE #1 - COMMODITY EXCHANGE INC.","COPPER","178364","32343","73223","41760","23489"
"2016-07-19T00:00:00.000","SILVER - COMMODITY EXCHANGE INC.","SILVER","219206","20779","77425","98948","7796"
"2016-07-19T00:00:00.000","PLATINUM - NEW YORK MERCANTILE EXCHANGE","PLATINUM","74782","5575","36083","36963","6889"
"2016-07-19T00:00:00.000","NATURAL GAS - NEW YORK MERCANTILE EXCHANGE","NATURAL GAS","1007203","160571","139653","214629","256923"
"2016-07-26T00:00:00.000","NATURAL GAS - NEW YORK MERCANTILE EXCHANGE","NATURAL GAS","960843","133012","127690","217457","261921"
"2016-07-26T00:00:00.000","SILVER - COMMODITY EXCHANGE INC.","SILVER","218299","19019","76841","104148","8224"
"2016-07-26T00:00:00.000","GOLD - COMMODITY EXCHANGE INC.","GOLD","576325","31448","166649","278777","31356"
"2016-07-26T00:00:00.000","PLATINUM - NEW YORK MERCANTILE EXCHANGE","PLATINUM","77014","5098","37973","43411","6559"
"2016-07-26T00:00:00.000","PALLADIUM - NEW YORK MERCANTILE EXCHANGE","PALLADIUM","26677","2637","10879","16512","1581"
"2016-07-26T00:00:00.000","COPPER-GRADE #1 - COMMODITY EXCHANGE INC.","COPPER","187184","33513","76316","47795","18590"
"2016-08-02T00:00:00.000","SILVER - COMMODITY EXCHANGE INC.","SILVER","224540","17400","77301","101438","11505"
"2016-08-02T00:00:00.000","GOLD - COMMODITY EXCHANGE INC.","GOLD","582211","29097","175971","288542","33813"
"2016-08-02T00:00:00.000","COPPER-GRADE #1 - COMMODITY EXCHANGE INC.","COPPER","188805","35507","76386","43247","25359"
"2016-08-02T00:00:00.000","PLATINUM - NEW YORK MERCANTILE EXCHANGE","PLATINUM","79541","5020","39051","46585","6645"
"2016-08-02T00:00:00.000","PALLADIUM - NEW YORK MERCANTILE EXCHANGE","PALLADIUM","29287","2387","11599","19040","1426"
"2016-08-02T00:00:00.000","NATURAL GAS - NEW YORK MERCANTILE EXCHANGE","NATURAL GAS","1008978","148155","158751","220745","252967"
"2016-08-09T00:00:00.000","NATURAL GAS - NEW YORK MERCANTILE EXCHANGE","NATURAL GAS","1055048","165619","160532","218865","273445"
"2016-08-09T00:00:00.000","GOLD - COMMODITY EXCHANGE INC.","GOLD","575399","29067","165875","281496","36244"
"2016-08-09T00:00:00.000","COPPER-GRADE #1 - COMMODITY EXCHANGE INC.","COPPER","188297","35944","71030","38984","39840"
"2016-08-09T00:00:00.000","SILVER - COMMODITY EXCHANGE INC.","SILVER","210647","16291","73549","101341","14860"
"2016-08-09T00:00:00.000","PLATINUM - NEW YORK MERCANTILE EXCHANGE","PLATINUM","80645","4988","39538","48084","5738"
"2016-08-09T00:00:00.000","PALLADIUM - NEW YORK MERCANTILE EXCHANGE","PALLADIUM","30272","2482","12232","19597","1466"
"2016-08-16T00:00:00.000","PALLADIUM - NEW YORK MERCANTILE EXCHANGE","PALLADIUM","29123","2044","12105","18472","1309"
"2016-08-16T00:00:00.000","GOLD - COMMODITY EXCHANGE INC.","GOLD","572496","30091","169299","277152","34425"
"2016-08-16T00:00:00.000","COPPER-GRADE #1 - COMMODITY EXCHANGE INC.","COPPER","180360","34804","69647","37872","36152"
"2016-08-16T00:00:00.000","SILVER - COMMODITY EXCHANGE INC.","SILVER","205905","15939","72344","98767","17311"
"2016-08-16T00:00:00.000","PLATINUM - NEW YORK MERCANTILE EXCHANGE","PLATINUM","80960","4784","39462","47243","7299"
"2016-08-16T00:00:00.000","NATURAL GAS - NEW YORK MERCANTILE EXCHANGE","NATURAL GAS","1097985","187334","175539","214090","286819"
"2016-08-23T00:00:00.000","PLATINUM - NEW YORK MERCANTILE EXCHANGE","PLATINUM","81801","4318","39176","46890","7397"
"2016-08-23T00:00:00.000","GOLD - COMMODITY EXCHANGE INC.","GOLD","572973","23865","163651","284550","30866"
"2016-08-23T00:00:00.000","COPPER-GRADE #1 - COMMODITY EXCHANGE INC.","COPPER","192196","31088","69034","43094","49122"
"2016-08-23T00:00:00.000","NATURAL GAS - NEW YORK MERCANTILE EXCHANGE","NATURAL GAS","1069552","143622","155898","225555","262433"
"2016-08-23T00:00:00.000","SILVER - COMMODITY EXCHANGE INC.","SILVER","206264","14129","70597","96876","20489"
"2016-08-23T00:00:00.000","PALLADIUM - NEW YORK MERCANTILE EXCHANGE","PALLADIUM","27809","1999","12437","17662","1329"
"2016-08-30T00:00:00.000","NATURAL GAS - NEW YORK MERCANTILE EXCHANGE","NATURAL GAS","1037375","133666","150100","247445","235840"
"2016-08-30T00:00:00.000","GOLD - COMMODITY EXCHANGE INC.","GOLD","558398","22280","158022","266680","35086"
"2016-08-30T00:00:00.000","COPPER-GRADE #1 - COMMODITY EXCHANGE INC.","COPPER","187028","35823","56838","39812","66663"
"2016-08-30T00:00:00.000","SILVER - COMMODITY EXCHANGE INC.","SILVER","189416","13853","69934","93040","20542"
"2016-08-30T00:00:00.000","PLATINUM - NEW YORK MERCANTILE EXCHANGE","PLATINUM","79543","4937","36003","41517","8290"
"2016-08-30T00:00:00.000","PALLADIUM - NEW YORK MERCANTILE EXCHANGE","PALLADIUM","25545","1916","11603","17088","2243"
"2016-09-06T00:00:00.000","NATURAL GAS - NEW YORK MERCANTILE EXCHANGE","NATURAL GAS","1052129","140964","163726","240913","242809"
"2016-09-06T00:00:00.000","GOLD - COMMODITY EXCHANGE INC.","GOLD","590656","22474","176277","291692","22157"
"2016-09-06T00:00:00.000","COPPER-GRADE #1 - COMMODITY EXCHANGE INC.","COPPER","203453","37945","51862","44089","85764"
"2016-09-06T00:00:00.000","SILVER - COMMODITY EXCHANGE INC.","SILVER","199197","13490","72123","98888","19001"
"2016-09-06T00:00:00.000","PLATINUM - NEW YORK MERCANTILE EXCHANGE","PLATINUM","77629","5294","35333","37970","8157"
"2016-09-06T00:00:00.000","PALLADIUM - NEW YORK MERCANTILE EXCHANGE","PALLADIUM","25451","1999","11842","16734","2176"
"2016-09-13T00:00:00.000","PALLADIUM - NEW YORK MERCANTILE EXCHANGE","PALLADIUM","24477","1943","11403","15697","2821"
"2016-09-13T00:00:00.000","GOLD - COMMODITY EXCHANGE INC.","GOLD","575002","24700","173534","271631","28654"
"2016-09-13T00:00:00.000","COPPER-GRADE #1 - COMMODITY EXCHANGE INC.","COPPER","203945","33342","48672","48595","85173"
"2016-09-13T00:00:00.000","SILVER - COMMODITY EXCHANGE INC.","SILVER","193953","13495","72426","93682","22929"
"2016-09-13T00:00:00.000","PLATINUM - NEW YORK MERCANTILE EXCHANGE","PLATINUM","76199","5150","32446","35019","9694"
"2016-09-13T00:00:00.000","NATURAL GAS - NEW YORK MERCANTILE EXCHANGE","NATURAL GAS","1033073","130143","149702","260527","172676"
"2016-09-20T00:00:00.000","PALLADIUM - NEW YORK MERCANTILE EXCHANGE","PALLADIUM","24674","2001","11630","15521","2797"
"2016-09-20T00:00:00.000","GOLD - COMMODITY EXCHANGE INC.","GOLD","558791","25040","163063","246119","32972"
"2016-09-20T00:00:00.000","COPPER-GRADE #1 - COMMODITY EXCHANGE INC.","COPPER","190574","30558","55332","49634","69193"
"2016-09-20T00:00:00.000","SILVER - COMMODITY EXCHANGE INC.","SILVER","193501","13918","72901","93440","22320"
"2016-09-20T00:00:00.000","PLATINUM - NEW YORK MERCANTILE EXCHANGE","PLATINUM","74671","4890","31855","32378","9892"
"2016-09-20T00:00:00.000","NATURAL GAS - NEW YORK MERCANTILE EXCHANGE","NATURAL GAS","1083994","137030","164041","277398","163831"
"2016-09-27T00:00:00.000","NATURAL GAS - NEW YORK MERCANTILE EXCHANGE","NATURAL GAS","1067097","132783","188850","282387","158229"
"2016-09-27T00:00:00.000","GOLD - COMMODITY EXCHANGE INC.","GOLD","583161","26681","176013","282151","26974"
"2016-09-27T00:00:00.000","COPPER-GRADE #1 - COMMODITY EXCHANGE INC.","COPPER","179904","28919","62681","53244","50288"
"2016-09-27T00:00:00.000","SILVER - COMMODITY EXCHANGE INC.","SILVER","201486","12925","75989","97185","20494"
"2016-09-27T00:00:00.000","PLATINUM - NEW YORK MERCANTILE EXCHANGE","PLATINUM","70394","5231","33405","31325","10146"
"2016-09-27T00:00:00.000","PALLADIUM - NEW YORK MERCANTILE EXCHANGE","PALLADIUM","26048","2343","12439","16413","2644"
"2016-10-04T00:00:00.000","NATURAL GAS - NEW YORK MERCANTILE EXCHANGE","NATURAL GAS","1103354","146772","189989","274056","174745"
"2016-10-04T00:00:00.000","GOLD - COMMODITY EXCHANGE INC.","GOLD","544824","27604","155278","244765","44649"
"2016-10-04T00:00:00.000","COPPER-GRADE #1 - COMMODITY EXCHANGE INC.","COPPER","181809","25643","64533","56286","49198"
"2016-10-04T00:00:00.000","SILVER - COMMODITY EXCHANGE INC.","SILVER","198747","13874","68618","88384","23877"
"2016-10-04T00:00:00.000","PLATINUM - NEW YORK MERCANTILE EXCHANGE","PLATINUM","69695","5030","31639","30899","13552"
"2016-10-04T00:00:00.000","PALLADIUM - NEW YORK MERCANTILE EXCHANGE","PALLADIUM","27978","2447","13125","17418","3099"
"2016-10-11T00:00:00.000","PALLADIUM - NEW YORK MERCANTILE EXCHANGE","PALLADIUM","25107","1872","12063","16442","3017"
"2016-10-11T00:00:00.000","GOLD - COMMODITY EXCHANGE INC.","GOLD","500328","28660","143233","203033","54240"
"2016-10-11T00:00:00.000","COPPER-GRADE #1 - COMMODITY EXCHANGE INC.","COPPER","185814","25351","64876","57782","44889"
"2016-10-11T00:00:00.000","SILVER - COMMODITY EXCHANGE INC.","SILVER","187469","15209","65445","72048","26502"
"2016-10-11T00:00:00.000","PLATINUM - NEW YORK MERCANTILE EXCHANGE","PLATINUM","69710","5244","28905","28274","16958"
"2016-10-11T00:00:00.000","NATURAL GAS - NEW YORK MERCANTILE EXCHANGE","NATURAL GAS","1135059","135234","180314","286715","164843"
"2016-10-18T00:00:00.000","PALLADIUM - NEW YORK MERCANTILE EXCHANGE","PALLADIUM","22997","2166","11411","13236","2878"
"2016-10-18T00:00:00.000","GOLD - COMMODITY EXCHANGE INC.","GOLD","497061","30322","136610","190008","59054"
"2016-10-18T00:00:00.000","COPPER-GRADE #1 - COMMODITY EXCHANGE INC.","COPPER","207729","31325","61304","54708","68605"
"2016-10-18T00:00:00.000","SILVER - COMMODITY EXCHANGE INC.","SILVER","189229","15080","64050","68579","27513"
"2016-10-18T00:00:00.000","PLATINUM - NEW YORK MERCANTILE EXCHANGE","PLATINUM","69494","5334","26862","27267","20764"
"2016-10-18T00:00:00.000","NATURAL GAS - NEW YORK MERCANTILE EXCHANGE","NATURAL GAS","1184871","143714","215955","296679","150309"
"2016-10-25T00:00:00.000","PLATINUM - NEW YORK MERCANTILE EXCHANGE","PLATINUM","70383","5330","26274","27808","22980"
"2016-10-25T00:00:00.000","GOLD - COMMODITY EXCHANGE INC.","GOLD","507617","29237","140772","199094","55184"
"2016-10-25T00:00:00.000","COPPER-GRADE #1 - COMMODITY EXCHANGE INC.","COPPER","213569","32375","59340","56342","72984"
"2016-10-25T00:00:00.000","NATURAL GAS - NEW YORK MERCANTILE EXCHANGE","NATURAL GAS","1143189","138885","219832","285904","149870"
"2016-10-25T00:00:00.000","SILVER - COMMODITY EXCHANGE INC.","SILVER","196311","15396","62881","65956","27555"
"2016-10-25T00:00:00.000","PALLADIUM - NEW YORK MERCANTILE EXCHANGE","PALLADIUM","21605","2079","10594","11266","2912"
"2016-11-01T00:00:00.000","SILVER - COMMODITY EXCHANGE INC.","SILVER","196912","14459","64401","66733","19066"
"2016-11-01T00:00:00.000","GOLD - COMMODITY EXCHANGE INC.","GOLD","521506","27666","153593","203670","37403"
"2016-11-01T00:00:00.000","COPPER-GRADE #1 - COMMODITY EXCHANGE INC.","COPPER","203042","26209","72131","67830","44457"
"2016-11-01T00:00:00.000","PLATINUM - NEW YORK MERCANTILE EXCHANGE","PLATINUM","71112","4883","26667","30617","22604"
"2016-11-01T00:00:00.000","PALLADIUM - NEW YORK MERCANTILE EXCHANGE","PALLADIUM","22766","2377","10222","10668","4754"
"2016-11-01T00:00:00.000","NATURAL GAS - NEW YORK MERCANTILE EXCHANGE","NATURAL GAS","1153045","152618","211434","253731","182784"
"2016-11-08T00:00:00.000","NATURAL GAS - NEW YORK MERCANTILE EXCHANGE","NATURAL GAS","1172127","160846","219230","241082","204178"
"2016-11-08T00:00:00.000","GOLD - COMMODITY EXCHANGE INC.","GOLD","528203","27597","158095","211670","38033"
"2016-11-08T00:00:00.000","COPPER-GRADE #1 - COMMODITY EXCHANGE INC.","COPPER","233922","25091","96740","92038","32750"
"2016-11-08T00:00:00.000","SILVER - COMMODITY EXCHANGE INC.","SILVER","188265","11925","65645","71989","15852"
"2016-11-08T00:00:00.000","PLATINUM - NEW YORK MERCANTILE EXCHANGE","PLATINUM","66469","4503","28584","30545","14854"
"2016-11-08T00:00:00.000","PALLADIUM - NEW YORK MERCANTILE EXCHANGE","PALLADIUM","22296","2805","10536","10449","3765"
"2016-11-15T00:00:00.000","PALLADIUM - NEW YORK MERCANTILE EXCHANGE","PALLADIUM","23177","2385","11909","11353","2131"
"2016-11-15T00:00:00.000","GOLD - COMMODITY EXCHANGE INC.","GOLD","479237","27283","134182","178132","43452"
"2016-11-15T00:00:00.000","COPPER-GRADE #1 - COMMODITY EXCHANGE INC.","COPPER","238615","26770","100816","96999","26397"
"2016-11-15T00:00:00.000","SILVER - COMMODITY EXCHANGE INC.","SILVER","174831","12337","62149","64016","16177"
"2016-11-15T00:00:00.000","PLATINUM - NEW YORK MERCANTILE EXCHANGE","PLATINUM","63255","4604","27723","26101","15521"
"2016-11-15T00:00:00.000","NATURAL GAS - NEW YORK MERCANTILE EXCHANGE","NATURAL GAS","1193024","172170","219885","240073","225108"
"2016-11-22T00:00:00.000","PALLADIUM - NEW YORK MERCANTILE EXCHANGE","PALLADIUM","27518","2015","13715","13492","1026"
"2016-11-22T00:00:00.000","GOLD - COMMODITY EXCHANGE INC.","GOLD","461062","20805","119000","171864","47475"
"2016-11-22T00:00:00.000","COPPER-GRADE #1 - COMMODITY EXCHANGE INC.","COPPER","236293","25138","104379","100460","24081"
"2016-11-22T00:00:00.000","SILVER - COMMODITY EXCHANGE INC.","SILVER","169661","11951","62477","57931","15412"
"2016-11-22T00:00:00.000","PLATINUM - NEW YORK MERCANTILE EXCHANGE","PLATINUM","65403","4585","28794","26926","18153"
"2016-11-22T00:00:00.000","NATURAL GAS - NEW YORK MERCANTILE EXCHANGE","NATURAL GAS","1157763","153413","206882","236755","213443"
"2016-11-29T00:00:00.000","SILVER - COMMODITY EXCHANGE INC.","SILVER","156626","11371","59897","56969","14327"
"2016-11-29T00:00:00.000","GOLD - COMMODITY EXCHANGE INC.","GOLD","405661","24102","114690","162086","55145"
"2016-11-29T00:00:00.000","COPPER-GRADE #1 - COMMODITY EXCHANGE INC.","COPPER","230420","25093","108367","104367","23399"
"2016-11-29T00:00:00.000","PLATINUM - NEW YORK MERCANTILE EXCHANGE","PLATINUM","69551","5123","28936","27286","20607"
"2016-11-29T00:00:00.000","PALLADIUM - NEW YORK MERCANTILE EXCHANGE","PALLADIUM","26153","1790","14595","15098","1351"
"2016-11-29T00:00:00.000","NATURAL GAS - NEW YORK MERCANTILE EXCHANGE","NATURAL GAS","1153565","147364","208712","230482","176927"
"2016-12-06T00:00:00.000","NATURAL GAS - NEW YORK MERCANTILE EXCHANGE","NATURAL GAS","1200726","179864","241959","240190","139083"
"2016-12-06T00:00:00.000","GOLD - COMMODITY EXCHANGE INC.","GOLD","393524","21781","105209","150856","68538"
"2016-12-06T00:00:00.000","COPPER-GRADE #1 - COMMODITY EXCHANGE INC.","COPPER","236290","24954","112549","104205","21370"
"2016-12-06T00:00:00.000","SILVER - COMMODITY EXCHANGE INC.","SILVER","159337","11878","60095","56166","15591"
"2016-12-06T00:00:00.000","PLATINUM - NEW YORK MERCANTILE EXCHANGE","PLATINUM","67342","4511","28366","27686","18649"
"2016-12-06T00:00:00.000","PALLADIUM - NEW YORK MERCANTILE EXCHANGE","PALLADIUM","27640","1756","14373","17061","1740"
"2016-12-13T00:00:00.000","PALLADIUM - NEW YORK MERCANTILE EXCHANGE","PALLADIUM","27269","1332","14460","17103","1828"
"2016-12-13T00:00:00.000","GOLD - COMMODITY EXCHANGE INC.","GOLD","397034","22199","103372","146150","77432"
"2016-12-13T00:00:00.000","COPPER-GRADE #1 - COMMODITY EXCHANGE INC.","COPPER","236822","24690","113540","108085","21016"
"2016-12-13T00:00:00.000","SILVER - COMMODITY EXCHANGE INC.","SILVER","163556","10677","62887","59636","13701"
"2016-12-13T00:00:00.000","PLATINUM - NEW YORK MERCANTILE EXCHANGE","PLATINUM","66814","5880","29259","25895","15645"
"2016-12-13T00:00:00.000","NATURAL GAS - NEW YORK MERCANTILE EXCHANGE","NATURAL GAS","1240708","189094","300046","274747","117240"
"2016-12-20T00:00:00.000","PLATINUM - NEW YORK MERCANTILE EXCHANGE","PLATINUM","64352","5901","28682","24010","12860"
"2016-12-20T00:00:00.000","GOLD - COMMODITY EXCHANGE INC.","GOLD","398661","22130","101474","137588","83783"
"2016-12-20T00:00:00.000","COPPER-GRADE #1 - COMMODITY EXCHANGE INC.","COPPER","233042","27943","109107","102422","23266"
"2016-12-20T00:00:00.000","NATURAL GAS - NEW YORK MERCANTILE EXCHANGE","NATURAL GAS","1208078","181359","299914","260263","96544"
"2016-12-20T00:00:00.000","SILVER - COMMODITY EXCHANGE INC.","SILVER","159697","10859","58920","59215","16139"
"2016-12-20T00:00:00.000","PALLADIUM - NEW YORK MERCANTILE EXCHANGE","PALLADIUM","25156","1234","14571","15724","1573"
"2016-12-27T00:00:00.000","NATURAL GAS - NEW YORK MERCANTILE EXCHANGE","NATURAL GAS","1221230","176899","302788","267108","93039"
"2016-12-27T00:00:00.000","GOLD - COMMODITY EXCHANGE INC.","GOLD","401513","23547","97994","130595","87229"
"2016-12-27T00:00:00.000","COPPER-GRADE #1 - COMMODITY EXCHANGE INC.","COPPER","227733","29951","107467","96708","24556"
"2016-12-27T00:00:00.000","SILVER - COMMODITY EXCHANGE INC.","SILVER","163097","10496","58612","58183","18967"
"2016-12-27T00:00:00.000","PLATINUM - NEW YORK MERCANTILE EXCHANGE","PLATINUM","63714","6308","29182","22963","13775"
"2016-12-27T00:00:00.000","PALLADIUM - NEW YORK MERCANTILE EXCHANGE","PALLADIUM","24290","1288","14189","14325","1583"
"2017-01-03T00:00:00.000","NATURAL GAS - NEW YORK MERCANTILE EXCHANGE","NATURAL GAS","1231340","182188","307767","273954","102426"
"2017-01-03T00:00:00.000","COPPER-GRADE #1 - COMMODITY EXCHANGE INC.","COPPER","223874","29871","106016","94060","23503"
"2017-01-03T00:00:00.000","SILVER - COMMODITY EXCHANGE INC.","SILVER","163812","10781","59939","61676","19343"
"2017-01-03T00:00:00.000","GOLD - COMMODITY EXCHANGE INC.","GOLD","424673","24768","97997","127786","91229"
"2017-01-03T00:00:00.000","PLATINUM - NEW YORK MERCANTILE EXCHANGE","PLATINUM","64102","6678","28752","23568","15343"
"2017-01-03T00:00:00.000","PALLADIUM - NEW YORK MERCANTILE EXCHANGE","PALLADIUM","24483","1464","14256","14143","1532"
"2017-01-10T00:00:00.000","PALLADIUM - NEW YORK MERCANTILE EXCHANGE","PALLADIUM","26971","1638","15369","15809","1274"
"2017-01-10T00:00:00.000","GOLD - COMMODITY EXCHANGE INC.","GOLD","444001","24588","96661","135563","79884"
"2017-01-10T00:00:00.000","COPPER-GRADE #1 - COMMODITY EXCHANGE INC.","COPPER","236637","27276","108702","99498","25629"
"2017-01-10T00:00:00.000","SILVER - COMMODITY EXCHANGE INC.","SILVER","165040","9915","58682","64671","17897"
"2017-01-10T00:00:00.000","PLATINUM - NEW YORK MERCANTILE EXCHANGE","PLATINUM","62061","5602","31670","23993","8956"
"2017-01-10T00:00:00.000","NATURAL GAS - NEW YORK MERCANTILE EXCHANGE","NATURAL GAS","1217323","192545","317565","254613","114358"
"2017-01-17T00:00:00.000","PALLADIUM - NEW YORK MERCANTILE EXCHANGE","PALLADIUM","28383","1720","15528","17053","2166"
"2017-01-17T00:00:00.000","GOLD - COMMODITY EXCHANGE INC.","GOLD","467937","23844","99443","141566","82931"
"2017-01-17T00:00:00.000","COPPER-GRADE #1 - COMMODITY EXCHANGE INC.","COPPER","251782","30345","111975","100373","25344"
"2017-01-17T00:00:00.000","SILVER - COMMODITY EXCHANGE INC.","SILVER","172056","11209","62574","67215","15438"
"2017-01-17T00:00:00.000","PLATINUM - NEW YORK MERCANTILE EXCHANGE","PLATINUM","63219","5845","32278","25265","7733"
"2017-01-17T00:00:00.000","NATURAL GAS - NEW YORK MERCANTILE EXCHANGE","NATURAL GAS","1192444","191684","314382","258133","96079"
"2017-01-24T00:00:00.000","NATURAL GAS - NEW YORK MERCANTILE EXCHANGE","NATURAL GAS","1153693","186399","299329","249580","111377"
"2017-01-24T00:00:00.000","GOLD - COMMODITY EXCHANGE INC.","GOLD","482374","23117","108482","135159","75405"
"2017-01-24T00:00:00.000","COPPER-GRADE #1 - COMMODITY EXCHANGE INC.","COPPER","270892","34216","119854","114368","23027"
"2017-01-24T00:00:00.000","SILVER - COMMODITY EXCHANGE INC.","SILVER","177601","11387","65079","71727","15625"
"2017-01-24T00:00:00.000","PLATINUM - NEW YORK MERCANTILE EXCHANGE","PLATINUM","62823","5713","33068","28574","5886"
"2017-01-24T00:00:00.000","PALLADIUM - NEW YORK MERCANTILE EXCHANGE","PALLADIUM","30826","1754","16216","19938","1879"
"2017-01-31T00:00:00.000","NATURAL GAS - NEW YORK MERCANTILE EXCHANGE","NATURAL GAS","1174390","192586","301503","258352","132907"
"2017-01-31T00:00:00.000","GOLD - COMMODITY EXCHANGE INC.","GOLD","398433","20746","110568","140663","70826"
"2017-01-31T00:00:00.000","COPPER-GRADE #1 - COMMODITY EXCHANGE INC.","COPPER","291702","41109","132108","119847","18491"
"2017-01-31T00:00:00.000","SILVER - COMMODITY EXCHANGE INC.","SILVER","186839","12146","71140","76808","12844"
"2017-01-31T00:00:00.000","PLATINUM - NEW YORK MERCANTILE EXCHANGE","PLATINUM","64552","5992","34729","30211","4926"
"2017-01-31T00:00:00.000","PALLADIUM - NEW YORK MERCANTILE EXCHANGE","PALLADIUM","28488","1655","16196","17685","1697"
"2017-02-07T00:00:00.000","PALLADIUM - NEW YORK MERCANTILE EXCHANGE","PALLADIUM","29331","1957","16265","18069","1960"
"2017-02-07T00:00:00.000","GOLD - COMMODITY EXCHANGE INC.","GOLD","415543","22551","115774","142542","72393"
"2017-02-07T00:00:00.000","COPPER-GRADE #1 - COMMODITY EXCHANGE INC.","COPPER","291924","42612","130022","115642","30186"
"2017-02-07T00:00:00.000","SILVER - COMMODITY EXCHANGE INC.","SILVER","193936","12572","72338","77999","12338"
"2017-02-07T00:00:00.000","PLATINUM - NEW YORK MERCANTILE EXCHANGE","PLATINUM","64811","5939","36189","30222","3512"
"2017-02-07T00:00:00.000","NATURAL GAS - NEW YORK MERCANTILE EXCHANGE","NATURAL GAS","1195477","167406","274331","258914","140522"
"2017-02-14T00:00:00.000","PALLADIUM - NEW YORK MERCANTILE EXCHANGE","PALLADIUM","30408","2016","16363","18549","1447"
"2017-02-14T00:00:00.000","GOLD - COMMODITY EXCHANGE INC.","GOLD","415128","20992","113422","135739","72114"
"2017-02-14T00:00:00.000","COPPER-GRADE #1 - COMMODITY EXCHANGE INC.","COPPER","296125","37823","120932","115276","26720"
"2017-02-14T00:00:00.000","SILVER - COMMODITY EXCHANGE INC.","SILVER","195338","12956","74670","84040","11874"
"2017-02-14T00:00:00.000","PLATINUM - NEW YORK MERCANTILE EXCHANGE","PLATINUM","65179","5747","37294","29675","3449"
"2017-02-14T00:00:00.000","NATURAL GAS - NEW YORK MERCANTILE EXCHANGE","NATURAL GAS","1271386","182685","293118","264231","164111"
"2017-02-21T00:00:00.000","PALLADIUM - NEW YORK MERCANTILE EXCHANGE","PALLADIUM","30322","1855","16544","18639","1393"
"2017-02-21T00:00:00.000","GOLD - COMMODITY EXCHANGE INC.","GOLD","427168","20557","116326","142639","64597"
"2017-02-21T00:00:00.000","COPPER-GRADE #1 - COMMODITY EXCHANGE INC.","COPPER","283805","43147","122310","111170","32380"
"2017-02-21T00:00:00.000","SILVER - COMMODITY EXCHANGE INC.","SILVER","208147","13968","77309","89710","12278"
"2017-02-21T00:00:00.000","PLATINUM - NEW YORK MERCANTILE EXCHANGE","PLATINUM","65938","5769","37731","29288","3562"
"2017-02-21T00:00:00.000","NATURAL GAS - NEW YORK MERCANTILE EXCHANGE","NATURAL GAS","1277817","182217","289511","248012","175794"
"2017-02-28T00:00:00.000","SILVER - COMMODITY EXCHANGE INC.","SILVER","197629","15836","81023","96033","11188"
"2017-02-28T00:00:00.000","GOLD - COMMODITY EXCHANGE INC.","GOLD","446081","19559","126908","166437","52191"
"2017-02-28T00:00:00.000","COPPER-GRADE #1 - COMMODITY EXCHANGE INC.","COPPER","267935","43331","114792","103982","33322"
"2017-02-28T00:00:00.000","PLATINUM - NEW YORK MERCANTILE EXCHANGE","PLATINUM","71200","5141","39678","32945","2598"
"2017-02-28T00:00:00.000","PALLADIUM - NEW YORK MERCANTILE EXCHANGE","PALLADIUM","27645","1777","16228","18844","1461"
"2017-02-28T00:00:00.000","NATURAL GAS - NEW YORK MERCANTILE EXCHANGE","NATURAL GAS","1332711","195697","299713","266202","189031"
"2017-03-07T00:00:00.000","NATURAL GAS - NEW YORK MERCANTILE EXCHANGE","NATURAL GAS","1366662","187836","278707","277102","190048"
"2017-03-07T00:00:00.000","GOLD - COMMODITY EXCHANGE INC.","GOLD","434401","20164","118027","150277","60030"
"2017-03-07T00:00:00.000","COPPER-GRADE #1 - COMMODITY EXCHANGE INC.","COPPER","267379","41442","106629","96996","39847"
"2017-03-07T00:00:00.000","SILVER - COMMODITY EXCHANGE INC.","SILVER","192398","14081","78848","94487","11086"
"2017-03-07T00:00:00.000","PLATINUM - NEW YORK MERCANTILE EXCHANGE","PLATINUM","68200","5002","38261","27726","3248"
"2017-03-07T00:00:00.000","PALLADIUM - NEW YORK MERCANTILE EXCHANGE","PALLADIUM","27966","1773","16054","19634","1824"
"2017-03-14T00:00:00.000","PALLADIUM - NEW YORK MERCANTILE EXCHANGE","PALLADIUM","27837","1674","15602","19295","1904"
"2017-03-14T00:00:00.000","GOLD - COMMODITY EXCHANGE INC.","GOLD","426170","20937","109327","121179","74805"
"2017-03-14T00:00:00.000","COPPER-GRADE #1 - COMMODITY EXCHANGE INC.","COPPER","260056","40183","102455","92121","39672"
"2017-03-14T00:00:00.000","SILVER - COMMODITY EXCHANGE INC.","SILVER","186936","13482","74057","80582","13066"
"2017-03-14T00:00:00.000","PLATINUM - NEW YORK MERCANTILE EXCHANGE","PLATINUM","66039","5518","33362","21628","8541"
"2017-03-14T00:00:00.000","NATURAL GAS - NEW YORK MERCANTILE EXCHANGE","NATURAL GAS","1356002","194347","282086","273789","163676"
"2017-03-21T00:00:00.000","PALLADIUM - NEW YORK MERCANTILE EXCHANGE","PALLADIUM","29594","1582","16671","20945","1723"
"2017-03-21T00:00:00.000","GOLD - COMMODITY EXCHANGE INC.","GOLD","446880","18872","117388","130259","74064"
"2017-03-21T00:00:00.000","COPPER-GRADE #1 - COMMODITY EXCHANGE INC.","COPPER","269323","41559","104671","93986","39306"
"2017-03-21T00:00:00.000","SILVER - COMMODITY EXCHANGE INC.","SILVER","190819","13613","74274","78914","14129"
"2017-03-21T00:00:00.000","PLATINUM - NEW YORK MERCANTILE EXCHANGE","PLATINUM","67455","5273","33129","20721","10338"
"2017-03-21T00:00:00.000","NATURAL GAS - NEW YORK MERCANTILE EXCHANGE","NATURAL GAS","1356374","185739","289825","282612","144105"
"2017-03-28T00:00:00.000","GOLD - COMMODITY EXCHANGE INC.","GOLD","449418","17857","131503","150879","59836"
"2017-03-28T00:00:00.000","COPPER-GRADE #1 - COMMODITY EXCHANGE INC.","COPPER","273316","43895","111979","97852","37079"
"2017-03-28T00:00:00.000","SILVER - COMMODITY EXCHANGE INC.","SILVER","201829","12889","78660","93000","11830"
"2017-03-28T00:00:00.000","PLATINUM - NEW YORK MERCANTILE EXCHANGE","PLATINUM","66094","5474","32613","19691","11544"
"2017-03-28T00:00:00.000","PALLADIUM - NEW YORK MERCANTILE EXCHANGE","PALLADIUM","32450","1498","18267","23718","1493"
"2017-03-28T00:00:00.000","NATURAL GAS - NEW YORK MERCANTILE EXCHANGE","NATURAL GAS","1364396","208809","298335","280181","130277"
"2017-04-04T00:00:00.000","NATURAL GAS - NEW YORK MERCANTILE EXCHANGE","NATURAL GAS","1419938","216973","299581","302173","125709"
"2017-04-04T00:00:00.000","GOLD - COMMODITY EXCHANGE INC.","GOLD","427808","16834","139711","163428","54302"
"2017-04-04T00:00:00.000","COPPER-GRADE #1 - COMMODITY EXCHANGE INC.","COPPER","277949","41862","109600","95241","41068"
"2017-04-04T00:00:00.000","SILVER - COMMODITY EXCHANGE INC.","SILVER","219160","13241","84388","107825","14751"
"2017-04-04T00:00:00.000","PLATINUM - NEW YORK MERCANTILE EXCHANGE","PLATINUM","63741","5447","32084","20694","14249"
"2017-04-04T00:00:00.000","PALLADIUM - NEW YORK MERCANTILE EXCHANGE","PALLADIUM","33938","1487","18301","24651","1400"
"2017-04-11T00:00:00.000","PALLADIUM - NEW YORK MERCANTILE EXCHANGE","PALLADIUM","34518","1499","18369","25302","1410"
"2017-04-11T00:00:00.000","COPPER-GRADE #1 - COMMODITY EXCHANGE INC.","COPPER","284852","42903","110339","95281","39769"
"2017-04-11T00:00:00.000","SILVER - COMMODITY EXCHANGE INC.","SILVER","220172","12030","84890","114249","15685"
"2017-04-11T00:00:00.000","GOLD - COMMODITY EXCHANGE INC.","GOLD","456131","17653","153297","179841","46830"
"2017-04-11T00:00:00.000","PLATINUM - NEW YORK MERCANTILE EXCHANGE","PLATINUM","64829","5654","32300","20180","15441"
"2017-04-11T00:00:00.000","NATURAL GAS - NEW YORK MERCANTILE EXCHANGE","NATURAL GAS","1411174","209873","292062","298755","122148"
"2017-04-18T00:00:00.000","PLATINUM - NEW YORK MERCANTILE EXCHANGE","PLATINUM","66022","5828","34144","21917","13835"
"2017-04-18T00:00:00.000","GOLD - COMMODITY EXCHANGE INC.","GOLD","472263","17577","167357","199001","47765"
"2017-04-18T00:00:00.000","COPPER-GRADE #1 - COMMODITY EXCHANGE INC.","COPPER","275401","47868","106575","82628","43474"
"2017-04-18T00:00:00.000","NATURAL GAS - NEW YORK MERCANTILE EXCHANGE","NATURAL GAS","1417783","195132","288253","295337","107878"
"2017-04-18T00:00:00.000","SILVER - COMMODITY EXCHANGE INC.","SILVER","227984","10563","85466","110289","13983"
"2017-04-18T00:00:00.000","PALLADIUM - NEW YORK MERCANTILE EXCHANGE","PALLADIUM","33619","1472","17687","23539","1306"
"2017-04-25T00:00:00.000","NATURAL GAS - NEW YORK MERCANTILE EXCHANGE","NATURAL GAS","1448445","213589","300604","286238","105506"
"2017-04-25T00:00:00.000","GOLD - COMMODITY EXCHANGE INC.","GOLD","475985","17618","169292","207394","47014"
"2017-04-25T00:00:00.000","COPPER-GRADE #1 - COMMODITY EXCHANGE INC.","COPPER","260513","45815","100308","82858","43027"
"2017-04-25T00:00:00.000","SILVER - COMMODITY EXCHANGE INC.","SILVER","214782","9817","79079","99509","19298"
"2017-04-25T00:00:00.000","PLATINUM - NEW YORK MERCANTILE EXCHANGE","PLATINUM","65327","5485","32708","20599","14033"
"2017-04-25T00:00:00.000","PALLADIUM - NEW YORK MERCANTILE EXCHANGE","PALLADIUM","34121","1544","17447","23423","1481"
"2017-05-02T00:00:00.000","NATURAL GAS - NEW YORK MERCANTILE EXCHANGE","NATURAL GAS","1519525","232004","338627","303627","98444"
"2017-05-02T00:00:00.000","COPPER-GRADE #1 - COMMODITY EXCHANGE INC.","COPPER","248643","40048","98159","87737","36532"
"2017-05-02T00:00:00.000","SILVER - COMMODITY EXCHANGE INC.","SILVER","189240","10800","66819","78203","23827"
"2017-05-02T00:00:00.000","GOLD - COMMODITY EXCHANGE INC.","GOLD","461905","17427","170723","195331","51720"
"2017-05-02T00:00:00.000","PLATINUM - NEW YORK MERCANTILE EXCHANGE","PLATINUM","71757","6808","30801","20100","24479"
"2017-05-02T00:00:00.000","PALLADIUM - NEW YORK MERCANTILE EXCHANGE","PALLADIUM","36686","1457","18318","25190","1457"
"2017-05-09T00:00:00.000","PALLADIUM - NEW YORK MERCANTILE EXCHANGE","PALLADIUM","37329","2091","19075","24619","1508"
"2017-05-09T00:00:00.000","GOLD - COMMODITY EXCHANGE INC.","GOLD","433033","17259","155245","151419","55457"
"2017-05-09T00:00:00.000","COPPER-GRADE #1 - COMMODITY EXCHANGE INC.","COPPER","243123","41179","87992","76791","47042"
"2017-05-09T00:00:00.000","SILVER - COMMODITY EXCHANGE INC.","SILVER","196083","12415","59509","67963","34862"
"2017-05-09T00:00:00.000","PLATINUM - NEW YORK MERCANTILE EXCHANGE","PLATINUM","76104","6839","27656","22229","33009"
"2017-05-09T00:00:00.000","NATURAL GAS - NEW YORK MERCANTILE EXCHANGE","NATURAL GAS","1529022","233243","341084","310597","92934"
"2017-05-16T00:00:00.000","PALLADIUM - NEW YORK MERCANTILE EXCHANGE","PALLADIUM","37379","2295","18537","24164","2091"
"2017-05-16T00:00:00.000","GOLD - COMMODITY EXCHANGE INC.","GOLD","435021","20336","148925","132094","66226"
"2017-05-16T00:00:00.000","COPPER-GRADE #1 - COMMODITY EXCHANGE INC.","COPPER","250251","49648","94886","78234","40298"
"2017-05-16T00:00:00.000","SILVER - COMMODITY EXCHANGE INC.","SILVER","215127","13952","56681","68867","51020"
"2017-05-16T00:00:00.000","PLATINUM - NEW YORK MERCANTILE EXCHANGE","PLATINUM","74421","6433","27642","23128","31718"
"2017-05-16T00:00:00.000","NATURAL GAS - NEW YORK MERCANTILE EXCHANGE","NATURAL GAS","1562364","229810","343386","335154","89431"
"2017-05-23T00:00:00.000","NATURAL GAS - NEW YORK MERCANTILE EXCHANGE","NATURAL GAS","1532991","258172","378858","331374","96929"
"2017-05-23T00:00:00.000","GOLD - COMMODITY EXCHANGE INC.","GOLD","462572","19274","166109","161893","50845"
"2017-05-23T00:00:00.000","COPPER-GRADE #1 - COMMODITY EXCHANGE INC.","COPPER","256097","51582","102367","81185","31080"
"2017-05-23T00:00:00.000","SILVER - COMMODITY EXCHANGE INC.","SILVER","203459","12998","60749","68477","38617"
"2017-05-23T00:00:00.000","PLATINUM - NEW YORK MERCANTILE EXCHANGE","PLATINUM","70625","5936","28818","22854","27425"
"2017-05-23T00:00:00.000","PALLADIUM - NEW YORK MERCANTILE EXCHANGE","PALLADIUM","33324","2403","17280","20967","2176"
"2017-05-30T00:00:00.000","NATURAL GAS - NEW YORK MERCANTILE EXCHANGE","NATURAL GAS","1516242","249170","370812","297456","125154"
"2017-05-30T00:00:00.000","GOLD - COMMODITY EXCHANGE INC.","GOLD","434246","21570","177812","175304","51171"
"2017-05-30T00:00:00.000","COPPER-GRADE #1 - COMMODITY EXCHANGE INC.","COPPER","249317","51363","101383","80753","31063"
"2017-05-30T00:00:00.000","SILVER - COMMODITY EXCHANGE INC.","SILVER","205235","13438","66909","70790","28714"
"2017-05-30T00:00:00.000","PLATINUM - NEW YORK MERCANTILE EXCHANGE","PLATINUM","69380","5600","29498","22345","24622"
"2017-05-30T00:00:00.000","PALLADIUM - NEW YORK MERCANTILE EXCHANGE","PALLADIUM","29926","1854","16551","20941","2232"
"2017-06-06T00:00:00.000","PALLADIUM - NEW YORK MERCANTILE EXCHANGE","PALLADIUM","34586","1577","17961","25444","1886"
"2017-06-06T00:00:00.000","GOLD - COMMODITY EXCHANGE INC.","GOLD","494041","18528","192484","229476","63427"
"2017-06-06T00:00:00.000","COPPER-GRADE #1 - COMMODITY EXCHANGE INC.","COPPER","253643","53129","105512","83406","31758"
"2017-06-06T00:00:00.000","SILVER - COMMODITY EXCHANGE INC.","SILVER","208967","13522","71161","78394","28168"
"2017-06-06T00:00:00.000","PLATINUM - NEW YORK MERCANTILE EXCHANGE","PLATINUM","69495","6156","31167","22599","23104"
"2017-06-06T00:00:00.000","NATURAL GAS - NEW YORK MERCANTILE EXCHANGE","NATURAL GAS","1512631","235961","332849","285022","188417"
"2017-06-13T00:00:00.000","PALLADIUM - NEW YORK MERCANTILE EXCHANGE","PALLADIUM","36107","1341","17765","26586","1940"
"2017-06-13T00:00:00.000","GOLD - COMMODITY EXCHANGE INC.","GOLD","471134","16856","183073","214955","67459"
"2017-06-13T00:00:00.000","COPPER-GRADE #1 - COMMODITY EXCHANGE INC.","COPPER","260631","45263","104737","94527","31733"
"2017-06-13T00:00:00.000","SILVER - COMMODITY EXCHANGE INC.","SILVER","201214","13383","68151","77308","33378"
"2017-06-13T00:00:00.000","PLATINUM - NEW YORK MERCANTILE EXCHANGE","PLATINUM","76040","6185","29738","21978","28904"
"2017-06-13T00:00:00.000","NATURAL GAS - NEW YORK MERCANTILE EXCHANGE","NATURAL GAS","1465130","199784","298528","279690","198865"
"2017-06-20T00:00:00.000","SILVER - COMMODITY EXCHANGE INC.","SILVER","199929","15743","63142","68683","42364"
"2017-06-20T00:00:00.000","GOLD - COMMODITY EXCHANGE INC.","GOLD","445841","16301","164235","165035","65659"
"2017-06-20T00:00:00.000","COPPER-GRADE #1 - COMMODITY EXCHANGE INC.","COPPER","271774","52860","106758","88766","39500"
"2017-06-20T00:00:00.000","PALLADIUM - NEW YORK MERCANTILE EXCHANGE","PALLADIUM","36559","1652","18090","26714","1718"
"2017-06-20T00:00:00.000","NATURAL GAS - NEW YORK MERCANTILE EXCHANGE","NATURAL GAS","1385255","171400","258898","254149","199981"
"2017-06-20T00:00:00.000","PLATINUM - NEW YORK MERCANTILE EXCHANGE","PLATINUM","75380","6607","28253","22045","29885"
"2017-06-27T00:00:00.000","SILVER - COMMODITY EXCHANGE INC.","SILVER","204637","16161","58520","64435","52602"
"2017-06-27T00:00:00.000","GOLD - COMMODITY EXCHANGE INC.","GOLD","453144","16646","156631","144515","71860"
"2017-06-27T00:00:00.000","COPPER-GRADE #1 - COMMODITY EXCHANGE INC.","COPPER","253503","41794","96678","95490","36703"
"2017-06-27T00:00:00.000","PLATINUM - NEW YORK MERCANTILE EXCHANGE","PLATINUM","76578","6839","27065","22937","32830"
"2017-06-27T00:00:00.000","PALLADIUM - NEW YORK MERCANTILE EXCHANGE","PALLADIUM","35760","1730","17450","26121","1897"
"2017-06-27T00:00:00.000","NATURAL GAS - NEW YORK MERCANTILE EXCHANGE","NATURAL GAS","1336463","158025","228953","269075","188360"
"2017-07-03T00:00:00.000","NATURAL GAS - NEW YORK MERCANTILE EXCHANGE","NATURAL GAS","1347273","152896","226725","272911","180764"
"2017-07-03T00:00:00.000","GOLD - COMMODITY EXCHANGE INC.","GOLD","457201","18166","146455","129780","96091"
"2017-07-03T00:00:00.000","COPPER-GRADE #1 - COMMODITY EXCHANGE INC.","COPPER","267148","40956","101118","105600","36495"
"2017-07-03T00:00:00.000","SILVER - COMMODITY EXCHANGE INC.","SILVER","203541","16485","55588","59796","58630"
"2017-07-03T00:00:00.000","PLATINUM - NEW YORK MERCANTILE EXCHANGE","PLATINUM","72797","6470","25257","21534","33515"
"2017-07-03T00:00:00.000","PALLADIUM - NEW YORK MERCANTILE EXCHANGE","PALLADIUM","34412","1491","17005","25228","2002"
"2017-07-11T00:00:00.000","PALLADIUM - NEW YORK MERCANTILE EXCHANGE","PALLADIUM","33097","1527","16427","23259","1388"
"2017-07-11T00:00:00.000","GOLD - COMMODITY EXCHANGE INC.","GOLD","475669","24005","141642","123619","100397"
"2017-07-11T00:00:00.000","SILVER - COMMODITY EXCHANGE INC.","SILVER","207592","16641","49957","55697","62058"
"2017-07-11T00:00:00.000","COPPER-GRADE #1 - COMMODITY EXCHANGE INC.","COPPER","264039","40717","98325","101332","34822"
"2017-07-11T00:00:00.000","PLATINUM - NEW YORK MERCANTILE EXCHANGE","PLATINUM","74471","5965","22434","22446","35561"
"2017-07-11T00:00:00.000","NATURAL GAS - NEW YORK MERCANTILE EXCHANGE","NATURAL GAS","1347125","146766","220205","267727","180175"
"2017-07-18T00:00:00.000","PALLADIUM - NEW YORK MERCANTILE EXCHANGE","PALLADIUM","33495","1611","16622","23444","1380"
"2017-07-18T00:00:00.000","GOLD - COMMODITY EXCHANGE INC.","GOLD","484204","24116","144914","127028","98115"
"2017-07-18T00:00:00.000","COPPER-GRADE #1 - COMMODITY EXCHANGE INC.","COPPER","276841","43429","102709","108220","34077"
"2017-07-18T00:00:00.000","SILVER - COMMODITY EXCHANGE INC.","SILVER","209689","16100","49048","58827","65913"
"2017-07-18T00:00:00.000","PLATINUM - NEW YORK MERCANTILE EXCHANGE","PLATINUM","72456","6726","23693","22112","32352"
"2017-07-18T00:00:00.000","NATURAL GAS - NEW YORK MERCANTILE EXCHANGE","NATURAL GAS","1345797","143206","209767","258799","168822"
"2017-07-25T00:00:00.000","PALLADIUM - NEW YORK MERCANTILE EXCHANGE","PALLADIUM","33529","1584","16340","23301","1177"
"2017-07-25T00:00:00.000","GOLD - COMMODITY EXCHANGE INC.","GOLD","463827","21746","159307","136359","62735"
"2017-07-25T00:00:00.000","COPPER-GRADE #1 - COMMODITY EXCHANGE INC.","COPPER","298264","43772","108264","121087","35602"
"2017-07-25T00:00:00.000","SILVER - COMMODITY EXCHANGE INC.","SILVER","206347","15464","52455","61965","53745"
"2017-07-25T00:00:00.000","PLATINUM - NEW YORK MERCANTILE EXCHANGE","PLATINUM","71062","6690","24533","22459","30354"
"2017-07-25T00:00:00.000","NATURAL GAS - NEW YORK MERCANTILE EXCHANGE","NATURAL GAS","1315857","138839","188897","253078","179986"
"2017-08-01T00:00:00.000","SILVER - COMMODITY EXCHANGE INC.","SILVER","207258","14834","55303","66461","43427"
"2017-08-01T00:00:00.000","GOLD - COMMODITY EXCHANGE INC.","GOLD","448709","19082","167618","158082","39624"
"2017-08-01T00:00:00.000","COPPER-GRADE #1 - COMMODITY EXCHANGE INC.","COPPER","321510","44256","116234","137984","33708"
"2017-08-01T00:00:00.000","PLATINUM - NEW YORK MERCANTILE EXCHANGE","PLATINUM","72421","7221","26079","24106","29138"
"2017-08-01T00:00:00.000","PALLADIUM - NEW YORK MERCANTILE EXCHANGE","PALLADIUM","34842","1562","16379","24745","1239"
"2017-08-01T00:00:00.000","NATURAL GAS - NEW YORK MERCANTILE EXCHANGE","NATURAL GAS","1343772","132705","180583","263355","208480"
"2017-08-08T00:00:00.000","NATURAL GAS - NEW YORK MERCANTILE EXCHANGE","NATURAL GAS","1339219","134437","174526","260237","220810"
"2017-08-08T00:00:00.000","GOLD - COMMODITY EXCHANGE INC.","GOLD","448727","19019","168329","164828","28843"
"2017-08-08T00:00:00.000","COPPER-GRADE #1 - COMMODITY EXCHANGE INC.","COPPER","328814","42412","116625","142664","30479"
"2017-08-08T00:00:00.000","SILVER - COMMODITY EXCHANGE INC.","SILVER","195163","14615","55792","66456","38936"
"2017-08-08T00:00:00.000","PLATINUM - NEW YORK MERCANTILE EXCHANGE","PLATINUM","70550","6219","29172","26199","18816"
"2017-08-08T00:00:00.000","PALLADIUM - NEW YORK MERCANTILE EXCHANGE","PALLADIUM","35434","2183","16898","25392","1516"
"2017-08-15T00:00:00.000","PALLADIUM - NEW YORK MERCANTILE EXCHANGE","PALLADIUM","35126","1657","16441","25664","1520"
"2017-08-15T00:00:00.000","GOLD - COMMODITY EXCHANGE INC.","GOLD","477921","16379","179160","195433","18877"
"2017-08-15T00:00:00.000","COPPER-GRADE #1 - COMMODITY EXCHANGE INC.","COPPER","333951","39958","114443","149511","29333"
"2017-08-15T00:00:00.000","SILVER - COMMODITY EXCHANGE INC.","SILVER","187955","12072","59186","68024","31064"
"2017-08-15T00:00:00.000","PLATINUM - NEW YORK MERCANTILE EXCHANGE","PLATINUM","70177","5724","30937","27679","14731"
"2017-08-15T00:00:00.000","NATURAL GAS - NEW YORK MERCANTILE EXCHANGE","NATURAL GAS","1329033","130489","179961","261669","177197"
"2017-08-22T00:00:00.000","PALLADIUM - NEW YORK MERCANTILE EXCHANGE","PALLADIUM","36674","1609","17418","26578","1500"
"2017-08-22T00:00:00.000","GOLD - COMMODITY EXCHANGE INC.","GOLD","500443","15981","195128","209717","15638"
"2017-08-22T00:00:00.000","COPPER-GRADE #1 - COMMODITY EXCHANGE INC.","COPPER","329725","39998","117914","149468","27320"
"2017-08-22T00:00:00.000","SILVER - COMMODITY EXCHANGE INC.","SILVER","187227","10775","62011","68740","24493"
"2017-08-22T00:00:00.000","PLATINUM - NEW YORK MERCANTILE EXCHANGE","PLATINUM","71946","5525","32736","29837","12348"
"2017-08-22T00:00:00.000","NATURAL GAS - NEW YORK MERCANTILE EXCHANGE","NATURAL GAS","1316077","115262","156879","262279","180340"
"2017-08-29T00:00:00.000","PLATINUM - NEW YORK MERCANTILE EXCHANGE","PLATINUM","75270","4981","34775","31926","11425"
"2017-08-29T00:00:00.000","GOLD - COMMODITY EXCHANGE INC.","GOLD","538875","17352","205953","235065","13939"
"2017-08-29T00:00:00.000","COPPER-GRADE #1 - COMMODITY EXCHANGE INC.","COPPER","329513","44391","125152","151400","26471"
"2017-08-29T00:00:00.000","NATURAL GAS - NEW YORK MERCANTILE EXCHANGE","NATURAL GAS","1293151","105382","153015","256227","186314"
"2017-08-29T00:00:00.000","SILVER - COMMODITY EXCHANGE INC.","SILVER","182823","8538","66275","70525","18096"
"2017-08-29T00:00:00.000","PALLADIUM - NEW YORK MERCANTILE EXCHANGE","PALLADIUM","35003","1453","17635","26426","1501"
"2017-09-05T00:00:00.000","SILVER - COMMODITY EXCHANGE INC.","SILVER","183276","8452","72439","73395","11217"
"2017-09-05T00:00:00.000","GOLD - COMMODITY EXCHANGE INC.","GOLD","566817","18473","212267","251489","14301"
"2017-09-05T00:00:00.000","COPPER-GRADE #1 - COMMODITY EXCHANGE INC.","COPPER","330702","42476","130034","153948","28576"
"2017-09-05T00:00:00.000","PLATINUM - NEW YORK MERCANTILE EXCHANGE","PLATINUM","79308","5350","36563","35038","11959"
"2017-09-05T00:00:00.000","PALLADIUM - NEW YORK MERCANTILE EXCHANGE","PALLADIUM","34977","1377","18029","26393","1068"
"2017-09-05T00:00:00.000","NATURAL GAS - NEW YORK MERCANTILE EXCHANGE","NATURAL GAS","1303527","120281","161838","255851","175195"
"2017-09-12T00:00:00.000","NATURAL GAS - NEW YORK MERCANTILE EXCHANGE","NATURAL GAS","1318206","118551","170980","259032","171672"
"2017-09-12T00:00:00.000","GOLD - COMMODITY EXCHANGE INC.","GOLD","580606","17582","209237","270413","16896"
"2017-09-12T00:00:00.000","COPPER-GRADE #1 - COMMODITY EXCHANGE INC.","COPPER","316294","40516","128140","149254","28053"
"2017-09-12T00:00:00.000","SILVER - COMMODITY EXCHANGE INC.","SILVER","188207","8696","75437","82044","5978"
"2017-09-12T00:00:00.000","PLATINUM - NEW YORK MERCANTILE EXCHANGE","PLATINUM","80477","5893","38132","37188","12060"
"2017-09-12T00:00:00.000","PALLADIUM - NEW YORK MERCANTILE EXCHANGE","PALLADIUM","33331","1153","17197","24604","990"
"2017-09-19T00:00:00.000","PALLADIUM - NEW YORK MERCANTILE EXCHANGE","PALLADIUM","31864","1101","16825","22972","798"
"2017-09-19T00:00:00.000","GOLD - COMMODITY EXCHANGE INC.","GOLD","570096","17562","207442","251735","18353"
"2017-09-19T00:00:00.000","COPPER-GRADE #1 - COMMODITY EXCHANGE INC.","COPPER","289998","39283","114893","130648","31109"
"2017-09-19T00:00:00.000","SILVER - COMMODITY EXCHANGE INC.","SILVER","192994","9326","72800","78296","10585"
"2017-09-19T00:00:00.000","PLATINUM - NEW YORK MERCANTILE EXCHANGE","PLATINUM","76633","5892","35729","30316","11628"
"2017-09-19T00:00:00.000","NATURAL GAS - NEW YORK MERCANTILE EXCHANGE","NATURAL GAS","1321626","125429","178775","277674","139366"
"2017-09-26T00:00:00.000","PALLADIUM - NEW YORK MERCANTILE EXCHANGE","PALLADIUM","30568","1045","16054","22326","798"
"2017-09-26T00:00:00.000","GOLD - COMMODITY EXCHANGE INC.","GOLD","549637","18923","208745","219134","23158"
"2017-09-26T00:00:00.000","COPPER-GRADE #1 - COMMODITY EXCHANGE INC.","COPPER","275999","37278","108509","122832","31930"
"2017-09-26T00:00:00.000","SILVER - COMMODITY EXCHANGE INC.","SILVER","186906","10080","69963","69523","11657"
"2017-09-26T00:00:00.000","PLATINUM - NEW YORK MERCANTILE EXCHANGE","PLATINUM","70987","6388","31742","22156","14556"
"2017-09-26T00:00:00.000","NATURAL GAS - NEW YORK MERCANTILE EXCHANGE","NATURAL GAS","1318849","122696","172279","265278","174854"
"2017-10-03T00:00:00.000","PALLADIUM - NEW YORK MERCANTILE EXCHANGE","PALLADIUM","30590","1038","15638","22278","864"
"2017-10-03T00:00:00.000","GOLD - COMMODITY EXCHANGE INC.","GOLD","525127","17710","203648","204361","24917"
"2017-10-03T00:00:00.000","COPPER-GRADE #1 - COMMODITY EXCHANGE INC.","COPPER","273497","37601","106660","122798","32797"
"2017-10-03T00:00:00.000","SILVER - COMMODITY EXCHANGE INC.","SILVER","183494","9402","66046","68382","12935"
"2017-10-03T00:00:00.000","PLATINUM - NEW YORK MERCANTILE EXCHANGE","PLATINUM","71860","6427","30151","22233","20162"
"2017-10-03T00:00:00.000","NATURAL GAS - NEW YORK MERCANTILE EXCHANGE","NATURAL GAS","1394563","140314","183088","268929","212353"
"2017-10-10T00:00:00.000","SILVER - COMMODITY EXCHANGE INC.","SILVER","188258","9069","66425","70384","14110"
"2017-10-10T00:00:00.000","GOLD - COMMODITY EXCHANGE INC.","GOLD","520005","18662","201414","193154","21824"
"2017-10-10T00:00:00.000","COPPER-GRADE #1 - COMMODITY EXCHANGE INC.","COPPER","289779","39096","113994","127076","32779"
"2017-10-10T00:00:00.000","PLATINUM - NEW YORK MERCANTILE EXCHANGE","PLATINUM","75931","6330","30418","24708","26241"
"2017-10-10T00:00:00.000","PALLADIUM - NEW YORK MERCANTILE EXCHANGE","PALLADIUM","31198","1192","15401","22712","905"
"2017-10-10T00:00:00.000","NATURAL GAS - NEW YORK MERCANTILE EXCHANGE","NATURAL GAS","1375988","147009","184221","267879","232540"
"2017-10-17T00:00:00.000","NATURAL GAS - NEW YORK MERCANTILE EXCHANGE","NATURAL GAS","1371570","145992","190115","267525","203297"
"2017-10-17T00:00:00.000","GOLD - COMMODITY EXCHANGE INC.","GOLD","528800","18809","206035","196555","27040"
"2017-10-17T00:00:00.000","COPPER-GRADE #1 - COMMODITY EXCHANGE INC.","COPPER","306618","43093","126770","135105","27227"
"2017-10-17T00:00:00.000","SILVER - COMMODITY EXCHANGE INC.","SILVER","191928","9316","69774","73874","10774"
"2017-10-17T00:00:00.000","PLATINUM - NEW YORK MERCANTILE EXCHANGE","PLATINUM","75448","6488","31492","25052","24661"
"2017-10-17T00:00:00.000","PALLADIUM - NEW YORK MERCANTILE EXCHANGE","PALLADIUM","35235","1268","15564","25141","1268"
"2017-10-24T00:00:00.000","PALLADIUM - NEW YORK MERCANTILE EXCHANGE","PALLADIUM","33411","553","14759","23906","1159"
"2017-10-24T00:00:00.000","GOLD - COMMODITY EXCHANGE INC.","GOLD","526674","18360","201023","192701","24333"
"2017-10-24T00:00:00.000","COPPER-GRADE #1 - COMMODITY EXCHANGE INC.","COPPER","308996","41337","126391","133729","24826"
"2017-10-24T00:00:00.000","SILVER - COMMODITY EXCHANGE INC.","SILVER","193899","8047","71113","74898","10560"
"2017-10-24T00:00:00.000","PLATINUM - NEW YORK MERCANTILE EXCHANGE","PLATINUM","75692","5836","30949","23198","25365"
"2017-10-24T00:00:00.000","NATURAL GAS - NEW YORK MERCANTILE EXCHANGE","NATURAL GAS","1351808","140253","188370","258190","206009"
"2017-10-31T00:00:00.000","PALLADIUM - NEW YORK MERCANTILE EXCHANGE","PALLADIUM","34052","628","14658","24002","1304"
"2017-10-31T00:00:00.000","GOLD - COMMODITY EXCHANGE INC.","GOLD","531918","17081","200789","182652","16687"
"2017-10-31T00:00:00.000","COPPER-GRADE #1 - COMMODITY EXCHANGE INC.","COPPER","299573","40430","122735","131251","26128"
"2017-10-31T00:00:00.000","SILVER - COMMODITY EXCHANGE INC.","SILVER","198853","10258","69113","73090","15357"
"2017-10-31T00:00:00.000","PLATINUM - NEW YORK MERCANTILE EXCHANGE","PLATINUM","77828","6148","30290","24247","26246"
"2017-10-31T00:00:00.000","NATURAL GAS - NEW YORK MERCANTILE EXCHANGE","NATURAL GAS","1382864","151359","196009","258034","246312"
"2017-11-07T00:00:00.000","SILVER - COMMODITY EXCHANGE INC.","SILVER","203330","10794","73156","77372","11616"
"2017-11-07T00:00:00.000","GOLD - COMMODITY EXCHANGE INC.","GOLD","536843","17307","198381","187782","17070"
"2017-11-07T00:00:00.000","COPPER-GRADE #1 - COMMODITY EXCHANGE INC.","COPPER","299392","39006","118826","120485","34662"
"2017-11-07T00:00:00.000","PALLADIUM - NEW YORK MERCANTILE EXCHANGE","PALLADIUM","35650","854","15275","24847","1191"
"2017-11-07T00:00:00.000","NATURAL GAS - NEW YORK MERCANTILE EXCHANGE","NATURAL GAS","1343089","141141","186300","249121","206685"
"2017-11-07T00:00:00.000","PLATINUM - NEW YORK MERCANTILE EXCHANGE","PLATINUM","78380","6262","31245","25480","25637"
"2017-11-14T00:00:00.000","SILVER - COMMODITY EXCHANGE INC.","SILVER","199899","11071","74556","78464","10274"
"2017-11-14T00:00:00.000","GOLD - COMMODITY EXCHANGE INC.","GOLD","533054","18323","202533","190657","14559"
"2017-11-14T00:00:00.000","COPPER-GRADE #1 - COMMODITY EXCHANGE INC.","COPPER","283153","41522","117659","113512","33546"
"2017-11-14T00:00:00.000","PLATINUM - NEW YORK MERCANTILE EXCHANGE","PLATINUM","78974","5752","32241","26779","24080"
"2017-11-14T00:00:00.000","PALLADIUM - NEW YORK MERCANTILE EXCHANGE","PALLADIUM","36128","1106","15397","24604","1290"
"2017-11-14T00:00:00.000","NATURAL GAS - NEW YORK MERCANTILE EXCHANGE","NATURAL GAS","1341767","143746","189547","249096","173109"
"2017-11-21T00:00:00.000","NATURAL GAS - NEW YORK MERCANTILE EXCHANGE","NATURAL GAS","1369054","149430","197613","264500","191642"
"2017-11-21T00:00:00.000","GOLD - COMMODITY EXCHANGE INC.","GOLD","531612","19514","204896","187292","14137"
"2017-11-21T00:00:00.000","COPPER-GRADE #1 - COMMODITY EXCHANGE INC.","COPPER","277126","41033","118765","112142","31050"
"2017-11-21T00:00:00.000","SILVER - COMMODITY EXCHANGE INC.","SILVER","199402","12467","76196","77147","12562"
"2017-11-21T00:00:00.000","PALLADIUM - NEW YORK MERCANTILE EXCHANGE","PALLADIUM","34806","1076","15769","24494","1206"
"2017-11-21T00:00:00.000","PLATINUM - NEW YORK MERCANTILE EXCHANGE","PLATINUM","77941","5638","32480","26741","22591"
"2017-11-28T00:00:00.000","PALLADIUM - NEW YORK MERCANTILE EXCHANGE","PALLADIUM","35677","1096","16737","26246","1326"
"2017-11-28T00:00:00.000","COPPER-GRADE #1 - COMMODITY EXCHANGE INC.","COPPER","273314","38424","120699","114592","32813"
"2017-11-28T00:00:00.000","SILVER - COMMODITY EXCHANGE INC.","SILVER","186272","13233","70221","69785","13238"
"2017-11-28T00:00:00.000","GOLD - COMMODITY EXCHANGE INC.","GOLD","503810","17891","202648","208518","9978"
"2017-11-28T00:00:00.000","PLATINUM - NEW YORK MERCANTILE EXCHANGE","PLATINUM","78435","5947","33956","28538","17621"
"2017-11-28T00:00:00.000","NATURAL GAS - NEW YORK MERCANTILE EXCHANGE","NATURAL GAS","1423262","139299","195429","259785","239121"
"2017-12-05T00:00:00.000","PALLADIUM - NEW YORK MERCANTILE EXCHANGE","PALLADIUM","33706","729","16599","26172","1465"
"2017-12-05T00:00:00.000","GOLD - COMMODITY EXCHANGE INC.","GOLD","472795","20819","179239","167174","32664"
"2017-12-05T00:00:00.000","COPPER-GRADE #1 - COMMODITY EXCHANGE INC.","COPPER","258050","37083","103517","97473","42634"
"2017-12-05T00:00:00.000","SILVER - COMMODITY EXCHANGE INC.","SILVER","192970","15232","57403","57446","35814"
"2017-12-05T00:00:00.000","PLATINUM - NEW YORK MERCANTILE EXCHANGE","PLATINUM","78993","6371","32281","29283","20490"
"2017-12-05T00:00:00.000","NATURAL GAS - NEW YORK MERCANTILE EXCHANGE","NATURAL GAS","1516674","166659","222327","253029","267081"
"2017-12-12T00:00:00.000","PALLADIUM - NEW YORK MERCANTILE EXCHANGE","PALLADIUM","34124","745","16016","25926","1420"
"2017-12-12T00:00:00.000","GOLD - COMMODITY EXCHANGE INC.","GOLD","446618","19245","150986","123139","46913"
"2017-12-12T00:00:00.000","COPPER-GRADE #1 - COMMODITY EXCHANGE INC.","COPPER","235080","36453","99324","84661","36298"
"2017-12-12T00:00:00.000","SILVER - COMMODITY EXCHANGE INC.","SILVER","202797","16461","50167","47275","52924"
"2017-12-12T00:00:00.000","PLATINUM - NEW YORK MERCANTILE EXCHANGE","PLATINUM","88076","6798","26425","27210","34934"
"2017-12-12T00:00:00.000","NATURAL GAS - NEW YORK MERCANTILE EXCHANGE","NATURAL GAS","1546760","203393","227204","249008","312030"
"2017-12-19T00:00:00.000","SILVER - COMMODITY EXCHANGE INC.","SILVER","203703","17007","50388","46698","61006"
"2017-12-19T00:00:00.000","GOLD - COMMODITY EXCHANGE INC.","GOLD","453595","17300","148160","116642","35397"
"2017-12-19T00:00:00.000","COPPER-GRADE #1 - COMMODITY EXCHANGE INC.","COPPER","249462","42136","115931","105212","27517"
"2017-12-19T00:00:00.000","PLATINUM - NEW YORK MERCANTILE EXCHANGE","PLATINUM","87329","9094","27623","26741","35576"
"2017-12-19T00:00:00.000","PALLADIUM - NEW YORK MERCANTILE EXCHANGE","PALLADIUM","35321","879","16435","26608","1565"
"2017-12-19T00:00:00.000","NATURAL GAS - NEW YORK MERCANTILE EXCHANGE","NATURAL GAS","1503724","196423","229760","262277","323381"
"2017-12-26T00:00:00.000","NATURAL GAS - NEW YORK MERCANTILE EXCHANGE","NATURAL GAS","1489393","202784","236272","270057","323465"
"2017-12-26T00:00:00.000","GOLD - COMMODITY EXCHANGE INC.","GOLD","456470","19715","161264","127715","19957"
"2017-12-26T00:00:00.000","COPPER-GRADE #1 - COMMODITY EXCHANGE INC.","COPPER","268478","41025","122765","122402","22743"
"2017-12-26T00:00:00.000","SILVER - COMMODITY EXCHANGE INC.","SILVER","200321","17373","50432","48483","55670"
"2017-12-26T00:00:00.000","PLATINUM - NEW YORK MERCANTILE EXCHANGE","PLATINUM","85616","8598","28419","27787","33014"
"2017-12-26T00:00:00.000","PALLADIUM - NEW YORK MERCANTILE EXCHANGE","PALLADIUM","36407","889","17343","27178","1436"
"2018-01-02T00:00:00.000","PALLADIUM - NEW YORK MERCANTILE EXCHANGE","PALLADIUM","38141","993","18101","28517","1375"
"2018-01-02T00:00:00.000","GOLD - COMMODITY EXCHANGE INC.","GOLD","500731","22495","180714","168423","20249"
"2018-01-02T00:00:00.000","COPPER-GRADE #1 - COMMODITY EXCHANGE INC.","COPPER","288846","36991","127991","134568","21255"
"2018-01-02T00:00:00.000","SILVER - COMMODITY EXCHANGE INC.","SILVER","192423","16373","57311","54304","38501"
"2018-01-02T00:00:00.000","PLATINUM - NEW YORK MERCANTILE EXCHANGE","PLATINUM","81677","8386","28850","26032","30294"
"2018-01-02T00:00:00.000","NATURAL GAS - NEW YORK MERCANTILE EXCHANGE","NATURAL GAS","1422917","160317","215677","268064","262856"
"2018-01-09T00:00:00.000","PALLADIUM - NEW YORK MERCANTILE EXCHANGE","PALLADIUM","39556","983","18731","28903","1372"
"2018-01-09T00:00:00.000","GOLD - COMMODITY EXCHANGE INC.","GOLD","555455","21117","198371","216115","20065"
"2018-01-09T00:00:00.000","COPPER-GRADE #1 - COMMODITY EXCHANGE INC.","COPPER","292480","35686","128465","132201","25527"
"2018-01-09T00:00:00.000","SILVER - COMMODITY EXCHANGE INC.","SILVER","195009","16449","61212","66224","28122"
"2018-01-09T00:00:00.000","PLATINUM - NEW YORK MERCANTILE EXCHANGE","PLATINUM","80569","9895","33438","27328","17890"
"2018-01-09T00:00:00.000","NATURAL GAS - NEW YORK MERCANTILE EXCHANGE","NATURAL GAS","1429598","168706","220826","279250","234173"
"2018-01-16T00:00:00.000","PLATINUM - NEW YORK MERCANTILE EXCHANGE","PLATINUM","85179","9830","36764","33163","15388"
"2018-01-16T00:00:00.000","GOLD - COMMODITY EXCHANGE INC.","GOLD","582333","22861","212879","227373","25841"
"2018-01-16T00:00:00.000","COPPER-GRADE #1 - COMMODITY EXCHANGE INC.","COPPER","288577","36082","128209","121314","27733"
"2018-01-16T00:00:00.000","NATURAL GAS - NEW YORK MERCANTILE EXCHANGE","NATURAL GAS","1435846","160579","222165","301925","190673"
"2018-01-16T00:00:00.000","SILVER - COMMODITY EXCHANGE INC.","SILVER","196511","16309","61319","59906","26472"
"2018-01-16T00:00:00.000","PALLADIUM - NEW YORK MERCANTILE EXCHANGE","PALLADIUM","39137","1038","18865","28403","1403"
"2018-01-23T00:00:00.000","COPPER-GRADE #1 - COMMODITY EXCHANGE INC.","COPPER","284300","31833","118938","106267","45103"
"2018-01-23T00:00:00.000","GOLD - COMMODITY EXCHANGE INC.","GOLD","582421","23933","217184","236003","26467"
"2018-01-23T00:00:00.000","SILVER - COMMODITY EXCHANGE INC.","SILVER","199985","18796","60912","53714","30117"
"2018-01-23T00:00:00.000","PLATINUM - NEW YORK MERCANTILE EXCHANGE","PLATINUM","90494","8799","40415","41628","14352"
"2018-01-23T00:00:00.000","PALLADIUM - NEW YORK MERCANTILE EXCHANGE","PALLADIUM","38232","1070","18561","27021","1225"
"2018-01-23T00:00:00.000","NATURAL GAS - NEW YORK MERCANTILE EXCHANGE","NATURAL GAS","1435566","153589","208200","319846","153212"
"2018-01-30T00:00:00.000","NATURAL GAS - NEW YORK MERCANTILE EXCHANGE","NATURAL GAS","1414949","149717","207049","318341","98961"
"2018-01-30T00:00:00.000","GOLD - COMMODITY EXCHANGE INC.","GOLD","559332","22684","209619","230597","23035"
"2018-01-30T00:00:00.000","COPPER-GRADE #1 - COMMODITY EXCHANGE INC.","COPPER","287352","37264","123339","98880","43139"
"2018-01-30T00:00:00.000","SILVER - COMMODITY EXCHANGE INC.","SILVER","198358","16784","63552","49982","23555"
"2018-01-30T00:00:00.000","PLATINUM - NEW YORK MERCANTILE EXCHANGE","PLATINUM","92167","9377","40696","43912","13239"
"2018-01-30T00:00:00.000","PALLADIUM - NEW YORK MERCANTILE EXCHANGE","PALLADIUM","36720","1089","18239","25020","1194"
"2018-02-06T00:00:00.000","PALLADIUM - NEW YORK MERCANTILE EXCHANGE","PALLADIUM","32330","1211","16586","21146","1165"
"2018-02-06T00:00:00.000","GOLD - COMMODITY EXCHANGE INC.","GOLD","535321","26595","202225","206377","23448"
"2018-02-06T00:00:00.000","COPPER-GRADE #1 - COMMODITY EXCHANGE INC.","COPPER","285964","34101","117801","95918","41971"
"2018-02-06T00:00:00.000","SILVER - COMMODITY EXCHANGE INC.","SILVER","205470","22167","59436","38367","35349"
"2018-02-06T00:00:00.000","PLATINUM - NEW YORK MERCANTILE EXCHANGE","PLATINUM","90932","9273","40259","42933","14189"
"2018-02-06T00:00:00.000","NATURAL GAS - NEW YORK MERCANTILE EXCHANGE","NATURAL GAS","1405245","167055","225125","297632","110658"
"2018-02-13T00:00:00.000","PALLADIUM - NEW YORK MERCANTILE EXCHANGE","PALLADIUM","28638","1545","15238","16754","1084"
"2018-02-13T00:00:00.000","GOLD - COMMODITY EXCHANGE INC.","GOLD","511745","22749","194149","186183","16426"
"2018-02-13T00:00:00.000","COPPER-GRADE #1 - COMMODITY EXCHANGE INC.","COPPER","255708","31124","107118","78838","42574"
"2018-02-13T00:00:00.000","SILVER - COMMODITY EXCHANGE INC.","SILVER","194056","21245","58386","37481","45771"
"2018-02-13T00:00:00.000","PLATINUM - NEW YORK MERCANTILE EXCHANGE","PLATINUM","84126","8247","38734","38045","12619"
"2018-02-13T00:00:00.000","NATURAL GAS - NEW YORK MERCANTILE EXCHANGE","NATURAL GAS","1371331","175260","211975","280172","163551"
"2018-02-20T00:00:00.000","PALLADIUM - NEW YORK MERCANTILE EXCHANGE","PALLADIUM","29036","1380","15103","16391","922"
"2018-02-20T00:00:00.000","GOLD - COMMODITY EXCHANGE INC.","GOLD","528154","30967","207285","190398","14943"
"2018-02-20T00:00:00.000","COPPER-GRADE #1 - COMMODITY EXCHANGE INC.","COPPER","256420","33535","113218","82560","35423"
"2018-02-20T00:00:00.000","SILVER - COMMODITY EXCHANGE INC.","SILVER","203629","23088","60874","36171","46693"
"2018-02-20T00:00:00.000","PLATINUM - NEW YORK MERCANTILE EXCHANGE","PLATINUM","85249","7156","40189","40079","12634"
"2018-02-20T00:00:00.000","NATURAL GAS - NEW YORK MERCANTILE EXCHANGE","NATURAL GAS","1361465","175153","202155","268901","181061"
"2018-02-27T00:00:00.000","SILVER - COMMODITY EXCHANGE INC.","SILVER","193343","21787","58292","36647","53082"
"2018-02-27T00:00:00.000","GOLD - COMMODITY EXCHANGE INC.","GOLD","532860","30993","206218","177475","27456"
"2018-02-27T00:00:00.000","COPPER-GRADE #1 - COMMODITY EXCHANGE INC.","COPPER","264683","41300","116401","85727","44092"
"2018-02-27T00:00:00.000","PLATINUM - NEW YORK MERCANTILE EXCHANGE","PLATINUM","85924","7322","41255","39355","12810"
"2018-02-27T00:00:00.000","PALLADIUM - NEW YORK MERCANTILE EXCHANGE","PALLADIUM","27987","1489","14976","17501","930"
"2018-02-27T00:00:00.000","NATURAL GAS - NEW YORK MERCANTILE EXCHANGE","NATURAL GAS","1338746","170178","201131","254762","166556"
"2018-03-06T00:00:00.000","NATURAL GAS - NEW YORK MERCANTILE EXCHANGE","NATURAL GAS","1365913","174606","202234","261530","146936"
"2018-03-06T00:00:00.000","GOLD - COMMODITY EXCHANGE INC.","GOLD","508100","25642","199419","172492","21786"
"2018-03-06T00:00:00.000","COPPER-GRADE #1 - COMMODITY EXCHANGE INC.","COPPER","260097","40333","116574","80676","51882"
"2018-03-06T00:00:00.000","SILVER - COMMODITY EXCHANGE INC.","SILVER","196590","19480","56994","41036","52114"
"2018-03-06T00:00:00.000","PLATINUM - NEW YORK MERCANTILE EXCHANGE","PLATINUM","80653","7860","38655","31485","10963"
"2018-03-06T00:00:00.000","PALLADIUM - NEW YORK MERCANTILE EXCHANGE","PALLADIUM","25618","1701","14175","15068","1030"
"2018-03-13T00:00:00.000","PALLADIUM - NEW YORK MERCANTILE EXCHANGE","PALLADIUM","24804","1668","13222","13574","1046"
"2018-03-13T00:00:00.000","GOLD - COMMODITY EXCHANGE INC.","GOLD","526762","25466","195189","162337","26472"
"2018-03-13T00:00:00.000","COPPER-GRADE #1 - COMMODITY EXCHANGE INC.","COPPER","273651","48147","122014","77498","50300"
"2018-03-13T00:00:00.000","SILVER - COMMODITY EXCHANGE INC.","SILVER","200094","19348","54669","38265","54680"
"2018-03-13T00:00:00.000","PLATINUM - NEW YORK MERCANTILE EXCHANGE","PLATINUM","79225","7674","37023","27432","10691"
"2018-03-13T00:00:00.000","NATURAL GAS - NEW YORK MERCANTILE EXCHANGE","NATURAL GAS","1401240","174707","198021","272508","131791"
"2018-03-20T00:00:00.000","PALLADIUM - NEW YORK MERCANTILE EXCHANGE","PALLADIUM","24524","1729","12634","13174","1193"
"2018-03-20T00:00:00.000","GOLD - COMMODITY EXCHANGE INC.","GOLD","545499","25478","182047","148152","36345"
"2018-03-20T00:00:00.000","COPPER-GRADE #1 - COMMODITY EXCHANGE INC.","COPPER","283457","54130","123893","74209","55534"
"2018-03-20T00:00:00.000","SILVER - COMMODITY EXCHANGE INC.","SILVER","216042","24535","49698","32599","68432"
"2018-03-20T00:00:00.000","PLATINUM - NEW YORK MERCANTILE EXCHANGE","PLATINUM","78021","7120","33499","25770","12232"
"2018-03-20T00:00:00.000","NATURAL GAS - NEW YORK MERCANTILE EXCHANGE","NATURAL GAS","1406835","180149","196469","289254","145632"
"2018-03-27T00:00:00.000","NATURAL GAS - NEW YORK MERCANTILE EXCHANGE","NATURAL GAS","1424981","189799","212536","280602","161388"
"2018-03-27T00:00:00.000","GOLD - COMMODITY EXCHANGE INC.","GOLD","529690","25165","204181","183080","20917"
"2018-03-27T00:00:00.000","COPPER-GRADE #1 - COMMODITY EXCHANGE INC.","COPPER","293335","63386","120625","68597","65622"
"2018-03-27T00:00:00.000","PLATINUM - NEW YORK MERCANTILE EXCHANGE","PLATINUM","76610","6927","32552","22830","13990"
"2018-03-27T00:00:00.000","PALLADIUM - NEW YORK MERCANTILE EXCHANGE","PALLADIUM","24117","1753","12366","12873","1258"
"2018-03-27T00:00:00.000","SILVER - COMMODITY EXCHANGE INC.","SILVER","219518","23149","50165","31988","66252"
"2018-04-03T00:00:00.000","SILVER - COMMODITY EXCHANGE INC.","SILVER","232682","25866","50300","33494","73832"
"2018-04-03T00:00:00.000","GOLD - COMMODITY EXCHANGE INC.","GOLD","493141","30267","197029","155590","28948"
"2018-04-03T00:00:00.000","COPPER-GRADE #1 - COMMODITY EXCHANGE INC.","COPPER","289138","63997","122000","67103","63692"
"2018-04-03T00:00:00.000","PLATINUM - NEW YORK MERCANTILE EXCHANGE","PLATINUM","75757","6869","29691","20237","18792"
"2018-04-03T00:00:00.000","PALLADIUM - NEW YORK MERCANTILE EXCHANGE","PALLADIUM","23486","2075","10898","11501","2134"
"2018-04-03T00:00:00.000","NATURAL GAS - NEW YORK MERCANTILE EXCHANGE","NATURAL GAS","1456501","201078","217993","270240","157504"
"2018-04-10T00:00:00.000","NATURAL GAS - NEW YORK MERCANTILE EXCHANGE","NATURAL GAS","1484484","202888","216022","280933","166765"
"2018-04-10T00:00:00.000","COPPER-GRADE #1 - COMMODITY EXCHANGE INC.","COPPER","255757","50771","109347","66948","52409"
"2018-04-10T00:00:00.000","SILVER - COMMODITY EXCHANGE INC.","SILVER","227175","25279","46334","33786","70898"
"2018-04-10T00:00:00.000","GOLD - COMMODITY EXCHANGE INC.","GOLD","499588","32193","197288","154044","28482"
"2018-04-10T00:00:00.000","PLATINUM - NEW YORK MERCANTILE EXCHANGE","PLATINUM","76230","6887","28777","19329","23411"
"2018-04-10T00:00:00.000","PALLADIUM - NEW YORK MERCANTILE EXCHANGE","PALLADIUM","22839","2413","9790","10418","3123"
"2018-04-17T00:00:00.000","PALLADIUM - NEW YORK MERCANTILE EXCHANGE","PALLADIUM","23165","1946","9584","10653","1919"
"2018-04-17T00:00:00.000","GOLD - COMMODITY EXCHANGE INC.","GOLD","510229","33041","206888","157925","25287"
"2018-04-17T00:00:00.000","COPPER-GRADE #1 - COMMODITY EXCHANGE INC.","COPPER","240008","27379","96491","69791","47302"
"2018-04-17T00:00:00.000","SILVER - COMMODITY EXCHANGE INC.","SILVER","214297","24358","50468","39841","54598"
"2018-04-17T00:00:00.000","PLATINUM - NEW YORK MERCANTILE EXCHANGE","PLATINUM","76193","7050","28943","21271","24146"
"2018-04-17T00:00:00.000","NATURAL GAS - NEW YORK MERCANTILE EXCHANGE","NATURAL GAS","1478529","172041","189554","298436","142848"
"2018-04-24T00:00:00.000","PALLADIUM - NEW YORK MERCANTILE EXCHANGE","PALLADIUM","23712","1911","9776","10892","1346"
"2018-04-24T00:00:00.000","GOLD - COMMODITY EXCHANGE INC.","GOLD","506410","32696","196159","143258","43597"
"2018-04-24T00:00:00.000","COPPER-GRADE #1 - COMMODITY EXCHANGE INC.","COPPER","240990","27354","104289","77571","39004"
"2018-04-24T00:00:00.000","SILVER - COMMODITY EXCHANGE INC.","SILVER","201707","22539","55015","46448","42248"
"2018-04-24T00:00:00.000","PLATINUM - NEW YORK MERCANTILE EXCHANGE","PLATINUM","76044","6937","29412","22796","24941"
"2018-04-24T00:00:00.000","NATURAL GAS - NEW YORK MERCANTILE EXCHANGE","NATURAL GAS","1426052","164198","171084","294244","135287"
"2018-05-01T00:00:00.000","PALLADIUM - NEW YORK MERCANTILE EXCHANGE","PALLADIUM","23155","1807","9528","10393","1543"
"2018-05-01T00:00:00.000","GOLD - COMMODITY EXCHANGE INC.","GOLD","507756","33204","181259","119064","79747"
"2018-05-01T00:00:00.000","COPPER-GRADE #1 - COMMODITY EXCHANGE INC.","COPPER","243337","28320","100734","81039","53435"
"2018-05-01T00:00:00.000","SILVER - COMMODITY EXCHANGE INC.","SILVER","194685","22689","48232","43295","67181"
"2018-05-01T00:00:00.000","PLATINUM - NEW YORK MERCANTILE EXCHANGE","PLATINUM","80633","7653","26944","22813","33754"
"2018-05-01T00:00:00.000","NATURAL GAS - NEW YORK MERCANTILE EXCHANGE","NATURAL GAS","1421698","189035","188883","283642","151033"
"2018-05-08T00:00:00.000","SILVER - COMMODITY EXCHANGE INC.","SILVER","195865","22099","50210","47919","67402"
"2018-05-08T00:00:00.000","GOLD - COMMODITY EXCHANGE INC.","GOLD","491398","34195","182428","109508","67869"
"2018-05-08T00:00:00.000","COPPER-GRADE #1 - COMMODITY EXCHANGE INC.","COPPER","253834","26591","97870","76939","55217"
"2018-05-08T00:00:00.000","PLATINUM - NEW YORK MERCANTILE EXCHANGE","PLATINUM","80411","8296","26636","23247","34435"
"2018-05-08T00:00:00.000","PALLADIUM - NEW YORK MERCANTILE EXCHANGE","PALLADIUM","22451","1950","9392","9368","1244"
"2018-05-08T00:00:00.000","NATURAL GAS - NEW YORK MERCANTILE EXCHANGE","NATURAL GAS","1454623","197182","188855","275735","184784"
"2018-05-15T00:00:00.000","NATURAL GAS - NEW YORK MERCANTILE EXCHANGE","NATURAL GAS","1492387","190982","193956","291194","135553"
"2018-05-15T00:00:00.000","GOLD - COMMODITY EXCHANGE INC.","GOLD","519958","35688","175548","103256","84258"
"2018-05-15T00:00:00.000","COPPER-GRADE #1 - COMMODITY EXCHANGE INC.","COPPER","258587","28302","100295","78877","53180"
"2018-05-15T00:00:00.000","SILVER - COMMODITY EXCHANGE INC.","SILVER","198065","22727","53642","49041","65654"
"2018-05-15T00:00:00.000","PLATINUM - NEW YORK MERCANTILE EXCHANGE","PLATINUM","80140","7876","27546","21884","35517"
"2018-05-15T00:00:00.000","PALLADIUM - NEW YORK MERCANTILE EXCHANGE","PALLADIUM","23876","1995","9548","10261","1554"
"2018-05-22T00:00:00.000","PALLADIUM - NEW YORK MERCANTILE EXCHANGE","PALLADIUM","23186","1861","9766","10382","1762"
"2018-05-22T00:00:00.000","GOLD - COMMODITY EXCHANGE INC.","GOLD","502942","37972","167276","91411","74880"
"2018-05-22T00:00:00.000","COPPER-GRADE #1 - COMMODITY EXCHANGE INC.","COPPER","260111","22473","99810","84536","49294"
"2018-05-22T00:00:00.000","SILVER - COMMODITY EXCHANGE INC.","SILVER","198248","23183","60532","56388","56978"
"2018-05-22T00:00:00.000","PLATINUM - NEW YORK MERCANTILE EXCHANGE","PLATINUM","80393","9498","25916","18004","38631"
"2018-05-22T00:00:00.000","NATURAL GAS - NEW YORK MERCANTILE EXCHANGE","NATURAL GAS","1493996","168787","177356","312346","114100"
"2018-05-29T00:00:00.000","PALLADIUM - NEW YORK MERCANTILE EXCHANGE","PALLADIUM","21741","1602","9662","9717","1624"
"2018-05-29T00:00:00.000","GOLD - COMMODITY EXCHANGE INC.","GOLD","469382","33583","170958","107882","53881"
"2018-05-29T00:00:00.000","COPPER-GRADE #1 - COMMODITY EXCHANGE INC.","COPPER","266370","27859","103321","81234","50730"
"2018-05-29T00:00:00.000","SILVER - COMMODITY EXCHANGE INC.","SILVER","207610","22047","62781","59999","59208"
"2018-05-29T00:00:00.000","PLATINUM - NEW YORK MERCANTILE EXCHANGE","PLATINUM","81357","8417","26417","20481","39171"
"2018-05-29T00:00:00.000","NATURAL GAS - NEW YORK MERCANTILE EXCHANGE","NATURAL GAS","1526706","192701","189304","305045","115906"
"2018-06-05T00:00:00.000","PLATINUM - NEW YORK MERCANTILE EXCHANGE","PLATINUM","84484","9613","25911","20504","39918"
"2018-06-05T00:00:00.000","COPPER-GRADE #1 - COMMODITY EXCHANGE INC.","COPPER","264350","41316","121409","91820","41087"
"2018-06-05T00:00:00.000","SILVER - COMMODITY EXCHANGE INC.","SILVER","211605","19853","62443","63720","59101"
"2018-06-05T00:00:00.000","NATURAL GAS - NEW YORK MERCANTILE EXCHANGE","NATURAL GAS","1571064","206885","199077","305639","112509"
"2018-06-05T00:00:00.000","GOLD - COMMODITY EXCHANGE INC.","GOLD","450641","42172","140296","100027","49147"
"2018-06-05T00:00:00.000","PALLADIUM - NEW YORK MERCANTILE EXCHANGE","PALLADIUM","21945","1486","9779","10450","1268"
"2018-06-12T00:00:00.000","SILVER - COMMODITY EXCHANGE INC.","SILVER","230163","16525","70453","83823","43079"
"2018-06-12T00:00:00.000","GOLD - COMMODITY EXCHANGE INC.","GOLD","448695","43227","138843","104313","48809"
"2018-06-12T00:00:00.000","COPPER-GRADE #1 - COMMODITY EXCHANGE INC.","COPPER","285593","32991","131141","110989","30737"
"2018-06-12T00:00:00.000","PLATINUM - NEW YORK MERCANTILE EXCHANGE","PLATINUM","85886","9243","26136","21599","39560"
"2018-06-12T00:00:00.000","PALLADIUM - NEW YORK MERCANTILE EXCHANGE","PALLADIUM","24391","1409","10110","12917","2015"
"2018-06-12T00:00:00.000","NATURAL GAS - NEW YORK MERCANTILE EXCHANGE","NATURAL GAS","1495048","207186","202173","295889","104784"
"2018-06-19T00:00:00.000","NATURAL GAS - NEW YORK MERCANTILE EXCHANGE","NATURAL GAS","1518457","212933","205507","286978","99795"
"2018-06-19T00:00:00.000","GOLD - COMMODITY EXCHANGE INC.","GOLD","468345","45041","116231","94297","83769"
"2018-06-19T00:00:00.000","COPPER-GRADE #1 - COMMODITY EXCHANGE INC.","COPPER","268435","34932","123434","93840","41667"
"2018-06-19T00:00:00.000","SILVER - COMMODITY EXCHANGE INC.","SILVER","218814","16957","62816","75158","47422"
"2018-06-19T00:00:00.000","PLATINUM - NEW YORK MERCANTILE EXCHANGE","PLATINUM","88852","11214","23664","18164","43583"
"2018-06-19T00:00:00.000","PALLADIUM - NEW YORK MERCANTILE EXCHANGE","PALLADIUM","23420","1386","9789","11635","2457"
"2018-06-26T00:00:00.000","PALLADIUM - NEW YORK MERCANTILE EXCHANGE","PALLADIUM","21959","1537","8997","9573","3276"
"2018-06-26T00:00:00.000","GOLD - COMMODITY EXCHANGE INC.","GOLD","468573","45108","116919","94845","94869"
"2018-06-26T00:00:00.000","COPPER-GRADE #1 - COMMODITY EXCHANGE INC.","COPPER","268714","46667","117032","72532","50424"
"2018-06-26T00:00:00.000","SILVER - COMMODITY EXCHANGE INC.","SILVER","218492","16088","58127","74273","52212"
"2018-06-26T00:00:00.000","PLATINUM - NEW YORK MERCANTILE EXCHANGE","PLATINUM","86452","12877","22047","17177","44063"
"2018-06-26T00:00:00.000","NATURAL GAS - NEW YORK MERCANTILE EXCHANGE","NATURAL GAS","1457927","198715","196844","272591","106308"
"2018-07-03T00:00:00.000","PALLADIUM - NEW YORK MERCANTILE EXCHANGE","PALLADIUM","21980","1558","8984","9761","3322"
"2018-07-03T00:00:00.000","GOLD - COMMODITY EXCHANGE INC.","GOLD","494164","40794","112038","104275","105529"
"2018-07-03T00:00:00.000","COPPER-GRADE #1 - COMMODITY EXCHANGE INC.","COPPER","261618","50584","112864","64868","57904"
"2018-07-03T00:00:00.000","SILVER - COMMODITY EXCHANGE INC.","SILVER","205622","17205","54928","72263","62242"
"2018-07-03T00:00:00.000","PLATINUM - NEW YORK MERCANTILE EXCHANGE","PLATINUM","83561","11444","19763","16250","44904"
"2018-07-03T00:00:00.000","NATURAL GAS - NEW YORK MERCANTILE EXCHANGE","NATURAL GAS","1488381","202170","186296","248623","125845"
"2018-07-10T00:00:00.000","PALLADIUM - NEW YORK MERCANTILE EXCHANGE","PALLADIUM","21707","1667","8897","8837","3679"
"2018-07-10T00:00:00.000","GOLD - COMMODITY EXCHANGE INC.","GOLD","503593","34107","103749","107402","109929"
"2018-07-10T00:00:00.000","COPPER-GRADE #1 - COMMODITY EXCHANGE INC.","COPPER","280668","63965","116771","58358","71933"
"2018-07-10T00:00:00.000","SILVER - COMMODITY EXCHANGE INC.","SILVER","207701","17054","54485","68829","61002"
"2018-07-10T00:00:00.000","PLATINUM - NEW YORK MERCANTILE EXCHANGE","PLATINUM","81535","11326","19163","16270","44980"
"2018-07-10T00:00:00.000","NATURAL GAS - NEW YORK MERCANTILE EXCHANGE","NATURAL GAS","1492319","208223","180073","234110","149419"
"2018-07-17T00:00:00.000","SILVER - COMMODITY EXCHANGE INC.","SILVER","212527","16466","51279","62439","71249"
"2018-07-17T00:00:00.000","GOLD - COMMODITY EXCHANGE INC.","GOLD","528278","29729","101723","107775","134224"
"2018-07-17T00:00:00.000","COPPER-GRADE #1 - COMMODITY EXCHANGE INC.","COPPER","303929","75560","124951","57663","82440"
"2018-07-17T00:00:00.000","PLATINUM - NEW YORK MERCANTILE EXCHANGE","PLATINUM","80785","11077","17975","16537","46030"
"2018-07-17T00:00:00.000","PALLADIUM - NEW YORK MERCANTILE EXCHANGE","PALLADIUM","21618","1532","8488","7910","4469"
"2018-07-17T00:00:00.000","NATURAL GAS - NEW YORK MERCANTILE EXCHANGE","NATURAL GAS","1512224","220226","187065","220464","176214"
"2018-07-24T00:00:00.000","NATURAL GAS - NEW YORK MERCANTILE EXCHANGE","NATURAL GAS","1522598","219229","185051","229380","205024"
"2018-07-24T00:00:00.000","GOLD - COMMODITY EXCHANGE INC.","GOLD","496620","27066","84366","110249","146671"
"2018-07-24T00:00:00.000","COPPER-GRADE #1 - COMMODITY EXCHANGE INC.","COPPER","315586","74186","123797","61559","88667"
"2018-07-24T00:00:00.000","SILVER - COMMODITY EXCHANGE INC.","SILVER","214596","16169","48285","64542","77176"
"2018-07-24T00:00:00.000","PLATINUM - NEW YORK MERCANTILE EXCHANGE","PLATINUM","80021","10491","18430","18375","45932"
"2018-07-24T00:00:00.000","PALLADIUM - NEW YORK MERCANTILE EXCHANGE","PALLADIUM","21457","1684","8116","7809","6064"
"2018-07-31T00:00:00.000","PALLADIUM - NEW YORK MERCANTILE EXCHANGE","PALLADIUM","22207","1600","8444","8702","5848"
"2018-07-31T00:00:00.000","GOLD - COMMODITY EXCHANGE INC.","GOLD","452655","26485","79249","110580","153108"
"2018-07-31T00:00:00.000","COPPER-GRADE #1 - COMMODITY EXCHANGE INC.","COPPER","300522","59039","109917","59084","82984"
"2018-07-31T00:00:00.000","SILVER - COMMODITY EXCHANGE INC.","SILVER","226512","15590","48778","68210","76152"
"2018-07-31T00:00:00.000","PLATINUM - NEW YORK MERCANTILE EXCHANGE","PLATINUM","82139","10768","19156","19415","46087"
"2018-07-31T00:00:00.000","NATURAL GAS - NEW YORK MERCANTILE EXCHANGE","NATURAL GAS","1540751","214542","189921","237633","194212"
"2018-08-07T00:00:00.000","PALLADIUM - NEW YORK MERCANTILE EXCHANGE","PALLADIUM","23010","1370","8211","8811","7104"
"2018-08-07T00:00:00.000","GOLD - COMMODITY EXCHANGE INC.","GOLD","459474","24692","72357","105849","171965"
"2018-08-07T00:00:00.000","COPPER-GRADE #1 - COMMODITY EXCHANGE INC.","COPPER","289908","55069","99226","53226","84062"
"2018-08-07T00:00:00.000","SILVER - COMMODITY EXCHANGE INC.","SILVER","235440","18838","50492","67467","81445"
"2018-08-07T00:00:00.000","PLATINUM - NEW YORK MERCANTILE EXCHANGE","PLATINUM","79082","10809","18437","18680","44665"
"2018-08-07T00:00:00.000","NATURAL GAS - NEW YORK MERCANTILE EXCHANGE","NATURAL GAS","1577281","231502","209467","245579","147082"
"2018-08-14T00:00:00.000","SILVER - COMMODITY EXCHANGE INC.","SILVER","240038","21250","48121","66537","88828"
"2018-08-14T00:00:00.000","GOLD - COMMODITY EXCHANGE INC.","GOLD","476739","27574","66183","104803","188127"
"2018-08-14T00:00:00.000","COPPER-GRADE #1 - COMMODITY EXCHANGE INC.","COPPER","286872","61001","105096","51074","81701"
"2018-08-14T00:00:00.000","PALLADIUM - NEW YORK MERCANTILE EXCHANGE","PALLADIUM","24987","1975","7920","9308","8684"
"2018-08-14T00:00:00.000","NATURAL GAS - NEW YORK MERCANTILE EXCHANGE","NATURAL GAS","1580061","241026","226643","263140","99429"
"2018-08-14T00:00:00.000","PLATINUM - NEW YORK MERCANTILE EXCHANGE","PLATINUM","83991","11145","17984","19862","47969"
"2018-08-21T00:00:00.000","SILVER - COMMODITY EXCHANGE INC.","SILVER","244196","20803","42982","63210","90927"
"2018-08-21T00:00:00.000","GOLD - COMMODITY EXCHANGE INC.","GOLD","483730","26516","63915","107143","197171"
"2018-08-21T00:00:00.000","COPPER-GRADE #1 - COMMODITY EXCHANGE INC.","COPPER","265239","63406","100142","47516","76676"
"2018-08-21T00:00:00.000","PLATINUM - NEW YORK MERCANTILE EXCHANGE","PLATINUM","84057","12131","17836","18206","47031"
"2018-08-21T00:00:00.000","PALLADIUM - NEW YORK MERCANTILE EXCHANGE","PALLADIUM","22879","1829","5932","8324","8797"
"2018-08-21T00:00:00.000","NATURAL GAS - NEW YORK MERCANTILE EXCHANGE","NATURAL GAS","1598352","237409","236083","269848","84325"
"2018-08-28T00:00:00.000","NATURAL GAS - NEW YORK MERCANTILE EXCHANGE","NATURAL GAS","1580409","248329","236810","240681","87291"
"2018-08-28T00:00:00.000","GOLD - COMMODITY EXCHANGE INC.","GOLD","479283","26507","67699","105971","181743"
"2018-08-28T00:00:00.000","COPPER-GRADE #1 - COMMODITY EXCHANGE INC.","COPPER","235094","44056","83344","47062","68264"
"2018-08-28T00:00:00.000","SILVER - COMMODITY EXCHANGE INC.","SILVER","227329","22526","41538","60430","96135"
"2018-08-28T00:00:00.000","PLATINUM - NEW YORK MERCANTILE EXCHANGE","PLATINUM","85221","11848","18556","17413","47118"
"2018-08-28T00:00:00.000","PALLADIUM - NEW YORK MERCANTILE EXCHANGE","PALLADIUM","20117","1587","7119","8151","6281"
"2018-09-04T00:00:00.000","PALLADIUM - NEW YORK MERCANTILE EXCHANGE","PALLADIUM","17993","1283","7363","8003","3820"
"2018-09-04T00:00:00.000","GOLD - COMMODITY EXCHANGE INC.","GOLD","473118","27115","65731","101651","184373"
"2018-09-04T00:00:00.000","COPPER-GRADE #1 - COMMODITY EXCHANGE INC.","COPPER","238426","48061","80904","40714","66942"
"2018-09-04T00:00:00.000","SILVER - COMMODITY EXCHANGE INC.","SILVER","212391","22368","33018","55559","104482"
"2018-09-04T00:00:00.000","PLATINUM - NEW YORK MERCANTILE EXCHANGE","PLATINUM","89546","11844","17218","18188","48577"
"2018-09-04T00:00:00.000","NATURAL GAS - NEW YORK MERCANTILE EXCHANGE","NATURAL GAS","1644728","273260","261949","226850","99424"
"2018-09-11T00:00:00.000","PALLADIUM - NEW YORK MERCANTILE EXCHANGE","PALLADIUM","17214","1294","7357","7630","2877"
"2018-09-11T00:00:00.000","GOLD - COMMODITY EXCHANGE INC.","GOLD","469450","28256","68613","100593","175812"
"2018-09-11T00:00:00.000","COPPER-GRADE #1 - COMMODITY EXCHANGE INC.","COPPER","230351","46567","75464","39051","64986"
"2018-09-11T00:00:00.000","SILVER - COMMODITY EXCHANGE INC.","SILVER","208969","20639","30296","53034","101109"
"2018-09-11T00:00:00.000","PLATINUM - NEW YORK MERCANTILE EXCHANGE","PLATINUM","93273","11882","19107","20400","46648"
"2018-09-11T00:00:00.000","NATURAL GAS - NEW YORK MERCANTILE EXCHANGE","NATURAL GAS","1625403","275140","273289","218387","134003"
"2018-09-18T00:00:00.000","PALLADIUM - NEW YORK MERCANTILE EXCHANGE","PALLADIUM","18188","1086","7190","7941","2746"
"2018-09-18T00:00:00.000","GOLD - COMMODITY EXCHANGE INC.","GOLD","469436","29357","68328","97904","180367"
"2018-09-18T00:00:00.000","COPPER-GRADE #1 - COMMODITY EXCHANGE INC.","COPPER","235543","45448","78270","45097","59363"
"2018-09-18T00:00:00.000","SILVER - COMMODITY EXCHANGE INC.","SILVER","205469","21956","32279","52296","99047"
"2018-09-18T00:00:00.000","PLATINUM - NEW YORK MERCANTILE EXCHANGE","PLATINUM","88533","11807","18323","21985","41828"
"2018-09-18T00:00:00.000","NATURAL GAS - NEW YORK MERCANTILE EXCHANGE","NATURAL GAS","1661567","281428","277790","232018","151002"
"2018-09-25T00:00:00.000","SILVER - COMMODITY EXCHANGE INC.","SILVER","204508","18532","33704","52672","95355"
"2018-09-25T00:00:00.000","GOLD - COMMODITY EXCHANGE INC.","GOLD","460279","27277","67802","98513","182190"
"2018-09-25T00:00:00.000","COPPER-GRADE #1 - COMMODITY EXCHANGE INC.","COPPER","237120","45061","90473","50305","48949"
"2018-09-25T00:00:00.000","PLATINUM - NEW YORK MERCANTILE EXCHANGE","PLATINUM","75991","10311","17479","20824","34063"
"2018-09-25T00:00:00.000","PALLADIUM - NEW YORK MERCANTILE EXCHANGE","PALLADIUM","21727","907","8386","10842","3367"
"2018-09-25T00:00:00.000","NATURAL GAS - NEW YORK MERCANTILE EXCHANGE","NATURAL GAS","1621469","262391","283196","257649","111312"
"2018-10-02T00:00:00.000","NATURAL GAS - NEW YORK MERCANTILE EXCHANGE","NATURAL GAS","1658072","251851","279209","289761","74862"
"2018-10-02T00:00:00.000","GOLD - COMMODITY EXCHANGE INC.","GOLD","459776","31567","70177","100671","180274"
"2018-10-02T00:00:00.000","COPPER-GRADE #1 - COMMODITY EXCHANGE INC.","COPPER","234368","47999","94800","49592","49708"
"2018-10-02T00:00:00.000","SILVER - COMMODITY EXCHANGE INC.","SILVER","200173","16784","36795","50674","86744"
"2018-10-02T00:00:00.000","PLATINUM - NEW YORK MERCANTILE EXCHANGE","PLATINUM","73139","10202","17672","22690","31587"
"2018-10-02T00:00:00.000","PALLADIUM - NEW YORK MERCANTILE EXCHANGE","PALLADIUM","23614","743","9113","12653","4039"
"2018-10-09T00:00:00.000","PALLADIUM - NEW YORK MERCANTILE EXCHANGE","PALLADIUM","24809","699","9234","13772","4122"
"2018-10-09T00:00:00.000","GOLD - COMMODITY EXCHANGE INC.","GOLD","465253","35501","69634","82218","191672"
"2018-10-09T00:00:00.000","COPPER-GRADE #1 - COMMODITY EXCHANGE INC.","COPPER","235478","55455","99546","42072","49854"
"2018-10-09T00:00:00.000","SILVER - COMMODITY EXCHANGE INC.","SILVER","199853","16026","35721","45587","86851"
"2018-10-09T00:00:00.000","PLATINUM - NEW YORK MERCANTILE EXCHANGE","PLATINUM","74067","10596","19291","23018","29935"
"2018-10-09T00:00:00.000","NATURAL GAS - NEW YORK MERCANTILE EXCHANGE","NATURAL GAS","1668101","252320","285258","313085","60307"
"2018-10-16T00:00:00.000","PALLADIUM - NEW YORK MERCANTILE EXCHANGE","PALLADIUM","26328","787","9941","14210","4521"
"2018-10-16T00:00:00.000","GOLD - COMMODITY EXCHANGE INC.","GOLD","474418","36197","98154","95333","144715"
"2018-10-16T00:00:00.000","COPPER-GRADE #1 - COMMODITY EXCHANGE INC.","COPPER","237336","59330","103202","44387","46320"
"2018-10-16T00:00:00.000","SILVER - COMMODITY EXCHANGE INC.","SILVER","199398","14625","39416","45792","79191"
"2018-10-16T00:00:00.000","PLATINUM - NEW YORK MERCANTILE EXCHANGE","PLATINUM","75547","9676","21675","23142","27163"
"2018-10-16T00:00:00.000","NATURAL GAS - NEW YORK MERCANTILE EXCHANGE","NATURAL GAS","1629165","222322","257818","302001","57514"
"2018-10-23T00:00:00.000","PLATINUM - NEW YORK MERCANTILE EXCHANGE","PLATINUM","74436","9433","21444","21317","26234"
"2018-10-23T00:00:00.000","GOLD - COMMODITY EXCHANGE INC.","GOLD","477832","34663","102587","99368","137484"
"2018-10-23T00:00:00.000","COPPER-GRADE #1 - COMMODITY EXCHANGE INC.","COPPER","246254","59300","103228","40671","45609"
"2018-10-23T00:00:00.000","NATURAL GAS - NEW YORK MERCANTILE EXCHANGE","NATURAL GAS","1599869","226154","257664","311798","64516"
"2018-10-23T00:00:00.000","SILVER - COMMODITY EXCHANGE INC.","SILVER","199746","14163","44389","50611","71636"
"2018-10-23T00:00:00.000","PALLADIUM - NEW YORK MERCANTILE EXCHANGE","PALLADIUM","28905","948","10741","16289","4201"
"2018-10-30T00:00:00.000","SILVER - COMMODITY EXCHANGE INC.","SILVER","208976","16058","45872","50387","75563"
"2018-10-30T00:00:00.000","GOLD - COMMODITY EXCHANGE INC.","GOLD","474941","36057","97111","80105","135628"
"2018-10-30T00:00:00.000","COPPER-GRADE #1 - COMMODITY EXCHANGE INC.","COPPER","256266","61590","98289","41453","56215"
"2018-10-30T00:00:00.000","PLATINUM - NEW YORK MERCANTILE EXCHANGE","PLATINUM","75001","8795","23184","24113","25798"
"2018-10-30T00:00:00.000","PALLADIUM - NEW YORK MERCANTILE EXCHANGE","PALLADIUM","27386","980","10614","15297","3850"
"2018-10-30T00:00:00.000","NATURAL GAS - NEW YORK MERCANTILE EXCHANGE","NATURAL GAS","1521366","218790","254529","296757","68946"
"2018-11-06T00:00:00.000","NATURAL GAS - NEW YORK MERCANTILE EXCHANGE","NATURAL GAS","1515475","217030","254632","314030","68924"
"2018-11-06T00:00:00.000","GOLD - COMMODITY EXCHANGE INC.","GOLD","494911","37023","99334","82188","129634"
"2018-11-06T00:00:00.000","COPPER-GRADE #1 - COMMODITY EXCHANGE INC.","COPPER","247313","50235","91187","50232","52609"
"2018-11-06T00:00:00.000","SILVER - COMMODITY EXCHANGE INC.","SILVER","213566","16677","49875","47496","68344"
"2018-11-06T00:00:00.000","PLATINUM - NEW YORK MERCANTILE EXCHANGE","PLATINUM","74364","7563","26601","26196","17815"
"2018-11-06T00:00:00.000","PALLADIUM - NEW YORK MERCANTILE EXCHANGE","PALLADIUM","27859","1223","10827","15570","3288"
"2018-11-13T00:00:00.000","PALLADIUM - NEW YORK MERCANTILE EXCHANGE","PALLADIUM","27460","1216","10613","15623","3068"
"2018-11-13T00:00:00.000","GOLD - COMMODITY EXCHANGE INC.","GOLD","539520","47551","89514","79529","158723"
"2018-11-13T00:00:00.000","COPPER-GRADE #1 - COMMODITY EXCHANGE INC.","COPPER","241052","52413","90344","48487","56513"
"2018-11-13T00:00:00.000","SILVER - COMMODITY EXCHANGE INC.","SILVER","224346","17388","39560","43546","84379"
"2018-11-13T00:00:00.000","PLATINUM - NEW YORK MERCANTILE EXCHANGE","PLATINUM","70152","7164","25073","25501","16430"
"2018-11-13T00:00:00.000","NATURAL GAS - NEW YORK MERCANTILE EXCHANGE","NATURAL GAS","1520152","186579","236926","331833","52720"
"2018-11-20T00:00:00.000","PALLADIUM - NEW YORK MERCANTILE EXCHANGE","PALLADIUM","26619","1228","10704","15857","2471"
"2018-11-20T00:00:00.000","GOLD - COMMODITY EXCHANGE INC.","GOLD","525940","47454","93564","84356","136207"
"2018-11-20T00:00:00.000","COPPER-GRADE #1 - COMMODITY EXCHANGE INC.","COPPER","229249","43519","90171","56907","51446"
"2018-11-20T00:00:00.000","SILVER - COMMODITY EXCHANGE INC.","SILVER","223049","16405","34343","42665","75379"
"2018-11-20T00:00:00.000","PLATINUM - NEW YORK MERCANTILE EXCHANGE","PLATINUM","69800","7023","22501","25200","17468"
"2018-11-20T00:00:00.000","NATURAL GAS - NEW YORK MERCANTILE EXCHANGE","NATURAL GAS","1342406","163264","210969","290590","52749"
"2018-11-27T00:00:00.000","PALLADIUM - NEW YORK MERCANTILE EXCHANGE","PALLADIUM","25748","1178","10810","15815","2044"
"2018-11-27T00:00:00.000","GOLD - COMMODITY EXCHANGE INC.","GOLD","442801","35196","76210","79992","138382"
"2018-11-27T00:00:00.000","COPPER-GRADE #1 - COMMODITY EXCHANGE INC.","COPPER","220177","44445","87474","53595","49340"
"2018-11-27T00:00:00.000","SILVER - COMMODITY EXCHANGE INC.","SILVER","199783","14614","35902","40021","71659"
"2018-11-27T00:00:00.000","PLATINUM - NEW YORK MERCANTILE EXCHANGE","PLATINUM","72373","6983","24134","26877","17774"
"2018-11-27T00:00:00.000","NATURAL GAS - NEW YORK MERCANTILE EXCHANGE","NATURAL GAS","1276922","155197","203137","284739","46298"
"2018-12-04T00:00:00.000","SILVER - COMMODITY EXCHANGE INC.","SILVER","179909","12863","36559","41303","63580"
"2018-12-04T00:00:00.000","GOLD - COMMODITY EXCHANGE INC.","GOLD","399919","19212","74759","99414","109201"
"2018-12-04T00:00:00.000","COPPER-GRADE #1 - COMMODITY EXCHANGE INC.","COPPER","216791","41502","88236","49320","48216"
"2018-12-04T00:00:00.000","PLATINUM - NEW YORK MERCANTILE EXCHANGE","PLATINUM","76828","7418","20985","26606","26976"
"2018-12-04T00:00:00.000","PALLADIUM - NEW YORK MERCANTILE EXCHANGE","PALLADIUM","26316","495","10047","16523","2364"
"2018-12-04T00:00:00.000","NATURAL GAS - NEW YORK MERCANTILE EXCHANGE","NATURAL GAS","1277468","162440","209571","269545","38706"
"2018-12-11T00:00:00.000","NATURAL GAS - NEW YORK MERCANTILE EXCHANGE","NATURAL GAS","1276983","162627","207780","264468","43757"
"2018-12-11T00:00:00.000","GOLD - COMMODITY EXCHANGE INC.","GOLD","402250","18936","83116","89942","90008"
"2018-12-11T00:00:00.000","COPPER-GRADE #1 - COMMODITY EXCHANGE INC.","COPPER","208742","38176","79615","48805","49590"
"2018-12-11T00:00:00.000","SILVER - COMMODITY EXCHANGE INC.","SILVER","174071","12649","40653","44644","53798"
"2018-12-11T00:00:00.000","PLATINUM - NEW YORK MERCANTILE EXCHANGE","PLATINUM","82550","7497","19360","27782","33063"
"2018-12-11T00:00:00.000","PALLADIUM - NEW YORK MERCANTILE EXCHANGE","PALLADIUM","25736","579","9960","15724","2402"
"2018-12-18T00:00:00.000","PALLADIUM - NEW YORK MERCANTILE EXCHANGE","PALLADIUM","26263","383","10020","15882","2465"
"2018-12-18T00:00:00.000","GOLD - COMMODITY EXCHANGE INC.","GOLD","412485","18531","78969","100828","89630"
"2018-12-18T00:00:00.000","COPPER-GRADE #1 - COMMODITY EXCHANGE INC.","COPPER","214050","35929","70162","47388","63913"
"2018-12-18T00:00:00.000","SILVER - COMMODITY EXCHANGE INC.","SILVER","172860","11690","42135","48462","46673"
"2018-12-18T00:00:00.000","PLATINUM - NEW YORK MERCANTILE EXCHANGE","PLATINUM","82939","8131","20579","27742","33038"
"2018-12-18T00:00:00.000","NATURAL GAS - NEW YORK MERCANTILE EXCHANGE","NATURAL GAS","1260962","161838","201540","272664","58572"
"2018-12-24T00:00:00.000","PALLADIUM - NEW YORK MERCANTILE EXCHANGE","PALLADIUM","26179","328","10131","15194","2086"
"2018-12-24T00:00:00.000","GOLD - COMMODITY EXCHANGE INC.","GOLD","442727","20170","86065","119146","77178"
"2018-12-24T00:00:00.000","COPPER-GRADE #1 - COMMODITY EXCHANGE INC.","COPPER","218191","42817","69127","45493","66257"
"2018-12-24T00:00:00.000","SILVER - COMMODITY EXCHANGE INC.","SILVER","173685","11560","42816","53373","44561"
"2018-12-24T00:00:00.000","PLATINUM - NEW YORK MERCANTILE EXCHANGE","PLATINUM","81640","8308","21312","28060","32949"
"2018-12-24T00:00:00.000","NATURAL GAS - NEW YORK MERCANTILE EXCHANGE","NATURAL GAS","1232998","163075","206024","259060","69216"
"2018-12-31T00:00:00.000","PALLADIUM - NEW YORK MERCANTILE EXCHANGE","PALLADIUM","26773","440","10354","15516","2026"
"2018-12-31T00:00:00.000","GOLD - COMMODITY EXCHANGE INC.","GOLD","451360","19300","92197","121205","71021"
"2018-12-31T00:00:00.000","COPPER-GRADE #1 - COMMODITY EXCHANGE INC.","COPPER","224760","45646","71164","44509","68601"
"2018-12-31T00:00:00.000","SILVER - COMMODITY EXCHANGE INC.","SILVER","176159","10962","50161","60752","30706"
"2018-12-31T00:00:00.000","PLATINUM - NEW YORK MERCANTILE EXCHANGE","PLATINUM","82828","8415","22179","30719","35185"
"2018-12-31T00:00:00.000","NATURAL GAS - NEW YORK MERCANTILE EXCHANGE","NATURAL GAS","1234072","167998","214867","256527","63554"
"2019-01-08T00:00:00.000","SILVER - COMMODITY EXCHANGE INC.","SILVER","186506","6153","49572","67815","25104"
"2019-01-08T00:00:00.000","GOLD - COMMODITY EXCHANGE INC.","GOLD","455232","12969","75020","112690","80219"
"2019-01-08T00:00:00.000","COPPER-GRADE #1 - COMMODITY EXCHANGE INC.","COPPER","242731","55202","73644","41520","77858"
"2019-01-08T00:00:00.000","PLATINUM - NEW YORK MERCANTILE EXCHANGE","PLATINUM","86645","8429","22257","29424","37550"
"2019-01-08T00:00:00.000","PALLADIUM - NEW YORK MERCANTILE EXCHANGE","PALLADIUM","28529","521","10355","16450","2740"
"2019-01-08T00:00:00.000","NATURAL GAS - NEW YORK MERCANTILE EXCHANGE","NATURAL GAS","1286501","195734","241925","243886","57123"
"2019-01-15T00:00:00.000","NATURAL GAS - NEW YORK MERCANTILE EXCHANGE","NATURAL GAS","1315746","204147","250468","248817","44088"
"2019-01-15T00:00:00.000","GOLD - COMMODITY EXCHANGE INC.","GOLD","501605","43351","103302","115651","90716"
"2019-01-15T00:00:00.000","COPPER-GRADE #1 - COMMODITY EXCHANGE INC.","COPPER","271303","70921","83396","42824","88273"
"2019-01-15T00:00:00.000","SILVER - COMMODITY EXCHANGE INC.","SILVER","191922","7140","51926","65554","26323"
"2019-01-15T00:00:00.000","PLATINUM - NEW YORK MERCANTILE EXCHANGE","PLATINUM","83822","9144","20567","26637","37634"
"2019-01-15T00:00:00.000","PALLADIUM - NEW YORK MERCANTILE EXCHANGE","PALLADIUM","28093","440","10197","16694","2798"
"2019-01-22T00:00:00.000","PALLADIUM - NEW YORK MERCANTILE EXCHANGE","PALLADIUM","27062","560","10608","15695","2441"
"2019-01-22T00:00:00.000","GOLD - COMMODITY EXCHANGE INC.","GOLD","513509","50087","110130","105295","89085"
"2019-01-22T00:00:00.000","COPPER-GRADE #1 - COMMODITY EXCHANGE INC.","COPPER","271968","71177","88406","45207","85689"
"2019-01-22T00:00:00.000","SILVER - COMMODITY EXCHANGE INC.","SILVER","188674","7135","48788","62848","27675"
"2019-01-22T00:00:00.000","PLATINUM - NEW YORK MERCANTILE EXCHANGE","PLATINUM","85889","10108","20384","24520","41211"
"2019-01-22T00:00:00.000","NATURAL GAS - NEW YORK MERCANTILE EXCHANGE","NATURAL GAS","1339522","221332","262449","256701","44639"
"2019-01-29T00:00:00.000","PALLADIUM - NEW YORK MERCANTILE EXCHANGE","PALLADIUM","27205","864","10944","15723","2499"
"2019-01-29T00:00:00.000","GOLD - COMMODITY EXCHANGE INC.","GOLD","483390","14289","84947","126404","94007"
"2019-01-29T00:00:00.000","COPPER-GRADE #1 - COMMODITY EXCHANGE INC.","COPPER","265588","59813","79532","46428","86499"
"2019-01-29T00:00:00.000","SILVER - COMMODITY EXCHANGE INC.","SILVER","194895","7438","52321","66078","26159"
"2019-01-29T00:00:00.000","PLATINUM - NEW YORK MERCANTILE EXCHANGE","PLATINUM","82259","9393","21473","26215","39670"
"2019-01-29T00:00:00.000","NATURAL GAS - NEW YORK MERCANTILE EXCHANGE","NATURAL GAS","1353420","230086","276138","246025","43790"
"2019-02-05T00:00:00.000","PALLADIUM - NEW YORK MERCANTILE EXCHANGE","PALLADIUM","28782","1204","10954","16335","2876"
"2019-02-05T00:00:00.000","GOLD - COMMODITY EXCHANGE INC.","GOLD","479736","15593","89160","134954","90079"
"2019-02-05T00:00:00.000","COPPER-GRADE #1 - COMMODITY EXCHANGE INC.","COPPER","245629","37960","71907","52847","70178"
"2019-02-05T00:00:00.000","SILVER - COMMODITY EXCHANGE INC.","SILVER","207101","9256","56065","73738","26009"
"2019-02-05T00:00:00.000","PLATINUM - NEW YORK MERCANTILE EXCHANGE","PLATINUM","80894","9227","21929","24996","36697"
"2019-02-05T00:00:00.000","NATURAL GAS - NEW YORK MERCANTILE EXCHANGE","NATURAL GAS","1375899","243836","287555","226638","44541"
"2019-02-12T00:00:00.000","SILVER - COMMODITY EXCHANGE INC.","SILVER","217925","14383","60888","71924","30023"
"2019-02-12T00:00:00.000","GOLD - COMMODITY EXCHANGE INC.","GOLD","476083","16566","90733","132365","89746"
"2019-02-12T00:00:00.000","COPPER-GRADE #1 - COMMODITY EXCHANGE INC.","COPPER","245475","33357","73366","58955","64654"
"2019-02-12T00:00:00.000","PLATINUM - NEW YORK MERCANTILE EXCHANGE","PLATINUM","85394","8896","19703","22769","42945"
"2019-02-12T00:00:00.000","PALLADIUM - NEW YORK MERCANTILE EXCHANGE","PALLADIUM","28927","1727","11529","16708","2903"
"2019-02-12T00:00:00.000","NATURAL GAS - NEW YORK MERCANTILE EXCHANGE","NATURAL GAS","1264550","240991","289326","205964","54476"
"2019-02-19T00:00:00.000","NATURAL GAS - NEW YORK MERCANTILE EXCHANGE","NATURAL GAS","1214115","241910","287188","193595","65580"
"2019-02-19T00:00:00.000","GOLD - COMMODITY EXCHANGE INC.","GOLD","504639","15236","103673","166411","84034"
"2019-02-19T00:00:00.000","COPPER-GRADE #1 - COMMODITY EXCHANGE INC.","COPPER","253256","34113","73211","60587","67204"
"2019-02-19T00:00:00.000","SILVER - COMMODITY EXCHANGE INC.","SILVER","220822","16726","62123","70067","31267"
"2019-02-19T00:00:00.000","PLATINUM - NEW YORK MERCANTILE EXCHANGE","PLATINUM","83413","8922","19149","25556","43769"
"2019-02-19T00:00:00.000","PALLADIUM - NEW YORK MERCANTILE EXCHANGE","PALLADIUM","28490","1557","11839","17211","2564"
"2019-02-26T00:00:00.000","PALLADIUM - NEW YORK MERCANTILE EXCHANGE","PALLADIUM","27984","1268","11341","16916","2484"
"2019-02-26T00:00:00.000","GOLD - COMMODITY EXCHANGE INC.","GOLD","501268","15312","101061","154217","75658"
"2019-02-26T00:00:00.000","COPPER-GRADE #1 - COMMODITY EXCHANGE INC.","COPPER","256269","32465","92001","73543","56973"
"2019-02-26T00:00:00.000","SILVER - COMMODITY EXCHANGE INC.","SILVER","206447","11887","59657","72677","24915"
"2019-02-26T00:00:00.000","PLATINUM - NEW YORK MERCANTILE EXCHANGE","PLATINUM","79606","7310","24729","26469","27903"
"2019-02-26T00:00:00.000","NATURAL GAS - NEW YORK MERCANTILE EXCHANGE","NATURAL GAS","1165221","237762","280277","197913","87898"
"2019-03-05T00:00:00.000","PALLADIUM - NEW YORK MERCANTILE EXCHANGE","PALLADIUM","26465","1075","10803","16363","2299"
"2019-03-05T00:00:00.000","GOLD - COMMODITY EXCHANGE INC.","GOLD","471311","13920","86101","125903","94656"
"2019-03-05T00:00:00.000","COPPER-GRADE #1 - COMMODITY EXCHANGE INC.","COPPER","255162","35092","102054","71727","49004"
"2019-03-05T00:00:00.000","SILVER - COMMODITY EXCHANGE INC.","SILVER","190024","11916","51898","54915","37059"
"2019-03-05T00:00:00.000","PLATINUM - NEW YORK MERCANTILE EXCHANGE","PLATINUM","77483","7612","27669","25336","17866"
"2019-03-05T00:00:00.000","NATURAL GAS - NEW YORK MERCANTILE EXCHANGE","NATURAL GAS","1203769","239827","284786","215950","69696"
"2019-03-12T00:00:00.000","PLATINUM - NEW YORK MERCANTILE EXCHANGE","PLATINUM","77461","8262","26909","22471","22224"
"2019-03-12T00:00:00.000","GOLD - COMMODITY EXCHANGE INC.","GOLD","530030","27128","87449","123293","105886"
"2019-03-12T00:00:00.000","COPPER-GRADE #1 - COMMODITY EXCHANGE INC.","COPPER","258881","40297","102328","66229","49793"
"2019-03-12T00:00:00.000","NATURAL GAS - NEW YORK MERCANTILE EXCHANGE","NATURAL GAS","1193207","245849","290266","228924","72033"
"2019-03-12T00:00:00.000","SILVER - COMMODITY EXCHANGE INC.","SILVER","189768","13648","49087","51261","41774"
"2019-03-12T00:00:00.000","PALLADIUM - NEW YORK MERCANTILE EXCHANGE","PALLADIUM","26743","1371","10545","15628","2438"
"2019-03-19T00:00:00.000","SILVER - COMMODITY EXCHANGE INC.","SILVER","189124","15599","48431","52075","42359"
"2019-03-19T00:00:00.000","GOLD - COMMODITY EXCHANGE INC.","GOLD","514163","33592","97589","123909","93434"
"2019-03-19T00:00:00.000","COPPER-GRADE #1 - COMMODITY EXCHANGE INC.","COPPER","253741","44817","99112","60175","52026"
"2019-03-19T00:00:00.000","PLATINUM - NEW YORK MERCANTILE EXCHANGE","PLATINUM","75915","7651","26224","22918","21927"
"2019-03-19T00:00:00.000","PALLADIUM - NEW YORK MERCANTILE EXCHANGE","PALLADIUM","27084","1303","10426","15481","2636"
"2019-03-19T00:00:00.000","NATURAL GAS - NEW YORK MERCANTILE EXCHANGE","NATURAL GAS","1177784","239692","275047","239504","76258"
"2019-03-26T00:00:00.000","NATURAL GAS - NEW YORK MERCANTILE EXCHANGE","NATURAL GAS","1147078","234948","268765","226153","76145"
"2019-03-26T00:00:00.000","GOLD - COMMODITY EXCHANGE INC.","GOLD","509575","14704","84053","135373","77386"
"2019-03-26T00:00:00.000","COPPER-GRADE #1 - COMMODITY EXCHANGE INC.","COPPER","251953","53624","95097","52958","61507"
"2019-03-26T00:00:00.000","SILVER - COMMODITY EXCHANGE INC.","SILVER","192676","15846","50208","52510","40204"
"2019-03-26T00:00:00.000","PLATINUM - NEW YORK MERCANTILE EXCHANGE","PLATINUM","72073","6045","26097","25330","15219"
"2019-03-26T00:00:00.000","PALLADIUM - NEW YORK MERCANTILE EXCHANGE","PALLADIUM","27585","1323","10421","15440","2879"
"2019-04-02T00:00:00.000","PALLADIUM - NEW YORK MERCANTILE EXCHANGE","PALLADIUM","23841","1529","9185","12501","2062"
"2019-04-02T00:00:00.000","GOLD - COMMODITY EXCHANGE INC.","GOLD","440170","16339","74574","110816","86198"
"2019-04-02T00:00:00.000","COPPER-GRADE #1 - COMMODITY EXCHANGE INC.","COPPER","250309","44740","91222","58636","62080"
"2019-04-02T00:00:00.000","SILVER - COMMODITY EXCHANGE INC.","SILVER","199592","16840","46515","52136","53860"
"2019-04-02T00:00:00.000","PLATINUM - NEW YORK MERCANTILE EXCHANGE","PLATINUM","68064","6256","25326","24442","14324"
"2019-04-02T00:00:00.000","NATURAL GAS - NEW YORK MERCANTILE EXCHANGE","NATURAL GAS","1172418","253068","284773","210109","78848"
"2019-04-09T00:00:00.000","PALLADIUM - NEW YORK MERCANTILE EXCHANGE","PALLADIUM","22937","1524","8773","11629","1692"
"2019-04-09T00:00:00.000","GOLD - COMMODITY EXCHANGE INC.","GOLD","447539","16242","75839","117917","80880"
"2019-04-09T00:00:00.000","COPPER-GRADE #1 - COMMODITY EXCHANGE INC.","COPPER","246628","40983","87569","61485","62917"
"2019-04-09T00:00:00.000","SILVER - COMMODITY EXCHANGE INC.","SILVER","208784","19730","51920","49563","52095"
"2019-04-09T00:00:00.000","PLATINUM - NEW YORK MERCANTILE EXCHANGE","PLATINUM","74605","5183","28514","30876","10533"
"2019-04-09T00:00:00.000","NATURAL GAS - NEW YORK MERCANTILE EXCHANGE","NATURAL GAS","1202068","253977","285790","193979","85052"
"2019-04-16T00:00:00.000","PALLADIUM - NEW YORK MERCANTILE EXCHANGE","PALLADIUM","21712","1316","8274","10992","1756"
"2019-04-16T00:00:00.000","GOLD - COMMODITY EXCHANGE INC.","GOLD","440581","18586","61796","96196","111583"
"2019-04-16T00:00:00.000","COPPER-GRADE #1 - COMMODITY EXCHANGE INC.","COPPER","257913","44953","93743","64478","63321"
"2019-04-16T00:00:00.000","SILVER - COMMODITY EXCHANGE INC.","SILVER","224783","26261","53830","49990","60918"
"2019-04-16T00:00:00.000","PLATINUM - NEW YORK MERCANTILE EXCHANGE","PLATINUM","73727","5367","28682","31635","10597"
"2019-04-16T00:00:00.000","NATURAL GAS - NEW YORK MERCANTILE EXCHANGE","NATURAL GAS","1266147","266951","290551","190417","117590"
"2019-04-23T00:00:00.000","SILVER - COMMODITY EXCHANGE INC.","SILVER","219113","27520","54414","49667","67206"
"2019-04-23T00:00:00.000","GOLD - COMMODITY EXCHANGE INC.","GOLD","440048","17090","53073","88989","122818"
"2019-04-23T00:00:00.000","COPPER-GRADE #1 - COMMODITY EXCHANGE INC.","COPPER","256267","50790","95172","60986","68111"
"2019-04-23T00:00:00.000","PLATINUM - NEW YORK MERCANTILE EXCHANGE","PLATINUM","75277","5228","28210","32524","10904"
"2019-04-23T00:00:00.000","PALLADIUM - NEW YORK MERCANTILE EXCHANGE","PALLADIUM","22139","1657","8850","10998","1721"
"2019-04-23T00:00:00.000","NATURAL GAS - NEW YORK MERCANTILE EXCHANGE","NATURAL GAS","1249926","269040","292623","186561","146160"
"2019-04-30T00:00:00.000","NATURAL GAS - NEW YORK MERCANTILE EXCHANGE","NATURAL GAS","1242789","270700","305062","175203","163115"
"2019-04-30T00:00:00.000","COPPER-GRADE #1 - COMMODITY EXCHANGE INC.","COPPER","249602","53844","95120","58366","68638"
"2019-04-30T00:00:00.000","SILVER - COMMODITY EXCHANGE INC.","SILVER","196610","20345","44472","52260","65998"
"2019-04-30T00:00:00.000","PLATINUM - NEW YORK MERCANTILE EXCHANGE","PLATINUM","75798","5083","28714","32154","10295"
"2019-04-30T00:00:00.000","PALLADIUM - NEW YORK MERCANTILE EXCHANGE","PALLADIUM","22689","1774","9113","11207","1265"
"2019-04-30T00:00:00.000","GOLD - COMMODITY EXCHANGE INC.","GOLD","430011","16898","67873","95159","95083"
"2019-05-07T00:00:00.000","PALLADIUM - NEW YORK MERCANTILE EXCHANGE","PALLADIUM","21485","2360","8346","10537","1255"
"2019-05-07T00:00:00.000","GOLD - COMMODITY EXCHANGE INC.","GOLD","450039","19282","67234","102975","93428"
"2019-05-07T00:00:00.000","COPPER-GRADE #1 - COMMODITY EXCHANGE INC.","COPPER","245088","63713","91408","51007","78163"
"2019-05-07T00:00:00.000","SILVER - COMMODITY EXCHANGE INC.","SILVER","199467","23979","42642","56211","70350"
"2019-05-07T00:00:00.000","PLATINUM - NEW YORK MERCANTILE EXCHANGE","PLATINUM","74901","5641","27086","28984","11222"
"2019-05-07T00:00:00.000","NATURAL GAS - NEW YORK MERCANTILE EXCHANGE","NATURAL GAS","1268920","274895","307851","182331","169131"
"2019-05-14T00:00:00.000","PALLADIUM - NEW YORK MERCANTILE EXCHANGE","PALLADIUM","20834","2906","8592","9580","1461"
"2019-05-14T00:00:00.000","GOLD - COMMODITY EXCHANGE INC.","GOLD","517995","37635","102517","138467","85921"
"2019-05-14T00:00:00.000","COPPER-GRADE #1 - COMMODITY EXCHANGE INC.","COPPER","256800","75406","95574","47453","83159"
"2019-05-14T00:00:00.000","SILVER - COMMODITY EXCHANGE INC.","SILVER","203788","26120","46745","57135","71332"
"2019-05-14T00:00:00.000","PLATINUM - NEW YORK MERCANTILE EXCHANGE","PLATINUM","75331","5703","25670","26897","13885"
"2019-05-14T00:00:00.000","NATURAL GAS - NEW YORK MERCANTILE EXCHANGE","NATURAL GAS","1314279","281207","319862","172419","161466"
"2019-05-21T00:00:00.000","SILVER - COMMODITY EXCHANGE INC.","SILVER","210356","27992","46577","52557","81988"
"2019-05-21T00:00:00.000","GOLD - COMMODITY EXCHANGE INC.","GOLD","508643","42131","104863","114986","99049"
"2019-05-21T00:00:00.000","COPPER-GRADE #1 - COMMODITY EXCHANGE INC.","COPPER","261724","72532","90966","46881","84226"
"2019-05-21T00:00:00.000","PALLADIUM - NEW YORK MERCANTILE EXCHANGE","PALLADIUM","20509","2951","8240","10064","1633"
"2019-05-21T00:00:00.000","NATURAL GAS - NEW YORK MERCANTILE EXCHANGE","NATURAL GAS","1305622","280330","319754","173291","174937"
"2019-05-21T00:00:00.000","PLATINUM - NEW YORK MERCANTILE EXCHANGE","PLATINUM","78838","6850","20721","26542","25862"
"2019-05-28T00:00:00.000","SILVER - COMMODITY EXCHANGE INC.","SILVER","217605","29784","46607","49913","87920"
"2019-05-28T00:00:00.000","GOLD - COMMODITY EXCHANGE INC.","GOLD","505126","47857","110653","119314","93040"
"2019-05-28T00:00:00.000","COPPER-GRADE #1 - COMMODITY EXCHANGE INC.","COPPER","272194","74859","89226","47010","87776"
"2019-05-28T00:00:00.000","PLATINUM - NEW YORK MERCANTILE EXCHANGE","PLATINUM","83398","7888","16790","25765","35449"
"2019-05-28T00:00:00.000","PALLADIUM - NEW YORK MERCANTILE EXCHANGE","PALLADIUM","20105","2363","7754","10535","1251"
"2019-05-28T00:00:00.000","NATURAL GAS - NEW YORK MERCANTILE EXCHANGE","NATURAL GAS","1263583","272080","303789","165349","198677"
"2019-06-04T00:00:00.000","NATURAL GAS - NEW YORK MERCANTILE EXCHANGE","NATURAL GAS","1314121","283639","307909","164009","239714"
"2019-06-04T00:00:00.000","GOLD - COMMODITY EXCHANGE INC.","GOLD","481495","19523","106293","159663","63481"
"2019-06-04T00:00:00.000","COPPER-GRADE #1 - COMMODITY EXCHANGE INC.","COPPER","281813","72498","85877","45877","91646"
"2019-06-04T00:00:00.000","SILVER - COMMODITY EXCHANGE INC.","SILVER","216145","26060","50293","57223","76759"
"2019-06-04T00:00:00.000","PLATINUM - NEW YORK MERCANTILE EXCHANGE","PLATINUM","83492","7788","16363","25748","38659"
"2019-06-04T00:00:00.000","PALLADIUM - NEW YORK MERCANTILE EXCHANGE","PALLADIUM","18724","1937","7205","10655","1123"
"2019-06-11T00:00:00.000","PALLADIUM - NEW YORK MERCANTILE EXCHANGE","PALLADIUM","19001","1974","7209","11028","977"
"2019-06-11T00:00:00.000","GOLD - COMMODITY EXCHANGE INC.","GOLD","496663","22226","114842","169640","40480"
"2019-06-11T00:00:00.000","COPPER-GRADE #1 - COMMODITY EXCHANGE INC.","COPPER","284848","73994","88260","49352","101657"
"2019-06-11T00:00:00.000","SILVER - COMMODITY EXCHANGE INC.","SILVER","226513","26768","55378","65783","73843"
"2019-06-11T00:00:00.000","PLATINUM - NEW YORK MERCANTILE EXCHANGE","PLATINUM","86371","9400","18957","22605","38304"
"2019-06-11T00:00:00.000","NATURAL GAS - NEW YORK MERCANTILE EXCHANGE","NATURAL GAS","1329091","276579","285893","162258","280485"
"2019-06-18T00:00:00.000","PALLADIUM - NEW YORK MERCANTILE EXCHANGE","PALLADIUM","21581","1666","7171","12044","1275"
"2019-06-18T00:00:00.000","GOLD - COMMODITY EXCHANGE INC.","GOLD","525636","22520","124772","191766","41250"
"2019-06-18T00:00:00.000","COPPER-GRADE #1 - COMMODITY EXCHANGE INC.","COPPER","280643","68620","87807","52848","97824"
"2019-06-18T00:00:00.000","SILVER - COMMODITY EXCHANGE INC.","SILVER","239466","26882","57196","73187","68872"
"2019-06-18T00:00:00.000","PLATINUM - NEW YORK MERCANTILE EXCHANGE","PLATINUM","90782","10965","18299","21103","41823"
"2019-06-18T00:00:00.000","NATURAL GAS - NEW YORK MERCANTILE EXCHANGE","NATURAL GAS","1337961","277128","276376","154814","303453"
"2019-06-25T00:00:00.000","PALLADIUM - NEW YORK MERCANTILE EXCHANGE","PALLADIUM","22889","1261","7454","13872","2286"
"2019-06-25T00:00:00.000","GOLD - COMMODITY EXCHANGE INC.","GOLD","577605","27515","155003","204918","27177"
"2019-06-25T00:00:00.000","COPPER-GRADE #1 - COMMODITY EXCHANGE INC.","COPPER","244461","40235","59353","47883","84488"
"2019-06-25T00:00:00.000","SILVER - COMMODITY EXCHANGE INC.","SILVER","229007","22573","62433","79943","56682"
"2019-06-25T00:00:00.000","PLATINUM - NEW YORK MERCANTILE EXCHANGE","PLATINUM","88101","8154","15557","21633","44716"
"2019-06-25T00:00:00.000","NATURAL GAS - NEW YORK MERCANTILE EXCHANGE","NATURAL GAS","1292785","265665","264651","149235","316530"
"2019-07-02T00:00:00.000","SILVER - COMMODITY EXCHANGE INC.","SILVER","221224","17089","56417","81381","59458"
"2019-07-02T00:00:00.000","GOLD - COMMODITY EXCHANGE INC.","GOLD","605949","26439","169945","214186","20099"
"2019-07-02T00:00:00.000","COPPER-GRADE #1 - COMMODITY EXCHANGE INC.","COPPER","254342","46220","62749","44261","90239"
"2019-07-02T00:00:00.000","PLATINUM - NEW YORK MERCANTILE EXCHANGE","PLATINUM","80391","6930","17397","21190","36820"
"2019-07-02T00:00:00.000","PALLADIUM - NEW YORK MERCANTILE EXCHANGE","PALLADIUM","24091","950","7782","15254","2413"
"2019-07-02T00:00:00.000","NATURAL GAS - NEW YORK MERCANTILE EXCHANGE","NATURAL GAS","1304900","254819","263572","146472","314346"
"2019-07-09T00:00:00.000","NATURAL GAS - NEW YORK MERCANTILE EXCHANGE","NATURAL GAS","1294467","267213","278600","145804","297778"
"2019-07-09T00:00:00.000","GOLD - COMMODITY EXCHANGE INC.","GOLD","598977","23099","172713","208301","25690"
"2019-07-09T00:00:00.000","COPPER-GRADE #1 - COMMODITY EXCHANGE INC.","COPPER","265419","54128","60384","43097","100078"
"2019-07-09T00:00:00.000","SILVER - COMMODITY EXCHANGE INC.","SILVER","218493","17217","51671","76472","60945"
"2019-07-09T00:00:00.000","PLATINUM - NEW YORK MERCANTILE EXCHANGE","PLATINUM","78771","6359","16741","19963","35138"
"2019-07-09T00:00:00.000","PALLADIUM - NEW YORK MERCANTILE EXCHANGE","PALLADIUM","25233","941","8441","16703","2391"
"2019-07-16T00:00:00.000","PALLADIUM - NEW YORK MERCANTILE EXCHANGE","PALLADIUM","25227","681","8245","16509","2347"
"2019-07-16T00:00:00.000","GOLD - COMMODITY EXCHANGE INC.","GOLD","601900","36109","173109","211322","31263"
"2019-07-16T00:00:00.000","COPPER-GRADE #1 - COMMODITY EXCHANGE INC.","COPPER","266882","57254","69551","46448","85586"
"2019-07-16T00:00:00.000","SILVER - COMMODITY EXCHANGE INC.","SILVER","229465","16082","62006","79125","51361"
"2019-07-16T00:00:00.000","PLATINUM - NEW YORK MERCANTILE EXCHANGE","PLATINUM","76824","5330","20252","20887","27070"
"2019-07-16T00:00:00.000","NATURAL GAS - NEW YORK MERCANTILE EXCHANGE","NATURAL GAS","1311815","259664","268712","132800","279698"
"2019-07-23T00:00:00.000","PALLADIUM - NEW YORK MERCANTILE EXCHANGE","PALLADIUM","25034","776","8232","16362","2283"
"2019-07-23T00:00:00.000","GOLD - COMMODITY EXCHANGE INC.","GOLD","616859","35072","175270","208153","29980"
"2019-07-23T00:00:00.000","COPPER-GRADE #1 - COMMODITY EXCHANGE INC.","COPPER","264229","47894","70099","46890","79319"
"2019-07-23T00:00:00.000","SILVER - COMMODITY EXCHANGE INC.","SILVER","234735","9257","65830","90924","39268"
"2019-07-23T00:00:00.000","PLATINUM - NEW YORK MERCANTILE EXCHANGE","PLATINUM","77025","4752","22709","23742","23219"
"2019-07-23T00:00:00.000","NATURAL GAS - NEW YORK MERCANTILE EXCHANGE","NATURAL GAS","1310304","260891","247042","130241","314377"
"2019-07-30T00:00:00.000","PLATINUM - NEW YORK MERCANTILE EXCHANGE","PLATINUM","76346","4539","27441","25163","15396"
"2019-07-30T00:00:00.000","GOLD - COMMODITY EXCHANGE INC.","GOLD","563298","16484","151075","215581","29868"
"2019-07-30T00:00:00.000","COPPER-GRADE #1 - COMMODITY EXCHANGE INC.","COPPER","268804","46973","64656","45098","86893"
"2019-07-30T00:00:00.000","NATURAL GAS - NEW YORK MERCANTILE EXCHANGE","NATURAL GAS","1342656","270197","268992","131134","354692"
"2019-07-30T00:00:00.000","SILVER - COMMODITY EXCHANGE INC.","SILVER","239059","10424","72132","94899","32337"
"2019-07-30T00:00:00.000","PALLADIUM - NEW YORK MERCANTILE EXCHANGE","PALLADIUM","25548","902","8511","16511","2183"
"2019-08-06T00:00:00.000","SILVER - COMMODITY EXCHANGE INC.","SILVER","239290","11050","69430","89145","42283"
"2019-08-06T00:00:00.000","GOLD - COMMODITY EXCHANGE INC.","GOLD","600317","21577","160907","248687","21854"
"2019-08-06T00:00:00.000","COPPER-GRADE #1 - COMMODITY EXCHANGE INC.","COPPER","303764","63723","51398","43405","118519"
"2019-08-06T00:00:00.000","PLATINUM - NEW YORK MERCANTILE EXCHANGE","PLATINUM","75607","5032","27069","23979","16494"
"2019-08-06T00:00:00.000","PALLADIUM - NEW YORK MERCANTILE EXCHANGE","PALLADIUM","24019","1563","7809","13725","2474"
"2019-08-06T00:00:00.000","NATURAL GAS - NEW YORK MERCANTILE EXCHANGE","NATURAL GAS","1375412","263116","260690","135278","356841"
"2019-08-13T00:00:00.000","NATURAL GAS - NEW YORK MERCANTILE EXCHANGE","NATURAL GAS","1373411","237411","220813","131233","367343"
"2019-08-13T00:00:00.000","GOLD - COMMODITY EXCHANGE INC.","GOLD","593962","20942","159798","245631","22020"
"2019-08-13T00:00:00.000","COPPER-GRADE #1 - COMMODITY EXCHANGE INC.","COPPER","295608","64352","55086","42413","112425"
"2019-08-13T00:00:00.000","SILVER - COMMODITY EXCHANGE INC.","SILVER","233839","17831","70272","78429","44469"
"2019-08-13T00:00:00.000","PLATINUM - NEW YORK MERCANTILE EXCHANGE","PLATINUM","77101","5323","27798","24545","17998"
"2019-08-13T00:00:00.000","PALLADIUM - NEW YORK MERCANTILE EXCHANGE","PALLADIUM","22254","1707","7582","12433","2237"
"2019-08-20T00:00:00.000","PALLADIUM - NEW YORK MERCANTILE EXCHANGE","PALLADIUM","22902","2391","8505","12144","1667"
"2019-08-20T00:00:00.000","GOLD - COMMODITY EXCHANGE INC.","GOLD","594807","21303","166620","249696","19850"
"2019-08-20T00:00:00.000","COPPER-GRADE #1 - COMMODITY EXCHANGE INC.","COPPER","281852","59830","53983","42418","105754"
"2019-08-20T00:00:00.000","SILVER - COMMODITY EXCHANGE INC.","SILVER","238086","17574","71314","78183","34287"
"2019-08-20T00:00:00.000","PLATINUM - NEW YORK MERCANTILE EXCHANGE","PLATINUM","77468","5413","27150","23192","20157"
"2019-08-20T00:00:00.000","NATURAL GAS - NEW YORK MERCANTILE EXCHANGE","NATURAL GAS","1350487","251690","218757","126983","333227"
"2019-08-27T00:00:00.000","PALLADIUM - NEW YORK MERCANTILE EXCHANGE","PALLADIUM","20769","1597","7826","11963","1197"
"2019-08-27T00:00:00.000","GOLD - COMMODITY EXCHANGE INC.","GOLD","636183","28589","172923","258269","31553"
"2019-08-27T00:00:00.000","COPPER-GRADE #1 - COMMODITY EXCHANGE INC.","COPPER","262762","63162","50787","42571","113092"
"2019-08-27T00:00:00.000","SILVER - COMMODITY EXCHANGE INC.","SILVER","239970","17885","78626","84643","28855"
"2019-08-27T00:00:00.000","PLATINUM - NEW YORK MERCANTILE EXCHANGE","PLATINUM","78397","5689","28778","24716","17243"
"2019-08-27T00:00:00.000","NATURAL GAS - NEW YORK MERCANTILE EXCHANGE","NATURAL GAS","1298608","247934","222986","124694","335991"
"2019-09-03T00:00:00.000","PALLADIUM - NEW YORK MERCANTILE EXCHANGE","PALLADIUM","20518","1254","8463","12921","1096"
"2019-09-03T00:00:00.000","GOLD - COMMODITY EXCHANGE INC.","GOLD","634358","23849","178506","265175","33549"
"2019-09-03T00:00:00.000","COPPER-GRADE #1 - COMMODITY EXCHANGE INC.","COPPER","260040","60848","45905","46518","117432"
"2019-09-03T00:00:00.000","SILVER - COMMODITY EXCHANGE INC.","SILVER","225688","12641","77535","86540","25658"
"2019-09-03T00:00:00.000","PLATINUM - NEW YORK MERCANTILE EXCHANGE","PLATINUM","88697","6166","33704","34761","14154"
"2019-09-03T00:00:00.000","NATURAL GAS - NEW YORK MERCANTILE EXCHANGE","NATURAL GAS","1314370","249659","249804","135471","310616"
"2019-09-10T00:00:00.000","SILVER - COMMODITY EXCHANGE INC.","SILVER","217433","12835","79319","83812","24226"
"2019-09-10T00:00:00.000","GOLD - COMMODITY EXCHANGE INC.","GOLD","614753","23199","177027","239475","33294"
"2019-09-10T00:00:00.000","COPPER-GRADE #1 - COMMODITY EXCHANGE INC.","COPPER","241910","43297","45856","50008","102098"
"2019-09-10T00:00:00.000","PLATINUM - NEW YORK MERCANTILE EXCHANGE","PLATINUM","94478","7331","36306","37294","11559"
"2019-09-10T00:00:00.000","PALLADIUM - NEW YORK MERCANTILE EXCHANGE","PALLADIUM","21038","1197","8729","13557","1395"
"2019-09-10T00:00:00.000","NATURAL GAS - NEW YORK MERCANTILE EXCHANGE","NATURAL GAS","1245733","231129","238195","140833","236814"
"2019-09-17T00:00:00.000","NATURAL GAS - NEW YORK MERCANTILE EXCHANGE","NATURAL GAS","1221183","228518","246430","147504","206456"
"2019-09-17T00:00:00.000","GOLD - COMMODITY EXCHANGE INC.","GOLD","630990","21281","180842","241936","28080"
"2019-09-17T00:00:00.000","COPPER-GRADE #1 - COMMODITY EXCHANGE INC.","COPPER","234574","39653","49696","45591","94683"
"2019-09-17T00:00:00.000","SILVER - COMMODITY EXCHANGE INC.","SILVER","212514","15318","77914","77640","25020"
"2019-09-17T00:00:00.000","PLATINUM - NEW YORK MERCANTILE EXCHANGE","PLATINUM","98283","7912","36691","38105","13095"
"2019-09-17T00:00:00.000","PALLADIUM - NEW YORK MERCANTILE EXCHANGE","PALLADIUM","21485","899","8960","14469","1482"
"2019-09-24T00:00:00.000","PALLADIUM - NEW YORK MERCANTILE EXCHANGE","PALLADIUM","23270","1130","9657","14968","1367"
"2019-09-24T00:00:00.000","GOLD - COMMODITY EXCHANGE INC.","GOLD","658944","20674","185082","265508","27637"
"2019-09-24T00:00:00.000","COPPER-GRADE #1 - COMMODITY EXCHANGE INC.","COPPER","230727","40268","45809","42901","95487"
"2019-09-24T00:00:00.000","SILVER - COMMODITY EXCHANGE INC.","SILVER","215217","15564","77928","76746","27812"
"2019-09-24T00:00:00.000","PLATINUM - NEW YORK MERCANTILE EXCHANGE","PLATINUM","91821","6307","36367","38668","13592"
"2019-09-24T00:00:00.000","NATURAL GAS - NEW YORK MERCANTILE EXCHANGE","NATURAL GAS","1145049","223862","234762","133314","208135"
"2019-10-01T00:00:00.000","PALLADIUM - NEW YORK MERCANTILE EXCHANGE","PALLADIUM","23624","994","9640","15206","1297"
"2019-10-01T00:00:00.000","GOLD - COMMODITY EXCHANGE INC.","GOLD","604885","23159","173858","219990","29179"
"2019-10-01T00:00:00.000","COPPER-GRADE #1 - COMMODITY EXCHANGE INC.","COPPER","242951","45718","45119","39766","102578"
"2019-10-01T00:00:00.000","SILVER - COMMODITY EXCHANGE INC.","SILVER","212266","16470","78399","73193","28990"
"2019-10-01T00:00:00.000","PLATINUM - NEW YORK MERCANTILE EXCHANGE","PLATINUM","85115","6349","32145","34431","16821"
"2019-10-01T00:00:00.000","NATURAL GAS - NEW YORK MERCANTILE EXCHANGE","NATURAL GAS","1179297","221286","239292","112405","232736"
"2019-10-08T00:00:00.000","NATURAL GAS - NEW YORK MERCANTILE EXCHANGE","NATURAL GAS","1235542","211844","221740","105689","275194"
"2019-10-08T00:00:00.000","GOLD - COMMODITY EXCHANGE INC.","GOLD","616957","22269","176511","231976","31475"
"2019-10-08T00:00:00.000","COPPER-GRADE #1 - COMMODITY EXCHANGE INC.","COPPER","256724","54813","51309","41844","99644"
"2019-10-08T00:00:00.000","PLATINUM - NEW YORK MERCANTILE EXCHANGE","PLATINUM","84222","6359","27969","32237","17729"
"2019-10-08T00:00:00.000","PALLADIUM - NEW YORK MERCANTILE EXCHANGE","PALLADIUM","25414","854","9379","16134","1262"
"2019-10-08T00:00:00.000","SILVER - COMMODITY EXCHANGE INC.","SILVER","213968","16387","78595","73313","27107"
"2019-10-15T00:00:00.000","SILVER - COMMODITY EXCHANGE INC.","SILVER","210916","16227","75893","69627","28995"
"2019-10-15T00:00:00.000","GOLD - COMMODITY EXCHANGE INC.","GOLD","607387","22787","168098","213987","38200"
"2019-10-15T00:00:00.000","COPPER-GRADE #1 - COMMODITY EXCHANGE INC.","COPPER","257178","55663","55907","40112","93593"
"2019-10-15T00:00:00.000","PLATINUM - NEW YORK MERCANTILE EXCHANGE","PLATINUM","85759","6488","34107","32130","18313"
"2019-10-15T00:00:00.000","PALLADIUM - NEW YORK MERCANTILE EXCHANGE","PALLADIUM","26768","1113","9795","16643","2232"
"2019-10-15T00:00:00.000","NATURAL GAS - NEW YORK MERCANTILE EXCHANGE","NATURAL GAS","1259544","216681","218263","105241","301579"
"2019-10-22T00:00:00.000","NATURAL GAS - NEW YORK MERCANTILE EXCHANGE","NATURAL GAS","1244587","201679","200933","106700","320829"
"2019-10-22T00:00:00.000","GOLD - COMMODITY EXCHANGE INC.","GOLD","625528","22191","167457","218317","33879"
"2019-10-22T00:00:00.000","COPPER-GRADE #1 - COMMODITY EXCHANGE INC.","COPPER","251164","53832","57083","43533","88425"
"2019-10-22T00:00:00.000","SILVER - COMMODITY EXCHANGE INC.","SILVER","214529","17307","77518","73855","30839"
"2019-10-22T00:00:00.000","PLATINUM - NEW YORK MERCANTILE EXCHANGE","PLATINUM","86338","5868","35173","33404","17475"
"2019-10-22T00:00:00.000","PALLADIUM - NEW YORK MERCANTILE EXCHANGE","PALLADIUM","27469","1340","10162","16936","2742"
"2019-10-29T00:00:00.000","PALLADIUM - NEW YORK MERCANTILE EXCHANGE","PALLADIUM","28298","1796","10052","17234","2824"
"2019-10-29T00:00:00.000","GOLD - COMMODITY EXCHANGE INC.","GOLD","643442","22136","161711","230664","32106"
"2019-10-29T00:00:00.000","COPPER-GRADE #1 - COMMODITY EXCHANGE INC.","COPPER","246252","39990","60487","54393","76305"
"2019-10-29T00:00:00.000","SILVER - COMMODITY EXCHANGE INC.","SILVER","221384","15804","67669","77915","30330"
"2019-10-29T00:00:00.000","PLATINUM - NEW YORK MERCANTILE EXCHANGE","PLATINUM","88022","6709","35070","35048","12077"
"2019-10-29T00:00:00.000","NATURAL GAS - NEW YORK MERCANTILE EXCHANGE","NATURAL GAS","1211461","188031","205478","118785","298878"
"2019-11-05T00:00:00.000","PALLADIUM - NEW YORK MERCANTILE EXCHANGE","PALLADIUM","27557","1842","9675","16609","3048"
"2019-11-05T00:00:00.000","GOLD - COMMODITY EXCHANGE INC.","GOLD","690181","17855","157995","233167","35920"
"2019-11-05T00:00:00.000","COPPER-GRADE #1 - COMMODITY EXCHANGE INC.","COPPER","239147","30682","54633","60186","79654"
"2019-11-05T00:00:00.000","SILVER - COMMODITY EXCHANGE INC.","SILVER","227509","15091","66322","78680","37542"
"2019-11-05T00:00:00.000","PLATINUM - NEW YORK MERCANTILE EXCHANGE","PLATINUM","91799","7082","37064","38099","11593"
"2019-11-05T00:00:00.000","NATURAL GAS - NEW YORK MERCANTILE EXCHANGE","NATURAL GAS","1175753","177875","215390","129562","226160"
"2019-11-12T00:00:00.000","PALLADIUM - NEW YORK MERCANTILE EXCHANGE","PALLADIUM","25445","1524","9159","15480","2552"
"2019-11-12T00:00:00.000","GOLD - COMMODITY EXCHANGE INC.","GOLD","708463","41974","164545","209432","33991"
"2019-11-12T00:00:00.000","COPPER-GRADE #1 - COMMODITY EXCHANGE INC.","COPPER","239830","34756","58961","52875","76000"
"2019-11-12T00:00:00.000","SILVER - COMMODITY EXCHANGE INC.","SILVER","222122","20558","65909","72660","41083"
"2019-11-12T00:00:00.000","PLATINUM - NEW YORK MERCANTILE EXCHANGE","PLATINUM","90681","6496","35163","34434","13647"
"2019-11-12T00:00:00.000","NATURAL GAS - NEW YORK MERCANTILE EXCHANGE","NATURAL GAS","1157534","184433","219006","115518","201556"
"2019-11-19T00:00:00.000","SILVER - COMMODITY EXCHANGE INC.","SILVER","221707","18028","61537","73877","34032"
"2019-11-19T00:00:00.000","GOLD - COMMODITY EXCHANGE INC.","GOLD","719211","38835","166073","221795","26596"
"2019-11-19T00:00:00.000","COPPER-GRADE #1 - COMMODITY EXCHANGE INC.","COPPER","228961","39862","51593","42859","78014"
"2019-11-19T00:00:00.000","PLATINUM - NEW YORK MERCANTILE EXCHANGE","PLATINUM","88395","6747","36048","34551","10038"
"2019-11-19T00:00:00.000","PALLADIUM - NEW YORK MERCANTILE EXCHANGE","PALLADIUM","25063","1413","8955","15187","2597"
"2019-11-19T00:00:00.000","NATURAL GAS - NEW YORK MERCANTILE EXCHANGE","NATURAL GAS","1181076","184439","214120","106687","243372"
"2019-11-26T00:00:00.000","NATURAL GAS - NEW YORK MERCANTILE EXCHANGE","NATURAL GAS","1233792","187525","212695","108539","291745"
"2019-11-26T00:00:00.000","GOLD - COMMODITY EXCHANGE INC.","GOLD","669268","24107","145103","218724","24437"
"2019-11-26T00:00:00.000","COPPER-GRADE #1 - COMMODITY EXCHANGE INC.","COPPER","212577","41663","49482","42124","79946"
"2019-11-26T00:00:00.000","SILVER - COMMODITY EXCHANGE INC.","SILVER","209603","10530","58731","75942","27803"
"2019-11-26T00:00:00.000","PLATINUM - NEW YORK MERCANTILE EXCHANGE","PLATINUM","90498","6745","38825","35458","7584"
"2019-11-26T00:00:00.000","PALLADIUM - NEW YORK MERCANTILE EXCHANGE","PALLADIUM","25213","695","9003","15574","2263"
"2019-12-03T00:00:00.000","PALLADIUM - NEW YORK MERCANTILE EXCHANGE","PALLADIUM","25563","609","8896","16292","2331"
"2019-12-03T00:00:00.000","GOLD - COMMODITY EXCHANGE INC.","GOLD","701016","25300","154111","232276","24314"
"2019-12-03T00:00:00.000","COPPER-GRADE #1 - COMMODITY EXCHANGE INC.","COPPER","215424","45376","53975","40492","86065"
"2019-12-03T00:00:00.000","SILVER - COMMODITY EXCHANGE INC.","SILVER","205807","10068","59670","73377","29204"
"2019-12-03T00:00:00.000","PLATINUM - NEW YORK MERCANTILE EXCHANGE","PLATINUM","90939","6220","37510","35749","8187"
"2019-12-03T00:00:00.000","NATURAL GAS - NEW YORK MERCANTILE EXCHANGE","NATURAL GAS","1304990","189621","205549","113077","341619"
"2019-12-10T00:00:00.000","PALLADIUM - NEW YORK MERCANTILE EXCHANGE","PALLADIUM","26086","701","9037","16627","2886"
"2019-12-10T00:00:00.000","GOLD - COMMODITY EXCHANGE INC.","GOLD","690003","25199","147377","212929","29281"
"2019-12-10T00:00:00.000","COPPER-GRADE #1 - COMMODITY EXCHANGE INC.","COPPER","226987","38426","63019","58382","73347"
"2019-12-10T00:00:00.000","SILVER - COMMODITY EXCHANGE INC.","SILVER","202258","10836","55825","64531","35319"
"2019-12-10T00:00:00.000","PLATINUM - NEW YORK MERCANTILE EXCHANGE","PLATINUM","94869","5184","38709","38715","7919"
"2019-12-10T00:00:00.000","NATURAL GAS - NEW YORK MERCANTILE EXCHANGE","NATURAL GAS","1300276","179477","195206","115641","360178"
"2019-12-17T00:00:00.000","PLATINUM - NEW YORK MERCANTILE EXCHANGE","PLATINUM","98962","6298","42149","45037","6578"
"2019-12-17T00:00:00.000","GOLD - COMMODITY EXCHANGE INC.","GOLD","716987","24515","157858","228616","26895"
"2019-12-17T00:00:00.000","COPPER-GRADE #1 - COMMODITY EXCHANGE INC.","COPPER","259207","37850","83187","73878","68462"
"2019-12-17T00:00:00.000","NATURAL GAS - NEW YORK MERCANTILE EXCHANGE","NATURAL GAS","1311660","175789","196212","120933","360421"
"2019-12-17T00:00:00.000","SILVER - COMMODITY EXCHANGE INC.","SILVER","206302","10687","59056","68153","32674"
"2019-12-17T00:00:00.000","PALLADIUM - NEW YORK MERCANTILE EXCHANGE","PALLADIUM","26058","643","9433","16453","2584"
"2019-12-24T00:00:00.000","SILVER - COMMODITY EXCHANGE INC.","SILVER","223046","10360","63209","81738","28841"
"2019-12-24T00:00:00.000","GOLD - COMMODITY EXCHANGE INC.","GOLD","748737","26943","164091","245366","26520"
"2019-12-24T00:00:00.000","COPPER-GRADE #1 - COMMODITY EXCHANGE INC.","COPPER","263899","35104","84618","77161","68731"
"2019-12-24T00:00:00.000","PLATINUM - NEW YORK MERCANTILE EXCHANGE","PLATINUM","98176","6116","44155","47275","6424"
"2019-12-24T00:00:00.000","PALLADIUM - NEW YORK MERCANTILE EXCHANGE","PALLADIUM","23892","717","9050","14387","1921"
"2019-12-24T00:00:00.000","NATURAL GAS - NEW YORK MERCANTILE EXCHANGE","NATURAL GAS","1274626","173233","192337","126145","372647"
"2019-12-31T00:00:00.000","NATURAL GAS - NEW YORK MERCANTILE EXCHANGE","NATURAL GAS","1291160","167644","201800","130904","373279"
"2019-12-31T00:00:00.000","GOLD - COMMODITY EXCHANGE INC.","GOLD","786166","25430","171537","258357","25625"
"2019-12-31T00:00:00.000","COPPER-GRADE #1 - COMMODITY EXCHANGE INC.","COPPER","266891","33141","86180","77362","68063"
"2019-12-31T00:00:00.000","SILVER - COMMODITY EXCHANGE INC.","SILVER","229680","6108","66547","85816","26948"
"2019-12-31T00:00:00.000","PLATINUM - NEW YORK MERCANTILE EXCHANGE","PLATINUM","99045","4410","46194","51391","5580"
"2019-12-31T00:00:00.000","PALLADIUM - NEW YORK MERCANTILE EXCHANGE","PALLADIUM","23638","795","9189","13911","1431"
"2020-01-07T00:00:00.000","PALLADIUM - NEW YORK MERCANTILE EXCHANGE","PALLADIUM","24888","958","9179","14382","2598"
"2020-01-07T00:00:00.000","GOLD - COMMODITY EXCHANGE INC.","GOLD","785857","23615","167363","261083","31326"
"2020-01-07T00:00:00.000","COPPER-GRADE #1 - COMMODITY EXCHANGE INC.","COPPER","270889","39037","83994","71974","72787"
"2020-01-07T00:00:00.000","SILVER - COMMODITY EXCHANGE INC.","SILVER","234324","6817","66303","87915","30901"
"2020-01-07T00:00:00.000","PLATINUM - NEW YORK MERCANTILE EXCHANGE","PLATINUM","102495","4194","46328","53740","7157"
"2020-01-07T00:00:00.000","NATURAL GAS - NEW YORK MERCANTILE EXCHANGE","NATURAL GAS","1344906","173772","208054","146199","397952"
"2020-01-14T00:00:00.000","PALLADIUM - NEW YORK MERCANTILE EXCHANGE","PALLADIUM","26413","1618","10003","14863","3230"
"2020-01-14T00:00:00.000","GOLD - COMMODITY EXCHANGE INC.","GOLD","796883","40178","181318","262402","31943"
"2020-01-14T00:00:00.000","COPPER-GRADE #1 - COMMODITY EXCHANGE INC.","COPPER","281166","34931","87560","80053","74587"
"2020-01-14T00:00:00.000","SILVER - COMMODITY EXCHANGE INC.","SILVER","234639","7080","66780","90678","33499"
"2020-01-14T00:00:00.000","PLATINUM - NEW YORK MERCANTILE EXCHANGE","PLATINUM","104943","4150","47106","56096","7476"
"2020-01-14T00:00:00.000","NATURAL GAS - NEW YORK MERCANTILE EXCHANGE","NATURAL GAS","1460904","185579","214794","155081","426210"
"2020-01-21T00:00:00.000","PALLADIUM - NEW YORK MERCANTILE EXCHANGE","PALLADIUM","26596","1987","9649","13862","3692"
"2020-01-21T00:00:00.000","GOLD - COMMODITY EXCHANGE INC.","GOLD","793829","42645","185232","258269","34437"
"2020-01-21T00:00:00.000","COPPER-GRADE #1 - COMMODITY EXCHANGE INC.","COPPER","282358","31937","87418","77873","71737"
"2020-01-21T00:00:00.000","SILVER - COMMODITY EXCHANGE INC.","SILVER","233858","7147","68511","88457","31899"
"2020-01-21T00:00:00.000","PLATINUM - NEW YORK MERCANTILE EXCHANGE","PLATINUM","105936","3861","46925","57188","6099"
"2020-01-21T00:00:00.000","NATURAL GAS - NEW YORK MERCANTILE EXCHANGE","NATURAL GAS","1516303","198247","213235","169755","467299"
"2020-01-28T00:00:00.000","SILVER - COMMODITY EXCHANGE INC.","SILVER","231933","8310","67833","82822","34855"
"2020-01-28T00:00:00.000","GOLD - COMMODITY EXCHANGE INC.","GOLD","715539","22487","161450","254259","34321"
"2020-01-28T00:00:00.000","COPPER-GRADE #1 - COMMODITY EXCHANGE INC.","COPPER","248958","36677","71610","51636","72422"
"2020-01-28T00:00:00.000","PLATINUM - NEW YORK MERCANTILE EXCHANGE","PLATINUM","105456","3814","45375","57533","5821"
"2020-01-28T00:00:00.000","PALLADIUM - NEW YORK MERCANTILE EXCHANGE","PALLADIUM","23853","2253","8153","11322","3620"
"2020-01-28T00:00:00.000","NATURAL GAS - NEW YORK MERCANTILE EXCHANGE","NATURAL GAS","1465557","209838","219568","192827","489452"
"2020-02-04T00:00:00.000","NATURAL GAS - NEW YORK MERCANTILE EXCHANGE","NATURAL GAS","1530833","226246","240023","188680","505119"
"2020-02-04T00:00:00.000","GOLD - COMMODITY EXCHANGE INC.","GOLD","654572","16469","155103","223762","42152"
"2020-02-04T00:00:00.000","COPPER-GRADE #1 - COMMODITY EXCHANGE INC.","COPPER","264032","49743","67216","43657","91358"
"2020-02-04T00:00:00.000","SILVER - COMMODITY EXCHANGE INC.","SILVER","224936","9345","68751","78635","23417"
"2020-02-04T00:00:00.000","PLATINUM - NEW YORK MERCANTILE EXCHANGE","PLATINUM","101276","3182","43546","54168","6934"
"2020-02-04T00:00:00.000","PALLADIUM - NEW YORK MERCANTILE EXCHANGE","PALLADIUM","23178","2276","7947","10608","3948"
"2020-02-11T00:00:00.000","PALLADIUM - NEW YORK MERCANTILE EXCHANGE","PALLADIUM","21647","2504","7770","9728","3841"
"2020-02-11T00:00:00.000","GOLD - COMMODITY EXCHANGE INC.","GOLD","658024","17009","158762","231499","35828"
"2020-02-11T00:00:00.000","COPPER-GRADE #1 - COMMODITY EXCHANGE INC.","COPPER","269208","61904","69377","40875","100941"
"2020-02-11T00:00:00.000","SILVER - COMMODITY EXCHANGE INC.","SILVER","221858","10033","69171","77942","23235"
"2020-02-11T00:00:00.000","PLATINUM - NEW YORK MERCANTILE EXCHANGE","PLATINUM","100624","4016","43804","52578","6557"
"2020-02-11T00:00:00.000","NATURAL GAS - NEW YORK MERCANTILE EXCHANGE","NATURAL GAS","1476440","225265","228987","163365","494913"
"2020-02-18T00:00:00.000","PALLADIUM - NEW YORK MERCANTILE EXCHANGE","PALLADIUM","21492","2688","8082","9560","4003"
"2020-02-18T00:00:00.000","GOLD - COMMODITY EXCHANGE INC.","GOLD","715317","17130","176211","278286","39740"
"2020-02-18T00:00:00.000","COPPER-GRADE #1 - COMMODITY EXCHANGE INC.","COPPER","275462","59302","68301","43333","99767"
"2020-02-18T00:00:00.000","SILVER - COMMODITY EXCHANGE INC.","SILVER","238077","10889","75156","89145","23193"
"2020-02-18T00:00:00.000","PLATINUM - NEW YORK MERCANTILE EXCHANGE","PLATINUM","102384","4370","45328","52042","7517"
"2020-02-18T00:00:00.000","NATURAL GAS - NEW YORK MERCANTILE EXCHANGE","NATURAL GAS","1448022","218661","226848","185250","479083"
"2020-02-25T00:00:00.000","SILVER - COMMODITY EXCHANGE INC.","SILVER","238970","10906","74639","86886","25197"
"2020-02-25T00:00:00.000","GOLD - COMMODITY EXCHANGE INC.","GOLD","732917","20685","184340","263218","32372"
"2020-02-25T00:00:00.000","COPPER-GRADE #1 - COMMODITY EXCHANGE INC.","COPPER","260777","56565","59754","44041","99188"
"2020-02-25T00:00:00.000","PALLADIUM - NEW YORK MERCANTILE EXCHANGE","PALLADIUM","16016","1151","5638","7772","3406"
"2020-02-25T00:00:00.000","NATURAL GAS - NEW YORK MERCANTILE EXCHANGE","NATURAL GAS","1406499","213634","227815","163255","473407"
"2020-02-25T00:00:00.000","PLATINUM - NEW YORK MERCANTILE EXCHANGE","PLATINUM","97626","4294","42635","43505","9529"
"2020-03-03T00:00:00.000","SILVER - COMMODITY EXCHANGE INC.","SILVER","196909","8026","64777","57906","28935"
"2020-03-03T00:00:00.000","GOLD - COMMODITY EXCHANGE INC.","GOLD","691985","18481","178821","242921","27560"
"2020-03-03T00:00:00.000","COPPER-GRADE #1 - COMMODITY EXCHANGE INC.","COPPER","242931","51289","57940","45943","89853"
"2020-03-03T00:00:00.000","PLATINUM - NEW YORK MERCANTILE EXCHANGE","PLATINUM","82051","3850","32790","30949","12712"
"2020-03-03T00:00:00.000","PALLADIUM - NEW YORK MERCANTILE EXCHANGE","PALLADIUM","13055","770","4628","6442","2425"
"2020-03-03T00:00:00.000","NATURAL GAS - NEW YORK MERCANTILE EXCHANGE","NATURAL GAS","1443665","240320","251616","145202","435554"
"2020-03-10T00:00:00.000","NATURAL GAS - NEW YORK MERCANTILE EXCHANGE","NATURAL GAS","1435331","247003","256928","145263","386234"
"2020-03-10T00:00:00.000","GOLD - COMMODITY EXCHANGE INC.","GOLD","633470","30447","171242","220642","10457"
"2020-03-10T00:00:00.000","COPPER-GRADE #1 - COMMODITY EXCHANGE INC.","COPPER","227198","50666","53993","40785","83576"
"2020-03-10T00:00:00.000","SILVER - COMMODITY EXCHANGE INC.","SILVER","187060","9648","60543","52958","26212"
"2020-03-10T00:00:00.000","PLATINUM - NEW YORK MERCANTILE EXCHANGE","PLATINUM","76017","3420","31681","26414","10751"
"2020-03-10T00:00:00.000","PALLADIUM - NEW YORK MERCANTILE EXCHANGE","PALLADIUM","12210","720","4258","5880","2305"
"2020-03-17T00:00:00.000","PALLADIUM - NEW YORK MERCANTILE EXCHANGE","PALLADIUM","9556","1200","3250","3302","1896"
"2020-03-17T00:00:00.000","GOLD - COMMODITY EXCHANGE INC.","GOLD","573925","28316","161694","164979","10900"
"2020-03-17T00:00:00.000","COPPER-GRADE #1 - COMMODITY EXCHANGE INC.","COPPER","215842","49834","50970","35505","78190"
"2020-03-17T00:00:00.000","SILVER - COMMODITY EXCHANGE INC.","SILVER","166682","9947","60072","37409","15471"
"2020-03-17T00:00:00.000","PLATINUM - NEW YORK MERCANTILE EXCHANGE","PLATINUM","66275","5202","25213","23660","8350"
"2020-03-17T00:00:00.000","NATURAL GAS - NEW YORK MERCANTILE EXCHANGE","NATURAL GAS","1319831","244361","257024","134763","264354"
"2020-03-24T00:00:00.000","PALLADIUM - NEW YORK MERCANTILE EXCHANGE","PALLADIUM","8237","1340","2928","2236","1483"
"2020-03-24T00:00:00.000","GOLD - COMMODITY EXCHANGE INC.","GOLD","547334","22853","157635","158965","1556"
"2020-03-24T00:00:00.000","COPPER-GRADE #1 - COMMODITY EXCHANGE INC.","COPPER","183715","41629","49760","30831","59225"
"2020-03-24T00:00:00.000","SILVER - COMMODITY EXCHANGE INC.","SILVER","150700","9301","53442","30238","16227"
"2020-03-24T00:00:00.000","PLATINUM - NEW YORK MERCANTILE EXCHANGE","PLATINUM","63571","6719","23377","20194","9195"
"2020-03-24T00:00:00.000","NATURAL GAS - NEW YORK MERCANTILE EXCHANGE","NATURAL GAS","1221849","263064","255979","135327","221537"
"2020-03-31T00:00:00.000","PALLADIUM - NEW YORK MERCANTILE EXCHANGE","PALLADIUM","7655","910","3235","1946","744"
"2020-03-31T00:00:00.000","GOLD - COMMODITY EXCHANGE INC.","GOLD","495652","25659","137868","156820","4222"
"2020-03-31T00:00:00.000","COPPER-GRADE #1 - COMMODITY EXCHANGE INC.","COPPER","182253","46314","53617","28573","53730"
"2020-03-31T00:00:00.000","SILVER - COMMODITY EXCHANGE INC.","SILVER","139256","8516","50400","30406","12432"
"2020-03-31T00:00:00.000","PLATINUM - NEW YORK MERCANTILE EXCHANGE","PLATINUM","54148","4838","24212","18322","9446"
"2020-03-31T00:00:00.000","NATURAL GAS - NEW YORK MERCANTILE EXCHANGE","NATURAL GAS","1224791","267710","260778","138990","208824"
"2020-04-07T00:00:00.000","SILVER - COMMODITY EXCHANGE INC.","SILVER","138974","8926","51882","30348","13726"
"2020-04-07T00:00:00.000","GOLD - COMMODITY EXCHANGE INC.","GOLD","480050","19757","129690","157005","4523"
"2020-04-07T00:00:00.000","COPPER-GRADE #1 - COMMODITY EXCHANGE INC.","COPPER","185408","43902","53371","28424","54689"
"2020-04-07T00:00:00.000","PLATINUM - NEW YORK MERCANTILE EXCHANGE","PLATINUM","54044","4588","23933","17606","9802"
"2020-04-07T00:00:00.000","PALLADIUM - NEW YORK MERCANTILE EXCHANGE","PALLADIUM","7769","940","3514","1765","721"
"2020-04-07T00:00:00.000","NATURAL GAS - NEW YORK MERCANTILE EXCHANGE","NATURAL GAS","1205583","239492","232212","160474","201493"
"2020-04-14T00:00:00.000","NATURAL GAS - NEW YORK MERCANTILE EXCHANGE","NATURAL GAS","1227791","240537","224589","165360","200153"
"2020-04-14T00:00:00.000","GOLD - COMMODITY EXCHANGE INC.","GOLD","489965","19415","127666","162412","7168"
"2020-04-14T00:00:00.000","SILVER - COMMODITY EXCHANGE INC.","SILVER","143477","10925","53793","29960","14512"
"2020-04-14T00:00:00.000","PLATINUM - NEW YORK MERCANTILE EXCHANGE","PLATINUM","53142","3916","24535","15985","8943"
"2020-04-14T00:00:00.000","PALLADIUM - NEW YORK MERCANTILE EXCHANGE","PALLADIUM","7757","885","3564","1865","658"
"2020-04-14T00:00:00.000","COPPER-GRADE #1 - COMMODITY EXCHANGE INC.","COPPER","194265","47518","59357","27134","53967"
"2020-04-21T00:00:00.000","PALLADIUM - NEW YORK MERCANTILE EXCHANGE","PALLADIUM","7646","757","3441","1960","763"
"2020-04-21T00:00:00.000","COPPER-GRADE #1 - COMMODITY EXCHANGE INC.","COPPER","181947","39137","53023","31513","52466"
"2020-04-21T00:00:00.000","SILVER - COMMODITY EXCHANGE INC.","SILVER","139607","11536","50104","29186","15395"
"2020-04-21T00:00:00.000","GOLD - COMMODITY EXCHANGE INC.","GOLD","493158","18506","126959","155492","9221"
"2020-04-21T00:00:00.000","PLATINUM - NEW YORK MERCANTILE EXCHANGE","PLATINUM","49300","3106","22878","14303","9173"
"2020-04-21T00:00:00.000","NATURAL GAS - NEW YORK MERCANTILE EXCHANGE","NATURAL GAS","1230358","251587","242329","176575","175938"
"2020-04-28T00:00:00.000","PALLADIUM - NEW YORK MERCANTILE EXCHANGE","PALLADIUM","7863","660","3409","1965","1004"
"2020-04-28T00:00:00.000","GOLD - COMMODITY EXCHANGE INC.","GOLD","500816","17954","130880","154025","7619"
"2020-04-28T00:00:00.000","COPPER-GRADE #1 - COMMODITY EXCHANGE INC.","COPPER","167291","31282","47607","32349","48215"
"2020-04-28T00:00:00.000","SILVER - COMMODITY EXCHANGE INC.","SILVER","138349","10257","47253","30971","16482"
"2020-04-28T00:00:00.000","PLATINUM - NEW YORK MERCANTILE EXCHANGE","PLATINUM","50982","3188","23916","16101","9095"
"2020-04-28T00:00:00.000","NATURAL GAS - NEW YORK MERCANTILE EXCHANGE","NATURAL GAS","1212316","264264","271281","192962","177864"
"2020-05-05T00:00:00.000","PLATINUM - NEW YORK MERCANTILE EXCHANGE","PLATINUM","50327","2887","24094","16666","8421"
"2020-05-05T00:00:00.000","GOLD - COMMODITY EXCHANGE INC.","GOLD","490343","17834","126428","142326","9085"
"2020-05-05T00:00:00.000","COPPER-GRADE #1 - COMMODITY EXCHANGE INC.","COPPER","162899","29896","44239","31446","47116"
"2020-05-05T00:00:00.000","NATURAL GAS - NEW YORK MERCANTILE EXCHANGE","NATURAL GAS","1210773","242113","252882","215815","164216"
"2020-05-05T00:00:00.000","SILVER - COMMODITY EXCHANGE INC.","SILVER","132573","11189","46683","28398","17931"
"2020-05-05T00:00:00.000","PALLADIUM - NEW YORK MERCANTILE EXCHANGE","PALLADIUM","7623","586","3228","2025","1078"
"2020-05-12T00:00:00.000","GOLD - COMMODITY EXCHANGE INC.","GOLD","496739","22089","127265","144015","21798"
"2020-05-12T00:00:00.000","COPPER-GRADE #1 - COMMODITY EXCHANGE INC.","COPPER","168470","30026","47906","32014","44733"
"2020-05-12T00:00:00.000","SILVER - COMMODITY EXCHANGE INC.","SILVER","135987","10032","48522","29123","15180"
"2020-05-12T00:00:00.000","PLATINUM - NEW YORK MERCANTILE EXCHANGE","PLATINUM","49942","2591","24295","16285","7845"
"2020-05-12T00:00:00.000","PALLADIUM - NEW YORK MERCANTILE EXCHANGE","PALLADIUM","7218","509","2947","1922","1305"
"2020-05-12T00:00:00.000","NATURAL GAS - NEW YORK MERCANTILE EXCHANGE","NATURAL GAS","1252799","233123","238323","196093","201054"
"2020-05-19T00:00:00.000","NATURAL GAS - NEW YORK MERCANTILE EXCHANGE","NATURAL GAS","1265398","250977","247021","212529","200877"
"2020-05-19T00:00:00.000","GOLD - COMMODITY EXCHANGE INC.","GOLD","528205","21879","129189","153961","26897"
"2020-05-19T00:00:00.000","COPPER-GRADE #1 - COMMODITY EXCHANGE INC.","COPPER","171040","31865","49536","36510","45490"
"2020-05-19T00:00:00.000","SILVER - COMMODITY EXCHANGE INC.","SILVER","151890","10796","53346","37565","16099"
"2020-05-19T00:00:00.000","PLATINUM - NEW YORK MERCANTILE EXCHANGE","PLATINUM","51652","2483","27418","19242","6508"
"2020-05-19T00:00:00.000","PALLADIUM - NEW YORK MERCANTILE EXCHANGE","PALLADIUM","6989","347","2860","2221","1333"
"2020-05-26T00:00:00.000","PALLADIUM - NEW YORK MERCANTILE EXCHANGE","PALLADIUM","7035","314","2985","2452","1430"
"2020-05-26T00:00:00.000","GOLD - COMMODITY EXCHANGE INC.","GOLD","519374","16983","105449","145566","32485"
"2020-05-26T00:00:00.000","COPPER-GRADE #1 - COMMODITY EXCHANGE INC.","COPPER","175499","31392","56169","35916","41167"
"2020-05-26T00:00:00.000","SILVER - COMMODITY EXCHANGE INC.","SILVER","158185","10466","54406","40777","14670"
"2020-05-26T00:00:00.000","PLATINUM - NEW YORK MERCANTILE EXCHANGE","PLATINUM","51559","2512","28509","19732","5029"
"2020-05-26T00:00:00.000","NATURAL GAS - NEW YORK MERCANTILE EXCHANGE","NATURAL GAS","1249424","227894","238870","201438","208603"
"2020-06-02T00:00:00.000","PALLADIUM - NEW YORK MERCANTILE EXCHANGE","PALLADIUM","6793","198","2798","2290","1692"
"2020-06-02T00:00:00.000","GOLD - COMMODITY EXCHANGE INC.","GOLD","475745","17550","99413","133655","33300"
"2020-06-02T00:00:00.000","COPPER-GRADE #1 - COMMODITY EXCHANGE INC.","COPPER","182043","29990","63242","41023","38480"
"2020-06-02T00:00:00.000","SILVER - COMMODITY EXCHANGE INC.","SILVER","169670","10983","57995","43751","17033"
"2020-06-02T00:00:00.000","PLATINUM - NEW YORK MERCANTILE EXCHANGE","PLATINUM","52788","2781","28807","18371","5389"
"2020-06-02T00:00:00.000","NATURAL GAS - NEW YORK MERCANTILE EXCHANGE","NATURAL GAS","1319253","241515","256553","210800","223021"
"2020-06-09T00:00:00.000","PALLADIUM - NEW YORK MERCANTILE EXCHANGE","PALLADIUM","6763","265","3036","2292","1461"
"2020-06-09T00:00:00.000","GOLD - COMMODITY EXCHANGE INC.","GOLD","475661","18289","101180","126407","35230"
"2020-06-09T00:00:00.000","COPPER-GRADE #1 - COMMODITY EXCHANGE INC.","COPPER","181310","28185","73687","45195","29424"
"2020-06-09T00:00:00.000","SILVER - COMMODITY EXCHANGE INC.","SILVER","175240","11886","56276","44266","21244"
"2020-06-09T00:00:00.000","PLATINUM - NEW YORK MERCANTILE EXCHANGE","PLATINUM","50811","3100","28544","17245","5672"
"2020-06-09T00:00:00.000","NATURAL GAS - NEW YORK MERCANTILE EXCHANGE","NATURAL GAS","1276344","232046","235809","210018","223643"
"2020-06-16T00:00:00.000","SILVER - COMMODITY EXCHANGE INC.","SILVER","174386","12863","59034","47457","20219"
"2020-06-16T00:00:00.000","GOLD - COMMODITY EXCHANGE INC.","GOLD","489563","17761","105338","135945","31257"
"2020-06-16T00:00:00.000","COPPER-GRADE #1 - COMMODITY EXCHANGE INC.","COPPER","180741","29878","73962","41433","30793"
"2020-06-16T00:00:00.000","PLATINUM - NEW YORK MERCANTILE EXCHANGE","PLATINUM","49916","3127","27797","16081","5634"
"2020-06-16T00:00:00.000","PALLADIUM - NEW YORK MERCANTILE EXCHANGE","PALLADIUM","6474","234","2697","2259","1414"
"2020-06-16T00:00:00.000","NATURAL GAS - NEW YORK MERCANTILE EXCHANGE","NATURAL GAS","1300796","241624","237364","221946","282565"
"2020-06-23T00:00:00.000","NATURAL GAS - NEW YORK MERCANTILE EXCHANGE","NATURAL GAS","1311538","245801","241895","250835","281929"
"2020-06-23T00:00:00.000","GOLD - COMMODITY EXCHANGE INC.","GOLD","532101","17771","111941","161593","32078"
"2020-06-23T00:00:00.000","COPPER-GRADE #1 - COMMODITY EXCHANGE INC.","COPPER","190457","30692","80728","48488","28319"
"2020-06-23T00:00:00.000","SILVER - COMMODITY EXCHANGE INC.","SILVER","183444","11769","60264","51295","22552"
"2020-06-23T00:00:00.000","PLATINUM - NEW YORK MERCANTILE EXCHANGE","PLATINUM","47275","1531","26253","15458","6390"
"2020-06-23T00:00:00.000","PALLADIUM - NEW YORK MERCANTILE EXCHANGE","PALLADIUM","6659","255","2781","2243","1537"
"2020-06-30T00:00:00.000","PALLADIUM - NEW YORK MERCANTILE EXCHANGE","PALLADIUM","7080","267","3213","2577","1402"
"2020-06-30T00:00:00.000","GOLD - COMMODITY EXCHANGE INC.","GOLD","561628","19798","115221","173526","34971"
"2020-06-30T00:00:00.000","COPPER-GRADE #1 - COMMODITY EXCHANGE INC.","COPPER","193194","31048","84011","53204","25158"
"2020-06-30T00:00:00.000","SILVER - COMMODITY EXCHANGE INC.","SILVER","169418","6076","49490","59931","24781"
"2020-06-30T00:00:00.000","PLATINUM - NEW YORK MERCANTILE EXCHANGE","PLATINUM","47837","1480","24674","16289","8538"
"2020-06-30T00:00:00.000","NATURAL GAS - NEW YORK MERCANTILE EXCHANGE","NATURAL GAS","1316452","236556","232875","257396","263775"
"2020-07-07T00:00:00.000","PALLADIUM - NEW YORK MERCANTILE EXCHANGE","PALLADIUM","7225","263","3576","2751","1242"
"2020-07-07T00:00:00.000","GOLD - COMMODITY EXCHANGE INC.","GOLD","572776","20352","112705","179810","40467"
"2020-07-07T00:00:00.000","COPPER-GRADE #1 - COMMODITY EXCHANGE INC.","COPPER","206843","29331","86566","59856","28103"
"2020-07-07T00:00:00.000","SILVER - COMMODITY EXCHANGE INC.","SILVER","169513","6059","48441","62211","26195"
"2020-07-07T00:00:00.000","PLATINUM - NEW YORK MERCANTILE EXCHANGE","PLATINUM","49143","1714","26057","16900","7956"
"2020-07-07T00:00:00.000","NATURAL GAS - NEW YORK MERCANTILE EXCHANGE","NATURAL GAS","1310701","226114","228590","259978","238118"
"2020-07-14T00:00:00.000","SILVER - COMMODITY EXCHANGE INC.","SILVER","178367","5375","53927","65615","22988"
"2020-07-14T00:00:00.000","GOLD - COMMODITY EXCHANGE INC.","GOLD","580175","22532","118784","177400","42427"
"2020-07-14T00:00:00.000","COPPER-GRADE #1 - COMMODITY EXCHANGE INC.","COPPER","221410","28455","95071","69219","27526"
"2020-07-14T00:00:00.000","PALLADIUM - NEW YORK MERCANTILE EXCHANGE","PALLADIUM","8100","333","3889","3171","1417"
"2020-07-14T00:00:00.000","NATURAL GAS - NEW YORK MERCANTILE EXCHANGE","NATURAL GAS","1280563","224318","220302","269507","232332"
"2020-07-14T00:00:00.000","PLATINUM - NEW YORK MERCANTILE EXCHANGE","PLATINUM","48016","1173","25270","16275","8118"
"2020-07-21T00:00:00.000","NATURAL GAS - NEW YORK MERCANTILE EXCHANGE","NATURAL GAS","1302340","238951","228051","271116","247403"
"2020-07-21T00:00:00.000","GOLD - COMMODITY EXCHANGE INC.","GOLD","603138","23045","123303","181256","40987"
"2020-07-21T00:00:00.000","COPPER-GRADE #1 - COMMODITY EXCHANGE INC.","COPPER","227565","28037","97457","79104","24138"
"2020-07-21T00:00:00.000","SILVER - COMMODITY EXCHANGE INC.","SILVER","185745","7003","55515","71496","22840"
"2020-07-21T00:00:00.000","PLATINUM - NEW YORK MERCANTILE EXCHANGE","PLATINUM","52071","1170","26841","19558","7539"
"2020-07-21T00:00:00.000","PALLADIUM - NEW YORK MERCANTILE EXCHANGE","PALLADIUM","9338","395","4629","4200","1244"
"2020-07-28T00:00:00.000","NATURAL GAS - NEW YORK MERCANTILE EXCHANGE","NATURAL GAS","1290723","246907","234061","278410","235978"
"2020-07-28T00:00:00.000","GOLD - COMMODITY EXCHANGE INC.","GOLD","598629","20494","110969","159894","42758"
"2020-07-28T00:00:00.000","COPPER-GRADE #1 - COMMODITY EXCHANGE INC.","COPPER","234724","27464","100143","82180","22889"
"2020-07-28T00:00:00.000","SILVER - COMMODITY EXCHANGE INC.","SILVER","184020","9459","51606","57957","25182"
"2020-07-28T00:00:00.000","PLATINUM - NEW YORK MERCANTILE EXCHANGE","PLATINUM","54525","1323","28279","22624","5877"
"2020-07-28T00:00:00.000","PALLADIUM - NEW YORK MERCANTILE EXCHANGE","PALLADIUM","10325","377","5007","4842","1249"
"2020-08-04T00:00:00.000","PALLADIUM - NEW YORK MERCANTILE EXCHANGE","PALLADIUM","10240","393","4963","4787","1491"
"2020-08-04T00:00:00.000","GOLD - COMMODITY EXCHANGE INC.","GOLD","561837","19158","116748","165357","51885"
"2020-08-04T00:00:00.000","COPPER-GRADE #1 - COMMODITY EXCHANGE INC.","COPPER","232022","25944","96906","78487","25136"
"2020-08-04T00:00:00.000","SILVER - COMMODITY EXCHANGE INC.","SILVER","205527","11200","57411","57977","25850"
"2020-08-04T00:00:00.000","PLATINUM - NEW YORK MERCANTILE EXCHANGE","PLATINUM","55647","1329","27582","21752","8740"
"2020-08-04T00:00:00.000","NATURAL GAS - NEW YORK MERCANTILE EXCHANGE","NATURAL GAS","1290949","239127","230404","289081","190139"
"2020-08-11T00:00:00.000","PALLADIUM - NEW YORK MERCANTILE EXCHANGE","PALLADIUM","10133","358","4851","4769","1432"
"2020-08-11T00:00:00.000","GOLD - COMMODITY EXCHANGE INC.","GOLD","553345","20119","113766","155418","57726"
"2020-08-11T00:00:00.000","COPPER-GRADE #1 - COMMODITY EXCHANGE INC.","COPPER","227430","31003","95517","73864","26901"
"2020-08-11T00:00:00.000","SILVER - COMMODITY EXCHANGE INC.","SILVER","198069","11014","52938","51351","27373"
"2020-08-11T00:00:00.000","PLATINUM - NEW YORK MERCANTILE EXCHANGE","PLATINUM","56900","1382","29373","22646","7525"
"2020-08-11T00:00:00.000","NATURAL GAS - NEW YORK MERCANTILE EXCHANGE","NATURAL GAS","1243527","223305","220394","276511","152677"
"2020-08-18T00:00:00.000","NATURAL GAS - NEW YORK MERCANTILE EXCHANGE","NATURAL GAS","1255403","213370","212114","274284","150654"
"2020-08-18T00:00:00.000","GOLD - COMMODITY EXCHANGE INC.","GOLD","544010","19419","110411","151016","55578"
"2020-08-18T00:00:00.000","COPPER-GRADE #1 - COMMODITY EXCHANGE INC.","COPPER","232581","24850","99492","84229","23334"
"2020-08-18T00:00:00.000","SILVER - COMMODITY EXCHANGE INC.","SILVER","194897","9506","53404","58680","26423"
"2020-08-18T00:00:00.000","PLATINUM - NEW YORK MERCANTILE EXCHANGE","PLATINUM","58525","1319","29935","23365","8937"
"2020-08-18T00:00:00.000","PALLADIUM - NEW YORK MERCANTILE EXCHANGE","PALLADIUM","10154","458","4952","4559","1308"
"2020-08-25T00:00:00.000","NATURAL GAS - NEW YORK MERCANTILE EXCHANGE","NATURAL GAS","1231205","197130","203395","275682","141871"
"2020-08-25T00:00:00.000","GOLD - COMMODITY EXCHANGE INC.","GOLD","549282","21545","114604","145055","58206"
"2020-08-25T00:00:00.000","COPPER-GRADE #1 - COMMODITY EXCHANGE INC.","COPPER","227062","22622","103867","83949","21298"
"2020-08-25T00:00:00.000","SILVER - COMMODITY EXCHANGE INC.","SILVER","187631","8029","55058","61800","23720"
"2020-08-25T00:00:00.000","PLATINUM - NEW YORK MERCANTILE EXCHANGE","PLATINUM","57831","1185","29040","21997","10184"
"2020-08-25T00:00:00.000","PALLADIUM - NEW YORK MERCANTILE EXCHANGE","PALLADIUM","9447","233","5030","4330","1167"
"2020-09-01T00:00:00.000","PALLADIUM - NEW YORK MERCANTILE EXCHANGE","PALLADIUM","9698","166","4907","4812","1384"
"2020-09-01T00:00:00.000","GOLD - COMMODITY EXCHANGE INC.","GOLD","547704","17887","115747","147175","49433"
"2020-09-01T00:00:00.000","COPPER-GRADE #1 - COMMODITY EXCHANGE INC.","COPPER","233226","25819","115107","89377","20257"
"2020-09-01T00:00:00.000","SILVER - COMMODITY EXCHANGE INC.","SILVER","166449","8353","58087","61853","24266"
"2020-09-01T00:00:00.000","PLATINUM - NEW YORK MERCANTILE EXCHANGE","PLATINUM","60538","1325","29114","21247","11561"
"2020-09-01T00:00:00.000","NATURAL GAS - NEW YORK MERCANTILE EXCHANGE","NATURAL GAS","1261289","209397","225470","275124","142907"
"2020-09-08T00:00:00.000","PALLADIUM - NEW YORK MERCANTILE EXCHANGE","PALLADIUM","9528","192","4949","4684","1189"
"2020-09-08T00:00:00.000","GOLD - COMMODITY EXCHANGE INC.","GOLD","557457","17766","118943","155528","51236"
"2020-09-08T00:00:00.000","COPPER-GRADE #1 - COMMODITY EXCHANGE INC.","COPPER","236149","26310","116075","89799","20798"
"2020-09-08T00:00:00.000","SILVER - COMMODITY EXCHANGE INC.","SILVER","158991","8516","56513","59951","24127"
"2020-09-08T00:00:00.000","PLATINUM - NEW YORK MERCANTILE EXCHANGE","PLATINUM","59711","1364","27771","19310","13446"
"2020-09-08T00:00:00.000","NATURAL GAS - NEW YORK MERCANTILE EXCHANGE","NATURAL GAS","1238733","188864","208769","259077","140664"
"2020-09-15T00:00:00.000","PALLADIUM - NEW YORK MERCANTILE EXCHANGE","PALLADIUM","9914","138","4701","5222","1330"
"2020-09-15T00:00:00.000","GOLD - COMMODITY EXCHANGE INC.","GOLD","578925","19681","121622","166571","55473"
"2020-09-15T00:00:00.000","COPPER-GRADE #1 - COMMODITY EXCHANGE INC.","COPPER","244071","26234","117421","96924","20265"
"2020-09-15T00:00:00.000","SILVER - COMMODITY EXCHANGE INC.","SILVER","162397","7659","59226","63247","23982"
"2020-09-15T00:00:00.000","PLATINUM - NEW YORK MERCANTILE EXCHANGE","PLATINUM","61778","1470","30207","22865","12153"
"2020-09-15T00:00:00.000","NATURAL GAS - NEW YORK MERCANTILE EXCHANGE","NATURAL GAS","1252823","183612","208369","263194","141485"
"2020-09-22T00:00:00.000","NATURAL GAS - NEW YORK MERCANTILE EXCHANGE","NATURAL GAS","1265829","190208","206262","280473","181810"
"2020-09-22T00:00:00.000","GOLD - COMMODITY EXCHANGE INC.","GOLD","575877","20734","113771","144670","63222"
"2020-09-22T00:00:00.000","COPPER-GRADE #1 - COMMODITY EXCHANGE INC.","COPPER","252360","27657","124371","109711","22324"
"2020-09-22T00:00:00.000","SILVER - COMMODITY EXCHANGE INC.","SILVER","157908","8393","56327","61547","25052"
"2020-09-22T00:00:00.000","PLATINUM - NEW YORK MERCANTILE EXCHANGE","PLATINUM","60004","1785","26495","16801","15248"
"2020-09-22T00:00:00.000","PALLADIUM - NEW YORK MERCANTILE EXCHANGE","PALLADIUM","9517","173","4298","5140","1175"
"2020-09-29T00:00:00.000","NATURAL GAS - NEW YORK MERCANTILE EXCHANGE","NATURAL GAS","1264554","199253","214605","273923","161153"
"2020-09-29T00:00:00.000","GOLD - COMMODITY EXCHANGE INC.","GOLD","562396","18095","114937","140320","45948"
"2020-09-29T00:00:00.000","COPPER-GRADE #1 - COMMODITY EXCHANGE INC.","COPPER","236095","25945","110821","102331","25633"
"2020-09-29T00:00:00.000","SILVER - COMMODITY EXCHANGE INC.","SILVER","157308","7752","57302","59160","23489"
"2020-09-29T00:00:00.000","PLATINUM - NEW YORK MERCANTILE EXCHANGE","PLATINUM","55680","2222","24111","14275","14540"
"2020-09-29T00:00:00.000","PALLADIUM - NEW YORK MERCANTILE EXCHANGE","PALLADIUM","9017","145","4165","4560","1025"
"2020-10-06T00:00:00.000","PALLADIUM - NEW YORK MERCANTILE EXCHANGE","PALLADIUM","9481","195","4468","4908","1387"
"2020-10-06T00:00:00.000","GOLD - COMMODITY EXCHANGE INC.","GOLD","555555","17090","114476","139350","44738"
"2020-10-06T00:00:00.000","COPPER-GRADE #1 - COMMODITY EXCHANGE INC.","COPPER","228717","23739","108025","93562","23913"
"2020-10-06T00:00:00.000","SILVER - COMMODITY EXCHANGE INC.","SILVER","155484","8468","57293","59688","24420"
"2020-10-06T00:00:00.000","PLATINUM - NEW YORK MERCANTILE EXCHANGE","PLATINUM","51995","1742","23136","14584","15343"
"2020-10-06T00:00:00.000","NATURAL GAS - NEW YORK MERCANTILE EXCHANGE","NATURAL GAS","1275017","210255","234363","273420","146534"
"2020-10-13T00:00:00.000","PALLADIUM - NEW YORK MERCANTILE EXCHANGE","PALLADIUM","9884","173","4688","5263","1319"
"2020-10-13T00:00:00.000","GOLD - COMMODITY EXCHANGE INC.","GOLD","553197","15637","116151","138169","56388"
"2020-10-13T00:00:00.000","COPPER-GRADE #1 - COMMODITY EXCHANGE INC.","COPPER","237283","20153","110945","106727","26054"
"2020-10-13T00:00:00.000","SILVER - COMMODITY EXCHANGE INC.","SILVER","158203","8248","57722","59942","25808"
"2020-10-13T00:00:00.000","PLATINUM - NEW YORK MERCANTILE EXCHANGE","PLATINUM","51258","1828","23637","14022","15137"
"2020-10-13T00:00:00.000","NATURAL GAS - NEW YORK MERCANTILE EXCHANGE","NATURAL GAS","1234445","175490","206115","274598","136837"
"2020-10-20T00:00:00.000","PALLADIUM - NEW YORK MERCANTILE EXCHANGE","PALLADIUM","10193","155","4552","5503","1376"
"2020-10-20T00:00:00.000","GOLD - COMMODITY EXCHANGE INC.","GOLD","562993","16306","117914","149108","58543"
"2020-10-20T00:00:00.000","COPPER-GRADE #1 - COMMODITY EXCHANGE INC.","COPPER","249001","20137","111866","118089","26012"
"2020-10-20T00:00:00.000","SILVER - COMMODITY EXCHANGE INC.","SILVER","157845","7347","58512","61839","21864"
"2020-10-20T00:00:00.000","PLATINUM - NEW YORK MERCANTILE EXCHANGE","PLATINUM","52199","1794","22896","13975","16527"
"2020-10-20T00:00:00.000","NATURAL GAS - NEW YORK MERCANTILE EXCHANGE","NATURAL GAS","1216395","164012","212558","279299","125313"
"2020-10-27T00:00:00.000","SILVER - COMMODITY EXCHANGE INC.","SILVER","160550","7927","58587","63091","21459"
"2020-10-27T00:00:00.000","GOLD - COMMODITY EXCHANGE INC.","GOLD","560900","16885","110953","149140","47265"
"2020-10-27T00:00:00.000","COPPER-GRADE #1 - COMMODITY EXCHANGE INC.","COPPER","241268","19397","113402","113073","25176"
"2020-10-27T00:00:00.000","PLATINUM - NEW YORK MERCANTILE EXCHANGE","PLATINUM","52138","1650","23587","15604","15270"
"2020-10-27T00:00:00.000","PALLADIUM - NEW YORK MERCANTILE EXCHANGE","PALLADIUM","10654","196","4755","5635","1549"
"2020-10-27T00:00:00.000","NATURAL GAS - NEW YORK MERCANTILE EXCHANGE","NATURAL GAS","1168122","156417","211467","250648","127730"
"2020-11-03T00:00:00.000","NATURAL GAS - NEW YORK MERCANTILE EXCHANGE","NATURAL GAS","1181478","159034","222810","245349","138828"
"2020-11-03T00:00:00.000","GOLD - COMMODITY EXCHANGE INC.","GOLD","544774","15422","108060","140094","49399"
"2020-11-03T00:00:00.000","COPPER-GRADE #1 - COMMODITY EXCHANGE INC.","COPPER","233351","19610","107011","102633","23601"
"2020-11-03T00:00:00.000","SILVER - COMMODITY EXCHANGE INC.","SILVER","153267","7241","56295","59694","19011"
"2020-11-03T00:00:00.000","PLATINUM - NEW YORK MERCANTILE EXCHANGE","PLATINUM","51034","2109","23583","14045","14718"
"2020-11-03T00:00:00.000","PALLADIUM - NEW YORK MERCANTILE EXCHANGE","PALLADIUM","10169","399","4299","5076","1926"
"2020-11-10T00:00:00.000","PALLADIUM - NEW YORK MERCANTILE EXCHANGE","PALLADIUM","11173","311","5119","5763","1498"
"2020-11-10T00:00:00.000","GOLD - COMMODITY EXCHANGE INC.","GOLD","547449","15986","108842","130105","50322"
"2020-11-10T00:00:00.000","COPPER-GRADE #1 - COMMODITY EXCHANGE INC.","COPPER","228128","13903","106037","106905","27439"
"2020-11-10T00:00:00.000","SILVER - COMMODITY EXCHANGE INC.","SILVER","155011","7975","57142","59526","18849"
"2020-11-10T00:00:00.000","PLATINUM - NEW YORK MERCANTILE EXCHANGE","PLATINUM","51624","1739","25393","14152","13710"
"2020-11-10T00:00:00.000","NATURAL GAS - NEW YORK MERCANTILE EXCHANGE","NATURAL GAS","1224327","162971","238113","260550","160159"
"2020-11-17T00:00:00.000","PALLADIUM - NEW YORK MERCANTILE EXCHANGE","PALLADIUM","10971","678","5112","5558","1703"
"2020-11-17T00:00:00.000","GOLD - COMMODITY EXCHANGE INC.","GOLD","557533","16015","113514","139550","49103"
"2020-11-17T00:00:00.000","COPPER-GRADE #1 - COMMODITY EXCHANGE INC.","COPPER","228338","12113","107392","107083","28549"
"2020-11-17T00:00:00.000","SILVER - COMMODITY EXCHANGE INC.","SILVER","160972","8670","58154","63981","20772"
"2020-11-17T00:00:00.000","PLATINUM - NEW YORK MERCANTILE EXCHANGE","PLATINUM","54077","1617","27703","17295","11444"
"2020-11-17T00:00:00.000","NATURAL GAS - NEW YORK MERCANTILE EXCHANGE","NATURAL GAS","1256371","179787","250994","240135","157652"
"2020-11-24T00:00:00.000","PLATINUM - NEW YORK MERCANTILE EXCHANGE","PLATINUM","54647","1455","28975","19324","9255"
"2020-11-24T00:00:00.000","GOLD - COMMODITY EXCHANGE INC.","GOLD","555253","16425","112076","137503","52155"
"2020-11-24T00:00:00.000","COPPER-GRADE #1 - COMMODITY EXCHANGE INC.","COPPER","236644","12479","116271","109070","29357"
"2020-11-24T00:00:00.000","NATURAL GAS - NEW YORK MERCANTILE EXCHANGE","NATURAL GAS","1214677","174087","237988","240346","175669"
"2020-11-24T00:00:00.000","SILVER - COMMODITY EXCHANGE INC.","SILVER","162092","8082","57083","62795","21138"
"2020-11-24T00:00:00.000","PALLADIUM - NEW YORK MERCANTILE EXCHANGE","PALLADIUM","10419","349","4829","5392","1540"
"2020-12-01T00:00:00.000","SILVER - COMMODITY EXCHANGE INC.","SILVER","152372","8163","60619","64370","21664"
"2020-12-01T00:00:00.000","GOLD - COMMODITY EXCHANGE INC.","GOLD","538042","18504","119429","134446","48903"
"2020-12-01T00:00:00.000","COPPER-GRADE #1 - COMMODITY EXCHANGE INC.","COPPER","240738","11800","119251","112119","26420"
"2020-12-01T00:00:00.000","PLATINUM - NEW YORK MERCANTILE EXCHANGE","PLATINUM","57970","1105","30587","21861","8207"
"2020-12-01T00:00:00.000","PALLADIUM - NEW YORK MERCANTILE EXCHANGE","PALLADIUM","9867","225","4705","5242","1448"
"2020-12-01T00:00:00.000","NATURAL GAS - NEW YORK MERCANTILE EXCHANGE","NATURAL GAS","1209723","171150","243967","238078","159884"
"2020-12-08T00:00:00.000","NATURAL GAS - NEW YORK MERCANTILE EXCHANGE","NATURAL GAS","1198018","206627","264220","241927","211267"
"2020-12-08T00:00:00.000","GOLD - COMMODITY EXCHANGE INC.","GOLD","549520","15367","118240","147844","49033"
"2020-12-08T00:00:00.000","COPPER-GRADE #1 - COMMODITY EXCHANGE INC.","COPPER","242850","12051","121033","116946","26466"
"2020-12-08T00:00:00.000","SILVER - COMMODITY EXCHANGE INC.","SILVER","154821","7424","60711","66057","23275"
"2020-12-08T00:00:00.000","PLATINUM - NEW YORK MERCANTILE EXCHANGE","PLATINUM","63572","1554","33878","23602","7652"
"2020-12-08T00:00:00.000","PALLADIUM - NEW YORK MERCANTILE EXCHANGE","PALLADIUM","9539","235","4325","5148","1950"
"2020-12-15T00:00:00.000","PALLADIUM - NEW YORK MERCANTILE EXCHANGE","PALLADIUM","9251","212","4206","4934","1766"
"2020-12-15T00:00:00.000","GOLD - COMMODITY EXCHANGE INC.","GOLD","550366","14192","118294","151901","50022"
"2020-12-15T00:00:00.000","COPPER-GRADE #1 - COMMODITY EXCHANGE INC.","COPPER","244491","13625","117356","114609","27314"
"2020-12-15T00:00:00.000","SILVER - COMMODITY EXCHANGE INC.","SILVER","158268","7675","60833","66679","23499"
"2020-12-15T00:00:00.000","PLATINUM - NEW YORK MERCANTILE EXCHANGE","PLATINUM","65881","1376","34151","24828","7666"
"2020-12-15T00:00:00.000","NATURAL GAS - NEW YORK MERCANTILE EXCHANGE","NATURAL GAS","1195295","208566","283917","233223","186459"
"2020-12-21T00:00:00.000","PALLADIUM - NEW YORK MERCANTILE EXCHANGE","PALLADIUM","9093","167","4217","4666","1537"
"2020-12-21T00:00:00.000","GOLD - COMMODITY EXCHANGE INC.","GOLD","560769","12636","120377","158194","50070"
"2020-12-21T00:00:00.000","COPPER-GRADE #1 - COMMODITY EXCHANGE INC.","COPPER","248003","15136","119479","114267","28276"
"2020-12-21T00:00:00.000","SILVER - COMMODITY EXCHANGE INC.","SILVER","171398","7792","65291","71548","24304"
"2020-12-21T00:00:00.000","PLATINUM - NEW YORK MERCANTILE EXCHANGE","PLATINUM","65012","1542","32825","23931","6755"
"2020-12-21T00:00:00.000","NATURAL GAS - NEW YORK MERCANTILE EXCHANGE","NATURAL GAS","1191197","204866","275578","224894","180940"
"2020-12-29T00:00:00.000","NATURAL GAS - NEW YORK MERCANTILE EXCHANGE","NATURAL GAS","1162374","205918","276114","225887","195971"
"2020-12-29T00:00:00.000","GOLD - COMMODITY EXCHANGE INC.","GOLD","556414","12327","117811","159673","50678"
"2020-12-29T00:00:00.000","COPPER-GRADE #1 - COMMODITY EXCHANGE INC.","COPPER","247232","15678","119865","111062","29205"
"2020-12-29T00:00:00.000","SILVER - COMMODITY EXCHANGE INC.","SILVER","170057","7925","63215","72144","26138"
"2020-12-29T00:00:00.000","PLATINUM - NEW YORK MERCANTILE EXCHANGE","PLATINUM","59399","1290","32817","23771","5567"
"2020-12-29T00:00:00.000","PALLADIUM - NEW YORK MERCANTILE EXCHANGE","PALLADIUM","9042","149","4415","4537","1255"
"2021-01-05T00:00:00.000","NATURAL GAS - NEW YORK MERCANTILE EXCHANGE","NATURAL GAS","1162745","192443","267158","217108","173692"
"2021-01-05T00:00:00.000","GOLD - COMMODITY EXCHANGE INC.","GOLD","568888","13307","118767","167096","50527"
"2021-01-05T00:00:00.000","COPPER-GRADE #1 - COMMODITY EXCHANGE INC.","COPPER","256942","17310","120258","112975","32467"
"2021-01-05T00:00:00.000","SILVER - COMMODITY EXCHANGE INC.","SILVER","176005","7521","63523","73290","27400"
"2021-01-05T00:00:00.000","PLATINUM - NEW YORK MERCANTILE EXCHANGE","PLATINUM","61185","1335","33790","26571","5934"
"2021-01-05T00:00:00.000","PALLADIUM - NEW YORK MERCANTILE EXCHANGE","PALLADIUM","9676","201","4912","5200","1121"
"2021-01-12T00:00:00.000","PALLADIUM - NEW YORK MERCANTILE EXCHANGE","PALLADIUM","9479","231","4489","4738","1357"
"2021-01-12T00:00:00.000","GOLD - COMMODITY EXCHANGE INC.","GOLD","555538","15210","113944","131057","52823"
"2021-01-12T00:00:00.000","COPPER-GRADE #1 - COMMODITY EXCHANGE INC.","COPPER","251140","18051","114349","108709","32730"
"2021-01-12T00:00:00.000","SILVER - COMMODITY EXCHANGE INC.","SILVER","170033","7639","58760","69805","27861"
"2021-01-12T00:00:00.000","PLATINUM - NEW YORK MERCANTILE EXCHANGE","PLATINUM","59893","1200","34071","25733","5509"
"2021-01-12T00:00:00.000","NATURAL GAS - NEW YORK MERCANTILE EXCHANGE","NATURAL GAS","1127069","177314","256879","232150","157256"
"2021-01-19T00:00:00.000","PALLADIUM - NEW YORK MERCANTILE EXCHANGE","PALLADIUM","9456","192","4316","4549","1324"
"2021-01-19T00:00:00.000","GOLD - COMMODITY EXCHANGE INC.","GOLD","541330","13477","114372","127161","49090"
"2021-01-19T00:00:00.000","COPPER-GRADE #1 - COMMODITY EXCHANGE INC.","COPPER","254998","19110","117967","109901","32043"
"2021-01-19T00:00:00.000","SILVER - COMMODITY EXCHANGE INC.","SILVER","166896","7067","57553","65788","25626"
"2021-01-19T00:00:00.000","PLATINUM - NEW YORK MERCANTILE EXCHANGE","PLATINUM","59812","1304","34810","24572","4009"
"2021-01-19T00:00:00.000","NATURAL GAS - NEW YORK MERCANTILE EXCHANGE","NATURAL GAS","1151501","189460","267314","220658","162647"
"2021-01-26T00:00:00.000","PALLADIUM - NEW YORK MERCANTILE EXCHANGE","PALLADIUM","9813","199","4274","4445","1762"
"2021-01-26T00:00:00.000","GOLD - COMMODITY EXCHANGE INC.","GOLD","534574","10278","113013","142815","46416"
"2021-01-26T00:00:00.000","COPPER-GRADE #1 - COMMODITY EXCHANGE INC.","COPPER","256365","20797","120941","108279","30143"
"2021-01-26T00:00:00.000","SILVER - COMMODITY EXCHANGE INC.","SILVER","167880","7023","59931","66111","23113"
"2021-01-26T00:00:00.000","PLATINUM - NEW YORK MERCANTILE EXCHANGE","PLATINUM","62530","1075","35594","26038","4944"
"2021-01-26T00:00:00.000","NATURAL GAS - NEW YORK MERCANTILE EXCHANGE","NATURAL GAS","1124803","174354","253131","229508","169910"
"2021-02-02T00:00:00.000","NATURAL GAS - NEW YORK MERCANTILE EXCHANGE","NATURAL GAS","1134240","157737","242884","224944","119417"
"2021-02-02T00:00:00.000","COPPER-GRADE #1 - COMMODITY EXCHANGE INC.","COPPER","257036","23634","117788","108418","31210"
"2021-02-02T00:00:00.000","SILVER - COMMODITY EXCHANGE INC.","SILVER","179786","7225","63184","61069","22431"
"2021-02-02T00:00:00.000","GOLD - COMMODITY EXCHANGE INC.","GOLD","520011","10760","114887","137062","49284"
"2021-02-02T00:00:00.000","PLATINUM - NEW YORK MERCANTILE EXCHANGE","PLATINUM","64701","1073","36841","28029","5890"
"2021-02-02T00:00:00.000","PALLADIUM - NEW YORK MERCANTILE EXCHANGE","PALLADIUM","9533","306","3604","3572","2437"
"2021-02-09T00:00:00.000","NATURAL GAS - NEW YORK MERCANTILE EXCHANGE","NATURAL GAS","1159552","166129","262332","218972","112240"
"2021-02-09T00:00:00.000","GOLD - COMMODITY EXCHANGE INC.","GOLD","506741","9490","112486","134733","47093"
"2021-02-09T00:00:00.000","COPPER-GRADE #1 - COMMODITY EXCHANGE INC.","COPPER","264096","22366","124142","117403","30444"
"2021-02-09T00:00:00.000","SILVER - COMMODITY EXCHANGE INC.","SILVER","179288","8228","65402","61284","23839"
"2021-02-09T00:00:00.000","PLATINUM - NEW YORK MERCANTILE EXCHANGE","PLATINUM","72051","1044","39298","35377","6341"
"2021-02-09T00:00:00.000","PALLADIUM - NEW YORK MERCANTILE EXCHANGE","PALLADIUM","9684","396","3958","3524","2348"
"2021-02-16T00:00:00.000","PALLADIUM - NEW YORK MERCANTILE EXCHANGE","PALLADIUM","10354","430","4228","3839","2191"
"2021-02-16T00:00:00.000","GOLD - COMMODITY EXCHANGE INC.","GOLD","503016","11567","111400","125997","58041"
"2021-02-16T00:00:00.000","COPPER-GRADE #1 - COMMODITY EXCHANGE INC.","COPPER","272276","18978","128608","117810","31142"
"2021-02-16T00:00:00.000","SILVER - COMMODITY EXCHANGE INC.","SILVER","183544","9487","65543","63102","24338"
"2021-02-16T00:00:00.000","PLATINUM - NEW YORK MERCANTILE EXCHANGE","PLATINUM","74780","732","40497","35108","6468"
"2021-02-16T00:00:00.000","NATURAL GAS - NEW YORK MERCANTILE EXCHANGE","NATURAL GAS","1201588","178297","279030","229077","118429"
"2021-02-23T00:00:00.000","PALLADIUM - NEW YORK MERCANTILE EXCHANGE","PALLADIUM","9479","270","3861","3794","2590"
"2021-02-23T00:00:00.000","GOLD - COMMODITY EXCHANGE INC.","GOLD","481125","10658","103728","125124","56001"
"2021-02-23T00:00:00.000","COPPER-GRADE #1 - COMMODITY EXCHANGE INC.","COPPER","268170","19116","126836","100788","30452"
"2021-02-23T00:00:00.000","SILVER - COMMODITY EXCHANGE INC.","SILVER","172392","7756","63813","62102","24600"
"2021-02-23T00:00:00.000","PLATINUM - NEW YORK MERCANTILE EXCHANGE","PLATINUM","73964","783","39397","32133","5994"
"2021-02-23T00:00:00.000","NATURAL GAS - NEW YORK MERCANTILE EXCHANGE","NATURAL GAS","1194039","198956","287102","221787","122457"
"2021-03-02T00:00:00.000","PALLADIUM - NEW YORK MERCANTILE EXCHANGE","PALLADIUM","9611","386","4200","3881","2188"
"2021-03-02T00:00:00.000","GOLD - COMMODITY EXCHANGE INC.","GOLD","467008","12025","98920","106608","60648"
"2021-03-02T00:00:00.000","COPPER-GRADE #1 - COMMODITY EXCHANGE INC.","COPPER","251989","20802","122063","96521","31500"
"2021-03-02T00:00:00.000","SILVER - COMMODITY EXCHANGE INC.","SILVER","158349","7883","59553","58364","28839"
"2021-03-02T00:00:00.000","PLATINUM - NEW YORK MERCANTILE EXCHANGE","PLATINUM","72681","1238","37200","27880","7056"
"2021-03-02T00:00:00.000","NATURAL GAS - NEW YORK MERCANTILE EXCHANGE","NATURAL GAS","1205198","200619","289592","216686","120782"
"2021-03-09T00:00:00.000","SILVER - COMMODITY EXCHANGE INC.","SILVER","155425","8094","57869","55268","28942"
"2021-03-09T00:00:00.000","GOLD - COMMODITY EXCHANGE INC.","GOLD","473871","14579","96258","96223","66793"
"2021-03-09T00:00:00.000","COPPER-GRADE #1 - COMMODITY EXCHANGE INC.","COPPER","239307","21059","111252","82479","32033"
"2021-03-09T00:00:00.000","PLATINUM - NEW YORK MERCANTILE EXCHANGE","PLATINUM","71411","1563","36332","26267","7956"
"2021-03-09T00:00:00.000","PALLADIUM - NEW YORK MERCANTILE EXCHANGE","PALLADIUM","9334","483","3843","3677","2286"
"2021-03-09T00:00:00.000","NATURAL GAS - NEW YORK MERCANTILE EXCHANGE","NATURAL GAS","1206350","204427","282365","209138","154047"
"2021-03-16T00:00:00.000","NATURAL GAS - NEW YORK MERCANTILE EXCHANGE","NATURAL GAS","1209372","226739","282402","195172","198795"
"2021-03-16T00:00:00.000","GOLD - COMMODITY EXCHANGE INC.","GOLD","476467","15152","94226","100669","59548"
"2021-03-16T00:00:00.000","COPPER-GRADE #1 - COMMODITY EXCHANGE INC.","COPPER","239811","22464","108280","77633","34032"
"2021-03-16T00:00:00.000","SILVER - COMMODITY EXCHANGE INC.","SILVER","159092","8211","56543","55219","30625"
"2021-03-16T00:00:00.000","PLATINUM - NEW YORK MERCANTILE EXCHANGE","PLATINUM","74810","1797","38142","26973","6483"
"2021-03-16T00:00:00.000","PALLADIUM - NEW YORK MERCANTILE EXCHANGE","PALLADIUM","9709","660","4221","4342","2101"
"2021-03-23T00:00:00.000","PALLADIUM - NEW YORK MERCANTILE EXCHANGE","PALLADIUM","10147","683","4897","4522","1385"
"2021-03-23T00:00:00.000","GOLD - COMMODITY EXCHANGE INC.","GOLD","485457","15470","93043","107941","64420"
"2021-03-23T00:00:00.000","COPPER-GRADE #1 - COMMODITY EXCHANGE INC.","COPPER","238358","22350","105800","78836","34358"
"2021-03-23T00:00:00.000","SILVER - COMMODITY EXCHANGE INC.","SILVER","160437","8380","55373","54438","32569"
"2021-03-23T00:00:00.000","PLATINUM - NEW YORK MERCANTILE EXCHANGE","PLATINUM","73324","2069","37108","26054","5424"
"2021-03-23T00:00:00.000","NATURAL GAS - NEW YORK MERCANTILE EXCHANGE","NATURAL GAS","1208032","232501","290944","200878","195374"
"2021-03-30T00:00:00.000","PALLADIUM - NEW YORK MERCANTILE EXCHANGE","PALLADIUM","10357","681","4848","4589","1332"
"2021-03-30T00:00:00.000","GOLD - COMMODITY EXCHANGE INC.","GOLD","467321","16441","89329","113009","69936"
"2021-03-30T00:00:00.000","COPPER-GRADE #1 - COMMODITY EXCHANGE INC.","COPPER","229202","19189","102017","76425","34239"
"2021-03-30T00:00:00.000","SILVER - COMMODITY EXCHANGE INC.","SILVER","154987","8795","51592","51964","31128"
"2021-03-30T00:00:00.000","PLATINUM - NEW YORK MERCANTILE EXCHANGE","PLATINUM","67480","1363","35745","26067","5498"
"2021-03-30T00:00:00.000","NATURAL GAS - NEW YORK MERCANTILE EXCHANGE","NATURAL GAS","1195449","232864","294399","200399","181554"
"2021-04-06T00:00:00.000","SILVER - COMMODITY EXCHANGE INC.","SILVER","154593","8844","54109","53877","29439"
"2021-04-06T00:00:00.000","GOLD - COMMODITY EXCHANGE INC.","GOLD","463353","11916","90527","121563","55091"
"2021-04-06T00:00:00.000","COPPER-GRADE #1 - COMMODITY EXCHANGE INC.","COPPER","243342","20966","103196","81806","34839"
"2021-04-06T00:00:00.000","PALLADIUM - NEW YORK MERCANTILE EXCHANGE","PALLADIUM","10529","684","5044","4754","1321"
"2021-04-06T00:00:00.000","NATURAL GAS - NEW YORK MERCANTILE EXCHANGE","NATURAL GAS","1220273","236356","292309","194441","194599"
"2021-04-06T00:00:00.000","PLATINUM - NEW YORK MERCANTILE EXCHANGE","PLATINUM","68108","1264","36593","30189","6134"
"2021-04-13T00:00:00.000","NATURAL GAS - NEW YORK MERCANTILE EXCHANGE","NATURAL GAS","1193666","215306","279198","200755","182544"
"2021-04-13T00:00:00.000","GOLD - COMMODITY EXCHANGE INC.","GOLD","460733","11585","86637","112070","58263"
"2021-04-13T00:00:00.000","COPPER-GRADE #1 - COMMODITY EXCHANGE INC.","COPPER","236602","21373","99124","75197","38076"
"2021-04-13T00:00:00.000","SILVER - COMMODITY EXCHANGE INC.","SILVER","164066","9209","56435","55910","27343"
"2021-04-13T00:00:00.000","PLATINUM - NEW YORK MERCANTILE EXCHANGE","PLATINUM","65661","1873","32800","22505","7800"
"2021-04-13T00:00:00.000","PALLADIUM - NEW YORK MERCANTILE EXCHANGE","PALLADIUM","10926","748","5198","4832","1127"
"2021-04-20T00:00:00.000","NATURAL GAS - NEW YORK MERCANTILE EXCHANGE","NATURAL GAS","1183677","202959","273981","199309","159241"
"2021-04-20T00:00:00.000","GOLD - COMMODITY EXCHANGE INC.","GOLD","471738","11755","87520","116843","60419"
"2021-04-20T00:00:00.000","COPPER-GRADE #1 - COMMODITY EXCHANGE INC.","COPPER","248509","23467","108812","81205","37858"
"2021-04-20T00:00:00.000","SILVER - COMMODITY EXCHANGE INC.","SILVER","169420","9592","58973","61979","27992"
"2021-04-20T00:00:00.000","PLATINUM - NEW YORK MERCANTILE EXCHANGE","PLATINUM","63613","1863","32898","22604","6908"
"2021-04-20T00:00:00.000","PALLADIUM - NEW YORK MERCANTILE EXCHANGE","PALLADIUM","11647","827","5431","5271","1549"
"2021-04-27T00:00:00.000","PALLADIUM - NEW YORK MERCANTILE EXCHANGE","PALLADIUM","11707","752","5482","5470","1191"
"2021-04-27T00:00:00.000","GOLD - COMMODITY EXCHANGE INC.","GOLD","473305","11542","83268","117144","66493"
"2021-04-27T00:00:00.000","COPPER-GRADE #1 - COMMODITY EXCHANGE INC.","COPPER","254183","23331","112829","90484","36205"
"2021-04-27T00:00:00.000","SILVER - COMMODITY EXCHANGE INC.","SILVER","172470","9139","60864","64769","28213"
"2021-04-27T00:00:00.000","PLATINUM - NEW YORK MERCANTILE EXCHANGE","PLATINUM","65211","1505","34424","25962","6168"
"2021-04-27T00:00:00.000","NATURAL GAS - NEW YORK MERCANTILE EXCHANGE","NATURAL GAS","1159687","187702","260474","206722","172913"
"2021-05-04T00:00:00.000","PALLADIUM - NEW YORK MERCANTILE EXCHANGE","PALLADIUM","11923","690","5535","5505","1071"
"2021-05-04T00:00:00.000","GOLD - COMMODITY EXCHANGE INC.","GOLD","470341","11043","78286","117434","63809"
"2021-05-04T00:00:00.000","COPPER-GRADE #1 - COMMODITY EXCHANGE INC.","COPPER","259609","24897","117141","100251","35136"
"2021-05-04T00:00:00.000","SILVER - COMMODITY EXCHANGE INC.","SILVER","167073","8929","62194","66702","24148"
"2021-05-04T00:00:00.000","PLATINUM - NEW YORK MERCANTILE EXCHANGE","PLATINUM","64855","1520","33101","25998","6527"
"2021-05-04T00:00:00.000","NATURAL GAS - NEW YORK MERCANTILE EXCHANGE","NATURAL GAS","1190727","171154","258006","225916","175622"
"2021-05-11T00:00:00.000","NATURAL GAS - NEW YORK MERCANTILE EXCHANGE","NATURAL GAS","1194771","166618","259761","235751","182205"
"2021-05-11T00:00:00.000","GOLD - COMMODITY EXCHANGE INC.","GOLD","498693","16359","87150","131295","49680"
"2021-05-11T00:00:00.000","COPPER-GRADE #1 - COMMODITY EXCHANGE INC.","COPPER","258498","24355","117055","95238","35031"
"2021-05-11T00:00:00.000","SILVER - COMMODITY EXCHANGE INC.","SILVER","178250","9440","64357","73342","26851"
"2021-05-11T00:00:00.000","PLATINUM - NEW YORK MERCANTILE EXCHANGE","PLATINUM","66115","1776","33466","25932","7133"
"2021-05-11T00:00:00.000","PALLADIUM - NEW YORK MERCANTILE EXCHANGE","PALLADIUM","12048","606","5407","5648","1554"
"2021-05-18T00:00:00.000","NATURAL GAS - NEW YORK MERCANTILE EXCHANGE","NATURAL GAS","1215201","176221","271817","255898","196175"
"2021-05-18T00:00:00.000","GOLD - COMMODITY EXCHANGE INC.","GOLD","520410","18969","84133","141776","49786"
"2021-05-18T00:00:00.000","COPPER-GRADE #1 - COMMODITY EXCHANGE INC.","COPPER","241354","21927","105512","85005","34314"
"2021-05-18T00:00:00.000","SILVER - COMMODITY EXCHANGE INC.","SILVER","181606","9339","63545","73685","28674"
"2021-05-18T00:00:00.000","PLATINUM - NEW YORK MERCANTILE EXCHANGE","PLATINUM","66761","1888","33064","24351","7915"
"2021-05-18T00:00:00.000","PALLADIUM - NEW YORK MERCANTILE EXCHANGE","PALLADIUM","11734","446","5012","5658","1652"
"2021-05-25T00:00:00.000","PALLADIUM - NEW YORK MERCANTILE EXCHANGE","PALLADIUM","10623","186","4359","5124","1715"
"2021-05-25T00:00:00.000","GOLD - COMMODITY EXCHANGE INC.","GOLD","510164","12526","90986","143862","36607"
"2021-05-25T00:00:00.000","COPPER-GRADE #1 - COMMODITY EXCHANGE INC.","COPPER","230730","21818","92380","70997","37949"
"2021-05-25T00:00:00.000","SILVER - COMMODITY EXCHANGE INC.","SILVER","180830","9799","63727","72629","28963"
"2021-05-25T00:00:00.000","PLATINUM - NEW YORK MERCANTILE EXCHANGE","PLATINUM","67247","1675","31476","23126","9859"
"2021-05-25T00:00:00.000","NATURAL GAS - NEW YORK MERCANTILE EXCHANGE","NATURAL GAS","1183543","179756","270611","242793","217030"
"2021-06-01T00:00:00.000","PALLADIUM - NEW YORK MERCANTILE EXCHANGE","PALLADIUM","10608","229","4496","5547","1728"
"2021-06-01T00:00:00.000","GOLD - COMMODITY EXCHANGE INC.","GOLD","489198","11017","80820","147270","37297"
"2021-06-01T00:00:00.000","COPPER-GRADE #1 - COMMODITY EXCHANGE INC.","COPPER","232824","23889","88812","67542","40774"
"2021-06-01T00:00:00.000","SILVER - COMMODITY EXCHANGE INC.","SILVER","182312","9991","63755","70120","29441"
"2021-06-01T00:00:00.000","PLATINUM - NEW YORK MERCANTILE EXCHANGE","PLATINUM","67551","1749","31895","23529","9764"
"2021-06-01T00:00:00.000","NATURAL GAS - NEW YORK MERCANTILE EXCHANGE","NATURAL GAS","1240729","190233","284269","253555","213098"
"2021-06-08T00:00:00.000","PALLADIUM - NEW YORK MERCANTILE EXCHANGE","PALLADIUM","10767","206","4685","5624","1736"
"2021-06-08T00:00:00.000","GOLD - COMMODITY EXCHANGE INC.","GOLD","491858","13828","78884","145037","37373"
"2021-06-08T00:00:00.000","COPPER-GRADE #1 - COMMODITY EXCHANGE INC.","COPPER","234207","24384","84051","66095","42417"
"2021-06-08T00:00:00.000","SILVER - COMMODITY EXCHANGE INC.","SILVER","184841","11013","63056","68150","25766"
"2021-06-08T00:00:00.000","PLATINUM - NEW YORK MERCANTILE EXCHANGE","PLATINUM","66649","1987","29526","21279","11739"
"2021-06-08T00:00:00.000","NATURAL GAS - NEW YORK MERCANTILE EXCHANGE","NATURAL GAS","1268107","208594","301219","274413","221563"
"2021-06-15T00:00:00.000","NATURAL GAS - NEW YORK MERCANTILE EXCHANGE","NATURAL GAS","1341854","211164","312195","296433","234811"
"2021-06-15T00:00:00.000","GOLD - COMMODITY EXCHANGE INC.","GOLD","480127","15205","79346","138546","41754"
"2021-06-15T00:00:00.000","COPPER-GRADE #1 - COMMODITY EXCHANGE INC.","COPPER","229832","23603","82540","64592","45428"
"2021-06-15T00:00:00.000","SILVER - COMMODITY EXCHANGE INC.","SILVER","194268","12311","63296","72624","28359"
"2021-06-15T00:00:00.000","PLATINUM - NEW YORK MERCANTILE EXCHANGE","PLATINUM","64994","2331","28995","20430","11336"
"2021-06-15T00:00:00.000","PALLADIUM - NEW YORK MERCANTILE EXCHANGE","PALLADIUM","10757","180","4624","5615","1769"
"2021-06-22T00:00:00.000","NATURAL GAS - NEW YORK MERCANTILE EXCHANGE","NATURAL GAS","1296786","193674","297877","302274","250918"
"2021-06-22T00:00:00.000","GOLD - COMMODITY EXCHANGE INC.","GOLD","453940","14480","70690","110038","47502"
"2021-06-22T00:00:00.000","COPPER-GRADE #1 - COMMODITY EXCHANGE INC.","COPPER","206167","22244","74242","57273","39438"
"2021-06-22T00:00:00.000","SILVER - COMMODITY EXCHANGE INC.","SILVER","175703","11083","55729","56371","26839"
"2021-06-22T00:00:00.000","PLATINUM - NEW YORK MERCANTILE EXCHANGE","PLATINUM","63276","2847","25138","15161","13749"
"2021-06-22T00:00:00.000","PALLADIUM - NEW YORK MERCANTILE EXCHANGE","PALLADIUM","9213","193","3747","3878","1641"
"2021-06-29T00:00:00.000","PALLADIUM - NEW YORK MERCANTILE EXCHANGE","PALLADIUM","9193","226","3953","4102","1368"
"2021-06-29T00:00:00.000","GOLD - COMMODITY EXCHANGE INC.","GOLD","453360","14517","68972","115438","54056"
"2021-06-29T00:00:00.000","COPPER-GRADE #1 - COMMODITY EXCHANGE INC.","COPPER","197783","21896","76574","58756","32750"
"2021-06-29T00:00:00.000","SILVER - COMMODITY EXCHANGE INC.","SILVER","157119","6249","50887","56930","24076"
"2021-06-29T00:00:00.000","PLATINUM - NEW YORK MERCANTILE EXCHANGE","PLATINUM","58265","3369","26318","15330","10673"
"2021-06-29T00:00:00.000","NATURAL GAS - NEW YORK MERCANTILE EXCHANGE","NATURAL GAS","1383168","202896","317312","321246","226323"
"2021-07-06T00:00:00.000","PALLADIUM - NEW YORK MERCANTILE EXCHANGE","PALLADIUM","10114","341","4648","4842","1275"
"2021-07-06T00:00:00.000","GOLD - COMMODITY EXCHANGE INC.","GOLD","465811","14158","75008","131218","53258"
"2021-07-06T00:00:00.000","COPPER-GRADE #1 - COMMODITY EXCHANGE INC.","COPPER","202781","20081","81301","58722","27799"
"2021-07-06T00:00:00.000","SILVER - COMMODITY EXCHANGE INC.","SILVER","157216","5041","53942","60782","25783"
"2021-07-06T00:00:00.000","PLATINUM - NEW YORK MERCANTILE EXCHANGE","PLATINUM","55441","3283","26702","13955","10905"
"2021-07-06T00:00:00.000","NATURAL GAS - NEW YORK MERCANTILE EXCHANGE","NATURAL GAS","1444905","217958","332877","319130","215669"
"2021-07-13T00:00:00.000","PALLADIUM - NEW YORK MERCANTILE EXCHANGE","PALLADIUM","10469","366","4663","5083","1492"
"2021-07-13T00:00:00.000","GOLD - COMMODITY EXCHANGE INC.","GOLD","495798","14757","75926","135938","49647"
"2021-07-13T00:00:00.000","COPPER-GRADE #1 - COMMODITY EXCHANGE INC.","COPPER","199936","20191","82547","57039","27896"
"2021-07-13T00:00:00.000","SILVER - COMMODITY EXCHANGE INC.","SILVER","154699","5217","52204","59448","25293"
"2021-07-13T00:00:00.000","PLATINUM - NEW YORK MERCANTILE EXCHANGE","PLATINUM","56142","2928","27474","13587","9968"
"2021-07-13T00:00:00.000","NATURAL GAS - NEW YORK MERCANTILE EXCHANGE","NATURAL GAS","1459676","225161","334784","314278","218691"
"2021-07-20T00:00:00.000","SILVER - COMMODITY EXCHANGE INC.","SILVER","151763","5719","49029","53215","27133"
"2021-07-20T00:00:00.000","GOLD - COMMODITY EXCHANGE INC.","GOLD","490520","14367","78197","135163","44735"
"2021-07-20T00:00:00.000","COPPER-GRADE #1 - COMMODITY EXCHANGE INC.","COPPER","197428","22004","83215","56075","28240"
"2021-07-20T00:00:00.000","PLATINUM - NEW YORK MERCANTILE EXCHANGE","PLATINUM","57661","3270","26541","12908","11694"
"2021-07-20T00:00:00.000","PALLADIUM - NEW YORK MERCANTILE EXCHANGE","PALLADIUM","9934","380","3879","4386","1805"
"2021-07-20T00:00:00.000","NATURAL GAS - NEW YORK MERCANTILE EXCHANGE","NATURAL GAS","1448237","217858","327732","311074","222005"
"2021-07-27T00:00:00.000","NATURAL GAS - NEW YORK MERCANTILE EXCHANGE","NATURAL GAS","1436874","207455","319739","308669","233304"
"2021-07-27T00:00:00.000","GOLD - COMMODITY EXCHANGE INC.","GOLD","500187","13874","70160","131635","41405"
"2021-07-27T00:00:00.000","COPPER-GRADE #1 - COMMODITY EXCHANGE INC.","COPPER","208816","22509","96468","67753","22168"
"2021-07-27T00:00:00.000","SILVER - COMMODITY EXCHANGE INC.","SILVER","150814","5698","46203","50846","29920"
"2021-07-27T00:00:00.000","PLATINUM - NEW YORK MERCANTILE EXCHANGE","PLATINUM","59378","3329","26289","13987","14040"
"2021-07-27T00:00:00.000","PALLADIUM - NEW YORK MERCANTILE EXCHANGE","PALLADIUM","10098","417","4008","4364","1801"
"2021-08-03T00:00:00.000","PALLADIUM - NEW YORK MERCANTILE EXCHANGE","PALLADIUM","10485","402","4085","4564","2023"
"2021-08-03T00:00:00.000","COPPER-GRADE #1 - COMMODITY EXCHANGE INC.","COPPER","211071","23964","100602","65290","26644"
"2021-08-03T00:00:00.000","SILVER - COMMODITY EXCHANGE INC.","SILVER","146196","4864","46645","50878","25468"
"2021-08-03T00:00:00.000","GOLD - COMMODITY EXCHANGE INC.","GOLD","485663","17427","73826","132920","43047"
"2021-08-03T00:00:00.000","PLATINUM - NEW YORK MERCANTILE EXCHANGE","PLATINUM","61085","3462","25297","13386","17516"
"2021-08-03T00:00:00.000","NATURAL GAS - NEW YORK MERCANTILE EXCHANGE","NATURAL GAS","1453997","215384","329355","309063","231228"
"2021-08-10T00:00:00.000","PALLADIUM - NEW YORK MERCANTILE EXCHANGE","PALLADIUM","10452","409","4217","4661","1680"
"2021-08-10T00:00:00.000","GOLD - COMMODITY EXCHANGE INC.","GOLD","477232","15344","62975","111892","76489"
"2021-08-10T00:00:00.000","COPPER-GRADE #1 - COMMODITY EXCHANGE INC.","COPPER","199899","19796","90352","62475","31373"
"2021-08-10T00:00:00.000","SILVER - COMMODITY EXCHANGE INC.","SILVER","154491","5545","41776","46631","34891"
"2021-08-10T00:00:00.000","PLATINUM - NEW YORK MERCANTILE EXCHANGE","PLATINUM","64271","3261","23702","13287","22166"
"2021-08-10T00:00:00.000","NATURAL GAS - NEW YORK MERCANTILE EXCHANGE","NATURAL GAS","1420102","221857","334238","312710","225067"
"2021-08-17T00:00:00.000","PLATINUM - NEW YORK MERCANTILE EXCHANGE","PLATINUM","62569","3104","23974","14747","19987"
"2021-08-17T00:00:00.000","GOLD - COMMODITY EXCHANGE INC.","GOLD","485485","14549","66385","117272","58194"
"2021-08-17T00:00:00.000","COPPER-GRADE #1 - COMMODITY EXCHANGE INC.","COPPER","208878","26832","88980","57717","38759"
"2021-08-17T00:00:00.000","NATURAL GAS - NEW YORK MERCANTILE EXCHANGE","NATURAL GAS","1414880","236025","343230","300766","254347"
"2021-08-17T00:00:00.000","SILVER - COMMODITY EXCHANGE INC.","SILVER","153825","5832","40707","48227","38472"
"2021-08-17T00:00:00.000","PALLADIUM - NEW YORK MERCANTILE EXCHANGE","PALLADIUM","10681","473","3769","4123","1290"
"2021-08-24T00:00:00.000","NATURAL GAS - NEW YORK MERCANTILE EXCHANGE","NATURAL GAS","1391801","238001","339153","290035","259259"
"2021-08-24T00:00:00.000","GOLD - COMMODITY EXCHANGE INC.","GOLD","504735","14405","69571","126636","51192"
"2021-08-24T00:00:00.000","COPPER-GRADE #1 - COMMODITY EXCHANGE INC.","COPPER","192968","31808","81342","50793","38526"
"2021-08-24T00:00:00.000","SILVER - COMMODITY EXCHANGE INC.","SILVER","149847","5294","41069","48094","37470"
"2021-08-24T00:00:00.000","PLATINUM - NEW YORK MERCANTILE EXCHANGE","PLATINUM","63828","3563","24302","16234","19883"
"2021-08-24T00:00:00.000","PALLADIUM - NEW YORK MERCANTILE EXCHANGE","PALLADIUM","9173","884","3170","2442","1418"
"2021-08-31T00:00:00.000","NATURAL GAS - NEW YORK MERCANTILE EXCHANGE","NATURAL GAS","1433792","247715","363875","309691","237640"
"2021-08-31T00:00:00.000","GOLD - COMMODITY EXCHANGE INC.","GOLD","507113","13580","66321","136555","54878"
"2021-08-31T00:00:00.000","COPPER-GRADE #1 - COMMODITY EXCHANGE INC.","COPPER","190030","23378","89734","58189","27221"
"2021-08-31T00:00:00.000","SILVER - COMMODITY EXCHANGE INC.","SILVER","140937","5197","39826","49008","36735"
"2021-08-31T00:00:00.000","PLATINUM - NEW YORK MERCANTILE EXCHANGE","PLATINUM","67072","4438","24360","16283","21848"
"2021-08-31T00:00:00.000","PALLADIUM - NEW YORK MERCANTILE EXCHANGE","PALLADIUM","8595","567","2858","2586","1390"
"2021-09-07T00:00:00.000","PALLADIUM - NEW YORK MERCANTILE EXCHANGE","PALLADIUM","8522","487","2761","2567","1507"
"2021-09-07T00:00:00.000","GOLD - COMMODITY EXCHANGE INC.","GOLD","506772","14223","66798","129044","61449"
"2021-09-07T00:00:00.000","COPPER-GRADE #1 - COMMODITY EXCHANGE INC.","COPPER","190379","20894","90300","57092","26311"
"2021-09-07T00:00:00.000","SILVER - COMMODITY EXCHANGE INC.","SILVER","139187","4927","40895","49406","31630"
"2021-09-07T00:00:00.000","PLATINUM - NEW YORK MERCANTILE EXCHANGE","PLATINUM","69024","4877","24672","15021","22098"
"2021-09-07T00:00:00.000","NATURAL GAS - NEW YORK MERCANTILE EXCHANGE","NATURAL GAS","1466890","256563","372856","306391","219258"
"2021-09-14T00:00:00.000","PALLADIUM - NEW YORK MERCANTILE EXCHANGE","PALLADIUM","8607","659","1575","2082","2712"
"2021-09-14T00:00:00.000","GOLD - COMMODITY EXCHANGE INC.","GOLD","506356","13149","67186","130837","59615"
"2021-09-14T00:00:00.000","COPPER-GRADE #1 - COMMODITY EXCHANGE INC.","COPPER","192156","19568","95582","59963","24903"
"2021-09-14T00:00:00.000","SILVER - COMMODITY EXCHANGE INC.","SILVER","140540","4864","40400","48598","34512"
"2021-09-14T00:00:00.000","PLATINUM - NEW YORK MERCANTILE EXCHANGE","PLATINUM","75870","7226","23115","14107","30211"
"2021-09-14T00:00:00.000","NATURAL GAS - NEW YORK MERCANTILE EXCHANGE","NATURAL GAS","1429777","245161","360262","284384","205702"
"2021-09-21T00:00:00.000","PALLADIUM - NEW YORK MERCANTILE EXCHANGE","PALLADIUM","9051","1116","1349","1908","3549"
"2021-09-21T00:00:00.000","GOLD - COMMODITY EXCHANGE INC.","GOLD","492765","15089","61902","119777","72933"
"2021-09-21T00:00:00.000","COPPER-GRADE #1 - COMMODITY EXCHANGE INC.","COPPER","190659","21228","85242","54897","32854"
"2021-09-21T00:00:00.000","SILVER - COMMODITY EXCHANGE INC.","SILVER","145537","5362","36377","48233","46923"
"2021-09-21T00:00:00.000","PLATINUM - NEW YORK MERCANTILE EXCHANGE","PLATINUM","73415","7338","22978","14926","28805"
"2021-09-21T00:00:00.000","NATURAL GAS - NEW YORK MERCANTILE EXCHANGE","NATURAL GAS","1378350","212992","331624","275112","234495"
"2021-09-28T00:00:00.000","SILVER - COMMODITY EXCHANGE INC.","SILVER","142163","5245","36380","47442","43918"
"2021-09-28T00:00:00.000","GOLD - COMMODITY EXCHANGE INC.","GOLD","490858","18460","60320","118923","88062"
"2021-09-28T00:00:00.000","COPPER-GRADE #1 - COMMODITY EXCHANGE INC.","COPPER","184988","19877","81547","59298","30340"
"2021-09-28T00:00:00.000","PLATINUM - NEW YORK MERCANTILE EXCHANGE","PLATINUM","62551","3753","20365","15591","23327"
"2021-09-28T00:00:00.000","PALLADIUM - NEW YORK MERCANTILE EXCHANGE","PALLADIUM","9439","1280","1330","1801","4095"
"2021-09-28T00:00:00.000","NATURAL GAS - NEW YORK MERCANTILE EXCHANGE","NATURAL GAS","1363463","210321","336356","246685","215643"
"2021-10-05T00:00:00.000","NATURAL GAS - NEW YORK MERCANTILE EXCHANGE","NATURAL GAS","1376788","211696","345869","240098","206683"
"2021-10-05T00:00:00.000","GOLD - COMMODITY EXCHANGE INC.","GOLD","483789","14867","57675","126745","72579"
"2021-10-05T00:00:00.000","COPPER-GRADE #1 - COMMODITY EXCHANGE INC.","COPPER","185655","19666","79004","57585","31929"
"2021-10-05T00:00:00.000","SILVER - COMMODITY EXCHANGE INC.","SILVER","139763","5454","36320","47463","42819"
"2021-10-05T00:00:00.000","PLATINUM - NEW YORK MERCANTILE EXCHANGE","PLATINUM","62109","3530","20215","15737","23817"
"2021-10-05T00:00:00.000","PALLADIUM - NEW YORK MERCANTILE EXCHANGE","PALLADIUM","9705","1301","1340","2044","4527"
"2021-10-12T00:00:00.000","PALLADIUM - NEW YORK MERCANTILE EXCHANGE","PALLADIUM","9296","1170","1503","1908","3972"
"2021-10-12T00:00:00.000","GOLD - COMMODITY EXCHANGE INC.","GOLD","484382","14259","62099","131668","73149"
"2021-10-12T00:00:00.000","COPPER-GRADE #1 - COMMODITY EXCHANGE INC.","COPPER","194817","19330","86237","65593","30967"
"2021-10-12T00:00:00.000","SILVER - COMMODITY EXCHANGE INC.","SILVER","139403","4968","37046","47447","42391"
"2021-10-12T00:00:00.000","PLATINUM - NEW YORK MERCANTILE EXCHANGE","PLATINUM","59344","2820","22319","18313","18513"
"2021-10-12T00:00:00.000","NATURAL GAS - NEW YORK MERCANTILE EXCHANGE","NATURAL GAS","1314022","185947","327793","222318","194448"
"2021-10-19T00:00:00.000","PALLADIUM - NEW YORK MERCANTILE EXCHANGE","PALLADIUM","9061","1043","1534","1847","4009"
"2021-10-19T00:00:00.000","GOLD - COMMODITY EXCHANGE INC.","GOLD","485974","12474","63126","124560","66761"
"2021-10-19T00:00:00.000","COPPER-GRADE #1 - COMMODITY EXCHANGE INC.","COPPER","225225","24219","109366","81574","28400"
"2021-10-19T00:00:00.000","SILVER - COMMODITY EXCHANGE INC.","SILVER","143664","3747","42051","50040","30603"
"2021-10-19T00:00:00.000","PLATINUM - NEW YORK MERCANTILE EXCHANGE","PLATINUM","58570","2735","24994","18347","13233"
"2021-10-19T00:00:00.000","NATURAL GAS - NEW YORK MERCANTILE EXCHANGE","NATURAL GAS","1318498","185833","328982","216470","211868"
"2021-10-26T00:00:00.000","PLATINUM - NEW YORK MERCANTILE EXCHANGE","PLATINUM","58161","2906","26335","17465","11339"
"2021-10-26T00:00:00.000","GOLD - COMMODITY EXCHANGE INC.","GOLD","509794","13505","64600","141280","54918"
"2021-10-26T00:00:00.000","COPPER-GRADE #1 - COMMODITY EXCHANGE INC.","COPPER","222927","25826","110499","76431","29362"
"2021-10-26T00:00:00.000","NATURAL GAS - NEW YORK MERCANTILE EXCHANGE","NATURAL GAS","1295271","185493","317112","210936","215849"
"2021-10-26T00:00:00.000","SILVER - COMMODITY EXCHANGE INC.","SILVER","141581","3361","45213","52646","23514"
"2021-10-26T00:00:00.000","PALLADIUM - NEW YORK MERCANTILE EXCHANGE","PALLADIUM","10205","1353","1615","1677","4204"
"2021-11-02T00:00:00.000","SILVER - COMMODITY EXCHANGE INC.","SILVER","141394","3508","44388","50391","26422"
"2021-11-02T00:00:00.000","GOLD - COMMODITY EXCHANGE INC.","GOLD","507616","13986","66307","136944","51705"
"2021-11-02T00:00:00.000","COPPER-GRADE #1 - COMMODITY EXCHANGE INC.","COPPER","217216","27251","106866","67154","32214"
"2021-11-02T00:00:00.000","PLATINUM - NEW YORK MERCANTILE EXCHANGE","PLATINUM","56508","2262","26152","17601","10242"
"2021-11-02T00:00:00.000","PALLADIUM - NEW YORK MERCANTILE EXCHANGE","PALLADIUM","10926","1478","1578","1587","4460"
"2021-11-02T00:00:00.000","NATURAL GAS - NEW YORK MERCANTILE EXCHANGE","NATURAL GAS","1267227","181674","310728","204365","218222"
"2021-11-09T00:00:00.000","NATURAL GAS - NEW YORK MERCANTILE EXCHANGE","NATURAL GAS","1305687","176310","303096","201626","226187"
"2021-11-09T00:00:00.000","GOLD - COMMODITY EXCHANGE INC.","GOLD","571025","17412","76212","168133","42523"
"2021-11-09T00:00:00.000","COPPER-GRADE #1 - COMMODITY EXCHANGE INC.","COPPER","213365","28893","101229","60874","36954"
"2021-11-09T00:00:00.000","SILVER - COMMODITY EXCHANGE INC.","SILVER","144370","3013","46879","50950","23702"
"2021-11-09T00:00:00.000","PLATINUM - NEW YORK MERCANTILE EXCHANGE","PLATINUM","57866","2365","27430","19479","9332"
"2021-11-09T00:00:00.000","PALLADIUM - NEW YORK MERCANTILE EXCHANGE","PALLADIUM","11819","1448","1736","1850","4196"
"2021-11-16T00:00:00.000","PALLADIUM - NEW YORK MERCANTILE EXCHANGE","PALLADIUM","11840","1345","2166","2126","3590"
"2021-11-16T00:00:00.000","GOLD - COMMODITY EXCHANGE INC.","GOLD","612612","17998","86192","185468","43083"
"2021-11-16T00:00:00.000","COPPER-GRADE #1 - COMMODITY EXCHANGE INC.","COPPER","208066","25366","95592","62719","38592"
"2021-11-16T00:00:00.000","SILVER - COMMODITY EXCHANGE INC.","SILVER","152404","2642","48301","59631","24341"
"2021-11-16T00:00:00.000","PLATINUM - NEW YORK MERCANTILE EXCHANGE","PLATINUM","62284","2427","29741","23014","8662"
"2021-11-16T00:00:00.000","NATURAL GAS - NEW YORK MERCANTILE EXCHANGE","NATURAL GAS","1308708","177800","305215","204178","213576"
"2021-11-23T00:00:00.000","PALLADIUM - NEW YORK MERCANTILE EXCHANGE","PALLADIUM","10078","1151","2207","2031","3144"
"2021-11-23T00:00:00.000","GOLD - COMMODITY EXCHANGE INC.","GOLD","559823","14322","82848","152273","46934"
"2021-11-23T00:00:00.000","COPPER-GRADE #1 - COMMODITY EXCHANGE INC.","COPPER","190681","24029","84989","56321","37175"
"2021-11-23T00:00:00.000","SILVER - COMMODITY EXCHANGE INC.","SILVER","149642","4283","48644","54714","24901"
"2021-11-23T00:00:00.000","PLATINUM - NEW YORK MERCANTILE EXCHANGE","PLATINUM","61553","1948","26238","18701","13090"
"2021-11-23T00:00:00.000","NATURAL GAS - NEW YORK MERCANTILE EXCHANGE","NATURAL GAS","1280907","176779","300559","202315","204169"
"2021-11-30T00:00:00.000","PALLADIUM - NEW YORK MERCANTILE EXCHANGE","PALLADIUM","9621","1244","1147","1786","4433"
"2021-11-30T00:00:00.000","GOLD - COMMODITY EXCHANGE INC.","GOLD","531868","13584","67407","137469","45384"
"2021-11-30T00:00:00.000","COPPER-GRADE #1 - COMMODITY EXCHANGE INC.","COPPER","184214","26314","80472","52438","39406"
"2021-11-30T00:00:00.000","SILVER - COMMODITY EXCHANGE INC.","SILVER","138003","3915","44277","48877","21353"
"2021-11-30T00:00:00.000","PLATINUM - NEW YORK MERCANTILE EXCHANGE","PLATINUM","62385","3069","23039","15494","15421"
"2021-11-30T00:00:00.000","NATURAL GAS - NEW YORK MERCANTILE EXCHANGE","NATURAL GAS","1269879","176035","298769","202849","209990"
"2021-12-07T00:00:00.000","SILVER - COMMODITY EXCHANGE INC.","SILVER","136572","4490","43304","47419","29754"
"2021-12-07T00:00:00.000","GOLD - COMMODITY EXCHANGE INC.","GOLD","499307","11713","65860","125067","44326"
"2021-12-07T00:00:00.000","COPPER-GRADE #1 - COMMODITY EXCHANGE INC.","COPPER","173954","25525","77121","49830","36111"
"2021-12-07T00:00:00.000","PLATINUM - NEW YORK MERCANTILE EXCHANGE","PLATINUM","65134","3958","23355","13473","17555"
"2021-12-07T00:00:00.000","PALLADIUM - NEW YORK MERCANTILE EXCHANGE","PALLADIUM","9253","1421","1268","1859","4211"
"2021-12-07T00:00:00.000","NATURAL GAS - NEW YORK MERCANTILE EXCHANGE","NATURAL GAS","1205626","162213","272478","181768","225482"
"2021-12-14T00:00:00.000","NATURAL GAS - NEW YORK MERCANTILE EXCHANGE","NATURAL GAS","1153450","152762","258279","179840","213275"
"2021-12-14T00:00:00.000","GOLD - COMMODITY EXCHANGE INC.","GOLD","503709","11823","63346","121492","58075"
"2021-12-14T00:00:00.000","COPPER-GRADE #1 - COMMODITY EXCHANGE INC.","COPPER","171976","25006","75456","48494","36866"
"2021-12-14T00:00:00.000","SILVER - COMMODITY EXCHANGE INC.","SILVER","142384","6477","41904","47486","38281"
"2021-12-14T00:00:00.000","PLATINUM - NEW YORK MERCANTILE EXCHANGE","PLATINUM","66300","4325","23004","13249","21178"
"2021-12-14T00:00:00.000","PALLADIUM - NEW YORK MERCANTILE EXCHANGE","PALLADIUM","10098","1821","1253","1848","4942"
"2021-12-21T00:00:00.000","PALLADIUM - NEW YORK MERCANTILE EXCHANGE","PALLADIUM","9518","1643","1192","1767","4729"
"2021-12-21T00:00:00.000","GOLD - COMMODITY EXCHANGE INC.","GOLD","500846","11693","67486","124120","52372"
"2021-12-21T00:00:00.000","COPPER-GRADE #1 - COMMODITY EXCHANGE INC.","COPPER","170353","27145","74374","47565","37556"
"2021-12-21T00:00:00.000","SILVER - COMMODITY EXCHANGE INC.","SILVER","141119","6221","41047","48399","37741"
"2021-12-21T00:00:00.000","PLATINUM - NEW YORK MERCANTILE EXCHANGE","PLATINUM","64732","4556","22057","13577","23813"
"2021-12-21T00:00:00.000","NATURAL GAS - NEW YORK MERCANTILE EXCHANGE","NATURAL GAS","1142729","147907","235917","183371","222708"
"2021-12-28T00:00:00.000","PALLADIUM - NEW YORK MERCANTILE EXCHANGE","PALLADIUM","9403","1364","1392","1975","4377"
"2021-12-28T00:00:00.000","GOLD - COMMODITY EXCHANGE INC.","GOLD","508912","11047","69200","130389","46726"
"2021-12-28T00:00:00.000","COPPER-GRADE #1 - COMMODITY EXCHANGE INC.","COPPER","180736","25506","82505","56670","36133"
"2021-12-28T00:00:00.000","SILVER - COMMODITY EXCHANGE INC.","SILVER","141246","6018","42440","50454","33008"
"2021-12-28T00:00:00.000","PLATINUM - NEW YORK MERCANTILE EXCHANGE","PLATINUM","60353","4533","22076","15491","19970"
"2021-12-28T00:00:00.000","NATURAL GAS - NEW YORK MERCANTILE EXCHANGE","NATURAL GAS","1110532","146391","230182","179990","201382"
"2022-01-04T00:00:00.000","SILVER - COMMODITY EXCHANGE INC.","SILVER","139521","5466","43248","51595","29818"
"2022-01-04T00:00:00.000","GOLD - COMMODITY EXCHANGE INC.","GOLD","502717","11574","65049","124252","44744"
"2022-01-04T00:00:00.000","COPPER-GRADE #1 - COMMODITY EXCHANGE INC.","COPPER","185905","22676","84680","60718","34542"
"2022-01-04T00:00:00.000","PALLADIUM - NEW YORK MERCANTILE EXCHANGE","PALLADIUM","9480","1415","1395","1995","4437"
"2022-01-04T00:00:00.000","NATURAL GAS - NEW YORK MERCANTILE EXCHANGE","NATURAL GAS","1117606","142453","227032","184016","204138"
"2022-01-04T00:00:00.000","PLATINUM - NEW YORK MERCANTILE EXCHANGE","PLATINUM","58275","3537","21458","15950","18479"
"2022-01-11T00:00:00.000","SILVER - COMMODITY EXCHANGE INC.","SILVER","144442","5749","43334","50316","32514"
"2022-01-11T00:00:00.000","GOLD - COMMODITY EXCHANGE INC.","GOLD","546516","15004","65710","119297","44987"
"2022-01-11T00:00:00.000","COPPER-GRADE #1 - COMMODITY EXCHANGE INC.","COPPER","189678","23028","83375","59108","36964"
"2022-01-11T00:00:00.000","PLATINUM - NEW YORK MERCANTILE EXCHANGE","PLATINUM","59061","3297","20790","15023","19873"
"2022-01-11T00:00:00.000","PALLADIUM - NEW YORK MERCANTILE EXCHANGE","PALLADIUM","9110","1209","1180","1873","4286"
"2022-01-11T00:00:00.000","NATURAL GAS - NEW YORK MERCANTILE EXCHANGE","NATURAL GAS","1136714","149917","231893","191430","176623"
"2022-01-18T00:00:00.000","NATURAL GAS - NEW YORK MERCANTILE EXCHANGE","NATURAL GAS","1169188","164007","241560","201220","184948"
"2022-01-18T00:00:00.000","PALLADIUM - NEW YORK MERCANTILE EXCHANGE","PALLADIUM","9372","1256","1206","1834","4576"
"2022-01-18T00:00:00.000","PLATINUM - NEW YORK MERCANTILE EXCHANGE","PLATINUM","57321","3223","21050","15357","18032"
"2022-01-18T00:00:00.000","SILVER - COMMODITY EXCHANGE INC.","SILVER","148737","5561","47992","53143","29427"
"2022-01-18T00:00:00.000","COPPER-GRADE #1 - COMMODITY EXCHANGE INC.","COPPER","203198","24578","94633","61814","34024"
"2022-01-18T00:00:00.000","GOLD - COMMODITY EXCHANGE INC.","GOLD","539204","19188","70150","119807","48014"
"2022-01-25T00:00:00.000","PALLADIUM - NEW YORK MERCANTILE EXCHANGE","PALLADIUM","9034","908","1304","2070","3516"
"2022-01-25T00:00:00.000","GOLD - COMMODITY EXCHANGE INC.","GOLD","572078","13494","79264","140640","39265"
"2022-01-25T00:00:00.000","COPPER-GRADE #1 - COMMODITY EXCHANGE INC.","COPPER","205771","26358","99645","60854","32690"
"2022-01-25T00:00:00.000","SILVER - COMMODITY EXCHANGE INC.","SILVER","151779","5207","49276","51622","24203"
"2022-01-25T00:00:00.000","PLATINUM - NEW YORK MERCANTILE EXCHANGE","PLATINUM","53390","3188","23761","16856","10952"
"2022-01-25T00:00:00.000","NATURAL GAS - NEW YORK MERCANTILE EXCHANGE","NATURAL GAS","1141796","165958","233757","201355","191229"
"2022-02-01T00:00:00.000","PALLADIUM - NEW YORK MERCANTILE EXCHANGE","PALLADIUM","7853","760","1751","1688","1789"
"2022-02-01T00:00:00.000","GOLD - COMMODITY EXCHANGE INC.","GOLD","515331","13294","65627","108309","58395"
"2022-02-01T00:00:00.000","COPPER-GRADE #1 - COMMODITY EXCHANGE INC.","COPPER","198437","27707","91417","52531","33764"
"2022-02-01T00:00:00.000","SILVER - COMMODITY EXCHANGE INC.","SILVER","149136","6738","44913","46101","34142"
"2022-02-01T00:00:00.000","PLATINUM - NEW YORK MERCANTILE EXCHANGE","PLATINUM","53898","2972","23725","18128","10474"
"2022-02-01T00:00:00.000","NATURAL GAS - NEW YORK MERCANTILE EXCHANGE","NATURAL GAS","1162813","157760","229536","207072","159221"
"2022-02-08T00:00:00.000","PALLADIUM - NEW YORK MERCANTILE EXCHANGE","PALLADIUM","7497","803","1711","1466","1692"
"2022-02-08T00:00:00.000","GOLD - COMMODITY EXCHANGE INC.","GOLD","512842","12653","66144","117234","47767"
"2022-02-08T00:00:00.000","COPPER- #1 - COMMODITY EXCHANGE INC.","COPPER","201860","26021","95139","56784","32600"
"2022-02-08T00:00:00.000","SILVER - COMMODITY EXCHANGE INC.","SILVER","147379","6490","43357","43252","33091"
"2022-02-08T00:00:00.000","PLATINUM - NEW YORK MERCANTILE EXCHANGE","PLATINUM","58766","3534","25178","17983","13029"
"2022-02-08T00:00:00.000","NAT GAS NYME - NEW YORK MERCANTILE EXCHANGE","NATURAL GAS","1133934","153711","229587","205975","170925"
"2022-02-15T00:00:00.000","SILVER - COMMODITY EXCHANGE INC.","SILVER","156968","5951","43793","44274","26809"
"2022-02-15T00:00:00.000","GOLD - COMMODITY EXCHANGE INC.","GOLD","558645","13840","77522","151530","43824"
"2022-02-15T00:00:00.000","COPPER- #1 - COMMODITY EXCHANGE INC.","COPPER","210089","23127","105372","66718","30745"
"2022-02-15T00:00:00.000","PLATINUM - NEW YORK MERCANTILE EXCHANGE","PLATINUM","59897","3702","25242","17723","13695"
"2022-02-15T00:00:00.000","PALLADIUM - NEW YORK MERCANTILE EXCHANGE","PALLADIUM","8358","1061","1754","1720","1621"
"2022-02-15T00:00:00.000","NAT GAS NYME - NEW YORK MERCANTILE EXCHANGE","NATURAL GAS","1098101","163397","232260","199003","205829"
"2022-02-22T00:00:00.000","NAT GAS NYME - NEW YORK MERCANTILE EXCHANGE","NATURAL GAS","1107113","160343","232757","206356","207042"
"2022-02-22T00:00:00.000","GOLD - COMMODITY EXCHANGE INC.","GOLD","611488","14747","85658","183356","44380"
"2022-02-22T00:00:00.000","COPPER- #1 - COMMODITY EXCHANGE INC.","COPPER","204123","18373","98011","65026","32407"
"2022-02-22T00:00:00.000","SILVER - COMMODITY EXCHANGE INC.","SILVER","163745","4903","46798","46736","21087"
"2022-02-22T00:00:00.000","PLATINUM - NEW YORK MERCANTILE EXCHANGE","PLATINUM","62274","3021","29219","22956","10586"
"2022-02-22T00:00:00.000","PALLADIUM - NEW YORK MERCANTILE EXCHANGE","PALLADIUM","7903","1059","1758","1701","1714"
"2022-03-01T00:00:00.000","PALLADIUM - NEW YORK MERCANTILE EXCHANGE","PALLADIUM","7242","654","1531","1836","1583"
"2022-03-01T00:00:00.000","GOLD - COMMODITY EXCHANGE INC.","GOLD","615600","18689","94503","187215","38594"
"2022-03-01T00:00:00.000","COPPER- #1 - COMMODITY EXCHANGE INC.","COPPER","195398","15727","91846","62039","31687"
"2022-03-01T00:00:00.000","SILVER - COMMODITY EXCHANGE INC.","SILVER","157391","3684","49889","59592","17297"
"2022-03-01T00:00:00.000","PLATINUM - NEW YORK MERCANTILE EXCHANGE","PLATINUM","65383","2431","30332","24437","11872"
"2022-03-01T00:00:00.000","NAT GAS NYME - NEW YORK MERCANTILE EXCHANGE","NATURAL GAS","1112832","160716","234195","207875","209954"
"2022-03-08T00:00:00.000","PALLADIUM - NEW YORK MERCANTILE EXCHANGE","PALLADIUM","7631","603","2287","2129","1234"
"2022-03-08T00:00:00.000","GOLD - COMMODITY EXCHANGE INC.","GOLD","638502","23736","99813","181510","38537"
"2022-03-08T00:00:00.000","COPPER- #1 - COMMODITY EXCHANGE INC.","COPPER","198844","17028","100682","71536","30058"
"2022-03-08T00:00:00.000","SILVER - COMMODITY EXCHANGE INC.","SILVER","168283","4754","55154","64367","15687"
"2022-03-08T00:00:00.000","PLATINUM - NEW YORK MERCANTILE EXCHANGE","PLATINUM","72496","2002","34154","31012","9704"
"2022-03-08T00:00:00.000","NAT GAS NYME - NEW YORK MERCANTILE EXCHANGE","NATURAL GAS","1085853","157163","226045","207535","222584"
"2022-03-15T00:00:00.000","PLATINUM - NEW YORK MERCANTILE EXCHANGE","PLATINUM","67727","1749","32645","23456","9841"
"2022-03-15T00:00:00.000","GOLD - COMMODITY EXCHANGE INC.","GOLD","617605","26287","93725","165597","39060"
"2022-03-15T00:00:00.000","COPPER- #1 - COMMODITY EXCHANGE INC.","COPPER","183170","20853","90451","60685","31930"
"2022-03-15T00:00:00.000","NAT GAS NYME - NEW YORK MERCANTILE EXCHANGE","NATURAL GAS","1082746","156797","215063","205653","218687"
"2022-03-15T00:00:00.000","SILVER - COMMODITY EXCHANGE INC.","SILVER","159571","3762","49385","62249","14206"
"2022-03-15T00:00:00.000","PALLADIUM - NEW YORK MERCANTILE EXCHANGE","PALLADIUM","6992","604","1879","1811","1317"
"2022-03-22T00:00:00.000","SILVER - COMMODITY EXCHANGE INC.","SILVER","155456","3605","48546","57604","13776"
"2022-03-22T00:00:00.000","GOLD - COMMODITY EXCHANGE INC.","GOLD","605191","28886","93799","152589","37457"
"2022-03-22T00:00:00.000","COPPER- #1 - COMMODITY EXCHANGE INC.","COPPER","197244","25511","102350","66249","30369"
"2022-03-22T00:00:00.000","PLATINUM - NEW YORK MERCANTILE EXCHANGE","PLATINUM","64000","1769","32900","22172","7060"
"2022-03-22T00:00:00.000","PALLADIUM - NEW YORK MERCANTILE EXCHANGE","PALLADIUM","6948","594","1670","1664","1375"
"2022-03-22T00:00:00.000","NAT GAS NYME - NEW YORK MERCANTILE EXCHANGE","NATURAL GAS","1085676","158320","216577","212933","218853"
"2022-03-29T00:00:00.000","NAT GAS NYME - NEW YORK MERCANTILE EXCHANGE","NATURAL GAS","1100690","161706","225707","215851","215221"
"2022-03-29T00:00:00.000","GOLD - COMMODITY EXCHANGE INC.","GOLD","574521","18389","70315","146486","38184"
"2022-03-29T00:00:00.000","COPPER- #1 - COMMODITY EXCHANGE INC.","COPPER","203692","27635","106270","70677","29983"
"2022-03-29T00:00:00.000","SILVER - COMMODITY EXCHANGE INC.","SILVER","147370","3747","46729","54378","12247"
"2022-03-29T00:00:00.000","PLATINUM - NEW YORK MERCANTILE EXCHANGE","PLATINUM","61807","1729","29433","18921","10245"
"2022-03-29T00:00:00.000","PALLADIUM - NEW YORK MERCANTILE EXCHANGE","PALLADIUM","6720","696","1295","1307","1694"
"2022-04-05T00:00:00.000","PALLADIUM - NEW YORK MERCANTILE EXCHANGE","PALLADIUM","6642","656","1134","1402","1726"
"2022-04-05T00:00:00.000","GOLD - COMMODITY EXCHANGE INC.","GOLD","560666","18989","71333","148320","46693"
"2022-04-05T00:00:00.000","COPPER- #1 - COMMODITY EXCHANGE INC.","COPPER","216157","26009","109062","75427","34873"
"2022-04-05T00:00:00.000","SILVER - COMMODITY EXCHANGE INC.","SILVER","148526","4275","45011","52412","13447"
"2022-04-05T00:00:00.000","PLATINUM - NEW YORK MERCANTILE EXCHANGE","PLATINUM","60983","1785","27638","18045","12685"
"2022-04-05T00:00:00.000","NAT GAS NYME - NEW YORK MERCANTILE EXCHANGE","NATURAL GAS","1169620","157758","226148","235293","219089"
"2022-04-12T00:00:00.000","PALLADIUM - NEW YORK MERCANTILE EXCHANGE","PALLADIUM","6340","667","1032","1328","1710"
"2022-04-12T00:00:00.000","GOLD - COMMODITY EXCHANGE INC.","GOLD","577639","20272","72001","165244","48219"
"2022-04-12T00:00:00.000","COPPER- #1 - COMMODITY EXCHANGE INC.","COPPER","204825","24822","95232","68628","41241"
"2022-04-12T00:00:00.000","SILVER - COMMODITY EXCHANGE INC.","SILVER","158813","4279","47501","54935","12855"
"2022-04-12T00:00:00.000","PLATINUM - NEW YORK MERCANTILE EXCHANGE","PLATINUM","63363","2716","25455","16731","17148"
"2022-04-12T00:00:00.000","NAT GAS NYME - NEW YORK MERCANTILE EXCHANGE","NATURAL GAS","1170828","150414","225677","234794","208939"
"2022-04-19T00:00:00.000","PALLADIUM - NEW YORK MERCANTILE EXCHANGE","PALLADIUM","6435","765","1184","1128","1690"
"2022-04-19T00:00:00.000","GOLD - COMMODITY EXCHANGE INC.","GOLD","575202","22596","72545","157560","56294"
"2022-04-19T00:00:00.000","COPPER- #1 - COMMODITY EXCHANGE INC.","COPPER","203896","22236","91641","69111","45022"
"2022-04-19T00:00:00.000","SILVER - COMMODITY EXCHANGE INC.","SILVER","170577","3456","47109","57303","16585"
"2022-04-19T00:00:00.000","PLATINUM - NEW YORK MERCANTILE EXCHANGE","PLATINUM","61603","2303","26019","16032","15848"
"2022-04-19T00:00:00.000","NAT GAS NYME - NEW YORK MERCANTILE EXCHANGE","NATURAL GAS","1144047","138740","219298","222825","200831"
"2022-04-26T00:00:00.000","SILVER - COMMODITY EXCHANGE INC.","SILVER","145538","4365","43649","44689","18291"
"2022-04-26T00:00:00.000","GOLD - COMMODITY EXCHANGE INC.","GOLD","557785","22665","66838","138215","57098"
"2022-04-26T00:00:00.000","COPPER- #1 - COMMODITY EXCHANGE INC.","COPPER","193763","28777","75375","58010","56433"
"2022-04-26T00:00:00.000","PLATINUM - NEW YORK MERCANTILE EXCHANGE","PLATINUM","67591","4249","23234","13828","26248"
"2022-04-26T00:00:00.000","PALLADIUM - NEW YORK MERCANTILE EXCHANGE","PALLADIUM","6858","1128","1100","979","1562"
"2022-04-26T00:00:00.000","NAT GAS NYME - NEW YORK MERCANTILE EXCHANGE","NATURAL GAS","1121112","123997","214562","219753","193834"
"2022-05-03T00:00:00.000","NAT GAS NYME - NEW YORK MERCANTILE EXCHANGE","NATURAL GAS","1138319","121395","215330","216320","195790"
"2022-05-03T00:00:00.000","GOLD - COMMODITY EXCHANGE INC.","GOLD","560441","23431","63612","128828","60981"
"2022-05-03T00:00:00.000","COPPER- #1 - COMMODITY EXCHANGE INC.","COPPER","185255","31954","65151","53686","63760"
"2022-05-03T00:00:00.000","SILVER - COMMODITY EXCHANGE INC.","SILVER","137692","4197","38907","40692","25502"
"2022-05-03T00:00:00.000","PLATINUM - NEW YORK MERCANTILE EXCHANGE","PLATINUM","66545","3516","22486","16633","27300"
"2022-05-03T00:00:00.000","PALLADIUM - NEW YORK MERCANTILE EXCHANGE","PALLADIUM","7638","1338","1329","909","1610"
"2022-05-10T00:00:00.000","PALLADIUM - NEW YORK MERCANTILE EXCHANGE","PALLADIUM","8832","1248","916","901","2167"
"2022-05-10T00:00:00.000","GOLD - COMMODITY EXCHANGE INC.","GOLD","571447","22242","65143","123931","61939"
"2022-05-10T00:00:00.000","COPPER- #1 - COMMODITY EXCHANGE INC.","COPPER","184502","31514","63013","45247","64194"
"2022-05-10T00:00:00.000","SILVER - COMMODITY EXCHANGE INC.","SILVER","142752","5397","36108","39862","38016"
"2022-05-10T00:00:00.000","PLATINUM - NEW YORK MERCANTILE EXCHANGE","PLATINUM","66064","2703","23041","16350","23897"
"2022-05-10T00:00:00.000","NAT GAS NYME - NEW YORK MERCANTILE EXCHANGE","NATURAL GAS","1108451","127566","217488","204221","191972"
"2022-05-17T00:00:00.000","PALLADIUM - NEW YORK MERCANTILE EXCHANGE","PALLADIUM","9114","1831","1226","811","2306"
"2022-05-17T00:00:00.000","GOLD - COMMODITY EXCHANGE INC.","GOLD","555756","24468","62025","115572","72212"
"2022-05-17T00:00:00.000","COPPER- #1 - COMMODITY EXCHANGE INC.","COPPER","189483","36234","66529","40694","60113"
"2022-05-17T00:00:00.000","SILVER - COMMODITY EXCHANGE INC.","SILVER","144534","6566","36352","40809","40482"
"2022-05-17T00:00:00.000","PLATINUM - NEW YORK MERCANTILE EXCHANGE","PLATINUM","65926","2650","24226","15783","22297"
"2022-05-17T00:00:00.000","NAT GAS NYME - NEW YORK MERCANTILE EXCHANGE","NATURAL GAS","1118417","127311","220400","200153","191506"
"2022-05-24T00:00:00.000","SILVER - COMMODITY EXCHANGE INC.","SILVER","146456","7083","36567","41545","42404"
"2022-05-24T00:00:00.000","GOLD - COMMODITY EXCHANGE INC.","GOLD","530098","21184","63194","121174","60117"
"2022-05-24T00:00:00.000","COPPER- #1 - COMMODITY EXCHANGE INC.","COPPER","186433","33888","68622","41616","54630"
"2022-05-24T00:00:00.000","PALLADIUM - NEW YORK MERCANTILE EXCHANGE","PALLADIUM","7919","1544","851","674","2403"
"2022-05-24T00:00:00.000","NAT GAS NYME - NEW YORK MERCANTILE EXCHANGE","NATURAL GAS","1107496","121535","219946","200408","191152"
"2022-05-24T00:00:00.000","PLATINUM - NEW YORK MERCANTILE EXCHANGE","PLATINUM","65824","2863","24752","13536","20858"
"2022-05-31T00:00:00.000","NAT GAS NYME - NEW YORK MERCANTILE EXCHANGE","NATURAL GAS","1115815","130042","230926","195693","201307"
"2022-05-31T00:00:00.000","GOLD - COMMODITY EXCHANGE INC.","GOLD","513722","19970","65269","112731","61938"
"2022-05-31T00:00:00.000","COPPER- #1 - COMMODITY EXCHANGE INC.","COPPER","189923","35173","72287","40043","51715"
"2022-05-31T00:00:00.000","SILVER - COMMODITY EXCHANGE INC.","SILVER","147301","6826","37701","40984","37933"
"2022-05-31T00:00:00.000","PLATINUM - NEW YORK MERCANTILE EXCHANGE","PLATINUM","67964","2590","24884","14744","20705"
"2022-05-31T00:00:00.000","PALLADIUM - NEW YORK MERCANTILE EXCHANGE","PALLADIUM","6538","1243","846","729","2312"
"2022-06-07T00:00:00.000","NAT GAS NYME - NEW YORK MERCANTILE EXCHANGE","NATURAL GAS","1127731","130356","228798","196911","202909"
"2022-06-07T00:00:00.000","GOLD - COMMODITY EXCHANGE INC.","GOLD","494130","16570","61112","115215","57684"
"2022-06-07T00:00:00.000","COPPER- #1 - COMMODITY EXCHANGE INC.","COPPER","194187","34397","85600","44270","40154"
"2022-06-07T00:00:00.000","SILVER - COMMODITY EXCHANGE INC.","SILVER","148294","6370","39428","40650","33818"
"2022-06-07T00:00:00.000","PLATINUM - NEW YORK MERCANTILE EXCHANGE","PLATINUM","65295","3221","27104","17699","14969"
"2022-06-07T00:00:00.000","PALLADIUM - NEW YORK MERCANTILE EXCHANGE","PALLADIUM","7035","1287","941","797","2652"
"2022-06-14T00:00:00.000","PALLADIUM - NEW YORK MERCANTILE EXCHANGE","PALLADIUM","7740","1577","764","935","3544"
"2022-06-14T00:00:00.000","GOLD - COMMODITY EXCHANGE INC.","GOLD","497456","14920","55975","109111","72206"
"2022-06-14T00:00:00.000","COPPER- #1 - COMMODITY EXCHANGE INC.","COPPER","187247","39088","80986","36554","44764"
"2022-06-14T00:00:00.000","SILVER - COMMODITY EXCHANGE INC.","SILVER","151978","8215","37326","40712","39103"
"2022-06-14T00:00:00.000","PLATINUM - NEW YORK MERCANTILE EXCHANGE","PLATINUM","66613","4029","25652","13804","18547"
"2022-06-14T00:00:00.000","NAT GAS NYME - NEW YORK MERCANTILE EXCHANGE","NATURAL GAS","1053265","109130","212491","185112","210897"
"2022-06-21T00:00:00.000","PALLADIUM - NEW YORK MERCANTILE EXCHANGE","PALLADIUM","7641","1666","689","977","3737"
"2022-06-21T00:00:00.000","GOLD - COMMODITY EXCHANGE INC.","GOLD","500276","13019","57208","113220","63417"
"2022-06-21T00:00:00.000","COPPER- #1 - COMMODITY EXCHANGE INC.","COPPER","187170","43138","71107","33733","50116"
"2022-06-21T00:00:00.000","SILVER - COMMODITY EXCHANGE INC.","SILVER","145356","5309","36787","39405","32175"
"2022-06-21T00:00:00.000","PLATINUM - NEW YORK MERCANTILE EXCHANGE","PLATINUM","64946","3764","24798","15548","19597"
"2022-06-21T00:00:00.000","NAT GAS NYME - NEW YORK MERCANTILE EXCHANGE","NATURAL GAS","1030971","110228","206589","179843","215134"
"2022-06-28T00:00:00.000","PALLADIUM - NEW YORK MERCANTILE EXCHANGE","PALLADIUM","7765","1663","805","1146","3815"
"2022-06-28T00:00:00.000","GOLD - COMMODITY EXCHANGE INC.","GOLD","497005","13971","57758","110850","74748"
"2022-06-28T00:00:00.000","COPPER- #1 - COMMODITY EXCHANGE INC.","COPPER","182352","47784","60970","33068","58827"
"2022-06-28T00:00:00.000","SILVER - COMMODITY EXCHANGE INC.","SILVER","135775","7147","31629","39039","38294"
"2022-06-28T00:00:00.000","PLATINUM - NEW YORK MERCANTILE EXCHANGE","PLATINUM","68232","4716","23067","15234","25072"
"2022-06-28T00:00:00.000","NAT GAS NYME - NEW YORK MERCANTILE EXCHANGE","NATURAL GAS","987740","107457","194553","170888","219997"
"2022-07-05T00:00:00.000","SILVER - COMMODITY EXCHANGE INC.","SILVER","140463","9022","28082","37322","46067"
"2022-07-05T00:00:00.000","GOLD - COMMODITY EXCHANGE INC.","GOLD","498210","15404","53894","103472","86438"
"2022-07-05T00:00:00.000","COPPER- #1 - COMMODITY EXCHANGE INC.","COPPER","183331","41514","55480","38877","65604"
"2022-07-05T00:00:00.000","PLATINUM - NEW YORK MERCANTILE EXCHANGE","PLATINUM","72895","4069","21820","17123","31550"
"2022-07-05T00:00:00.000","PALLADIUM - NEW YORK MERCANTILE EXCHANGE","PALLADIUM","7373","1648","812","1132","3510"
"2022-07-05T00:00:00.000","NAT GAS NYME - NEW YORK MERCANTILE EXCHANGE","NATURAL GAS","977507","108515","189535","165885","216965"
"2022-07-12T00:00:00.000","PALLADIUM - NEW YORK MERCANTILE EXCHANGE","PALLADIUM","6474","1389","742","1001","2593"
"2022-07-12T00:00:00.000","NAT GAS NYME - NEW YORK MERCANTILE EXCHANGE","NATURAL GAS","969204","110353","193117","148304","216056"
"2022-07-12T00:00:00.000","GOLD - COMMODITY EXCHANGE INC.","GOLD","542493","18149","46218","91669","97802"
"2022-07-12T00:00:00.000","COPPER- #1 - COMMODITY EXCHANGE INC.","COPPER","172037","33976","49525","39968","58309"
"2022-07-12T00:00:00.000","SILVER - COMMODITY EXCHANGE INC.","SILVER","142259","9491","28263","37095","47543"
"2022-07-12T00:00:00.000","PLATINUM - NEW YORK MERCANTILE EXCHANGE","PLATINUM","75615","4148","21714","16689","34635"
"2022-07-19T00:00:00.000","PLATINUM - NEW YORK MERCANTILE EXCHANGE","PLATINUM","75069","4147","21406","17680","34014"
"2022-07-19T00:00:00.000","NAT GAS NYME - NEW YORK MERCANTILE EXCHANGE","NATURAL GAS","953325","112650","200101","149748","202000"
"2022-07-19T00:00:00.000","GOLD - COMMODITY EXCHANGE INC.","GOLD","524786","21601","46644","91056","109794"
"2022-07-19T00:00:00.000","COPPER- #1 - COMMODITY EXCHANGE INC.","COPPER","174592","30398","51227","38869","53405"
"2022-07-19T00:00:00.000","SILVER - COMMODITY EXCHANGE INC.","SILVER","145247","9538","28061","36411","50452"
"2022-07-19T00:00:00.000","PALLADIUM - NEW YORK MERCANTILE EXCHANGE","PALLADIUM","6915","1798","522","676","3361"
"2022-07-26T00:00:00.000","PLATINUM - NEW YORK MERCANTILE EXCHANGE","PLATINUM","73423","3794","21692","16793","32676"
"2022-07-26T00:00:00.000","NAT GAS NYME - NEW YORK MERCANTILE EXCHANGE","NATURAL GAS","976126","109364","198111","148551","203750"
"2022-07-26T00:00:00.000","GOLD - COMMODITY EXCHANGE INC.","GOLD","487515","16057","41222","92216","111309"
"2022-07-26T00:00:00.000","COPPER- #1 - COMMODITY EXCHANGE INC.","COPPER","183958","31700","50578","38995","59155"
"2022-07-26T00:00:00.000","SILVER - COMMODITY EXCHANGE INC.","SILVER","147784","10547","27760","36721","54539"
"2022-07-26T00:00:00.000","PALLADIUM - NEW YORK MERCANTILE EXCHANGE","PALLADIUM","7124","1693","558","718","3022"
"2022-08-02T00:00:00.000","SILVER - COMMODITY EXCHANGE INC.","SILVER","136267","7282","27589","33027","41883"
"2022-08-02T00:00:00.000","NAT GAS NYME - NEW YORK MERCANTILE EXCHANGE","NATURAL GAS","984570","109790","192261","140417","202507"
"2022-08-02T00:00:00.000","PALLADIUM - NEW YORK MERCANTILE EXCHANGE","PALLADIUM","6945","1326","799","955","2407"
"2022-08-02T00:00:00.000","GOLD - COMMODITY EXCHANGE INC.","GOLD","459649","13831","44218","96634","80779"
"2022-08-02T00:00:00.000","PLATINUM - NEW YORK MERCANTILE EXCHANGE","PLATINUM","68266","3220","21418","15971","28138"
"2022-08-02T00:00:00.000","COPPER- #1 - COMMODITY EXCHANGE INC.","COPPER","184441","29089","46891","38295","56461"
"2022-08-09T00:00:00.000","GOLD - COMMODITY EXCHANGE INC.","GOLD","453540","12940","49401","100013","59279"
"2022-08-09T00:00:00.000","NAT GAS NYME - NEW YORK MERCANTILE EXCHANGE","NATURAL GAS","969582","117274","194190","136648","201943"
"2022-08-09T00:00:00.000","PALLADIUM - NEW YORK MERCANTILE EXCHANGE","PALLADIUM","7619","1310","1132","1331","1956"
"2022-08-09T00:00:00.000","PLATINUM - NEW YORK MERCANTILE EXCHANGE","PLATINUM","62782","2643","21671","17100","23523"
"2022-08-09T00:00:00.000","SILVER - COMMODITY EXCHANGE INC.","SILVER","141093","7092","30055","32469","39012"
"2022-08-09T00:00:00.000","COPPER- #1 - COMMODITY EXCHANGE INC.","COPPER","187988","29816","48594","37345","57179"
"2022-08-16T00:00:00.000","COPPER- #1 - COMMODITY EXCHANGE INC.","COPPER","183500","29900","47297","36227","53400"
"2022-08-16T00:00:00.000","GOLD - COMMODITY EXCHANGE INC.","GOLD","453960","14278","48802","96765","60392"
"2022-08-16T00:00:00.000","NAT GAS NYME - NEW YORK MERCANTILE EXCHANGE","NATURAL GAS","983460","121706","200954","140151","191188"
"2022-08-16T00:00:00.000","PALLADIUM - NEW YORK MERCANTILE EXCHANGE","PALLADIUM","7951","1370","1412","1476","1730"
"2022-08-16T00:00:00.000","PLATINUM - NEW YORK MERCANTILE EXCHANGE","PLATINUM","57254","2254","22006","16268","20011"
"2022-08-16T00:00:00.000","SILVER - COMMODITY EXCHANGE INC.","SILVER","144314","8488","31264","31781","37872"
"2022-08-23T00:00:00.000","PALLADIUM - NEW YORK MERCANTILE EXCHANGE","PALLADIUM","7928","1364","1314","1146","1500"
"2022-08-23T00:00:00.000","NAT GAS NYME - NEW YORK MERCANTILE EXCHANGE","NATURAL GAS","976303","118711","196769","139471","194679"
"2022-08-23T00:00:00.000","GOLD - COMMODITY EXCHANGE INC.","GOLD","457762","14957","47144","95850","73739"
"2022-08-23T00:00:00.000","COPPER- #1 - COMMODITY EXCHANGE INC.","COPPER","173145","25902","49632","40743","46221"
"2022-08-23T00:00:00.000","SILVER - COMMODITY EXCHANGE INC.","SILVER","144357","9700","29462","31703","47527"
"2022-08-23T00:00:00.000","PLATINUM - NEW YORK MERCANTILE EXCHANGE","PLATINUM","62329","2593","21119","15281","23982"
"2022-08-30T00:00:00.000","SILVER - COMMODITY EXCHANGE INC.","SILVER","138714","8098","25972","31139","52170"
"2022-08-30T00:00:00.000","GOLD - COMMODITY EXCHANGE INC.","GOLD","459165","14612","45959","91761","79973"
"2022-08-30T00:00:00.000","NAT GAS NYME - NEW YORK MERCANTILE EXCHANGE","NATURAL GAS","978881","119779","197939","142059","193959"
"2022-08-30T00:00:00.000","PALLADIUM - NEW YORK MERCANTILE EXCHANGE","PALLADIUM","5875","900","1346","1424","1182"
"2022-08-30T00:00:00.000","PLATINUM - NEW YORK MERCANTILE EXCHANGE","PLATINUM","70747","3943","20818","15931","31556"
"2022-08-30T00:00:00.000","COPPER- #1 - COMMODITY EXCHANGE INC.","COPPER","158390","28325","46942","37617","46284"
"2022-09-06T00:00:00.000","SILVER - COMMODITY EXCHANGE INC.","SILVER","138300","8266","24998","33857","58600"
"2022-09-06T00:00:00.000","COPPER- #1 - COMMODITY EXCHANGE INC.","COPPER","160251","28800","44843","36543","47676"
"2022-09-06T00:00:00.000","GOLD - COMMODITY EXCHANGE INC.","GOLD","465908","15564","41624","85842","92804"
"2022-09-06T00:00:00.000","NAT GAS NYME - NEW YORK MERCANTILE EXCHANGE","NATURAL GAS","984642","121433","193572","134854","206346"
"2022-09-06T00:00:00.000","PALLADIUM - NEW YORK MERCANTILE EXCHANGE","PALLADIUM","6065","977","1143","1260","1664"
"2022-09-06T00:00:00.000","PLATINUM - NEW YORK MERCANTILE EXCHANGE","PLATINUM","78610","4066","20071","18004","37079"
"2022-09-13T00:00:00.000","PALLADIUM - NEW YORK MERCANTILE EXCHANGE","PALLADIUM","6085","846","1459","1353","1280"
"2022-09-13T00:00:00.000","GOLD - COMMODITY EXCHANGE INC.","GOLD","463674","12589","39708","80300","98637"
"2022-09-13T00:00:00.000","COPPER- #1 - COMMODITY EXCHANGE INC.","COPPER","157900","23402","47151","35360","40229"
"2022-09-13T00:00:00.000","SILVER - COMMODITY EXCHANGE INC.","SILVER","135530","5673","26081","38352","46637"
"2022-09-13T00:00:00.000","NAT GAS NYME - NEW YORK MERCANTILE EXCHANGE","NATURAL GAS","977116","124206","193954","125311","203536"
"2022-09-13T00:00:00.000","PLATINUM - NEW YORK MERCANTILE EXCHANGE","PLATINUM","68574","2487","21191","18704","29097"
"2022-09-20T00:00:00.000","SILVER - COMMODITY EXCHANGE INC.","SILVER","132107","4597","27754","36594","44615"
"2022-09-20T00:00:00.000","COPPER- #1 - COMMODITY EXCHANGE INC.","COPPER","163058","27245","46831","36819","41081"
"2022-09-20T00:00:00.000","GOLD - COMMODITY EXCHANGE INC.","GOLD","469395","16194","33858","78544","115239"
"2022-09-20T00:00:00.000","NAT GAS NYME - NEW YORK MERCANTILE EXCHANGE","NATURAL GAS","960236","127952","182468","121518","203896"
"2022-09-20T00:00:00.000","PALLADIUM - NEW YORK MERCANTILE EXCHANGE","PALLADIUM","5993","838","1471","1371","1071"
"2022-09-20T00:00:00.000","PLATINUM - NEW YORK MERCANTILE EXCHANGE","PLATINUM","62900","2637","22377","18149","20523"
"2022-09-27T00:00:00.000","SILVER - COMMODITY EXCHANGE INC.","SILVER","129000","4221","27760","34429","42522"
"2022-09-27T00:00:00.000","NAT GAS NYME - NEW YORK MERCANTILE EXCHANGE","NATURAL GAS","943241","121773","177693","114730","206712"
"2022-09-27T00:00:00.000","PALLADIUM - NEW YORK MERCANTILE EXCHANGE","PALLADIUM","6080","783","1397","1519","1193"
"2022-09-27T00:00:00.000","PLATINUM - NEW YORK MERCANTILE EXCHANGE","PLATINUM","58994","3257","20917","13454","20328"
"2022-09-27T00:00:00.000","COPPER- #1 - COMMODITY EXCHANGE INC.","COPPER","173661","32034","45664","40474","51670"
"2022-09-27T00:00:00.000","GOLD - COMMODITY EXCHANGE INC.","GOLD","457061","15381","28004","74171","117265"
"2022-10-04T00:00:00.000","COPPER- #1 - COMMODITY EXCHANGE INC.","COPPER","166161","22523","46292","41079","44057"
"2022-10-04T00:00:00.000","NAT GAS NYME - NEW YORK MERCANTILE EXCHANGE","NATURAL GAS","967126","124124","179503","108380","206885"
"2022-10-04T00:00:00.000","SILVER - COMMODITY EXCHANGE INC.","SILVER","129524","2928","31734","37885","32248"
"2022-10-04T00:00:00.000","GOLD - COMMODITY EXCHANGE INC.","GOLD","437065","12114","31266","82806","89681"
"2022-10-04T00:00:00.000","PLATINUM - NEW YORK MERCANTILE EXCHANGE","PLATINUM","55682","1735","21899","16245","18343"
"2022-10-04T00:00:00.000","PALLADIUM - NEW YORK MERCANTILE EXCHANGE","PALLADIUM","7080","803","1835","2163","1403"
"2022-10-11T00:00:00.000","NAT GAS NYME - NEW YORK MERCANTILE EXCHANGE","NATURAL GAS","974468","130972","185431","114036","207951"
"2022-10-11T00:00:00.000","GOLD - COMMODITY EXCHANGE INC.","GOLD","431395","11578","34246","78365","83945"
"2022-10-11T00:00:00.000","PLATINUM - NEW YORK MERCANTILE EXCHANGE","PLATINUM","52435","1801","21988","15246","14296"
"2022-10-11T00:00:00.000","SILVER - COMMODITY EXCHANGE INC.","SILVER","125623","3773","30804","33493","33378"
"2022-10-11T00:00:00.000","COPPER- #1 - COMMODITY EXCHANGE INC.","COPPER","167449","21459","45291","41002","41165"
"2022-10-11T00:00:00.000","PALLADIUM - NEW YORK MERCANTILE EXCHANGE","PALLADIUM","6890","910","1803","1950","1481"
"2022-10-18T00:00:00.000","COPPER- #1 - COMMODITY EXCHANGE INC.","COPPER","178730","26632","47365","38297","44535"
"2022-10-18T00:00:00.000","GOLD - COMMODITY EXCHANGE INC.","GOLD","434701","14351","29916","73344","99042"
"2022-10-18T00:00:00.000","NAT GAS NYME - NEW YORK MERCANTILE EXCHANGE","NATURAL GAS","963792","133933","190280","111728","199198"
"2022-10-18T00:00:00.000","PALLADIUM - NEW YORK MERCANTILE EXCHANGE","PALLADIUM","6805","989","1530","1698","1907"
"2022-10-18T00:00:00.000","PLATINUM - NEW YORK MERCANTILE EXCHANGE","PLATINUM","53728","1686","23103","17951","14547"
"2022-10-18T00:00:00.000","SILVER - COMMODITY EXCHANGE INC.","SILVER","136055","6748","28136","36365","44077"
"2022-10-25T00:00:00.000","GOLD - COMMODITY EXCHANGE INC.","GOLD","456072","18036","28462","72016","110804"
"2022-10-25T00:00:00.000","NAT GAS NYME - NEW YORK MERCANTILE EXCHANGE","NATURAL GAS","970872","143580","199455","113599","198607"
"2022-10-25T00:00:00.000","PALLADIUM - NEW YORK MERCANTILE EXCHANGE","PALLADIUM","7343","1265","1206","1435","2326"
"2022-10-25T00:00:00.000","PLATINUM - NEW YORK MERCANTILE EXCHANGE","PLATINUM","56117","1717","24336","20714","12673"
"2022-10-25T00:00:00.000","SILVER - COMMODITY EXCHANGE INC.","SILVER","139085","5335","28640","35428","43146"
"2022-10-25T00:00:00.000","COPPER- #1 - COMMODITY EXCHANGE INC.","COPPER","179344","22957","46461","38663","41951"
"2022-11-01T00:00:00.000","GOLD - COMMODITY EXCHANGE INC.","GOLD","467276","17255","26028","78213","119614"
"2022-11-01T00:00:00.000","NAT GAS NYME - NEW YORK MERCANTILE EXCHANGE","NATURAL GAS","986116","145851","206674","112293","188037"
"2022-11-01T00:00:00.000","PALLADIUM - NEW YORK MERCANTILE EXCHANGE","PALLADIUM","8372","1502","1207","1572","2834"
"2022-11-01T00:00:00.000","PLATINUM - NEW YORK MERCANTILE EXCHANGE","PLATINUM","56534","1830","26827","21675","8264"
"2022-11-01T00:00:00.000","SILVER - COMMODITY EXCHANGE INC.","SILVER","138875","4537","30431","36025","41460"
"2022-11-01T00:00:00.000","COPPER- #1 - COMMODITY EXCHANGE INC.","COPPER","179801","19958","47269","39527","34438"
"2022-11-08T00:00:00.000","COPPER- #1 - COMMODITY EXCHANGE INC.","COPPER","169929","15117","50361","44528","28698"
"2022-11-08T00:00:00.000","NAT GAS NYME - NEW YORK MERCANTILE EXCHANGE","NATURAL GAS","982596","153262","219009","109886","180931"
"2022-11-08T00:00:00.000","PALLADIUM - NEW YORK MERCANTILE EXCHANGE","PALLADIUM","9467","1254","1163","1507","3299"
"2022-11-08T00:00:00.000","PLATINUM - NEW YORK MERCANTILE EXCHANGE","PLATINUM","60301","2400","28558","23764","6958"
"2022-11-08T00:00:00.000","SILVER - COMMODITY EXCHANGE INC.","SILVER","140437","3855","34876","38876","29484"
"2022-11-08T00:00:00.000","GOLD - COMMODITY EXCHANGE INC.","GOLD","488471","16738","35324","88059","104405"
"2022-11-15T00:00:00.000","COPPER- #1 - COMMODITY EXCHANGE INC.","COPPER","168962","15603","61262","51616","26250"
"2022-11-15T00:00:00.000","NAT GAS NYME - NEW YORK MERCANTILE EXCHANGE","NATURAL GAS","978425","150112","217177","112124","179359"
"2022-11-15T00:00:00.000","PALLADIUM - NEW YORK MERCANTILE EXCHANGE","PALLADIUM","8793","862","1642","1817","1983"
"2022-11-15T00:00:00.000","PLATINUM - NEW YORK MERCANTILE EXCHANGE","PLATINUM","63391","2049","30199","26403","6478"
"2022-11-15T00:00:00.000","SILVER - COMMODITY EXCHANGE INC.","SILVER","141623","3258","34421","38106","24997"
"2022-11-15T00:00:00.000","GOLD - COMMODITY EXCHANGE INC.","GOLD","495171","14602","51584","95065","69608"
"2022-11-22T00:00:00.000","GOLD - COMMODITY EXCHANGE INC.","GOLD","449542","14133","54527","92161","72730"
"2022-11-22T00:00:00.000","NAT GAS NYME - NEW YORK MERCANTILE EXCHANGE","NATURAL GAS","981849","148164","205214","112546","183261"
"2022-11-22T00:00:00.000","PALLADIUM - NEW YORK MERCANTILE EXCHANGE","PALLADIUM","7797","839","1523","1973","2239"
"2022-11-22T00:00:00.000","PLATINUM - NEW YORK MERCANTILE EXCHANGE","PLATINUM","63704","2001","30542","27077","7203"
"2022-11-22T00:00:00.000","SILVER - COMMODITY EXCHANGE INC.","SILVER","128907","3021","35409","37624","25925"
"2022-11-22T00:00:00.000","COPPER- #1 - COMMODITY EXCHANGE INC.","COPPER","155127","16872","56762","42940","28999"
"2022-11-29T00:00:00.000","GOLD - COMMODITY EXCHANGE INC.","GOLD","433661","12158","48784","88032","73312"
"2022-11-29T00:00:00.000","NAT GAS NYME - NEW YORK MERCANTILE EXCHANGE","NATURAL GAS","985010","145990","206580","115928","178841"
"2022-11-29T00:00:00.000","PALLADIUM - NEW YORK MERCANTILE EXCHANGE","PALLADIUM","7537","848","1348","2115","2815"
"2022-11-29T00:00:00.000","PLATINUM - NEW YORK MERCANTILE EXCHANGE","PLATINUM","66468","3660","33022","28380","7594"
"2022-11-29T00:00:00.000","SILVER - COMMODITY EXCHANGE INC.","SILVER","121258","3137","35082","36960","23367"
"2022-11-29T00:00:00.000","COPPER- #1 - COMMODITY EXCHANGE INC.","COPPER","146760","16663","53753","41677","29195"
"2022-12-06T00:00:00.000","COPPER- #1 - COMMODITY EXCHANGE INC.","COPPER","158762","17784","58439","45689","30362"
"2022-12-06T00:00:00.000","NAT GAS NYME - NEW YORK MERCANTILE EXCHANGE","NATURAL GAS","1010479","139019","200200","120867","192794"
"2022-12-06T00:00:00.000","PALLADIUM - NEW YORK MERCANTILE EXCHANGE","PALLADIUM","7785","748","1433","2279","2809"
"2022-12-06T00:00:00.000","PLATINUM - NEW YORK MERCANTILE EXCHANGE","PLATINUM","68821","3141","34292","28483","7998"
"2022-12-06T00:00:00.000","SILVER - COMMODITY EXCHANGE INC.","SILVER","122558","3444","35563","37392","24054"
"2022-12-06T00:00:00.000","GOLD - COMMODITY EXCHANGE INC.","GOLD","422100","11712","49665","93629","70142"
"2022-12-13T00:00:00.000","COPPER- #1 - COMMODITY EXCHANGE INC.","COPPER","162191","16601","60297","47367","31518"
"2022-12-13T00:00:00.000","NAT GAS NYME - NEW YORK MERCANTILE EXCHANGE","NATURAL GAS","996823","143448","201265","113182","161182"
"2022-12-13T00:00:00.000","PALLADIUM - NEW YORK MERCANTILE EXCHANGE","PALLADIUM","7494","731","1527","2281","2284"
"2022-12-13T00:00:00.000","PLATINUM - NEW YORK MERCANTILE EXCHANGE","PLATINUM","72416","3205","35732","31463","7253"
"2022-12-13T00:00:00.000","SILVER - COMMODITY EXCHANGE INC.","SILVER","125555","4548","39590","40880","21182"
"2022-12-13T00:00:00.000","GOLD - COMMODITY EXCHANGE INC.","GOLD","437040","13758","50601","103737","66288"
"2022-12-20T00:00:00.000","COPPER- #1 - COMMODITY EXCHANGE INC.","COPPER","156204","16862","58556","45967","31754"
"2022-12-20T00:00:00.000","NAT GAS NYME - NEW YORK MERCANTILE EXCHANGE","NATURAL GAS","1004162","142911","200950","121412","176815"
"2022-12-20T00:00:00.000","PALLADIUM - NEW YORK MERCANTILE EXCHANGE","PALLADIUM","8558","1324","1115","1810","3668"
"2022-12-20T00:00:00.000","PLATINUM - NEW YORK MERCANTILE EXCHANGE","PLATINUM","70021","4025","36089","28153","10589"
"2022-12-20T00:00:00.000","SILVER - COMMODITY EXCHANGE INC.","SILVER","129278","4507","40870","45659","17728"
"2022-12-20T00:00:00.000","GOLD - COMMODITY EXCHANGE INC.","GOLD","436653","13860","51557","104813","65718"
"2022-12-27T00:00:00.000","PLATINUM - NEW YORK MERCANTILE EXCHANGE","PLATINUM","66817","4339","36761","27549","9427"
"2022-12-27T00:00:00.000","NAT GAS NYME - NEW YORK MERCANTILE EXCHANGE","NATURAL GAS","1010790","144398","198297","127534","191175"
"2022-12-27T00:00:00.000","PALLADIUM - NEW YORK MERCANTILE EXCHANGE","PALLADIUM","8275","1231","1180","1917","3351"
"2022-12-27T00:00:00.000","SILVER - COMMODITY EXCHANGE INC.","SILVER","128467","4702","41386","45022","16206"
"2022-12-27T00:00:00.000","COPPER- #1 - COMMODITY EXCHANGE INC.","COPPER","160334","16265","59550","48395","34364"
"2022-12-27T00:00:00.000","GOLD - COMMODITY EXCHANGE INC.","GOLD","440040","13950","56342","106983","56106"
"2023-01-03T00:00:00.000","GOLD - COMMODITY EXCHANGE INC.","GOLD","449393","13217","57119","109140","54559"
"2023-01-03T00:00:00.000","NAT GAS NYME - NEW YORK MERCANTILE EXCHANGE","NATURAL GAS","1031182","140169","187345","129585","204750"
"2023-01-03T00:00:00.000","PALLADIUM - NEW YORK MERCANTILE EXCHANGE","PALLADIUM","8456","1198","1270","1732","3550"
"2023-01-03T00:00:00.000","PLATINUM - NEW YORK MERCANTILE EXCHANGE","PLATINUM","69687","3432","37259","32107","8196"
"2023-01-03T00:00:00.000","SILVER - COMMODITY EXCHANGE INC.","SILVER","131990","4990","41490","46929","19152"
"2023-01-03T00:00:00.000","COPPER- #1 - COMMODITY EXCHANGE INC.","COPPER","164594","16855","57964","47697","40188"
"2023-01-10T00:00:00.000","COPPER- #1 - COMMODITY EXCHANGE INC.","COPPER","186383","14829","69296","63033","36622"
"2023-01-10T00:00:00.000","NAT GAS NYME - NEW YORK MERCANTILE EXCHANGE","NATURAL GAS","1070386","139775","184347","141731","229246"
"2023-01-10T00:00:00.000","PALLADIUM - NEW YORK MERCANTILE EXCHANGE","PALLADIUM","8352","1062","1223","1840","3557"
"2023-01-10T00:00:00.000","PLATINUM - NEW YORK MERCANTILE EXCHANGE","PLATINUM","72216","3553","37446","34288","10054"
"2023-01-10T00:00:00.000","SILVER - COMMODITY EXCHANGE INC.","SILVER","129961","4858","38596","44900","21666"
"2023-01-10T00:00:00.000","GOLD - COMMODITY EXCHANGE INC.","GOLD","481519","12243","60946","116604","54795"
"2023-01-17T00:00:00.000","COPPER- #1 - COMMODITY EXCHANGE INC.","COPPER","201455","14835","78535","72421","39467"
"2023-01-17T00:00:00.000","NAT GAS NYME - NEW YORK MERCANTILE EXCHANGE","NATURAL GAS","1082458","141305","187894","150913","238427"
"2023-01-17T00:00:00.000","PALLADIUM - NEW YORK MERCANTILE EXCHANGE","PALLADIUM","8799","1262","1204","1870","3832"
"2023-01-17T00:00:00.000","PLATINUM - NEW YORK MERCANTILE EXCHANGE","PLATINUM","71144","3925","35237","30565","13591"
"2023-01-17T00:00:00.000","SILVER - COMMODITY EXCHANGE INC.","SILVER","131862","4837","41094","46115","19647"
"2023-01-17T00:00:00.000","GOLD - COMMODITY EXCHANGE INC.","GOLD","491818","14854","58789","124222","54845"
"2023-01-24T00:00:00.000","GOLD - COMMODITY EXCHANGE INC.","GOLD","499927","12705","54314","131501","51622"
"2023-01-24T00:00:00.000","NAT GAS NYME - NEW YORK MERCANTILE EXCHANGE","NATURAL GAS","1102760","142802","198715","168954","250915"
"2023-01-24T00:00:00.000","PALLADIUM - NEW YORK MERCANTILE EXCHANGE","PALLADIUM","9363","1391","1345","1576","4037"
"2023-01-24T00:00:00.000","PLATINUM - NEW YORK MERCANTILE EXCHANGE","PLATINUM","72613","4382","34444","29700","16569"
"2023-01-24T00:00:00.000","SILVER - COMMODITY EXCHANGE INC.","SILVER","134922","4479","38713","43507","23686"
"2023-01-24T00:00:00.000","COPPER- #1 - COMMODITY EXCHANGE INC.","COPPER","213398","15611","83082","76224","36996"
"2023-01-31T00:00:00.000","GOLD - COMMODITY EXCHANGE INC.","GOLD","471642","14955","51775","138125","53678"
"2023-01-31T00:00:00.000","NAT GAS NYME - NEW YORK MERCANTILE EXCHANGE","NATURAL GAS","1146709","142503","200332","190898","274393"
"2023-01-31T00:00:00.000","PALLADIUM - NEW YORK MERCANTILE EXCHANGE","PALLADIUM","11245","1818","1606","1384","4999"
"2023-01-31T00:00:00.000","PLATINUM - NEW YORK MERCANTILE EXCHANGE","PLATINUM","69121","3619","32715","24359","17041"
"2023-01-31T00:00:00.000","SILVER - COMMODITY EXCHANGE INC.","SILVER","138263","5086","39825","44661","20874"
"2023-01-31T00:00:00.000","COPPER- #1 - COMMODITY EXCHANGE INC.","COPPER","224824","18799","84088","74348","37076"
"2023-02-07T00:00:00.000","COPPER- #1 - COMMODITY EXCHANGE INC.","COPPER","222502","20741","76905","64746","47735"
"2023-02-07T00:00:00.000","NAT GAS NYME - NEW YORK MERCANTILE EXCHANGE","NATURAL GAS","1220272","155160","215734","223784","294640"
"2023-02-07T00:00:00.000","PALLADIUM - NEW YORK MERCANTILE EXCHANGE","PALLADIUM","11896","2040","1858","1530","5114"
"2023-02-07T00:00:00.000","PLATINUM - NEW YORK MERCANTILE EXCHANGE","PLATINUM","65469","3777","30011","19251","18425"
"2023-02-07T00:00:00.000","SILVER - COMMODITY EXCHANGE INC.","SILVER","133601","5292","34026","35026","29209"
"2023-02-07T00:00:00.000","GOLD - COMMODITY EXCHANGE INC.","GOLD","439755","15251","46233","115521","55945"
"2023-02-14T00:00:00.000","COPPER- #1 - COMMODITY EXCHANGE INC.","COPPER","218099","22917","74281","55616","48131"
"2023-02-14T00:00:00.000","NAT GAS NYME - NEW YORK MERCANTILE EXCHANGE","NATURAL GAS","1234837","162948","227086","232290","300156"
"2023-02-14T00:00:00.000","PALLADIUM - NEW YORK MERCANTILE EXCHANGE","PALLADIUM","13135","2524","1899","1601","6234"
"2023-02-14T00:00:00.000","PLATINUM - NEW YORK MERCANTILE EXCHANGE","PLATINUM","66197","3762","27162","16784","20554"
"2023-02-14T00:00:00.000","SILVER - COMMODITY EXCHANGE INC.","SILVER","132132","4670","32829","33963","28645"
"2023-02-14T00:00:00.000","GOLD - COMMODITY EXCHANGE INC.","GOLD","426116","12225","42118","106106","64933"
"2023-02-21T00:00:00.000","SILVER - COMMODITY EXCHANGE INC.","SILVER","123906","2195","28664","32856","27773"
"2023-02-21T00:00:00.000","NAT GAS NYME - NEW YORK MERCANTILE EXCHANGE","NATURAL GAS","1270686","171347","239033","243940","321294"
"2023-02-21T00:00:00.000","PALLADIUM - NEW YORK MERCANTILE EXCHANGE","PALLADIUM","11943","2252","1547","1567","6165"
"2023-02-21T00:00:00.000","GOLD - COMMODITY EXCHANGE INC.","GOLD","422648","10696","40479","104710","68004"
"2023-02-21T00:00:00.000","PLATINUM - NEW YORK MERCANTILE EXCHANGE","PLATINUM","67499","4641","25242","16244","22945"
"2023-02-21T00:00:00.000","COPPER- #1 - COMMODITY EXCHANGE INC.","COPPER","219205","21074","77900","61717","43655"
"2023-02-28T00:00:00.000","PLATINUM - NEW YORK MERCANTILE EXCHANGE","PLATINUM","68075","3735","25921","16654","20892"
"2023-02-28T00:00:00.000","NAT GAS NYME - NEW YORK MERCANTILE EXCHANGE","NATURAL GAS","1239613","170133","244592","232345","267606"
"2023-02-28T00:00:00.000","PALLADIUM - NEW YORK MERCANTILE EXCHANGE","PALLADIUM","11770","2481","1172","1725","7277"
"2023-02-28T00:00:00.000","SILVER - COMMODITY EXCHANGE INC.","SILVER","123900","2616","25385","30354","37642"
"2023-02-28T00:00:00.000","COPPER- #1 - COMMODITY EXCHANGE INC.","COPPER","196143","14415","67195","48670","46316"
"2023-02-28T00:00:00.000","GOLD - COMMODITY EXCHANGE INC.","GOLD","426890","12772","41995","99425","72850"
"2023-03-07T00:00:00.000","GOLD - COMMODITY EXCHANGE INC.","GOLD","458474","11617","41216","103439","89040"
"2023-03-07T00:00:00.000","NAT GAS NYME - NEW YORK MERCANTILE EXCHANGE","NATURAL GAS","1250073","159926","252410","222943","257262"
"2023-03-07T00:00:00.000","PALLADIUM - NEW YORK MERCANTILE EXCHANGE","PALLADIUM","12477","2473","828","1748","8171"
"2023-03-07T00:00:00.000","PLATINUM - NEW YORK MERCANTILE EXCHANGE","PLATINUM","69721","4423","26319","18037","21586"
"2023-03-07T00:00:00.000","SILVER - COMMODITY EXCHANGE INC.","SILVER","127503","4089","23724","27811","45213"
"2023-03-07T00:00:00.000","COPPER- #1 - COMMODITY EXCHANGE INC.","COPPER","210430","17313","71034","50235","51715"
"2023-03-14T00:00:00.000","COPPER- #1 - COMMODITY EXCHANGE INC.","COPPER","205997","20381","68553","40927","50139"
"2023-03-14T00:00:00.000","NAT GAS NYME - NEW YORK MERCANTILE EXCHANGE","NATURAL GAS","1255396","156590","255297","221315","239816"
"2023-03-14T00:00:00.000","PALLADIUM - NEW YORK MERCANTILE EXCHANGE","PALLADIUM","11828","2087","675","1831","7625"
"2023-03-14T00:00:00.000","PLATINUM - NEW YORK MERCANTILE EXCHANGE","PLATINUM","66817","3583","27408","17453","14526"
"2023-03-14T00:00:00.000","SILVER - COMMODITY EXCHANGE INC.","SILVER","121772","1897","25395","30952","35651"
"2023-03-14T00:00:00.000","GOLD - COMMODITY EXCHANGE INC.","GOLD","459064","11602","47669","118560","58839"
"2023-03-21T00:00:00.000","COPPER- #1 - COMMODITY EXCHANGE INC.","COPPER","201636","18896","65427","36310","43743"
"2023-03-21T00:00:00.000","NAT GAS NYME - NEW YORK MERCANTILE EXCHANGE","NATURAL GAS","1283037","158674","260660","236695","239791"
"2023-03-21T00:00:00.000","PALLADIUM - NEW YORK MERCANTILE EXCHANGE","PALLADIUM","11647","2088","682","1233","7622"
"2023-03-21T00:00:00.000","PLATINUM - NEW YORK MERCANTILE EXCHANGE","PLATINUM","61416","2333","27449","15579","13506"
"2023-03-21T00:00:00.000","SILVER - COMMODITY EXCHANGE INC.","SILVER","119082","2487","26878","30589","30866"
"2023-03-21T00:00:00.000","GOLD - COMMODITY EXCHANGE INC.","GOLD","469874","14502","55788","125090","43861"
"2023-03-28T00:00:00.000","GOLD - COMMODITY EXCHANGE INC.","GOLD","478611","15709","60038","130530","31370"
"2023-03-28T00:00:00.000","NAT GAS NYME - NEW YORK MERCANTILE EXCHANGE","NATURAL GAS","1279180","159339","263955","244889","243303"
"2023-03-28T00:00:00.000","PALLADIUM - NEW YORK MERCANTILE EXCHANGE","PALLADIUM","11514","2010","651","1355","7327"
"2023-03-28T00:00:00.000","PLATINUM - NEW YORK MERCANTILE EXCHANGE","PLATINUM","57244","2094","27362","14302","12507"
"2023-03-28T00:00:00.000","SILVER - COMMODITY EXCHANGE INC.","SILVER","117395","3024","29748","31927","21646"
"2023-03-28T00:00:00.000","COPPER- #1 - COMMODITY EXCHANGE INC.","COPPER","211889","18100","78631","42299","37015"
"2023-04-04T00:00:00.000","GOLD - COMMODITY EXCHANGE INC.","GOLD","476592","15763","51702","142348","32217"
"2023-04-04T00:00:00.000","NAT GAS NYME - NEW YORK MERCANTILE EXCHANGE","NATURAL GAS","1365656","178514","281963","256639","268774"
"2023-04-04T00:00:00.000","PALLADIUM - NEW YORK MERCANTILE EXCHANGE","PALLADIUM","11820","1912","743","1292","6994"
"2023-04-04T00:00:00.000","PLATINUM - NEW YORK MERCANTILE EXCHANGE","PLATINUM","59156","1932","28477","20342","12157"
"2023-04-04T00:00:00.000","SILVER - COMMODITY EXCHANGE INC.","SILVER","131210","4354","33930","38599","20154"
"2023-04-04T00:00:00.000","COPPER- #1 - COMMODITY EXCHANGE INC.","COPPER","218687","19974","79126","45053","41517"
"2023-04-11T00:00:00.000","COPPER- #1 - COMMODITY EXCHANGE INC.","COPPER","209501","19556","73163","43196","38036"
"2023-04-11T00:00:00.000","NAT GAS NYME - NEW YORK MERCANTILE EXCHANGE","NATURAL GAS","1355672","175556","275927","237256","248314"
"2023-04-11T00:00:00.000","PALLADIUM - NEW YORK MERCANTILE EXCHANGE","PALLADIUM","12290","1984","491","1216","7394"
"2023-04-11T00:00:00.000","PLATINUM - NEW YORK MERCANTILE EXCHANGE","PLATINUM","60115","1801","28339","19247","14191"
"2023-04-11T00:00:00.000","SILVER - COMMODITY EXCHANGE INC.","SILVER","142699","4314","34517","42763","24973"
"2023-04-11T00:00:00.000","GOLD - COMMODITY EXCHANGE INC.","GOLD","476567","16516","51449","135015","30409"
"2023-04-18T00:00:00.000","COPPER- #1 - COMMODITY EXCHANGE INC.","COPPER","206216","19768","83193","52984","34885"
"2023-04-18T00:00:00.000","NAT GAS NYME - NEW YORK MERCANTILE EXCHANGE","NATURAL GAS","1330947","174953","276419","220564","240295"
"2023-04-18T00:00:00.000","PALLADIUM - NEW YORK MERCANTILE EXCHANGE","PALLADIUM","11848","1819","748","1591","6283"
"2023-04-18T00:00:00.000","PLATINUM - NEW YORK MERCANTILE EXCHANGE","PLATINUM","63794","1846","33823","24979","7467"
"2023-04-18T00:00:00.000","SILVER - COMMODITY EXCHANGE INC.","SILVER","158371","4323","34988","49059","29246"
"2023-04-18T00:00:00.000","GOLD - COMMODITY EXCHANGE INC.","GOLD","482254","17347","51291","137170","34474"
"2023-04-25T00:00:00.000","COPPER- #1 - COMMODITY EXCHANGE INC.","COPPER","202422","23153","67039","43654","54854"
"2023-04-25T00:00:00.000","NAT GAS NYME - NEW YORK MERCANTILE EXCHANGE","NATURAL GAS","1274536","158005","262648","211355","250858"
"2023-04-25T00:00:00.000","PALLADIUM - NEW YORK MERCANTILE EXCHANGE","PALLADIUM","12270","2022","907","1291","6039"
"2023-04-25T00:00:00.000","PLATINUM - NEW YORK MERCANTILE EXCHANGE","PLATINUM","72125","2450","37067","30770","6849"
"2023-04-25T00:00:00.000","SILVER - COMMODITY EXCHANGE INC.","SILVER","149692","2618","33414","53377","29305"
"2023-04-25T00:00:00.000","GOLD - COMMODITY EXCHANGE INC.","GOLD","473209","17543","52563","135979","33176"
"2023-05-02T00:00:00.000","PLATINUM - NEW YORK MERCANTILE EXCHANGE","PLATINUM","73591","3452","35952","30121","9759"
"2023-05-02T00:00:00.000","NAT GAS NYME - NEW YORK MERCANTILE EXCHANGE","NATURAL GAS","1330247","172114","272595","213197","265644"
"2023-05-02T00:00:00.000","PALLADIUM - NEW YORK MERCANTILE EXCHANGE","PALLADIUM","13116","2248","789","1177","6563"
"2023-05-02T00:00:00.000","SILVER - COMMODITY EXCHANGE INC.","SILVER","142538","2401","34351","54975","29361"
"2023-05-02T00:00:00.000","COPPER- #1 - COMMODITY EXCHANGE INC.","COPPER","195462","21759","59251","40842","57228"
"2023-05-02T00:00:00.000","GOLD - COMMODITY EXCHANGE INC.","GOLD","493804","18762","54293","143191","29401"
"2023-05-09T00:00:00.000","GOLD - COMMODITY EXCHANGE INC.","GOLD","518951","18250","55018","143463","32477"
"2023-05-09T00:00:00.000","NAT GAS NYME - NEW YORK MERCANTILE EXCHANGE","NATURAL GAS","1357306","183963","285047","217559","272165"
"2023-05-09T00:00:00.000","PALLADIUM - NEW YORK MERCANTILE EXCHANGE","PALLADIUM","13295","2064","810","1509","6275"
"2023-05-09T00:00:00.000","PLATINUM - NEW YORK MERCANTILE EXCHANGE","PLATINUM","74125","4025","36341","30789","9407"
"2023-05-09T00:00:00.000","SILVER - COMMODITY EXCHANGE INC.","SILVER","145445","2559","33624","56217","30828"
"2023-05-09T00:00:00.000","COPPER- #1 - COMMODITY EXCHANGE INC.","COPPER","194243","19841","54783","41474","58302"
"2023-05-16T00:00:00.000","COPPER- #1 - COMMODITY EXCHANGE INC.","COPPER","210415","29815","54902","44065","68060"
"2023-05-16T00:00:00.000","NAT GAS NYME - NEW YORK MERCANTILE EXCHANGE","NATURAL GAS","1365954","206236","308823","206656","250006"
"2023-05-16T00:00:00.000","PALLADIUM - NEW YORK MERCANTILE EXCHANGE","PALLADIUM","12761","1954","1198","1486","5502"
"2023-05-16T00:00:00.000","PLATINUM - NEW YORK MERCANTILE EXCHANGE","PLATINUM","73410","4230","36029","29933","10942"
"2023-05-16T00:00:00.000","SILVER - COMMODITY EXCHANGE INC.","SILVER","140139","2369","30457","45137","32397"
"2023-05-16T00:00:00.000","GOLD - COMMODITY EXCHANGE INC.","GOLD","521832","18148","52362","139786","35803"
"2023-05-23T00:00:00.000","COPPER- #1 - COMMODITY EXCHANGE INC.","COPPER","215394","30229","55705","46068","63971"
"2023-05-23T00:00:00.000","NAT GAS NYME - NEW YORK MERCANTILE EXCHANGE","NATURAL GAS","1338868","210298","314516","208190","241097"
"2023-05-23T00:00:00.000","PALLADIUM - NEW YORK MERCANTILE EXCHANGE","PALLADIUM","11138","1995","771","1490","5873"
"2023-05-23T00:00:00.000","PLATINUM - NEW YORK MERCANTILE EXCHANGE","PLATINUM","73079","3248","35636","32006","10412"
"2023-05-23T00:00:00.000","SILVER - COMMODITY EXCHANGE INC.","SILVER","135740","2532","28852","43270","30590"
"2023-05-23T00:00:00.000","GOLD - COMMODITY EXCHANGE INC.","GOLD","479080","18435","44860","128550","35411"
"2023-05-30T00:00:00.000","GOLD - COMMODITY EXCHANGE INC.","GOLD","449515","12396","43768","122904","36201"
"2023-05-30T00:00:00.000","NAT GAS NYME - NEW YORK MERCANTILE EXCHANGE","NATURAL GAS","1359496","207453","323689","214771","260054"
"2023-05-30T00:00:00.000","PALLADIUM - NEW YORK MERCANTILE EXCHANGE","PALLADIUM","10658","2392","681","1250","6597"
"2023-05-30T00:00:00.000","PLATINUM - NEW YORK MERCANTILE EXCHANGE","PLATINUM","69929","3090","33641","28137","11295"
"2023-05-30T00:00:00.000","SILVER - COMMODITY EXCHANGE INC.","SILVER","133619","1977","28328","39203","29929"
"2023-05-30T00:00:00.000","COPPER- #1 - COMMODITY EXCHANGE INC.","COPPER","223185","35693","53989","39652","63901"
"2023-06-06T00:00:00.000","GOLD - COMMODITY EXCHANGE INC.","GOLD","436301","13860","43638","120985","27557"
"2023-06-06T00:00:00.000","NAT GAS NYME - NEW YORK MERCANTILE EXCHANGE","NATURAL GAS","1389864","205538","306996","217965","285249"
"2023-06-06T00:00:00.000","PALLADIUM - NEW YORK MERCANTILE EXCHANGE","PALLADIUM","11541","2586","461","1544","7622"
"2023-06-06T00:00:00.000","PLATINUM - NEW YORK MERCANTILE EXCHANGE","PLATINUM","67537","4028","34966","26560","8356"
"2023-06-06T00:00:00.000","SILVER - COMMODITY EXCHANGE INC.","SILVER","137871","3166","28480","37526","27531"
"2023-06-06T00:00:00.000","COPPER- #1 - COMMODITY EXCHANGE INC.","COPPER","229756","32505","59090","42970","55247"
"2023-06-13T00:00:00.000","COPPER- #1 - COMMODITY EXCHANGE INC.","COPPER","211957","19522","57699","48623","43023"
"2023-06-13T00:00:00.000","NAT GAS NYME - NEW YORK MERCANTILE EXCHANGE","NATURAL GAS","1342162","194715","300544","215720","274363"
"2023-06-13T00:00:00.000","PALLADIUM - NEW YORK MERCANTILE EXCHANGE","PALLADIUM","12807","2934","467","2120","8672"
"2023-06-13T00:00:00.000","PLATINUM - NEW YORK MERCANTILE EXCHANGE","PLATINUM","69851","3128","33410","23938","10576"
"2023-06-13T00:00:00.000","SILVER - COMMODITY EXCHANGE INC.","SILVER","153853","3645","30602","38968","25971"
"2023-06-13T00:00:00.000","GOLD - COMMODITY EXCHANGE INC.","GOLD","432898","14225","41384","110512","35869"
"2023-06-20T00:00:00.000","COPPER- #1 - COMMODITY EXCHANGE INC.","COPPER","204399","17460","71619","52726","30886"
"2023-06-20T00:00:00.000","NAT GAS NYME - NEW YORK MERCANTILE EXCHANGE","NATURAL GAS","1303558","194769","294503","204326","235914"
"2023-06-20T00:00:00.000","PALLADIUM - NEW YORK MERCANTILE EXCHANGE","PALLADIUM","12304","2670","597","2113","8004"
"2023-06-20T00:00:00.000","PLATINUM - NEW YORK MERCANTILE EXCHANGE","PLATINUM","69436","3427","31908","23277","11865"
"2023-06-20T00:00:00.000","SILVER - COMMODITY EXCHANGE INC.","SILVER","152633","3835","31055","37289","27033"
"2023-06-20T00:00:00.000","GOLD - COMMODITY EXCHANGE INC.","GOLD","438037","13663","40542","110314","34275"
"2023-06-27T00:00:00.000","GOLD - COMMODITY EXCHANGE INC.","GOLD","431861","11393","37626","108209","38534"
"2023-06-27T00:00:00.000","NAT GAS NYME - NEW YORK MERCANTILE EXCHANGE","NATURAL GAS","1232011","167638","283039","202042","223395"
"2023-06-27T00:00:00.000","PALLADIUM - NEW YORK MERCANTILE EXCHANGE","PALLADIUM","13737","2722","575","2408","9098"
"2023-06-27T00:00:00.000","SILVER - COMMODITY EXCHANGE INC.","SILVER","123491","2481","29487","33247","22341"
"2023-06-27T00:00:00.000","COPPER- #1 - COMMODITY EXCHANGE INC.","COPPER","194048","19552","72498","53620","32977"
"2023-06-27T00:00:00.000","PLATINUM - NEW YORK MERCANTILE EXCHANGE","PLATINUM","68517","2482","28146","22395","20339"
"2023-07-03T00:00:00.000","NAT GAS NYME - NEW YORK MERCANTILE EXCHANGE","NATURAL GAS","1241419","170941","289932","208742","208601"
"2023-07-03T00:00:00.000","GOLD - COMMODITY EXCHANGE INC.","GOLD","448063","13966","41391","123017","39869"
"2023-07-03T00:00:00.000","COPPER- #1 - COMMODITY EXCHANGE INC.","COPPER","187371","19717","62563","48806","39840"
"2023-07-03T00:00:00.000","SILVER - COMMODITY EXCHANGE INC.","SILVER","114421","911","29309","32849","23053"
"2023-07-03T00:00:00.000","PLATINUM - NEW YORK MERCANTILE EXCHANGE","PLATINUM","69383","3448","25750","23032","26580"
"2023-07-03T00:00:00.000","PALLADIUM - NEW YORK MERCANTILE EXCHANGE","PALLADIUM","14781","3107","532","2526","10080"
"2023-07-11T00:00:00.000","NAT GAS NYME - NEW YORK MERCANTILE EXCHANGE","NATURAL GAS","1236802","170660","290344","207939","196503"
"2023-07-11T00:00:00.000","GOLD - COMMODITY EXCHANGE INC.","GOLD","483170","13062","42136","124394","41951"
"2023-07-11T00:00:00.000","COPPER- #1 - COMMODITY EXCHANGE INC.","COPPER","197785","21142","62250","47048","43907"
"2023-07-11T00:00:00.000","SILVER - COMMODITY EXCHANGE INC.","SILVER","120282","877","30585","31522","26024"
"2023-07-11T00:00:00.000","PLATINUM - NEW YORK MERCANTILE EXCHANGE","PLATINUM","71007","2916","25794","24444","29083"
"2023-07-11T00:00:00.000","PALLADIUM - NEW YORK MERCANTILE EXCHANGE","PALLADIUM","15772","3256","557","2809","10708"
"2023-07-18T00:00:00.000","NAT GAS NYME - NEW YORK MERCANTILE EXCHANGE","NATURAL GAS","1234296","174071","289597","203740","219144"
"2023-07-18T00:00:00.000","GOLD - COMMODITY EXCHANGE INC.","GOLD","482104","14281","53555","147644","32326"
"2023-07-18T00:00:00.000","COPPER- #1 - COMMODITY EXCHANGE INC.","COPPER","216862","22927","72933","54064","44517"
"2023-07-18T00:00:00.000","SILVER - COMMODITY EXCHANGE INC.","SILVER","146863","942","39079","53781","24092"
"2023-07-18T00:00:00.000","PLATINUM - NEW YORK MERCANTILE EXCHANGE","PLATINUM","65834","2948","26722","26535","19854"
"2023-07-18T00:00:00.000","PALLADIUM - NEW YORK MERCANTILE EXCHANGE","PALLADIUM","16017","2841","659","3126","10889"
"2023-07-25T00:00:00.000","NAT GAS NYME - NEW YORK MERCANTILE EXCHANGE","NATURAL GAS","1185638","171735","275693","204535","200990"
"2023-07-25T00:00:00.000","GOLD - COMMODITY EXCHANGE INC.","GOLD","476176","16452","55396","132603","37316"
"2023-07-25T00:00:00.000","COPPER- #1 - COMMODITY EXCHANGE INC.","COPPER","234713","27188","79940","58122","46661"
"2023-07-25T00:00:00.000","SILVER - COMMODITY EXCHANGE INC.","SILVER","146898","1442","35579","48131","28530"
"2023-07-25T00:00:00.000","PLATINUM - NEW YORK MERCANTILE EXCHANGE","PLATINUM","64197","2135","26745","24537","17843"
"2023-07-25T00:00:00.000","PALLADIUM - NEW YORK MERCANTILE EXCHANGE","PALLADIUM","16760","2952","842","3145","10965"
"2023-08-01T00:00:00.000","PALLADIUM - NEW YORK MERCANTILE EXCHANGE","PALLADIUM","18706","3214","743","3257","12106"
"2023-08-01T00:00:00.000","GOLD - COMMODITY EXCHANGE INC.","GOLD","439383","16334","46546","123802","43793"
"2023-08-01T00:00:00.000","COPPER- #1 - COMMODITY EXCHANGE INC.","COPPER","236399","21307","84120","62016","42233"
"2023-08-01T00:00:00.000","SILVER - COMMODITY EXCHANGE INC.","SILVER","144138","1638","33314","44578","31920"
"2023-08-01T00:00:00.000","PLATINUM - NEW YORK MERCANTILE EXCHANGE","PLATINUM","68875","1973","26831","26219","22936"
"2023-08-01T00:00:00.000","NAT GAS NYME - NEW YORK MERCANTILE EXCHANGE","NATURAL GAS","1206160","167484","267830","209163","226054"
"2023-08-08T00:00:00.000","NAT GAS NYME - NEW YORK MERCANTILE EXCHANGE","NATURAL GAS","1183146","174181","268620","206255","191988"
"2023-08-08T00:00:00.000","COPPER- #1 - COMMODITY EXCHANGE INC.","COPPER","228537","34787","71175","52777","57956"
"2023-08-08T00:00:00.000","SILVER - COMMODITY EXCHANGE INC.","SILVER","137631","1586","32434","31985","35766"
"2023-08-08T00:00:00.000","GOLD - COMMODITY EXCHANGE INC.","GOLD","427759","15411","41861","114585","55979"
"2023-08-08T00:00:00.000","PLATINUM - NEW YORK MERCANTILE EXCHANGE","PLATINUM","79989","3413","24611","26749","35183"
"2023-08-08T00:00:00.000","PALLADIUM - NEW YORK MERCANTILE EXCHANGE","PALLADIUM","20470","3879","1016","3303","13014"
"2023-08-15T00:00:00.000","GOLD - COMMODITY EXCHANGE INC.","GOLD","433611","17862","39392","113146","83610"
"2023-08-15T00:00:00.000","PALLADIUM - NEW YORK MERCANTILE EXCHANGE","PALLADIUM","20511","3628","1194","3571","12107"
"2023-08-15T00:00:00.000","PLATINUM - NEW YORK MERCANTILE EXCHANGE","PLATINUM","84557","4509","24461","27634","40919"
"2023-08-15T00:00:00.000","NAT GAS NYME - NEW YORK MERCANTILE EXCHANGE","NATURAL GAS","1168181","159942","262084","184133","174281"
"2023-08-15T00:00:00.000","SILVER - COMMODITY EXCHANGE INC.","SILVER","138215","3312","32554","31710","38380"
"2023-08-15T00:00:00.000","COPPER- #1 - COMMODITY EXCHANGE INC.","COPPER","224215","40925","65669","50097","70081"
"2023-08-22T00:00:00.000","COPPER- #1 - COMMODITY EXCHANGE INC.","COPPER","211645","37099","60759","48066","64836"
"2023-08-22T00:00:00.000","NAT GAS NYME - NEW YORK MERCANTILE EXCHANGE","NATURAL GAS","1160461","161129","253139","182451","200600"
"2023-08-22T00:00:00.000","PALLADIUM - NEW YORK MERCANTILE EXCHANGE","PALLADIUM","20242","3593","916","3547","12184"
"2023-08-22T00:00:00.000","PLATINUM - NEW YORK MERCANTILE EXCHANGE","PLATINUM","82331","5079","24322","29382","40655"
"2023-08-22T00:00:00.000","SILVER - COMMODITY EXCHANGE INC.","SILVER","136680","3897","33557","36497","35114"
"2023-08-22T00:00:00.000","GOLD - COMMODITY EXCHANGE INC.","GOLD","430239","18338","35940","105085","95976"
"2023-08-29T00:00:00.000","COPPER- #1 - COMMODITY EXCHANGE INC.","COPPER","190629","29419","56652","49375","55810"
"2023-08-29T00:00:00.000","NAT GAS NYME - NEW YORK MERCANTILE EXCHANGE","NATURAL GAS","1163840","154354","240269","188288","223682"
"2023-08-29T00:00:00.000","PALLADIUM - NEW YORK MERCANTILE EXCHANGE","PALLADIUM","16810","3314","396","3307","12714"
"2023-08-29T00:00:00.000","PLATINUM - NEW YORK MERCANTILE EXCHANGE","PLATINUM","75619","1626","26107","30735","25089"
"2023-08-29T00:00:00.000","SILVER - COMMODITY EXCHANGE INC.","SILVER","134993","3386","35851","43477","26998"
"2023-08-29T00:00:00.000","GOLD - COMMODITY EXCHANGE INC.","GOLD","442806","20564","41031","120609","81367"
"2023-09-05T00:00:00.000","COPPER- #1 - COMMODITY EXCHANGE INC.","COPPER","193597","28229","60380","52778","48941"
"2023-09-05T00:00:00.000","NAT GAS NYME - NEW YORK MERCANTILE EXCHANGE","NATURAL GAS","1169725","157874","241561","194993","227056"
"2023-09-05T00:00:00.000","PALLADIUM - NEW YORK MERCANTILE EXCHANGE","PALLADIUM","17644","3832","256","3253","13849"
"2023-09-05T00:00:00.000","PLATINUM - NEW YORK MERCANTILE EXCHANGE","PLATINUM","68721","1838","27886","25611","19145"
"2023-09-05T00:00:00.000","SILVER - COMMODITY EXCHANGE INC.","SILVER","128279","3389","34909","38143","24795"
"2023-09-05T00:00:00.000","GOLD - COMMODITY EXCHANGE INC.","GOLD","438672","17994","42368","120222","69857"
"2023-09-12T00:00:00.000","GOLD - COMMODITY EXCHANGE INC.","GOLD","441221","17361","39709","117737","83166"
"2023-09-12T00:00:00.000","NAT GAS NYME - NEW YORK MERCANTILE EXCHANGE","NATURAL GAS","1171747","165405","252515","203390","230704"
"2023-09-12T00:00:00.000","PALLADIUM - NEW YORK MERCANTILE EXCHANGE","PALLADIUM","17838","3876","323","3722","13985"
"2023-09-12T00:00:00.000","PLATINUM - NEW YORK MERCANTILE EXCHANGE","PLATINUM","87021","4036","25009","28830","34530"
"2023-09-12T00:00:00.000","SILVER - COMMODITY EXCHANGE INC.","SILVER","125292","3201","32511","31715","31147"
"2023-09-12T00:00:00.000","COPPER- #1 - COMMODITY EXCHANGE INC.","COPPER","196198","29341","52724","54069","57848"
"2023-09-19T00:00:00.000","NAT GAS NYME - NEW YORK MERCANTILE EXCHANGE","NATURAL GAS","1152362","156240","244505","183762","216499"
"2023-09-19T00:00:00.000","PALLADIUM - NEW YORK MERCANTILE EXCHANGE","PALLADIUM","16987","3310","289","3496","12998"
"2023-09-19T00:00:00.000","PLATINUM - NEW YORK MERCANTILE EXCHANGE","PLATINUM","82379","3830","24459","30136","29838"
"2023-09-19T00:00:00.000","SILVER - COMMODITY EXCHANGE INC.","SILVER","125749","4017","31819","32700","31346"
"2023-09-19T00:00:00.000","COPPER- #1 - COMMODITY EXCHANGE INC.","COPPER","201097","31365","51701","54927","61166"
"2023-09-19T00:00:00.000","GOLD - COMMODITY EXCHANGE INC.","GOLD","438078","15305","40593","121172","73782"
"2023-09-26T00:00:00.000","GOLD - COMMODITY EXCHANGE INC.","GOLD","435620","13152","39819","114668","91230"
"2023-09-26T00:00:00.000","PALLADIUM - NEW YORK MERCANTILE EXCHANGE","PALLADIUM","18004","3408","501","3494","12894"
"2023-09-26T00:00:00.000","PLATINUM - NEW YORK MERCANTILE EXCHANGE","PLATINUM","72957","3021","24383","28180","30464"
"2023-09-26T00:00:00.000","NAT GAS NYME - NEW YORK MERCANTILE EXCHANGE","NATURAL GAS","1142377","154297","244252","182449","238657"
"2023-09-26T00:00:00.000","SILVER - COMMODITY EXCHANGE INC.","SILVER","126206","3583","31776","32719","27452"
"2023-09-26T00:00:00.000","COPPER- #1 - COMMODITY EXCHANGE INC.","COPPER","216031","40171","46839","55921","77298"
"2023-10-03T00:00:00.000","SILVER - COMMODITY EXCHANGE INC.","SILVER","125847","3322","31880","29421","31671"
"2023-10-03T00:00:00.000","NAT GAS NYME - NEW YORK MERCANTILE EXCHANGE","NATURAL GAS","1174386","156300","254785","181703","222742"
"2023-10-03T00:00:00.000","PALLADIUM - NEW YORK MERCANTILE EXCHANGE","PALLADIUM","18421","3326","664","3372","12189"
"2023-10-03T00:00:00.000","PLATINUM - NEW YORK MERCANTILE EXCHANGE","PLATINUM","81529","4414","24523","29964","40141"
"2023-10-03T00:00:00.000","COPPER- #1 - COMMODITY EXCHANGE INC.","COPPER","208795","40327","49038","54763","67807"
"2023-10-03T00:00:00.000","GOLD - COMMODITY EXCHANGE INC.","GOLD","431226","16614","38810","100500","108061"
"2023-10-10T00:00:00.000","NAT GAS NYME - NEW YORK MERCANTILE EXCHANGE","NATURAL GAS","1142309","171269","281949","171312","145686"
"2023-10-10T00:00:00.000","PALLADIUM - NEW YORK MERCANTILE EXCHANGE","PALLADIUM","20663","4099","522","3755","14210"
"2023-10-10T00:00:00.000","PLATINUM - NEW YORK MERCANTILE EXCHANGE","PLATINUM","82751","4994","23807","29967","42874"
"2023-10-10T00:00:00.000","SILVER - COMMODITY EXCHANGE INC.","SILVER","126971","4035","32567","29895","34842"
"2023-10-10T00:00:00.000","COPPER- #1 - COMMODITY EXCHANGE INC.","COPPER","201214","35379","48974","54354","59510"
"2023-10-10T00:00:00.000","GOLD - COMMODITY EXCHANGE INC.","GOLD","436499","19010","37437","93934","120701"
"2023-10-17T00:00:00.000","NAT GAS NYME - NEW YORK MERCANTILE EXCHANGE","NATURAL GAS","1182071","190089","306274","151243","156930"
"2023-10-17T00:00:00.000","PALLADIUM - NEW YORK MERCANTILE EXCHANGE","PALLADIUM","21304","4104","502","3555","14555"
"2023-10-17T00:00:00.000","PLATINUM - NEW YORK MERCANTILE EXCHANGE","PLATINUM","84292","4590","23287","30841","43194"
"2023-10-17T00:00:00.000","SILVER - COMMODITY EXCHANGE INC.","SILVER","123640","3025","34073","31027","27701"
"2023-10-17T00:00:00.000","COPPER- #1 - COMMODITY EXCHANGE INC.","COPPER","220619","41648","48515","55559","76986"
"2023-10-17T00:00:00.000","GOLD - COMMODITY EXCHANGE INC.","GOLD","439581","11737","41703","104708","89605"
"2023-10-24T00:00:00.000","NAT GAS NYME - NEW YORK MERCANTILE EXCHANGE","NATURAL GAS","1211450","196474","306660","162882","185307"
"2023-10-24T00:00:00.000","PALLADIUM - NEW YORK MERCANTILE EXCHANGE","PALLADIUM","22459","3875","709","3881","14623"
"2023-10-24T00:00:00.000","PLATINUM - NEW YORK MERCANTILE EXCHANGE","PLATINUM","84610","4057","23368","31029","43241"
"2023-10-24T00:00:00.000","SILVER - COMMODITY EXCHANGE INC.","SILVER","123980","2810","35009","29617","22373"
"2023-10-24T00:00:00.000","COPPER- #1 - COMMODITY EXCHANGE INC.","COPPER","224704","42885","50490","56538","74242"
"2023-10-24T00:00:00.000","GOLD - COMMODITY EXCHANGE INC.","GOLD","463476","10642","50787","122456","66708"
"2023-10-31T00:00:00.000","NAT GAS NYME - NEW YORK MERCANTILE EXCHANGE","NATURAL GAS","1186140","202644","317796","180891","165530"
"2023-10-31T00:00:00.000","PALLADIUM - NEW YORK MERCANTILE EXCHANGE","PALLADIUM","22943","3569","932","4139","14063"
"2023-10-31T00:00:00.000","PLATINUM - NEW YORK MERCANTILE EXCHANGE","PLATINUM","74768","2273","25054","32290","29190"
"2023-10-31T00:00:00.000","SILVER - COMMODITY EXCHANGE INC.","SILVER","126549","3571","33701","28019","23384"
"2023-10-31T00:00:00.000","COPPER- #1 - COMMODITY EXCHANGE INC.","COPPER","222566","30344","48285","53397","67870"
"2023-10-31T00:00:00.000","GOLD - COMMODITY EXCHANGE INC.","GOLD","475808","11165","55350","140111","65271"
"2023-11-07T00:00:00.000","NAT GAS NYME - NEW YORK MERCANTILE EXCHANGE","NATURAL GAS","1243268","216523","315829","188871","225357"
"2023-11-07T00:00:00.000","PALLADIUM - NEW YORK MERCANTILE EXCHANGE","PALLADIUM","25310","3845","932","4178","14680"
"2023-11-07T00:00:00.000","PLATINUM - NEW YORK MERCANTILE EXCHANGE","PLATINUM","73613","2314","24598","28419","30276"
"2023-11-07T00:00:00.000","SILVER - COMMODITY EXCHANGE INC.","SILVER","131073","4243","33847","25457","25107"
"2023-11-07T00:00:00.000","COPPER- #1 - COMMODITY EXCHANGE INC.","COPPER","213615","26726","49671","50797","59516"
"2023-11-07T00:00:00.000","GOLD - COMMODITY EXCHANGE INC.","GOLD","484347","10487","55470","140609","62374"
"2023-11-14T00:00:00.000","NAT GAS NYME - NEW YORK MERCANTILE EXCHANGE","NATURAL GAS","1296464","226254","306148","209861","280338"
"2023-11-14T00:00:00.000","PALLADIUM - NEW YORK MERCANTILE EXCHANGE","PALLADIUM","27381","4372","828","4648","15593"
"2023-11-14T00:00:00.000","PLATINUM - NEW YORK MERCANTILE EXCHANGE","PLATINUM","85870","5652","22830","28138","45391"
"2023-11-14T00:00:00.000","SILVER - COMMODITY EXCHANGE INC.","SILVER","134826","3722","33610","30527","23822"
"2023-11-14T00:00:00.000","COPPER- #1 - COMMODITY EXCHANGE INC.","COPPER","206072","33725","52389","47682","60291"
"2023-11-14T00:00:00.000","GOLD - COMMODITY EXCHANGE INC.","GOLD","486634","12176","55241","132924","68609"
"2023-11-21T00:00:00.000","NAT GAS NYME - NEW YORK MERCANTILE EXCHANGE","NATURAL GAS","1316640","230492","295254","204852","308109"
"2023-11-21T00:00:00.000","PALLADIUM - NEW YORK MERCANTILE EXCHANGE","PALLADIUM","25834","4234","1356","4565","13938"
"2023-11-21T00:00:00.000","PLATINUM - NEW YORK MERCANTILE EXCHANGE","PLATINUM","73431","3862","24937","28125","29260"
"2023-11-21T00:00:00.000","SILVER - COMMODITY EXCHANGE INC.","SILVER","134333","3582","36975","33308","21839"
"2023-11-21T00:00:00.000","COPPER- #1 - COMMODITY EXCHANGE INC.","COPPER","187077","23825","52434","53756","43462"
"2023-11-21T00:00:00.000","GOLD - COMMODITY EXCHANGE INC.","GOLD","508429","14081","59990","144381","65246"
"2023-11-28T00:00:00.000","SILVER - COMMODITY EXCHANGE INC.","SILVER","139144","3472","40323","45604","21842"
"2023-11-28T00:00:00.000","NAT GAS NYME - NEW YORK MERCANTILE EXCHANGE","NATURAL GAS","1312707","214898","290141","224746","329481"
"2023-11-28T00:00:00.000","PALLADIUM - NEW YORK MERCANTILE EXCHANGE","PALLADIUM","19904","3723","1002","4262","13476"
"2023-11-28T00:00:00.000","PLATINUM - NEW YORK MERCANTILE EXCHANGE","PLATINUM","70437","2509","26117","28837","23999"
"2023-11-28T00:00:00.000","COPPER- #1 - COMMODITY EXCHANGE INC.","COPPER","173233","21110","49088","51983","45233"
"2023-11-28T00:00:00.000","GOLD - COMMODITY EXCHANGE INC.","GOLD","505658","14333","64941","169695","54802"
"2023-12-05T00:00:00.000","PALLADIUM - NEW YORK MERCANTILE EXCHANGE","PALLADIUM","21271","4192","1001","4056","14679"
"2023-12-05T00:00:00.000","NAT GAS NYME - NEW YORK MERCANTILE EXCHANGE","NATURAL GAS","1339392","215625","291980","218078","340527"
"2023-12-05T00:00:00.000","PLATINUM - NEW YORK MERCANTILE EXCHANGE","PLATINUM","75508","2599","25683","26066","27946"
"2023-12-05T00:00:00.000","SILVER - COMMODITY EXCHANGE INC.","SILVER","139753","4714","41340","43852","22322"
"2023-12-05T00:00:00.000","COPPER- #1 - COMMODITY EXCHANGE INC.","COPPER","176373","22609","52813","50634","43459"
"2023-12-05T00:00:00.000","GOLD - COMMODITY EXCHANGE INC.","GOLD","487469","12631","62325","159907","50520"
"2023-12-12T00:00:00.000","NAT GAS NYME - NEW YORK MERCANTILE EXCHANGE","NATURAL GAS","1412602","236594","303273","222487","347101"
"2023-12-12T00:00:00.000","PALLADIUM - NEW YORK MERCANTILE EXCHANGE","PALLADIUM","21309","4024","1195","4255","14307"
"2023-12-12T00:00:00.000","PLATINUM - NEW YORK MERCANTILE EXCHANGE","PLATINUM","74004","3025","25840","24465","25188"
"2023-12-12T00:00:00.000","SILVER - COMMODITY EXCHANGE INC.","SILVER","134281","4311","38849","33472","24805"
"2023-12-12T00:00:00.000","COPPER- #1 - COMMODITY EXCHANGE INC.","COPPER","176034","23269","48130","53187","46887"
"2023-12-12T00:00:00.000","GOLD - COMMODITY EXCHANGE INC.","GOLD","469939","13420","58535","149634","54106"
"2023-12-19T00:00:00.000","COPPER- #1 - COMMODITY EXCHANGE INC.","COPPER","189537","20916","54196","60873","45806"
"2023-12-19T00:00:00.000","NAT GAS NYME - NEW YORK MERCANTILE EXCHANGE","NATURAL GAS","1385269","223453","294814","210738","332476"
"2023-12-19T00:00:00.000","PALLADIUM - NEW YORK MERCANTILE EXCHANGE","PALLADIUM","17084","2953","675","3888","10534"
"2023-12-19T00:00:00.000","PLATINUM - NEW YORK MERCANTILE EXCHANGE","PLATINUM","72263","2690","29222","29601","18867"
"2023-12-19T00:00:00.000","SILVER - COMMODITY EXCHANGE INC.","SILVER","127549","3701","39714","34931","20060"
"2023-12-19T00:00:00.000","GOLD - COMMODITY EXCHANGE INC.","GOLD","481203","12836","60852","155697","47421"
"2023-12-26T00:00:00.000","COPPER- #1 - COMMODITY EXCHANGE INC.","COPPER","189731","20884","57428","59378","45180"
"2023-12-26T00:00:00.000","NAT GAS NYME - NEW YORK MERCANTILE EXCHANGE","NATURAL GAS","1354610","216048","296647","208167","313158"
"2023-12-26T00:00:00.000","PALLADIUM - NEW YORK MERCANTILE EXCHANGE","PALLADIUM","16495","2592","792","3564","9479"
"2023-12-26T00:00:00.000","PLATINUM - NEW YORK MERCANTILE EXCHANGE","PLATINUM","70953","1882","31778","33576","17019"
"2023-12-26T00:00:00.000","SILVER - COMMODITY EXCHANGE INC.","SILVER","131408","4063","41011","36546","19749"
"2023-12-26T00:00:00.000","GOLD - COMMODITY EXCHANGE INC.","GOLD","491343","13243","58256","152801","46347"
"2024-01-02T00:00:00.000","PLATINUM - NEW YORK MERCANTILE EXCHANGE","PLATINUM","73883","1502","33524","39920","16658"
"2024-01-02T00:00:00.000","NAT GAS NYME - NEW YORK MERCANTILE EXCHANGE","NATURAL GAS","1396907","214401","311174","216686","295176"
"2024-01-02T00:00:00.000","PALLADIUM - NEW YORK MERCANTILE EXCHANGE","PALLADIUM","16345","2510","941","3057","9399"
"2024-01-02T00:00:00.000","SILVER - COMMODITY EXCHANGE INC.","SILVER","134725","4483","42194","38424","22367"
"2024-01-02T00:00:00.000","COPPER- #1 - COMMODITY EXCHANGE INC.","COPPER","190752","17545","57597","54649","45960"
"2024-01-02T00:00:00.000","GOLD - COMMODITY EXCHANGE INC.","GOLD","500364","13674","55375","154384","45235"
"2024-01-09T00:00:00.000","GOLD - COMMODITY EXCHANGE INC.","GOLD","489849","11949","56950","134333","45874"
"2024-01-09T00:00:00.000","NAT GAS NYME - NEW YORK MERCANTILE EXCHANGE","NATURAL GAS","1406951","212307","340318","178872","222927"
"2024-01-09T00:00:00.000","PALLADIUM - NEW YORK MERCANTILE EXCHANGE","PALLADIUM","18111","3160","920","2875","11039"
"2024-01-09T00:00:00.000","PLATINUM - NEW YORK MERCANTILE EXCHANGE","PLATINUM","71940","1849","31677","36675","19702"
"2024-01-09T00:00:00.000","SILVER - COMMODITY EXCHANGE INC.","SILVER","131992","4454","41495","32392","24044"
"2024-01-09T00:00:00.000","COPPER- #1 - COMMODITY EXCHANGE INC.","COPPER","206716","30374","56720","44702","62874"
"2024-01-16T00:00:00.000","COPPER- #1 - COMMODITY EXCHANGE INC.","COPPER","219315","41761","58746","43330","70488"
"2024-01-16T00:00:00.000","NAT GAS NYME - NEW YORK MERCANTILE EXCHANGE","NATURAL GAS","1405826","207127","355924","188751","195270"
"2024-01-16T00:00:00.000","PALLADIUM - NEW YORK MERCANTILE EXCHANGE","PALLADIUM","20403","3706","809","2556","13330"
"2024-01-16T00:00:00.000","PLATINUM - NEW YORK MERCANTILE EXCHANGE","PLATINUM","75103","1614","27391","28256","27637"
"2024-01-16T00:00:00.000","SILVER - COMMODITY EXCHANGE INC.","SILVER","131956","3996","41203","31698","25475"
"2024-01-16T00:00:00.000","GOLD - COMMODITY EXCHANGE INC.","GOLD","489334","12864","53418","130931","47702"
"2024-01-23T00:00:00.000","COPPER- #1 - COMMODITY EXCHANGE INC.","COPPER","233110","44371","57517","46280","78987"
"2024-01-23T00:00:00.000","NAT GAS NYME - NEW YORK MERCANTILE EXCHANGE","NATURAL GAS","1444172","211257","345875","206667","244600"
"2024-01-23T00:00:00.000","PALLADIUM - NEW YORK MERCANTILE EXCHANGE","PALLADIUM","22317","4253","667","3181","14424"
"2024-01-23T00:00:00.000","PLATINUM - NEW YORK MERCANTILE EXCHANGE","PLATINUM","79394","3446","25775","28768","35551"
"2024-01-23T00:00:00.000","SILVER - COMMODITY EXCHANGE INC.","SILVER","138617","5416","38275","29434","32088"
"2024-01-23T00:00:00.000","GOLD - COMMODITY EXCHANGE INC.","GOLD","465872","13724","52673","111298","50265"
"2024-01-30T00:00:00.000","SILVER - COMMODITY EXCHANGE INC.","SILVER","136544","4103","40136","32840","28509"
"2024-01-30T00:00:00.000","NAT GAS NYME - NEW YORK MERCANTILE EXCHANGE","NATURAL GAS","1471807","209282","332202","209615","280136"
"2024-01-30T00:00:00.000","PALLADIUM - NEW YORK MERCANTILE EXCHANGE","PALLADIUM","23667","4054","639","3709","14109"
"2024-01-30T00:00:00.000","GOLD - COMMODITY EXCHANGE INC.","GOLD","430328","15272","49631","108093","52069"
"2024-01-30T00:00:00.000","PLATINUM - NEW YORK MERCANTILE EXCHANGE","PLATINUM","74321","2273","25037","28708","29885"
"2024-01-30T00:00:00.000","COPPER- #1 - COMMODITY EXCHANGE INC.","COPPER","229699","35413","64279","54098","58919"
"2024-02-06T00:00:00.000","GOLD - COMMODITY EXCHANGE INC.","GOLD","419121","14285","50903","114316","46247"
"2024-02-06T00:00:00.000","NAT GAS NYME - NEW YORK MERCANTILE EXCHANGE","NATURAL GAS","1533041","212161","329188","209999","306736"
"2024-02-06T00:00:00.000","PALLADIUM - NEW YORK MERCANTILE EXCHANGE","PALLADIUM","24581","4082","655","3738","14343"
"2024-02-06T00:00:00.000","PLATINUM - NEW YORK MERCANTILE EXCHANGE","PLATINUM","77077","2341","24796","28903","33651"
"2024-02-06T00:00:00.000","SILVER - COMMODITY EXCHANGE INC.","SILVER","147333","6697","39360","32101","36700"
"2024-02-06T00:00:00.000","COPPER- #1 - COMMODITY EXCHANGE INC.","COPPER","245784","34349","61265","50487","72604"
"2024-02-13T00:00:00.000","GOLD - COMMODITY EXCHANGE INC.","GOLD","420812","15888","48131","100642","66466"
"2024-02-13T00:00:00.000","NAT GAS NYME - NEW YORK MERCANTILE EXCHANGE","NATURAL GAS","1554063","219068","310959","232635","362800"
"2024-02-13T00:00:00.000","PALLADIUM - NEW YORK MERCANTILE EXCHANGE","PALLADIUM","27855","4785","741","2732","15875"
"2024-02-13T00:00:00.000","PLATINUM - NEW YORK MERCANTILE EXCHANGE","PLATINUM","93019","4817","23371","31921","45862"
"2024-02-13T00:00:00.000","SILVER - COMMODITY EXCHANGE INC.","SILVER","152544","8067","39577","33004","41987"
"2024-02-13T00:00:00.000","COPPER- #1 - COMMODITY EXCHANGE INC.","COPPER","257761","47634","57264","52279","96207"
"2024-02-20T00:00:00.000","COPPER- #1 - COMMODITY EXCHANGE INC.","COPPER","229777","38874","60100","63104","74057"
"2024-02-20T00:00:00.000","NAT GAS NYME - NEW YORK MERCANTILE EXCHANGE","NATURAL GAS","1592460","233126","306380","245132","405861"
"2024-02-20T00:00:00.000","PALLADIUM - NEW YORK MERCANTILE EXCHANGE","PALLADIUM","24726","4428","486","2973","15127"
"2024-02-20T00:00:00.000","PLATINUM - NEW YORK MERCANTILE EXCHANGE","PLATINUM","87861","3850","23682","35879","41732"
"2024-02-20T00:00:00.000","SILVER - COMMODITY EXCHANGE INC.","SILVER","146584","6607","42883","36252","31327"
"2024-02-20T00:00:00.000","GOLD - COMMODITY EXCHANGE INC.","GOLD","407063","10614","49065","98840","48917"
"2024-02-27T00:00:00.000","COPPER- #1 - COMMODITY EXCHANGE INC.","COPPER","189805","23953","56233","54512","49466"
"2024-02-27T00:00:00.000","NAT GAS NYME - NEW YORK MERCANTILE EXCHANGE","NATURAL GAS","1500882","217990","297328","234468","355916"
"2024-02-27T00:00:00.000","PALLADIUM - NEW YORK MERCANTILE EXCHANGE","PALLADIUM","21311","4156","384","3278","14828"
"2024-02-27T00:00:00.000","PLATINUM - NEW YORK MERCANTILE EXCHANGE","PLATINUM","87889","3204","20184","32044","43490"
"2024-02-27T00:00:00.000","SILVER - COMMODITY EXCHANGE INC.","SILVER","144382","8336","42541","33292","37375"
"2024-02-27T00:00:00.000","GOLD - COMMODITY EXCHANGE INC.","GOLD","411195","11378","51050","103885","47732"
"2024-03-05T00:00:00.000","COPPER- #1 - COMMODITY EXCHANGE INC.","COPPER","198561","25549","55033","51724","60287"
"2024-03-05T00:00:00.000","NAT GAS NYME - NEW YORK MERCANTILE EXCHANGE","NATURAL GAS","1533317","216974","313585","237559","344157"
"2024-03-05T00:00:00.000","PALLADIUM - NEW YORK MERCANTILE EXCHANGE","PALLADIUM","21297","4215","339","3335","15705"
"2024-03-05T00:00:00.000","PLATINUM - NEW YORK MERCANTILE EXCHANGE","PLATINUM","96814","4845","20046","30102","50526"
"2024-03-05T00:00:00.000","SILVER - COMMODITY EXCHANGE INC.","SILVER","141026","5570","41326","40556","25744"
"2024-03-05T00:00:00.000","GOLD - COMMODITY EXCHANGE INC.","GOLD","471616","11650","60537","145106","35343"
"2024-03-12T00:00:00.000","GOLD - COMMODITY EXCHANGE INC.","GOLD","516057","30471","78911","173994","32911"
"2024-03-12T00:00:00.000","NAT GAS NYME - NEW YORK MERCANTILE EXCHANGE","NATURAL GAS","1595652","226527","338501","232219","331428"
"2024-03-12T00:00:00.000","PALLADIUM - NEW YORK MERCANTILE EXCHANGE","PALLADIUM","19970","3690","884","3767","14295"
"2024-03-12T00:00:00.000","PLATINUM - NEW YORK MERCANTILE EXCHANGE","PLATINUM","86082","2431","22764","30539","33699"
"2024-03-12T00:00:00.000","SILVER - COMMODITY EXCHANGE INC.","SILVER","144534","5455","41310","45521","19727"
"2024-03-12T00:00:00.000","COPPER- #1 - COMMODITY EXCHANGE INC.","COPPER","219445","21066","60913","66445","60662"
"2024-03-19T00:00:00.000","GOLD - COMMODITY EXCHANGE INC.","GOLD","535047","32136","81346","172588","29692"
"2024-03-19T00:00:00.000","NAT GAS NYME - NEW YORK MERCANTILE EXCHANGE","NATURAL GAS","1590503","220104","326536","230124","318289"
"2024-03-19T00:00:00.000","PALLADIUM - NEW YORK MERCANTILE EXCHANGE","PALLADIUM","19369","3280","1212","3640","13802"
"2024-03-19T00:00:00.000","PLATINUM - NEW YORK MERCANTILE EXCHANGE","PLATINUM","86155","1934","22270","28733","32629"
"2024-03-19T00:00:00.000","SILVER - COMMODITY EXCHANGE INC.","SILVER","153154","4680","42748","53484","16362"
"2024-03-19T00:00:00.000","COPPER- #1 - COMMODITY EXCHANGE INC.","COPPER","269690","18889","86704","90239","59094"
"2024-03-26T00:00:00.000","COPPER- #1 - COMMODITY EXCHANGE INC.","COPPER","280731","28828","84111","87053","71966"
"2024-03-26T00:00:00.000","NAT GAS NYME - NEW YORK MERCANTILE EXCHANGE","NATURAL GAS","1543743","207739","301817","243818","329915"
"2024-03-26T00:00:00.000","PALLADIUM - NEW YORK MERCANTILE EXCHANGE","PALLADIUM","19224","3141","1294","3650","13757"
"2024-03-26T00:00:00.000","PLATINUM - NEW YORK MERCANTILE EXCHANGE","PLATINUM","80677","1847","22417","28246","31750"
"2024-03-26T00:00:00.000","SILVER - COMMODITY EXCHANGE INC.","SILVER","160327","6632","42972","53871","23932"
"2024-03-26T00:00:00.000","GOLD - COMMODITY EXCHANGE INC.","GOLD","503642","32765","80270","163006","27211"
"2024-04-02T00:00:00.000","COPPER- #1 - COMMODITY EXCHANGE INC.","COPPER","293955","26726","81020","92986","82706"
"2024-04-02T00:00:00.000","NAT GAS NYME - NEW YORK MERCANTILE EXCHANGE","NATURAL GAS","1590071","217837","308070","248851","332537"
"2024-04-02T00:00:00.000","PALLADIUM - NEW YORK MERCANTILE EXCHANGE","PALLADIUM","19665","3221","1170","3801","14506"
"2024-04-02T00:00:00.000","PLATINUM - NEW YORK MERCANTILE EXCHANGE","PLATINUM","80099","2020","23420","32220","33234"
"2024-04-02T00:00:00.000","SILVER - COMMODITY EXCHANGE INC.","SILVER","166823","7606","46306","57863","24562"
"2024-04-02T00:00:00.000","GOLD - COMMODITY EXCHANGE INC.","GOLD","500045","32235","77122","173073","25993"
"2024-04-09T00:00:00.000","COPPER- #1 - COMMODITY EXCHANGE INC.","COPPER","301181","24773","93878","109654","66422"
"2024-04-09T00:00:00.000","NAT GAS NYME - NEW YORK MERCANTILE EXCHANGE","NATURAL GAS","1550045","227457","317137","228403","316950"
"2024-04-09T00:00:00.000","PALLADIUM - NEW YORK MERCANTILE EXCHANGE","PALLADIUM","20549","2693","1577","4254","13848"
"2024-04-09T00:00:00.000","PLATINUM - NEW YORK MERCANTILE EXCHANGE","PLATINUM","81425","1225","27313","38980","27405"
"2024-04-09T00:00:00.000","SILVER - COMMODITY EXCHANGE INC.","SILVER","174397","10051","51154","59605","22974"
"2024-04-09T00:00:00.000","GOLD - COMMODITY EXCHANGE INC.","GOLD","505214","34191","76217","174617","32885"
"2024-04-16T00:00:00.000","COPPER- #1 - COMMODITY EXCHANGE INC.","COPPER","299220","22204","95167","106799","59728"
"2024-04-16T00:00:00.000","NAT GAS NYME - NEW YORK MERCANTILE EXCHANGE","NATURAL GAS","1582452","237163","327803","220067","336001"
"2024-04-16T00:00:00.000","PALLADIUM - NEW YORK MERCANTILE EXCHANGE","PALLADIUM","20839","2719","1664","3672","13206"
"2024-04-16T00:00:00.000","PLATINUM - NEW YORK MERCANTILE EXCHANGE","PLATINUM","81834","1593","27153","39874","29707"
"2024-04-16T00:00:00.000","SILVER - COMMODITY EXCHANGE INC.","SILVER","175784","9862","51018","60445","20255"
"2024-04-16T00:00:00.000","GOLD - COMMODITY EXCHANGE INC.","GOLD","517193","37797","71700","169910","35174"
"2024-04-23T00:00:00.000","PLATINUM - NEW YORK MERCANTILE EXCHANGE","PLATINUM","83696","1918","24429","30952","36211"
"2024-04-23T00:00:00.000","NAT GAS NYME - NEW YORK MERCANTILE EXCHANGE","NATURAL GAS","1542979","235553","323353","224836","313849"
"2024-04-23T00:00:00.000","PALLADIUM - NEW YORK MERCANTILE EXCHANGE","PALLADIUM","20888","2681","1358","3741","13480"
"2024-04-23T00:00:00.000","SILVER - COMMODITY EXCHANGE INC.","SILVER","175740","6575","48756","60060","20667"
"2024-04-23T00:00:00.000","COPPER- #1 - COMMODITY EXCHANGE INC.","COPPER","308479","25433","105791","113712","50720"
"2024-04-23T00:00:00.000","GOLD - COMMODITY EXCHANGE INC.","GOLD","516249","37917","70510","176400","34261"
"2024-04-30T00:00:00.000","GOLD - COMMODITY EXCHANGE INC.","GOLD","519791","37917","68644","171853","36826"
"2024-04-30T00:00:00.000","NAT GAS NYME - NEW YORK MERCANTILE EXCHANGE","NATURAL GAS","1559471","245702","317197","227364","331164"
"2024-04-30T00:00:00.000","PALLADIUM - NEW YORK MERCANTILE EXCHANGE","PALLADIUM","23638","3470","1003","3299","15153"
"2024-04-30T00:00:00.000","PLATINUM - NEW YORK MERCANTILE EXCHANGE","PLATINUM","80142","2917","23892","28012","32546"
"2024-04-30T00:00:00.000","SILVER - COMMODITY EXCHANGE INC.","SILVER","166315","5011","44677","55842","21956"
"2024-04-30T00:00:00.000","COPPER- #1 - COMMODITY EXCHANGE INC.","COPPER","293492","19616","104576","117712","58704"
"2024-05-07T00:00:00.000","COPPER- #1 - COMMODITY EXCHANGE INC.","COPPER","300392","17352","106428","124099","62248"
"2024-05-07T00:00:00.000","NAT GAS NYME - NEW YORK MERCANTILE EXCHANGE","NATURAL GAS","1560152","240254","316401","213455","269484"
"2024-05-07T00:00:00.000","PALLADIUM - NEW YORK MERCANTILE EXCHANGE","PALLADIUM","25749","3662","1015","3739","15552"
"2024-05-07T00:00:00.000","PLATINUM - NEW YORK MERCANTILE EXCHANGE","PLATINUM","80677","2698","27326","32293","28107"
"2024-05-07T00:00:00.000","SILVER - COMMODITY EXCHANGE INC.","SILVER","161868","4238","44521","54892","20698"
"2024-05-07T00:00:00.000","GOLD - COMMODITY EXCHANGE INC.","GOLD","529835","35488","67658","164780","38681"
"2024-05-14T00:00:00.000","COPPER- #1 - COMMODITY EXCHANGE INC.","COPPER","316141","18875","110025","133711","64486"
"2024-05-14T00:00:00.000","NAT GAS NYME - NEW YORK MERCANTILE EXCHANGE","NATURAL GAS","1546190","244109","342483","215120","226200"
"2024-05-14T00:00:00.000","PALLADIUM - NEW YORK MERCANTILE EXCHANGE","PALLADIUM","27396","3746","1462","3802","15696"
"2024-05-14T00:00:00.000","PLATINUM - NEW YORK MERCANTILE EXCHANGE","PLATINUM","87175","3111","31079","39719","23184"
"2024-05-14T00:00:00.000","SILVER - COMMODITY EXCHANGE INC.","SILVER","171371","4024","47924","60206","20510"
"2024-05-14T00:00:00.000","GOLD - COMMODITY EXCHANGE INC.","GOLD","522952","35446","65005","171868","41433"
"2024-05-21T00:00:00.000","COPPER- #1 - COMMODITY EXCHANGE INC.","COPPER","303409","18273","115136","133449","58142"
"2024-05-21T00:00:00.000","NAT GAS NYME - NEW YORK MERCANTILE EXCHANGE","NATURAL GAS","1529956","229876","361053","218722","202153"
"2024-05-21T00:00:00.000","PALLADIUM - NEW YORK MERCANTILE EXCHANGE","PALLADIUM","26143","3716","1541","3993","15287"
"2024-05-21T00:00:00.000","PLATINUM - NEW YORK MERCANTILE EXCHANGE","PLATINUM","92741","2917","33845","43960","25641"
"2024-05-21T00:00:00.000","SILVER - COMMODITY EXCHANGE INC.","SILVER","186945","6354","49053","61627","25457"
"2024-05-21T00:00:00.000","GOLD - COMMODITY EXCHANGE INC.","GOLD","530591","20490","57460","190605","42082"
"2024-05-28T00:00:00.000","PLATINUM - NEW YORK MERCANTILE EXCHANGE","PLATINUM","93588","3112","33310","43897","25332"
"2024-05-28T00:00:00.000","NAT GAS NYME - NEW YORK MERCANTILE EXCHANGE","NATURAL GAS","1501651","212580","347217","215208","172002"
"2024-05-28T00:00:00.000","PALLADIUM - NEW YORK MERCANTILE EXCHANGE","PALLADIUM","23592","3795","1383","3558","16012"
"2024-05-28T00:00:00.000","SILVER - COMMODITY EXCHANGE INC.","SILVER","184846","5736","48979","62242","24487"
"2024-05-28T00:00:00.000","COPPER- #1 - COMMODITY EXCHANGE INC.","COPPER","298839","19464","110809","122862","59874"
"2024-05-28T00:00:00.000","GOLD - COMMODITY EXCHANGE INC.","GOLD","485430","18542","59186","174444","25616"
"2024-06-04T00:00:00.000","GOLD - COMMODITY EXCHANGE INC.","GOLD","447488","15962","55848","172560","20261"
"2024-06-04T00:00:00.000","NAT GAS NYME - NEW YORK MERCANTILE EXCHANGE","NATURAL GAS","1475789","199332","296925","207714","191424"
"2024-06-04T00:00:00.000","PALLADIUM - NEW YORK MERCANTILE EXCHANGE","PALLADIUM","24911","4530","1109","4119","18474"
"2024-06-04T00:00:00.000","PLATINUM - NEW YORK MERCANTILE EXCHANGE","PLATINUM","96267","3966","33064","42633","29217"
"2024-06-04T00:00:00.000","SILVER - COMMODITY EXCHANGE INC.","SILVER","179854","4057","46902","56908","22577"
"2024-06-04T00:00:00.000","COPPER- #1 - COMMODITY EXCHANGE INC.","COPPER","283719","19516","106124","111635","56585"
"2024-06-11T00:00:00.000","COPPER- #1 - COMMODITY EXCHANGE INC.","COPPER","270090","21796","106565","108350","55133"
"2024-06-11T00:00:00.000","NAT GAS NYME - NEW YORK MERCANTILE EXCHANGE","NATURAL GAS","1453510","198969","283187","218173","175783"
"2024-06-11T00:00:00.000","PALLADIUM - NEW YORK MERCANTILE EXCHANGE","PALLADIUM","26440","4856","1111","3879","19882"
"2024-06-11T00:00:00.000","PLATINUM - NEW YORK MERCANTILE EXCHANGE","PLATINUM","89976","3579","29357","33933","28074"
"2024-06-11T00:00:00.000","SILVER - COMMODITY EXCHANGE INC.","SILVER","176036","4734","45574","52207","24147"
"2024-06-11T00:00:00.000","GOLD - COMMODITY EXCHANGE INC.","GOLD","436857","15922","56729","168424","15459"
"2024-06-18T00:00:00.000","COPPER- #1 - COMMODITY EXCHANGE INC.","COPPER","265935","26254","105791","104248","58614"
"2024-06-18T00:00:00.000","NAT GAS NYME - NEW YORK MERCANTILE EXCHANGE","NATURAL GAS","1451261","214194","300664","211017","171456"
"2024-06-18T00:00:00.000","PALLADIUM - NEW YORK MERCANTILE EXCHANGE","PALLADIUM","28928","4403","1327","5458","21580"
"2024-06-18T00:00:00.000","PLATINUM - NEW YORK MERCANTILE EXCHANGE","PLATINUM","87632","3046","28530","30037","24906"
"2024-06-18T00:00:00.000","SILVER - COMMODITY EXCHANGE INC.","SILVER","176605","5588","45842","53057","22008"
"2024-06-18T00:00:00.000","GOLD - COMMODITY EXCHANGE INC.","GOLD","444345","15030","57588","177639","17018"
"2024-06-25T00:00:00.000","SILVER - COMMODITY EXCHANGE INC.","SILVER","166470","4330","43682","50941","18595"
"2024-06-25T00:00:00.000","NAT GAS NYME - NEW YORK MERCANTILE EXCHANGE","NATURAL GAS","1466177","213853","314838","208583","173951"
"2024-06-25T00:00:00.000","PALLADIUM - NEW YORK MERCANTILE EXCHANGE","PALLADIUM","27002","3981","1215","4812","19750"
"2024-06-25T00:00:00.000","GOLD - COMMODITY EXCHANGE INC.","GOLD","452190","15601","58204","174756","16554"
"2024-06-25T00:00:00.000","PLATINUM - NEW YORK MERCANTILE EXCHANGE","PLATINUM","76816","2854","29118","30739","19488"
"2024-06-25T00:00:00.000","COPPER- #1 - COMMODITY EXCHANGE INC.","COPPER","255809","19309","97196","103661","64630"
"2024-07-02T00:00:00.000","GOLD - COMMODITY EXCHANGE INC.","GOLD","454730","14424","59169","167688","16873"
"2024-07-02T00:00:00.000","NAT GAS NYME - NEW YORK MERCANTILE EXCHANGE","NATURAL GAS","1508732","213821","300743","222182","220185"
"2024-07-02T00:00:00.000","PALLADIUM - NEW YORK MERCANTILE EXCHANGE","PALLADIUM","25450","3381","1500","5270","17054"
"2024-07-02T00:00:00.000","PLATINUM - NEW YORK MERCANTILE EXCHANGE","PLATINUM","76572","1719","30360","32325","17183"
"2024-07-02T00:00:00.000","SILVER - COMMODITY EXCHANGE INC.","SILVER","154724","3604","42259","49570","18013"
"2024-07-02T00:00:00.000","COPPER- #1 - COMMODITY EXCHANGE INC.","COPPER","256039","19318","95904","101147","67400"
"2024-07-09T00:00:00.000","GOLD - COMMODITY EXCHANGE INC.","GOLD","516324","14031","66422","181982","24515"
"2024-07-09T00:00:00.000","NAT GAS NYME - NEW YORK MERCANTILE EXCHANGE","NATURAL GAS","1550344","223151","297216","221574","257261"
"2024-07-09T00:00:00.000","PALLADIUM - NEW YORK MERCANTILE EXCHANGE","PALLADIUM","23477","2954","1673","3946","14087"
"2024-07-09T00:00:00.000","PLATINUM - NEW YORK MERCANTILE EXCHANGE","PLATINUM","81837","2270","31284","33689","20309"
"2024-07-09T00:00:00.000","SILVER - COMMODITY EXCHANGE INC.","SILVER","163245","3281","44645","55172","17270"
"2024-07-09T00:00:00.000","COPPER- #1 - COMMODITY EXCHANGE INC.","COPPER","263869","20213","99103","107438","63482"
"2024-07-16T00:00:00.000","COPPER- #1 - COMMODITY EXCHANGE INC.","COPPER","270330","21781","103681","103818","60923"
"2024-07-16T00:00:00.000","NAT GAS NYME - NEW YORK MERCANTILE EXCHANGE","NATURAL GAS","1589266","230020","303396","223958","283913"
"2024-07-16T00:00:00.000","PALLADIUM - NEW YORK MERCANTILE EXCHANGE","PALLADIUM","24616","3217","1721","3679","15063"
"2024-07-16T00:00:00.000","PLATINUM - NEW YORK MERCANTILE EXCHANGE","PLATINUM","83416","2446","31641","35739","21757"
"2024-07-16T00:00:00.000","SILVER - COMMODITY EXCHANGE INC.","SILVER","166641","2794","43342","55858","19183"
"2024-07-16T00:00:00.000","GOLD - COMMODITY EXCHANGE INC.","GOLD","579862","23789","84107","216502","31970"
"2024-07-23T00:00:00.000","COPPER- #1 - COMMODITY EXCHANGE INC.","COPPER","254535","23322","91211","80593","58962"
"2024-07-23T00:00:00.000","NAT GAS NYME - NEW YORK MERCANTILE EXCHANGE","NATURAL GAS","1532886","228780","293848","222874","280385"
"2024-07-23T00:00:00.000","PALLADIUM - NEW YORK MERCANTILE EXCHANGE","PALLADIUM","27984","3601","1335","5084","19703"
"2024-07-23T00:00:00.000","PLATINUM - NEW YORK MERCANTILE EXCHANGE","PLATINUM","80402","2784","29015","26442","24809"
"2024-07-23T00:00:00.000","SILVER - COMMODITY EXCHANGE INC.","SILVER","157106","3501","40508","43877","18523"
"2024-07-23T00:00:00.000","GOLD - COMMODITY EXCHANGE INC.","GOLD","572306","15685","69900","197802","34942"
"2024-07-30T00:00:00.000","COPPER- #1 - COMMODITY EXCHANGE INC.","COPPER","260246","29180","82446","70537","60332"
"2024-07-30T00:00:00.000","NAT GAS NYME - NEW YORK MERCANTILE EXCHANGE","NATURAL GAS","1547767","231023","291574","234013","287876"
"2024-07-30T00:00:00.000","PALLADIUM - NEW YORK MERCANTILE EXCHANGE","PALLADIUM","30609","3903","1280","5845","21651"
"2024-07-30T00:00:00.000","PLATINUM - NEW YORK MERCANTILE EXCHANGE","PLATINUM","78760","2159","28678","27834","24620"
"2024-07-30T00:00:00.000","SILVER - COMMODITY EXCHANGE INC.","SILVER","151437","4063","38528","37898","13683"
"2024-07-30T00:00:00.000","GOLD - COMMODITY EXCHANGE INC.","GOLD","510914","19913","64678","185586","33222"
"2024-08-06T00:00:00.000","COPPER- #1 - COMMODITY EXCHANGE INC.","COPPER","249019","30486","73695","57101","50165"
"2024-08-06T00:00:00.000","NAT GAS NYME - NEW YORK MERCANTILE EXCHANGE","NATURAL GAS","1587318","230958","281204","235889","288796"
"2024-08-06T00:00:00.000","PALLADIUM - NEW YORK MERCANTILE EXCHANGE","PALLADIUM","30871","4183","1082","5386","21669"
"2024-08-06T00:00:00.000","PLATINUM - NEW YORK MERCANTILE EXCHANGE","PLATINUM","81153","2445","26476","29630","30192"
"2024-08-06T00:00:00.000","GOLD - COMMODITY EXCHANGE INC.","GOLD","480645","16637","63782","180303","29517"
"2024-08-06T00:00:00.000","SILVER - COMMODITY EXCHANGE INC.","SILVER","147537","4405","37415","36537","12153"
"2024-08-13T00:00:00.000","GOLD - COMMODITY EXCHANGE INC.","GOLD","505872","16717","69652","203844","25929"
"2024-08-13T00:00:00.000","NAT GAS NYME - NEW YORK MERCANTILE EXCHANGE","NATURAL GAS","1525250","226740","279446","222140","283536"
"2024-08-13T00:00:00.000","PALLADIUM - NEW YORK MERCANTILE EXCHANGE","PALLADIUM","29294","3834","1191","5128","20190"
"2024-08-13T00:00:00.000","PLATINUM - NEW YORK MERCANTILE EXCHANGE","PLATINUM","81605","2943","27208","30542","31267"
"2024-08-13T00:00:00.000","SILVER - COMMODITY EXCHANGE INC.","SILVER","147859","4603","37404","35805","12471"
"2024-08-13T00:00:00.000","COPPER- #1 - COMMODITY EXCHANGE INC.","COPPER","229752","30702","69551","55476","48001"
"2024-08-20T00:00:00.000","COPPER- #1 - COMMODITY EXCHANGE INC.","COPPER","228892","29894","70990","64256","50644"
"2024-08-20T00:00:00.000","NAT GAS NYME - NEW YORK MERCANTILE EXCHANGE","NATURAL GAS","1518979","217418","274619","219567","259607"
"2024-08-20T00:00:00.000","PALLADIUM - NEW YORK MERCANTILE EXCHANGE","PALLADIUM","28416","3975","1582","4631","19540"
"2024-08-20T00:00:00.000","PLATINUM - NEW YORK MERCANTILE EXCHANGE","PLATINUM","81395","3551","28370","29723","28692"
"2024-08-20T00:00:00.000","SILVER - COMMODITY EXCHANGE INC.","SILVER","146986","3652","38298","39517","9678"
"2024-08-20T00:00:00.000","GOLD - COMMODITY EXCHANGE INC.","GOLD","532867","15569","79564","222142","28837"
"2024-08-27T00:00:00.000","COPPER- #1 - COMMODITY EXCHANGE INC.","COPPER","214577","26138","69328","64926","48339"
"2024-08-27T00:00:00.000","NAT GAS NYME - NEW YORK MERCANTILE EXCHANGE","NATURAL GAS","1532068","228630","280700","219643","291182"
"2024-08-27T00:00:00.000","PALLADIUM - NEW YORK MERCANTILE EXCHANGE","PALLADIUM","25729","3899","1707","3907","17662"
"2024-08-27T00:00:00.000","PLATINUM - NEW YORK MERCANTILE EXCHANGE","PLATINUM","77082","2886","28117","28450","24683"
"2024-08-27T00:00:00.000","SILVER - COMMODITY EXCHANGE INC.","SILVER","141613","3544","38696","42916","9729"
"2024-08-27T00:00:00.000","GOLD - COMMODITY EXCHANGE INC.","GOLD","521759","10714","79098","217976","17685"
"2024-09-03T00:00:00.000","COPPER- #1 - COMMODITY EXCHANGE INC.","COPPER","201953","26260","64347","54645","42369"
"2024-09-03T00:00:00.000","NAT GAS NYME - NEW YORK MERCANTILE EXCHANGE","NATURAL GAS","1558349","233165","285076","219813","290365"
"2024-09-03T00:00:00.000","PALLADIUM - NEW YORK MERCANTILE EXCHANGE","PALLADIUM","22098","3472","1474","3187","15967"
"2024-09-03T00:00:00.000","PLATINUM - NEW YORK MERCANTILE EXCHANGE","PLATINUM","87185","4474","25161","26381","35672"
"2024-09-03T00:00:00.000","SILVER - COMMODITY EXCHANGE INC.","SILVER","130928","4035","33899","40281","14982"
"2024-09-03T00:00:00.000","GOLD - COMMODITY EXCHANGE INC.","GOLD","511136","11841","81470","212086","19996"
"2024-09-10T00:00:00.000","COPPER- #1 - COMMODITY EXCHANGE INC.","COPPER","203377","26404","62802","54703","39180"
"2024-09-10T00:00:00.000","NAT GAS NYME - NEW YORK MERCANTILE EXCHANGE","NATURAL GAS","1552355","221169","279609","217922","268899"
"2024-09-10T00:00:00.000","PALLADIUM - NEW YORK MERCANTILE EXCHANGE","PALLADIUM","22244","3664","1904","3288","15683"
"2024-09-10T00:00:00.000","PLATINUM - NEW YORK MERCANTILE EXCHANGE","PLATINUM","84729","4443","27220","27851","32249"
"2024-09-10T00:00:00.000","SILVER - COMMODITY EXCHANGE INC.","SILVER","128959","3052","33496","39466","13645"
"2024-09-10T00:00:00.000","GOLD - COMMODITY EXCHANGE INC.","GOLD","511501","12568","87942","213645","23190"
"2024-09-17T00:00:00.000","PLATINUM - NEW YORK MERCANTILE EXCHANGE","PLATINUM","79134","3435","31304","27339","16684"
"2024-09-17T00:00:00.000","NAT GAS NYME - NEW YORK MERCANTILE EXCHANGE","NATURAL GAS","1537175","231684","287421","212839","250015"
"2024-09-17T00:00:00.000","PALLADIUM - NEW YORK MERCANTILE EXCHANGE","PALLADIUM","18710","2585","2797","3243","9895"
"2024-09-17T00:00:00.000","SILVER - COMMODITY EXCHANGE INC.","SILVER","140605","1821","38830","51074","11455"
"2024-09-17T00:00:00.000","COPPER- #1 - COMMODITY EXCHANGE INC.","COPPER","204717","24303","66276","58880","38998"
"2024-09-17T00:00:00.000","GOLD - COMMODITY EXCHANGE INC.","GOLD","537627","12663","90250","241844","25489"
"2024-09-24T00:00:00.000","NAT GAS NYME - NEW YORK MERCANTILE EXCHANGE","NATURAL GAS","1496022","220008","277374","211495","223796"
"2024-09-24T00:00:00.000","PALLADIUM - NEW YORK MERCANTILE EXCHANGE","PALLADIUM","18970","2647","2846","4060","10061"
"2024-09-24T00:00:00.000","PLATINUM - NEW YORK MERCANTILE EXCHANGE","PLATINUM","75168","2562","30147","32120","17060"
"2024-09-24T00:00:00.000","SILVER - COMMODITY EXCHANGE INC.","SILVER","150071","2149","40839","56196","13021"
"2024-09-24T00:00:00.000","COPPER- #1 - COMMODITY EXCHANGE INC.","COPPER","226141","21488","77511","72976","40128"
"2024-09-24T00:00:00.000","GOLD - COMMODITY EXCHANGE INC.","GOLD","564640","13517","93547","256435","37406"
"2024-10-01T00:00:00.000","NAT GAS NYME - NEW YORK MERCANTILE EXCHANGE","NATURAL GAS","1495890","217191","264185","193654","206852"
"2024-10-01T00:00:00.000","PALLADIUM - NEW YORK MERCANTILE EXCHANGE","PALLADIUM","18462","3034","2422","3396","11167"
"2024-10-01T00:00:00.000","PLATINUM - NEW YORK MERCANTILE EXCHANGE","PLATINUM","72633","2273","31503","34087","15397"
"2024-10-01T00:00:00.000","SILVER - COMMODITY EXCHANGE INC.","SILVER","144757","2961","40085","52610","15272"
"2024-10-01T00:00:00.000","COPPER- #1 - COMMODITY EXCHANGE INC.","COPPER","240587","20703","86960","82808","44803"
"2024-10-01T00:00:00.000","GOLD - COMMODITY EXCHANGE INC.","GOLD","533107","12220","87446","247867","33405"
"2024-10-08T00:00:00.000","NAT GAS NYME - NEW YORK MERCANTILE EXCHANGE","NATURAL GAS","1483043","229293","262161","181001","200555"
"2024-10-08T00:00:00.000","PALLADIUM - NEW YORK MERCANTILE EXCHANGE","PALLADIUM","18120","2870","2753","3059","11154"
"2024-10-08T00:00:00.000","PLATINUM - NEW YORK MERCANTILE EXCHANGE","PLATINUM","76979","2520","31420","32361","18913"
"2024-10-08T00:00:00.000","SILVER - COMMODITY EXCHANGE INC.","SILVER","142839","3552","39311","47876","13240"
"2024-10-08T00:00:00.000","COPPER- #1 - COMMODITY EXCHANGE INC.","COPPER","241373","20362","88204","80838","45145"
"2024-10-08T00:00:00.000","GOLD - COMMODITY EXCHANGE INC.","GOLD","520316","12830","83981","227596","33537"
"2024-10-15T00:00:00.000","NAT GAS NYME - NEW YORK MERCANTILE EXCHANGE","NATURAL GAS","1556886","243673","275194","169973","250694"
"2024-10-15T00:00:00.000","PALLADIUM - NEW YORK MERCANTILE EXCHANGE","PALLADIUM","17733","2718","2881","2926","9847"
"2024-10-15T00:00:00.000","PLATINUM - NEW YORK MERCANTILE EXCHANGE","PLATINUM","72967","1965","32377","32093","15534"
"2024-10-15T00:00:00.000","SILVER - COMMODITY EXCHANGE INC.","SILVER","141898","3281","40173","47760","13059"
"2024-10-15T00:00:00.000","COPPER- #1 - COMMODITY EXCHANGE INC.","COPPER","242791","24978","87721","72366","46155"
"2024-10-15T00:00:00.000","GOLD - COMMODITY EXCHANGE INC.","GOLD","541232","13088","87786","233871","34450"
"2024-10-22T00:00:00.000","NAT GAS NYME - NEW YORK MERCANTILE EXCHANGE","NATURAL GAS","1644880","268246","287328","181618","314055"
"2024-10-22T00:00:00.000","PALLADIUM - NEW YORK MERCANTILE EXCHANGE","PALLADIUM","17264","2472","3156","3095","8580"
"2024-10-22T00:00:00.000","PLATINUM - NEW YORK MERCANTILE EXCHANGE","PLATINUM","81497","1813","35346","38851","15175"
"2024-10-22T00:00:00.000","SILVER - COMMODITY EXCHANGE INC.","SILVER","157264","3233","44497","56281","10646"
"2024-10-22T00:00:00.000","COPPER- #1 - COMMODITY EXCHANGE INC.","COPPER","242120","25446","86520","72314","49074"
"2024-10-22T00:00:00.000","GOLD - COMMODITY EXCHANGE INC.","GOLD","573760","12942","95037","242427","37267"
"2024-10-29T00:00:00.000","NAT GAS NYME - NEW YORK MERCANTILE EXCHANGE","NATURAL GAS","1670416","275799","293288","187718","320954"
"2024-10-29T00:00:00.000","PALLADIUM - NEW YORK MERCANTILE EXCHANGE","PALLADIUM","17810","1647","4015","4988","6758"
"2024-10-29T00:00:00.000","PLATINUM - NEW YORK MERCANTILE EXCHANGE","PLATINUM","86344","1526","37048","45237","16022"
"2024-10-29T00:00:00.000","SILVER - COMMODITY EXCHANGE INC.","SILVER","156320","3813","43492","54185","14432"
"2024-10-29T00:00:00.000","COPPER- #1 - COMMODITY EXCHANGE INC.","COPPER","247710","28007","86287","71951","54431"
"2024-10-29T00:00:00.000","GOLD - COMMODITY EXCHANGE INC.","GOLD","579468","12379","86999","234856","39683"
"2024-11-05T00:00:00.000","NAT GAS NYME - NEW YORK MERCANTILE EXCHANGE","NATURAL GAS","1781294","298910","327841","195208","342145"
"2024-11-05T00:00:00.000","PALLADIUM - NEW YORK MERCANTILE EXCHANGE","PALLADIUM","18297","1648","3706","4646","7346"
"2024-11-05T00:00:00.000","PLATINUM - NEW YORK MERCANTILE EXCHANGE","PLATINUM","85562","1760","34503","41256","19422"
"2024-11-05T00:00:00.000","SILVER - COMMODITY EXCHANGE INC.","SILVER","151126","4390","39648","48546","16249"
"2024-11-05T00:00:00.000","COPPER- #1 - COMMODITY EXCHANGE INC.","COPPER","251994","24906","83700","77733","58803"
"2024-11-05T00:00:00.000","GOLD - COMMODITY EXCHANGE INC.","GOLD","558034","13066","82429","219687","36684"
"2024-11-12T00:00:00.000","NAT GAS NYME - NEW YORK MERCANTILE EXCHANGE","NATURAL GAS","1763552","286869","315928","194902","332393"
"2024-11-12T00:00:00.000","PALLADIUM - NEW YORK MERCANTILE EXCHANGE","PALLADIUM","18417","1596","2512","2682","9492"
"2024-11-12T00:00:00.000","PLATINUM - NEW YORK MERCANTILE EXCHANGE","PLATINUM","88887","1596","33761","38129","24903"
"2024-11-12T00:00:00.000","SILVER - COMMODITY EXCHANGE INC.","SILVER","147526","4554","38682","41125","16900"
"2024-11-12T00:00:00.000","COPPER- #1 - COMMODITY EXCHANGE INC.","COPPER","232280","28277","80641","65147","55248"
"2024-11-12T00:00:00.000","GOLD - COMMODITY EXCHANGE INC.","GOLD","535981","13211","80667","203661","38365"
"2024-11-19T00:00:00.000","NAT GAS NYME - NEW YORK MERCANTILE EXCHANGE","NATURAL GAS","1706065","278506","298132","184968","307657"
"2024-11-19T00:00:00.000","PALLADIUM - NEW YORK MERCANTILE EXCHANGE","PALLADIUM","18127","1385","2069","2624","10311"
"2024-11-19T00:00:00.000","PLATINUM - NEW YORK MERCANTILE EXCHANGE","PLATINUM","88953","2391","33737","39570","27084"
"2024-11-19T00:00:00.000","SILVER - COMMODITY EXCHANGE INC.","SILVER","141287","4940","39673","40707","14769"
"2024-11-19T00:00:00.000","COPPER- #1 - COMMODITY EXCHANGE INC.","COPPER","223447","30820","73795","62704","53368"
"2024-11-19T00:00:00.000","GOLD - COMMODITY EXCHANGE INC.","GOLD","502952","13787","84104","193355","38181"
"2024-11-26T00:00:00.000","NAT GAS NYME - NEW YORK MERCANTILE EXCHANGE","NATURAL GAS","1640388","249444","272323","177445","238532"
"2024-11-26T00:00:00.000","PALLADIUM - NEW YORK MERCANTILE EXCHANGE","PALLADIUM","15350","836","1839","2959","9592"
"2024-11-26T00:00:00.000","PLATINUM - NEW YORK MERCANTILE EXCHANGE","PLATINUM","92361","2400","32660","37590","30622"
"2024-11-26T00:00:00.000","SILVER - COMMODITY EXCHANGE INC.","SILVER","134590","4501","38910","38604","15499"
"2024-11-26T00:00:00.000","COPPER- #1 - COMMODITY EXCHANGE INC.","COPPER","203954","25991","69909","64992","55773"
"2024-11-26T00:00:00.000","GOLD - COMMODITY EXCHANGE INC.","GOLD","472660","14309","81389","203596","24306"
"2024-12-03T00:00:00.000","NAT GAS NYME - NEW YORK MERCANTILE EXCHANGE","NATURAL GAS","1638982","248856","264487","169476","242522"
"2024-12-03T00:00:00.000","PALLADIUM - NEW YORK MERCANTILE EXCHANGE","PALLADIUM","15655","957","1679","3159","10319"
"2024-12-03T00:00:00.000","PLATINUM - NEW YORK MERCANTILE EXCHANGE","PLATINUM","94662","2618","33437","37998","30446"
"2024-12-03T00:00:00.000","SILVER - COMMODITY EXCHANGE INC.","SILVER","134074","3816","36862","39214","14882"
"2024-12-03T00:00:00.000","COPPER- #1 - COMMODITY EXCHANGE INC.","COPPER","213182","26687","66739","68231","56544"
"2024-12-03T00:00:00.000","GOLD - COMMODITY EXCHANGE INC.","GOLD","462040","10967","73308","203580","22845"
"2024-12-10T00:00:00.000","NAT GAS NYME - NEW YORK MERCANTILE EXCHANGE","NATURAL GAS","1575117","215866","239388","177703","257486"
"2024-12-10T00:00:00.000","PALLADIUM - NEW YORK MERCANTILE EXCHANGE","PALLADIUM","15617","921","1620","2850","10570"
"2024-12-10T00:00:00.000","PLATINUM - NEW YORK MERCANTILE EXCHANGE","PLATINUM","97656","3121","32677","37260","33520"
"2024-12-10T00:00:00.000","SILVER - COMMODITY EXCHANGE INC.","SILVER","151096","2560","37851","46890","17570"
"2024-12-10T00:00:00.000","COPPER- #1 - COMMODITY EXCHANGE INC.","COPPER","208126","24124","65645","67251","53712"
"2024-12-10T00:00:00.000","GOLD - COMMODITY EXCHANGE INC.","GOLD","483346","11204","77649","218482","22404"
"2024-12-17T00:00:00.000","NAT GAS NYME - NEW YORK MERCANTILE EXCHANGE","NATURAL GAS","1559585","202084","226579","172091","238396"
"2024-12-17T00:00:00.000","PALLADIUM - NEW YORK MERCANTILE EXCHANGE","PALLADIUM","16822","1066","1442","3145","12122"
"2024-12-17T00:00:00.000","PLATINUM - NEW YORK MERCANTILE EXCHANGE","PLATINUM","97942","3272","29468","38723","38300"
"2024-12-17T00:00:00.000","SILVER - COMMODITY EXCHANGE INC.","SILVER","146938","3358","37390","40317","18438"
"2024-12-17T00:00:00.000","COPPER- #1 - COMMODITY EXCHANGE INC.","COPPER","207513","25185","61553","64176","57794"
"2024-12-17T00:00:00.000","GOLD - COMMODITY EXCHANGE INC.","GOLD","466571","9971","82426","201880","18378"
"2024-12-24T00:00:00.000","NAT GAS NYME - NEW YORK MERCANTILE EXCHANGE","NATURAL GAS","1517647","184081","213396","176424","179133"
"2024-12-24T00:00:00.000","PALLADIUM - NEW YORK MERCANTILE EXCHANGE","PALLADIUM","18504","1281","1242","3470","13812"
"2024-12-24T00:00:00.000","PLATINUM - NEW YORK MERCANTILE EXCHANGE","PLATINUM","91990","3006","28642","40215","38674"
"2024-12-24T00:00:00.000","SILVER - COMMODITY EXCHANGE INC.","SILVER","145618","3447","37289","39531","18983"
"2024-12-24T00:00:00.000","COPPER- #1 - COMMODITY EXCHANGE INC.","COPPER","213742","28849","60620","64644","63206"
"2024-12-24T00:00:00.000","GOLD - COMMODITY EXCHANGE INC.","GOLD","454646","9198","83987","186099","20602"
"2024-12-31T00:00:00.000","NAT GAS NYME - NEW YORK MERCANTILE EXCHANGE","NATURAL GAS","1500276","188098","236037","162427","166227"
"2024-12-31T00:00:00.000","PALLADIUM - NEW YORK MERCANTILE EXCHANGE","PALLADIUM","19829","1645","1187","3304","14739"
"2024-12-31T00:00:00.000","PLATINUM - NEW YORK MERCANTILE EXCHANGE","PLATINUM","89197","3415","25407","34151","42550"
"2024-12-31T00:00:00.000","SILVER - COMMODITY EXCHANGE INC.","SILVER","151013","3875","37382","38172","21002"
"2024-12-31T00:00:00.000","COPPER- #1 - COMMODITY EXCHANGE INC.","COPPER","219739","28180","59590","65055","69374"
"2024-12-31T00:00:00.000","GOLD - COMMODITY EXCHANGE INC.","GOLD","458584","9983","83344","182128","15959"
"2025-01-07T00:00:00.000","NAT GAS NYME - NEW YORK MERCANTILE EXCHANGE","NATURAL GAS","1549749","199262","253227","184255","162359"
"2025-01-07T00:00:00.000","PALLADIUM - NEW YORK MERCANTILE EXCHANGE","PALLADIUM","21240","1821","1397","3479","16163"
"2025-01-07T00:00:00.000","PLATINUM - NEW YORK MERCANTILE EXCHANGE","PLATINUM","84617","3050","26749","39742","34753"
"2025-01-07T00:00:00.000","SILVER - COMMODITY EXCHANGE INC.","SILVER","151590","2900","36644","42484","17045"
"2025-01-07T00:00:00.000","COPPER- #1 - COMMODITY EXCHANGE INC.","COPPER","218477","28036","59032","69434","63252"
"2025-01-07T00:00:00.000","GOLD - COMMODITY EXCHANGE INC.","GOLD","477043","10137","81104","191873","14232"
"2025-01-14T00:00:00.000","NAT GAS NYME - NEW YORK MERCANTILE EXCHANGE","NATURAL GAS","1573055","204722","280249","197706","140846"
"2025-01-14T00:00:00.000","PALLADIUM - NEW YORK MERCANTILE EXCHANGE","PALLADIUM","20339","1371","1246","3562","15320"
"2025-01-14T00:00:00.000","PLATINUM - NEW YORK MERCANTILE EXCHANGE","PLATINUM","75049","2490","25261","33752","26572"
"2025-01-14T00:00:00.000","SILVER - COMMODITY EXCHANGE INC.","SILVER","150364","3674","37273","45728","16385"
"2025-01-14T00:00:00.000","COPPER- #1 - COMMODITY EXCHANGE INC.","COPPER","209052","26939","64140","66275","51710"
"2025-01-14T00:00:00.000","GOLD - COMMODITY EXCHANGE INC.","GOLD","526467","21043","95030","206968","11346"
"2025-01-21T00:00:00.000","NAT GAS NYME - NEW YORK MERCANTILE EXCHANGE","NATURAL GAS","1601438","204090","296149","191688","143789"
"2025-01-21T00:00:00.000","PALLADIUM - NEW YORK MERCANTILE EXCHANGE","PALLADIUM","19039","1211","1009","3236","14125"
"2025-01-21T00:00:00.000","PLATINUM - NEW YORK MERCANTILE EXCHANGE","PLATINUM","75574","1800","24491","32512","30671"
"2025-01-21T00:00:00.000","SILVER - COMMODITY EXCHANGE INC.","SILVER","159899","4112","38144","48244","19023"
"2025-01-21T00:00:00.000","COPPER- #1 - COMMODITY EXCHANGE INC.","COPPER","217298","24818","67784","69678","50364"
"2025-01-21T00:00:00.000","GOLD - COMMODITY EXCHANGE INC.","GOLD","571387","20111","100717","226964","11095"
"2025-01-28T00:00:00.000","NAT GAS NYME - NEW YORK MERCANTILE EXCHANGE","NATURAL GAS","1568450","196780","285806","188602","135961"
"2025-01-28T00:00:00.000","PALLADIUM - NEW YORK MERCANTILE EXCHANGE","PALLADIUM","17033","991","1242","2752","11330"
"2025-01-28T00:00:00.000","PLATINUM - NEW YORK MERCANTILE EXCHANGE","PLATINUM","76105","1832","24630","31973","29463"
"2025-01-28T00:00:00.000","SILVER - COMMODITY EXCHANGE INC.","SILVER","165135","3704","38180","46674","20724"
"2025-01-28T00:00:00.000","COPPER- #1 - COMMODITY EXCHANGE INC.","COPPER","234867","29027","68366","67992","51450"
"2025-01-28T00:00:00.000","GOLD - COMMODITY EXCHANGE INC.","GOLD","577505","19532","100430","227871","17331"
"2025-02-04T00:00:00.000","NAT GAS NYME - NEW YORK MERCANTILE EXCHANGE","NATURAL GAS","1559758","189755","271712","183986","135319"
"2025-02-04T00:00:00.000","PALLADIUM - NEW YORK MERCANTILE EXCHANGE","PALLADIUM","17168","807","1733","3259","10164"
"2025-02-04T00:00:00.000","PLATINUM - NEW YORK MERCANTILE EXCHANGE","PLATINUM","73237","1486","25562","33551","22066"
"2025-02-04T00:00:00.000","GOLD - COMMODITY EXCHANGE INC.","GOLD","542004","19046","82490","240485","30952"
"2025-02-04T00:00:00.000","COPPER- #1 - COMMODITY EXCHANGE INC.","COPPER","235599","28344","67544","72058","53594"
"2025-02-04T00:00:00.000","SILVER - COMMODITY EXCHANGE INC.","SILVER","170726","2358","40845","56404","20157"
"2025-02-11T00:00:00.000","NAT GAS NYME - NEW YORK MERCANTILE EXCHANGE","NATURAL GAS","1546388","199038","275189","210994","136944"
"2025-02-11T00:00:00.000","PALLADIUM - NEW YORK MERCANTILE EXCHANGE","PALLADIUM","20106","764","1794","3641","11720"
"2025-02-11T00:00:00.000","PLATINUM - NEW YORK MERCANTILE EXCHANGE","PLATINUM","82571","1002","27949","41275","21721"
"2025-02-11T00:00:00.000","SILVER - COMMODITY EXCHANGE INC.","SILVER","164251","3900","41206","54415","20039"
"2025-02-11T00:00:00.000","COPPER- #1 - COMMODITY EXCHANGE INC.","COPPER","243961","26519","72812","79403","54970"
"2025-02-11T00:00:00.000","GOLD - COMMODITY EXCHANGE INC.","GOLD","528719","20935","81836","229071","34268"
"2025-02-18T00:00:00.000","NAT GAS NYME - NEW YORK MERCANTILE EXCHANGE","NATURAL GAS","1578394","200344","268471","241387","137356"
"2025-02-18T00:00:00.000","PALLADIUM - NEW YORK MERCANTILE EXCHANGE","PALLADIUM","20311","896","2229","3749","10882"
"2025-02-18T00:00:00.000","PLATINUM - NEW YORK MERCANTILE EXCHANGE","PLATINUM","88270","1192","28045","45547","26714"
"2025-02-18T00:00:00.000","SILVER - COMMODITY EXCHANGE INC.","SILVER","170107","3701","43116","58305","19999"
"2025-02-18T00:00:00.000","COPPER- #1 - COMMODITY EXCHANGE INC.","COPPER","238331","22922","69880","80431","50385"
"2025-02-18T00:00:00.000","GOLD - COMMODITY EXCHANGE INC.","GOLD","522330","22176","82595","222538","37209"
"2025-02-25T00:00:00.000","NAT GAS NYME - NEW YORK MERCANTILE EXCHANGE","NATURAL GAS","1595779","200158","280608","239485","132665"
"2025-02-25T00:00:00.000","PALLADIUM - NEW YORK MERCANTILE EXCHANGE","PALLADIUM","18860","1269","1549","3232","13392"
"2025-02-25T00:00:00.000","PLATINUM - NEW YORK MERCANTILE EXCHANGE","PLATINUM","84790","1803","27522","39131","30663"
"2025-02-25T00:00:00.000","SILVER - COMMODITY EXCHANGE INC.","SILVER","163681","4000","43955","51338","18399"
"2025-02-25T00:00:00.000","COPPER- #1 - COMMODITY EXCHANGE INC.","COPPER","222133","22124","65068","70584","51927"
"2025-02-25T00:00:00.000","GOLD - COMMODITY EXCHANGE INC.","GOLD","512179","24007","84497","212694","32882"
"2025-03-04T00:00:00.000","NAT GAS NYME - NEW YORK MERCANTILE EXCHANGE","NATURAL GAS","1631662","204785","273865","248129","139779"
"2025-03-04T00:00:00.000","PALLADIUM - NEW YORK MERCANTILE EXCHANGE","PALLADIUM","19942","1304","1268","3829","15279"
"2025-03-04T00:00:00.000","PLATINUM - NEW YORK MERCANTILE EXCHANGE","PLATINUM","79207","2464","26929","32503","29543"
"2025-03-04T00:00:00.000","SILVER - COMMODITY EXCHANGE INC.","SILVER","145935","3934","35560","47878","13780"
"2025-03-04T00:00:00.000","COPPER- #1 - COMMODITY EXCHANGE INC.","COPPER","218780","22485","59859","64740","55838"
"2025-03-04T00:00:00.000","GOLD - COMMODITY EXCHANGE INC.","GOLD","489270","24881","83460","204965","38307"
"2025-03-11T00:00:00.000","NAT GAS NYME - NEW YORK MERCANTILE EXCHANGE","NATURAL GAS","1645622","207972","259341","232927","141310"
"2025-03-11T00:00:00.000","PALLADIUM - NEW YORK MERCANTILE EXCHANGE","PALLADIUM","20172","1286","1483","3978","15825"
"2025-03-11T00:00:00.000","PLATINUM - NEW YORK MERCANTILE EXCHANGE","PLATINUM","79390","2414","27766","30114","26410"
"2025-03-11T00:00:00.000","SILVER - COMMODITY EXCHANGE INC.","SILVER","155263","3196","38436","54740","12763"
"2025-03-11T00:00:00.000","COPPER- #1 - COMMODITY EXCHANGE INC.","COPPER","227359","21598","63320","69303","55087"
"2025-03-11T00:00:00.000","GOLD - COMMODITY EXCHANGE INC.","GOLD","511276","24799","82058","204907","37331"
"2025-03-18T00:00:00.000","NAT GAS NYME - NEW YORK MERCANTILE EXCHANGE","NATURAL GAS","1580223","201952","238035","201692","136579"
"2025-03-18T00:00:00.000","PALLADIUM - NEW YORK MERCANTILE EXCHANGE","PALLADIUM","19999","1143","1288","4179","15861"
"2025-03-18T00:00:00.000","PLATINUM - NEW YORK MERCANTILE EXCHANGE","PLATINUM","80614","1763","28266","36458","21414"
"2025-03-18T00:00:00.000","SILVER - COMMODITY EXCHANGE INC.","SILVER","170566","3086","40158","62742","13254"
"2025-03-18T00:00:00.000","COPPER- #1 - COMMODITY EXCHANGE INC.","COPPER","237882","21685","65337","75519","51567"
"2025-03-18T00:00:00.000","GOLD - COMMODITY EXCHANGE INC.","GOLD","533566","23881","88261","220879","37045"
"2025-03-25T00:00:00.000","NAT GAS NYME - NEW YORK MERCANTILE EXCHANGE","NATURAL GAS","1606111","207858","238234","193766","153011"
"2025-03-25T00:00:00.000","PALLADIUM - NEW YORK MERCANTILE EXCHANGE","PALLADIUM","20537","1219","1470","4473","15955"
"2025-03-25T00:00:00.000","PLATINUM - NEW YORK MERCANTILE EXCHANGE","PLATINUM","80688","2758","28133","33493","30042"
"2025-03-25T00:00:00.000","SILVER - COMMODITY EXCHANGE INC.","SILVER","169628","3615","41209","59841","14449"
"2025-03-25T00:00:00.000","COPPER- #1 - COMMODITY EXCHANGE INC.","COPPER","251957","24620","68474","80018","43322"
"2025-03-25T00:00:00.000","GOLD - COMMODITY EXCHANGE INC.","GOLD","511482","14682","77439","213505","38773"
"2025-04-01T00:00:00.000","NAT GAS NYME - NEW YORK MERCANTILE EXCHANGE","NATURAL GAS","1636159","206654","233393","192336","166828"
"2025-04-01T00:00:00.000","PALLADIUM - NEW YORK MERCANTILE EXCHANGE","PALLADIUM","19975","1211","1839","4923","14584"
"2025-04-01T00:00:00.000","PLATINUM - NEW YORK MERCANTILE EXCHANGE","PLATINUM","78874","2186","26687","33326","30313"
"2025-04-01T00:00:00.000","SILVER - COMMODITY EXCHANGE INC.","SILVER","170197","3806","41168","58008","16989"
"2025-04-01T00:00:00.000","COPPER- #1 - COMMODITY EXCHANGE INC.","COPPER","245181","29271","69359","71844","37412"
"2025-04-01T00:00:00.000","GOLD - COMMODITY EXCHANGE INC.","GOLD","498746","11538","73853","204833","62834"
"2025-04-08T00:00:00.000","NAT GAS NYME - NEW YORK MERCANTILE EXCHANGE","NATURAL GAS","1590806","199072","219240","175875","155696"
"2025-04-08T00:00:00.000","PALLADIUM - NEW YORK MERCANTILE EXCHANGE","PALLADIUM","22372","1951","1126","3436","16997"
"2025-04-08T00:00:00.000","PLATINUM - NEW YORK MERCANTILE EXCHANGE","PLATINUM","81948","3309","20153","25299","40165"
"2025-04-08T00:00:00.000","SILVER - COMMODITY EXCHANGE INC.","SILVER","154289","3529","35671","35544","12859"
"2025-04-08T00:00:00.000","COPPER- #1 - COMMODITY EXCHANGE INC.","COPPER","220390","27720","59049","51157","36991"
"2025-04-08T00:00:00.000","GOLD - COMMODITY EXCHANGE INC.","GOLD","445468","14087","66734","175393","44407"
"2025-04-15T00:00:00.000","NAT GAS NYME - NEW YORK MERCANTILE EXCHANGE","NATURAL GAS","1506409","175131","186915","152551","146914"
"2025-04-15T00:00:00.000","PALLADIUM - NEW YORK MERCANTILE EXCHANGE","PALLADIUM","20924","1530","894","3066","16164"
"2025-04-15T00:00:00.000","PLATINUM - NEW YORK MERCANTILE EXCHANGE","PLATINUM","76375","2817","22324","25714","36131"
"2025-04-15T00:00:00.000","SILVER - COMMODITY EXCHANGE INC.","SILVER","144400","4176","36403","35877","12325"
"2025-04-15T00:00:00.000","COPPER- #1 - COMMODITY EXCHANGE INC.","COPPER","202997","26895","57530","49786","36416"
"2025-04-15T00:00:00.000","GOLD - COMMODITY EXCHANGE INC.","GOLD","456628","14214","65819","168400","43546"
"2025-04-22T00:00:00.000","NAT GAS NYME - NEW YORK MERCANTILE EXCHANGE","NATURAL GAS","1459629","186551","188701","142024","167647"
"2025-04-22T00:00:00.000","PALLADIUM - NEW YORK MERCANTILE EXCHANGE","PALLADIUM","20459","1647","923","2451","16009"
"2025-04-22T00:00:00.000","PLATINUM - NEW YORK MERCANTILE EXCHANGE","PLATINUM","77885","3471","22256","25939","35520"
"2025-04-22T00:00:00.000","SILVER - COMMODITY EXCHANGE INC.","SILVER","146923","4857","35784","36905","11014"
"2025-04-22T00:00:00.000","COPPER- #1 - COMMODITY EXCHANGE INC.","COPPER","196712","23225","55220","51603","35448"
"2025-04-22T00:00:00.000","GOLD - COMMODITY EXCHANGE INC.","GOLD","465351","18110","63420","166360","45458"
"2025-04-29T00:00:00.000","NAT GAS NYME - NEW YORK MERCANTILE EXCHANGE","NATURAL GAS","1471360","204805","205697","139505","184217"
"2025-04-29T00:00:00.000","PALLADIUM - NEW YORK MERCANTILE EXCHANGE","PALLADIUM","20790","1600","652","2558","16302"
"2025-04-29T00:00:00.000","PLATINUM - NEW YORK MERCANTILE EXCHANGE","PLATINUM","76812","3117","23425","28680","31492"
"2025-04-29T00:00:00.000","SILVER - COMMODITY EXCHANGE INC.","SILVER","152669","6334","37333","42324","11586"
"2025-04-29T00:00:00.000","COPPER- #1 - COMMODITY EXCHANGE INC.","COPPER","191990","22225","52987","50998","32072"
"2025-04-29T00:00:00.000","GOLD - COMMODITY EXCHANGE INC.","GOLD","451868","17714","62788","150715","44820"
"2025-05-06T00:00:00.000","NAT GAS NYME - NEW YORK MERCANTILE EXCHANGE","NATURAL GAS","1510862","223297","223238","134014","179191"
"2025-05-06T00:00:00.000","PALLADIUM - NEW YORK MERCANTILE EXCHANGE","PALLADIUM","21543","1276","881","3067","15450"
"2025-05-06T00:00:00.000","PLATINUM - NEW YORK MERCANTILE EXCHANGE","PLATINUM","77994","3091","22289","27814","31008"
"2025-05-06T00:00:00.000","SILVER - COMMODITY EXCHANGE INC.","SILVER","140261","3370","34069","43606","13724"
"2025-05-06T00:00:00.000","COPPER- #1 - COMMODITY EXCHANGE INC.","COPPER","192752","21547","54573","50933","28848"
"2025-05-06T00:00:00.000","GOLD - COMMODITY EXCHANGE INC.","GOLD","452414","17705","62990","144383","42292"
"2025-05-13T00:00:00.000","NAT GAS NYME - NEW YORK MERCANTILE EXCHANGE","NATURAL GAS","1530591","213911","216745","134937","173460"
"2025-05-13T00:00:00.000","PALLADIUM - NEW YORK MERCANTILE EXCHANGE","PALLADIUM","21045","1032","581","2533","15095"
"2025-05-13T00:00:00.000","PLATINUM - NEW YORK MERCANTILE EXCHANGE","PLATINUM","75977","2966","22249","24919","29211"
"2025-05-13T00:00:00.000","SILVER - COMMODITY EXCHANGE INC.","SILVER","138262","3795","34242","43522","15189"
"2025-05-13T00:00:00.000","COPPER- #1 - COMMODITY EXCHANGE INC.","COPPER","195840","22480","56322","52763","28971"
"2025-05-13T00:00:00.000","GOLD - COMMODITY EXCHANGE INC.","GOLD","440842","17651","59184","144410","43183"
"2025-05-20T00:00:00.000","NAT GAS NYME - NEW YORK MERCANTILE EXCHANGE","NATURAL GAS","1497884","207703","221655","140877","197379"
"2025-05-20T00:00:00.000","PALLADIUM - NEW YORK MERCANTILE EXCHANGE","PALLADIUM","20078","764","987","3094","12263"
"2025-05-20T00:00:00.000","PLATINUM - NEW YORK MERCANTILE EXCHANGE","PLATINUM","82058","2515","22258","31875","26972"
"2025-05-20T00:00:00.000","SILVER - COMMODITY EXCHANGE INC.","SILVER","141451","3792","34584","45696","15251"
"2025-05-20T00:00:00.000","COPPER- #1 - COMMODITY EXCHANGE INC.","COPPER","205105","25226","58241","49457","28575"
"2025-05-20T00:00:00.000","GOLD - COMMODITY EXCHANGE INC.","GOLD","448000","20202","59019","149149","41520"
"2025-05-27T00:00:00.000","NAT GAS NYME - NEW YORK MERCANTILE EXCHANGE","NATURAL GAS","1470148","207848","216559","135176","198462"
"2025-05-27T00:00:00.000","PALLADIUM - NEW YORK MERCANTILE EXCHANGE","PALLADIUM","18469","822","1199","3661","11832"
"2025-05-27T00:00:00.000","PLATINUM - NEW YORK MERCANTILE EXCHANGE","PLATINUM","91884","2715","25976","41895","24316"
"2025-05-27T00:00:00.000","SILVER - COMMODITY EXCHANGE INC.","SILVER","147555","3658","34960","48645","15433"
"2025-05-27T00:00:00.000","COPPER- #1 - COMMODITY EXCHANGE INC.","COPPER","208601","26022","57828","49269","28432"
"2025-05-27T00:00:00.000","GOLD - COMMODITY EXCHANGE INC.","GOLD","437538","15935","62127","147502","36686"
"2025-06-03T00:00:00.000","NAT GAS NYME - NEW YORK MERCANTILE EXCHANGE","NATURAL GAS","1504141","213505","223032","162507","214925"
"2025-06-03T00:00:00.000","PALLADIUM - NEW YORK MERCANTILE EXCHANGE","PALLADIUM","18110","637","1378","3847","11636"
"2025-06-03T00:00:00.000","PLATINUM - NEW YORK MERCANTILE EXCHANGE","PLATINUM","95262","3003","24483","41711","30047"
"2025-06-03T00:00:00.000","SILVER - COMMODITY EXCHANGE INC.","SILVER","163347","3539","36974","58645","13812"
"2025-06-03T00:00:00.000","COPPER- #1 - COMMODITY EXCHANGE INC.","COPPER","211857","19223","55235","51871","28706"
"2025-06-03T00:00:00.000","GOLD - COMMODITY EXCHANGE INC.","GOLD","415941","14319","62427","159966","36384"
"2025-06-10T00:00:00.000","NAT GAS NYME - NEW YORK MERCANTILE EXCHANGE","NATURAL GAS","1540367","225218","238615","167273","251473"
"2025-06-10T00:00:00.000","PALLADIUM - NEW YORK MERCANTILE EXCHANGE","PALLADIUM","19373","540","2064","5190","10737"
"2025-06-10T00:00:00.000","PLATINUM - NEW YORK MERCANTILE EXCHANGE","PLATINUM","99722","2632","26087","42325","25410"
"2025-06-10T00:00:00.000","SILVER - COMMODITY EXCHANGE INC.","SILVER","174281","2686","39248","59581","11648"
"2025-06-10T00:00:00.000","COPPER- #1 - COMMODITY EXCHANGE INC.","COPPER","207359","19501","57306","51676","26064"
"2025-06-10T00:00:00.000","GOLD - COMMODITY EXCHANGE INC.","GOLD","417143","13381","62746","160680","36589"
"2025-06-17T00:00:00.000","NAT GAS NYME - NEW YORK MERCANTILE EXCHANGE","NATURAL GAS","1529833","217411","253651","169595","232383"
"2025-06-17T00:00:00.000","GOLD - COMMODITY EXCHANGE INC.","GOLD","441214","11066","64028","167646","37135"
"2025-06-17T00:00:00.000","PALLADIUM - NEW YORK MERCANTILE EXCHANGE","PALLADIUM","19464","673","2562","5126","10449"
"2025-06-17T00:00:00.000","PLATINUM - NEW YORK MERCANTILE EXCHANGE","PLATINUM","105866","3180","25189","40287","25702"
"2025-06-17T00:00:00.000","SILVER - COMMODITY EXCHANGE INC.","SILVER","184831","3612","40085","62692","13827"
"2025-06-17T00:00:00.000","COPPER- #1 - COMMODITY EXCHANGE INC.","COPPER","202728","21091","57541","47266","24618"
"2025-06-24T00:00:00.000","NAT GAS NYME - NEW YORK MERCANTILE EXCHANGE","NATURAL GAS","1491798","196520","237402","173954","234922"
"2025-06-24T00:00:00.000","PALLADIUM - NEW YORK MERCANTILE EXCHANGE","PALLADIUM","19623","700","2930","5490","10093"
"2025-06-24T00:00:00.000","PLATINUM - NEW YORK MERCANTILE EXCHANGE","PLATINUM","100778","3352","24830","40485","23480"
"2025-06-24T00:00:00.000","SILVER - COMMODITY EXCHANGE INC.","SILVER","174613","4185","38670","58906","13795"
"2025-06-24T00:00:00.000","COPPER- #1 - COMMODITY EXCHANGE INC.","COPPER","203404","22814","60231","51287","23038"
"2025-06-24T00:00:00.000","GOLD - COMMODITY EXCHANGE INC.","GOLD","434958","12319","62734","163829","38701"
"2025-07-01T00:00:00.000","NAT GAS NYME - NEW YORK MERCANTILE EXCHANGE","NATURAL GAS","1499596","195719","238559","181382","233202"
"2025-07-01T00:00:00.000","PALLADIUM - NEW YORK MERCANTILE EXCHANGE","PALLADIUM","20751","634","2855","5358","10423"
"2025-07-01T00:00:00.000","PLATINUM - NEW YORK MERCANTILE EXCHANGE","PLATINUM","91281","2580","26906","38232","25170"
"2025-07-01T00:00:00.000","SILVER - COMMODITY EXCHANGE INC.","SILVER","163567","4248","34400","59228","14301"
"2025-07-01T00:00:00.000","COPPER- #1 - COMMODITY EXCHANGE INC.","COPPER","212300","21136","64064","55031","23241"
"2025-07-01T00:00:00.000","GOLD - COMMODITY EXCHANGE INC.","GOLD","437662","12005","61418","165086","34726"
"2025-07-08T00:00:00.000","NAT GAS NYME - NEW YORK MERCANTILE EXCHANGE","NATURAL GAS","1519629","194297","235720","185337","232420"
"2025-07-08T00:00:00.000","PALLADIUM - NEW YORK MERCANTILE EXCHANGE","PALLADIUM","20732","806","2857","5420","10653"
"2025-07-08T00:00:00.000","PLATINUM - NEW YORK MERCANTILE EXCHANGE","PLATINUM","91757","2497","27624","38249","25981"
"2025-07-08T00:00:00.000","SILVER - COMMODITY EXCHANGE INC.","SILVER","162803","5030","32301","58991","16235"
"2025-07-08T00:00:00.000","COPPER- #1 - COMMODITY EXCHANGE INC.","COPPER","230251","22021","69164","61597","23959"
"2025-07-08T00:00:00.000","GOLD - COMMODITY EXCHANGE INC.","GOLD","443144","13615","60427","164685","35743"
"2025-07-15T00:00:00.000","NAT GAS NYME - NEW YORK MERCANTILE EXCHANGE","NATURAL GAS","1550988","203336","248304","211321","230708"
"2025-07-15T00:00:00.000","PALLADIUM - NEW YORK MERCANTILE EXCHANGE","PALLADIUM","19867","555","3327","5946","8948"
"2025-07-15T00:00:00.000","PLATINUM - NEW YORK MERCANTILE EXCHANGE","PLATINUM","91718","2451","28417","37918","26464"
"2025-07-15T00:00:00.000","SILVER - COMMODITY EXCHANGE INC.","SILVER","171474","4143","34512","59766","16560"
"2025-07-15T00:00:00.000","COPPER- #1 - COMMODITY EXCHANGE INC.","COPPER","224583","24592","71284","57319","18016"
"2025-07-15T00:00:00.000","GOLD - COMMODITY EXCHANGE INC.","GOLD","448531","14716","61452","172657","35930"
"2025-07-22T00:00:00.000","NAT GAS NYME - NEW YORK MERCANTILE EXCHANGE","NATURAL GAS","1525865","197391","238968","201134","231219"
"2025-07-22T00:00:00.000","PALLADIUM - NEW YORK MERCANTILE EXCHANGE","PALLADIUM","20819","669","3280","6256","8873"
"2025-07-22T00:00:00.000","PLATINUM - NEW YORK MERCANTILE EXCHANGE","PLATINUM","90701","2679","24829","38227","23105"
"2025-07-22T00:00:00.000","SILVER - COMMODITY EXCHANGE INC.","SILVER","173679","5089","34916","60294","16280"
"2025-07-22T00:00:00.000","COPPER- #1 - COMMODITY EXCHANGE INC.","COPPER","228192","24363","70608","58908","19629"
"2025-07-22T00:00:00.000","GOLD - COMMODITY EXCHANGE INC.","GOLD","489423","11207","62569","194753","34819"
"2025-07-29T00:00:00.000","NAT GAS NYME - NEW YORK MERCANTILE EXCHANGE","NATURAL GAS","1550942","203374","243163","220232","233241"
"2025-07-29T00:00:00.000","PALLADIUM - NEW YORK MERCANTILE EXCHANGE","PALLADIUM","20417","642","3507","6445","8484"
"2025-07-29T00:00:00.000","PLATINUM - NEW YORK MERCANTILE EXCHANGE","PLATINUM","88178","2720","24742","36926","21827"
"2025-07-29T00:00:00.000","SILVER - COMMODITY EXCHANGE INC.","SILVER","170329","5925","36147","57762","14738"
"2025-07-29T00:00:00.000","COPPER- #1 - COMMODITY EXCHANGE INC.","COPPER","228444","25092","67474","56672","20012"
"2025-07-29T00:00:00.000","GOLD - COMMODITY EXCHANGE INC.","GOLD","445259","12294","60464","170918","36662"
"2025-08-05T00:00:00.000","NAT GAS NYME - NEW YORK MERCANTILE EXCHANGE","NATURAL GAS","1607527","208133","240371","218647","246316"
"2025-08-05T00:00:00.000","PALLADIUM - NEW YORK MERCANTILE EXCHANGE","PALLADIUM","19043","698","3035","5699","8376"
"2025-08-05T00:00:00.000","PLATINUM - NEW YORK MERCANTILE EXCHANGE","PLATINUM","80547","2236","21684","32596","21955"
"2025-08-05T00:00:00.000","SILVER - COMMODITY EXCHANGE INC.","SILVER","161262","4912","33723","45934","16111"
"2025-08-05T00:00:00.000","COPPER- #1 - COMMODITY EXCHANGE INC.","COPPER","197933","21869","67816","36243","17994"
"2025-08-05T00:00:00.000","GOLD - COMMODITY EXCHANGE INC.","GOLD","449647","21760","55777","186304","32317"
"2025-08-12T00:00:00.000","NAT GAS NYME - NEW YORK MERCANTILE EXCHANGE","NATURAL GAS","1618091","216744","246998","221131","271864"
"2025-08-12T00:00:00.000","PALLADIUM - NEW YORK MERCANTILE EXCHANGE","PALLADIUM","20191","859","2714","5223","10119"
"2025-08-12T00:00:00.000","PLATINUM - NEW YORK MERCANTILE EXCHANGE","PLATINUM","81726","2508","22099","33638","22603"
"2025-08-12T00:00:00.000","SILVER - COMMODITY EXCHANGE INC.","SILVER","156432","5167","28177","43854","16574"
"2025-08-12T00:00:00.000","COPPER- #1 - COMMODITY EXCHANGE INC.","COPPER","193751","21966","71429","39848","14680"
"2025-08-12T00:00:00.000","GOLD - COMMODITY EXCHANGE INC.","GOLD","446152","9324","49074","182337","34050"
"2025-08-19T00:00:00.000","NAT GAS NYME - NEW YORK MERCANTILE EXCHANGE","NATURAL GAS","1603770","214548","232319","217563","254250"
"2025-08-19T00:00:00.000","PALLADIUM - NEW YORK MERCANTILE EXCHANGE","PALLADIUM","20510","891","2474","4869","10724"
"2025-08-19T00:00:00.000","PLATINUM - NEW YORK MERCANTILE EXCHANGE","PLATINUM","86155","2895","21381","35448","25068"
"2025-08-19T00:00:00.000","GOLD - COMMODITY EXCHANGE INC.","GOLD","438541","9389","49394","173388","36003"
"2025-08-19T00:00:00.000","SILVER - COMMODITY EXCHANGE INC.","SILVER","158477","6416","28993","44397","16351"
"2025-08-19T00:00:00.000","COPPER- #1 - COMMODITY EXCHANGE INC.","COPPER","195080","24760","72315","39892","14283"
"2025-08-26T00:00:00.000","NAT GAS NYME - NEW YORK MERCANTILE EXCHANGE","NATURAL GAS","1619404","221675","238449","213926","257958"
"2025-08-26T00:00:00.000","PALLADIUM - NEW YORK MERCANTILE EXCHANGE","PALLADIUM","18920","796","2287","3976","10590"
"2025-08-26T00:00:00.000","PLATINUM - NEW YORK MERCANTILE EXCHANGE","PLATINUM","85575","2977","21515","36095","22722"
"2025-08-26T00:00:00.000","SILVER - COMMODITY EXCHANGE INC.","SILVER","158630","5134","29632","48499","15528"
"2025-08-26T00:00:00.000","COPPER- #1 - COMMODITY EXCHANGE INC.","COPPER","190049","23490","72892","41477","12723"
"2025-08-26T00:00:00.000","GOLD - COMMODITY EXCHANGE INC.","GOLD","443760","9620","51948","175494","33577"
"2025-09-02T00:00:00.000","NAT GAS NYME - NEW YORK MERCANTILE EXCHANGE","NATURAL GAS","1635669","213974","235668","216191","252953"
"2025-09-02T00:00:00.000","PALLADIUM - NEW YORK MERCANTILE EXCHANGE","PALLADIUM","18624","793","2429","4426","10824"
"2025-09-02T00:00:00.000","PLATINUM - NEW YORK MERCANTILE EXCHANGE","PLATINUM","88805","3180","22737","38947","22863"
"2025-09-02T00:00:00.000","SILVER - COMMODITY EXCHANGE INC.","SILVER","158368","3512","33233","51293","12523"
"2025-09-02T00:00:00.000","COPPER- #1 - COMMODITY EXCHANGE INC.","COPPER","195673","22030","70101","46867","11311"
"2025-09-02T00:00:00.000","GOLD - COMMODITY EXCHANGE INC.","GOLD","492908","8209","63511","196127","34625"
"2025-09-09T00:00:00.000","NAT GAS NYME - NEW YORK MERCANTILE EXCHANGE","NATURAL GAS","1631092","205545","236185","225888","250640"
"2025-09-09T00:00:00.000","PALLADIUM - NEW YORK MERCANTILE EXCHANGE","PALLADIUM","19480","780","2484","5216","11182"
"2025-09-09T00:00:00.000","PLATINUM - NEW YORK MERCANTILE EXCHANGE","PLATINUM","94804","3886","22154","38262","26448"
"2025-09-09T00:00:00.000","SILVER - COMMODITY EXCHANGE INC.","SILVER","156703","3805","31749","49390","13535"
"2025-09-09T00:00:00.000","COPPER- #1 - COMMODITY EXCHANGE INC.","COPPER","208356","22354","74117","50155","11780"
"2025-09-09T00:00:00.000","GOLD - COMMODITY EXCHANGE INC.","GOLD","509625","9864","72418","198907","35388"
"2025-09-16T00:00:00.000","NAT GAS NYME - NEW YORK MERCANTILE EXCHANGE","NATURAL GAS","1638680","211918","225574","231128","254219"
"2025-09-16T00:00:00.000","PALLADIUM - NEW YORK MERCANTILE EXCHANGE","PALLADIUM","19860","835","2912","5443","10634"
"2025-09-16T00:00:00.000","PLATINUM - NEW YORK MERCANTILE EXCHANGE","PLATINUM","100289","4076","23478","39041","25955"
"2025-09-16T00:00:00.000","SILVER - COMMODITY EXCHANGE INC.","SILVER","162954","4519","32444","51259","15453"
"2025-09-16T00:00:00.000","COPPER- #1 - COMMODITY EXCHANGE INC.","COPPER","221011","25009","80178","54943","12846"
"2025-09-16T00:00:00.000","GOLD - COMMODITY EXCHANGE INC.","GOLD","516221","10992","76376","195347","36376"
"2025-09-23T00:00:00.000","NAT GAS NYME - NEW YORK MERCANTILE EXCHANGE","NATURAL GAS","1626777","214488","219432","219364","282540"
"2025-09-23T00:00:00.000","PALLADIUM - NEW YORK MERCANTILE EXCHANGE","PALLADIUM","20282","842","3135","5884","11060"
"2025-09-23T00:00:00.000","PLATINUM - NEW YORK MERCANTILE EXCHANGE","PLATINUM","97978","3623","23779","41493","22939"
"2025-09-23T00:00:00.000","SILVER - COMMODITY EXCHANGE INC.","SILVER","165805","4263","33086","51225","14126"
"2025-09-23T00:00:00.000","COPPER- #1 - COMMODITY EXCHANGE INC.","COPPER","227318","26729","81837","57496","14107"
"2025-09-23T00:00:00.000","GOLD - COMMODITY EXCHANGE INC.","GOLD","528789","11851","79003","198826","38277"
"2025-09-30T00:00:00.000","NAT GAS NYME - NEW YORK MERCANTILE EXCHANGE","NATURAL GAS","1659086","208206","217075","223124","254290"
"2025-09-30T00:00:00.000","PALLADIUM - NEW YORK MERCANTILE EXCHANGE","PALLADIUM","21678","861","3397","6872","11244"
"2025-09-30T00:00:00.000","PLATINUM - NEW YORK MERCANTILE EXCHANGE","PLATINUM","91091","3480","21300","43148","22235"
"2025-09-30T00:00:00.000","SILVER - COMMODITY EXCHANGE INC.","SILVER","163837","4632","31455","49827","14906"
"2025-09-30T00:00:00.000","COPPER- #1 - COMMODITY EXCHANGE INC.","COPPER","230658","23513","85557","61600","13175"
"2025-09-30T00:00:00.000","GOLD - COMMODITY EXCHANGE INC.","GOLD","493748","10432","75829","184199","38972"
"2025-10-07T00:00:00.000","NAT GAS NYME - NEW YORK MERCANTILE EXCHANGE","NATURAL GAS","1640321","216409","213084","212895","246295"
"2025-10-07T00:00:00.000","PALLADIUM - NEW YORK MERCANTILE EXCHANGE","PALLADIUM","22771","916","3821","7362","11425"
"2025-10-07T00:00:00.000","PLATINUM - NEW YORK MERCANTILE EXCHANGE","PLATINUM","90867","3641","19096","43633","24492"
"2025-10-07T00:00:00.000","SILVER - COMMODITY EXCHANGE INC.","SILVER","166474","7747","31785","43186","15693"
"2025-10-07T00:00:00.000","COPPER- #1 - COMMODITY EXCHANGE INC.","COPPER","250850","25224","94463","70900","14451"
"2025-10-07T00:00:00.000","GOLD - COMMODITY EXCHANGE INC.","GOLD","485559","12169","77521","170587","40828"
"2025-10-14T00:00:00.000","NAT GAS NYME - NEW YORK MERCANTILE EXCHANGE","NATURAL GAS","1674169","231016","234169","198390","273729"
"2025-10-14T00:00:00.000","PALLADIUM - NEW YORK MERCANTILE EXCHANGE","PALLADIUM","21673","801","4197","7076","8915"
"2025-10-14T00:00:00.000","PLATINUM - NEW YORK MERCANTILE EXCHANGE","PLATINUM","88642","3818","19414","41610","24661"
"2025-10-14T00:00:00.000","SILVER - COMMODITY EXCHANGE INC.","SILVER","172415","5829","31842","39304","16266"
"2025-10-14T00:00:00.000","COPPER- #1 - COMMODITY EXCHANGE INC.","COPPER","252089","26104","95017","70624","12240"
"2025-10-14T00:00:00.000","GOLD - COMMODITY EXCHANGE INC.","GOLD","485788","14094","75551","152187","43877"
"2025-10-21T00:00:00.000","NAT GAS NYME - NEW YORK MERCANTILE EXCHANGE","NATURAL GAS","1682048","242823","240689","218379","264296"
"2025-10-21T00:00:00.000","PALLADIUM - NEW YORK MERCANTILE EXCHANGE","PALLADIUM","19487","949","4107","6031","7323"
"2025-10-21T00:00:00.000","PLATINUM - NEW YORK MERCANTILE EXCHANGE","PLATINUM","81364","3669","17543","34083","22363"
"2025-10-21T00:00:00.000","SILVER - COMMODITY EXCHANGE INC.","SILVER","169418","6979","30469","33198","15986"
"2025-10-21T00:00:00.000","COPPER- #1 - COMMODITY EXCHANGE INC.","COPPER","258680","30230","100189","67744","11068"
"2025-10-21T00:00:00.000","GOLD - COMMODITY EXCHANGE INC.","GOLD","472421","13924","71702","135503","43276"
"2025-10-28T00:00:00.000","NAT GAS NYME - NEW YORK MERCANTILE EXCHANGE","NATURAL GAS","1629494","240360","249232","209408","251112"
"2025-10-28T00:00:00.000","PALLADIUM - NEW YORK MERCANTILE EXCHANGE","PALLADIUM","19580","850","4055","5920","7308"
"2025-10-28T00:00:00.000","PLATINUM - NEW YORK MERCANTILE EXCHANGE","PLATINUM","78306","3064","18047","32595","19370"
"2025-10-28T00:00:00.000","SILVER - COMMODITY EXCHANGE INC.","SILVER","158187","6258","29778","34227","12328"
"2025-10-28T00:00:00.000","COPPER- #1 - COMMODITY EXCHANGE INC.","COPPER","272068","29276","110761","73107","11113"
"2025-10-28T00:00:00.000","GOLD - COMMODITY EXCHANGE INC.","GOLD","457122","12403","70597","138605","34446"
"2025-11-04T00:00:00.000","NAT GAS NYME - NEW YORK MERCANTILE EXCHANGE","NATURAL GAS","1576226","231671","242950","188579","232565"
"2025-11-04T00:00:00.000","PALLADIUM - NEW YORK MERCANTILE EXCHANGE","PALLADIUM","19711","896","4103","6243","7304"
"2025-11-04T00:00:00.000","PLATINUM - NEW YORK MERCANTILE EXCHANGE","PLATINUM","78849","3158","17238","33518","19831"
"2025-11-04T00:00:00.000","SILVER - COMMODITY EXCHANGE INC.","SILVER","155257","6639","29246","33478","14321"
"2025-11-04T00:00:00.000","COPPER- #1 - COMMODITY EXCHANGE INC.","COPPER","269926","24818","107386","72025","11296"
"2025-11-04T00:00:00.000","GOLD - COMMODITY EXCHANGE INC.","GOLD","450399","9805","69256","130688","30143"
"2025-11-10T00:00:00.000","NAT GAS NYME - NEW YORK MERCANTILE EXCHANGE","NATURAL GAS","1535138","224346","237389","166846","219666"
"2025-11-10T00:00:00.000","PALLADIUM - NEW YORK MERCANTILE EXCHANGE","PALLADIUM","20626","776","4068","6948","7751"
"2025-11-10T00:00:00.000","PLATINUM - NEW YORK MERCANTILE EXCHANGE","PLATINUM","80545","3091","17494","34217","19024"
"2025-11-10T00:00:00.000","SILVER - COMMODITY EXCHANGE INC.","SILVER","159649","7790","30915","35613","12958"
"2025-11-10T00:00:00.000","COPPER- #1 - COMMODITY EXCHANGE INC.","COPPER","265474","24005","108140","73999","10715"
"2025-11-10T00:00:00.000","GOLD - COMMODITY EXCHANGE INC.","GOLD","459997","9875","68621","134155","30068"
"2025-11-18T00:00:00.000","NAT GAS NYME - NEW YORK MERCANTILE EXCHANGE","NATURAL GAS","1506695","209111","229353","168290","227944"
"2025-11-18T00:00:00.000","PALLADIUM - NEW YORK MERCANTILE EXCHANGE","PALLADIUM","21274","611","3968","6965","8240"
"2025-11-18T00:00:00.000","PLATINUM - NEW YORK MERCANTILE EXCHANGE","PLATINUM","83408","3478","17657","34034","20975"
"2025-11-18T00:00:00.000","SILVER - COMMODITY EXCHANGE INC.","SILVER","153295","7596","31148","33544","13310"
"2025-11-18T00:00:00.000","COPPER- #1 - COMMODITY EXCHANGE INC.","COPPER","251537","24266","104321","73031","11428"
"2025-11-18T00:00:00.000","GOLD - COMMODITY EXCHANGE INC.","GOLD","471953","10061","68958","130222","32017"
"2025-11-25T00:00:00.000","NAT GAS NYME - NEW YORK MERCANTILE EXCHANGE","NATURAL GAS","1493602","198144","219621","152810","218156"
"2025-11-25T00:00:00.000","PALLADIUM - NEW YORK MERCANTILE EXCHANGE","PALLADIUM","19054","562","3542","6487","7562"
"2025-11-25T00:00:00.000","PLATINUM - NEW YORK MERCANTILE EXCHANGE","PLATINUM","83676","3878","16919","33359","22304"
"2025-11-25T00:00:00.000","SILVER - COMMODITY EXCHANGE INC.","SILVER","144541","5209","29402","32630","13569"
"2025-11-25T00:00:00.000","COPPER- #1 - COMMODITY EXCHANGE INC.","COPPER","233461","23448","96640","69881","12334"
"2025-11-25T00:00:00.000","GOLD - COMMODITY EXCHANGE INC.","GOLD","432946","9950","56642","136979","27670"
"2025-12-02T00:00:00.000","NAT GAS NYME - NEW YORK MERCANTILE EXCHANGE","NATURAL GAS","1524306","210379","245332","162521","202494"
"2025-12-02T00:00:00.000","PALLADIUM - NEW YORK MERCANTILE EXCHANGE","PALLADIUM","19913","624","3702","7083","7797"
"2025-12-02T00:00:00.000","PLATINUM - NEW YORK MERCANTILE EXCHANGE","PLATINUM","87659","3849","17303","33419","23053"
"2025-12-02T00:00:00.000","SILVER - COMMODITY EXCHANGE INC.","SILVER","150832","3990","30729","34765","15791"
"2025-12-02T00:00:00.000","COPPER- #1 - COMMODITY EXCHANGE INC.","COPPER","242931","21990","103476","73563","10104"
"2025-12-02T00:00:00.000","GOLD - COMMODITY EXCHANGE INC.","GOLD","418490","10094","58801","140143","19819"
"2025-12-09T00:00:00.000","NAT GAS NYME - NEW YORK MERCANTILE EXCHANGE","NATURAL GAS","1550763","228188","272650","155952","187043"
"2025-12-09T00:00:00.000","PALLADIUM - NEW YORK MERCANTILE EXCHANGE","PALLADIUM","20773","625","3932","7832","7851"
"2025-12-09T00:00:00.000","PLATINUM - NEW YORK MERCANTILE EXCHANGE","PLATINUM","90356","3739","19157","37401","22507"
"2025-12-09T00:00:00.000","SILVER - COMMODITY EXCHANGE INC.","SILVER","154762","3756","32593","39798","14023"
"2025-12-09T00:00:00.000","COPPER- #1 - COMMODITY EXCHANGE INC.","COPPER","250821","18842","109001","80015","9531"
"2025-12-09T00:00:00.000","GOLD - COMMODITY EXCHANGE INC.","GOLD","432569","10463","59856","143383","19835"
"2025-12-16T00:00:00.000","NAT GAS NYME - NEW YORK MERCANTILE EXCHANGE","NATURAL GAS","1574623","235671","250396","158330","224658"
"2025-12-16T00:00:00.000","PALLADIUM - NEW YORK MERCANTILE EXCHANGE","PALLADIUM","22061","623","4544","8332","8039"
"2025-12-16T00:00:00.000","PLATINUM - NEW YORK MERCANTILE EXCHANGE","PLATINUM","97095","3725","20552","37551","21306"
"2025-12-16T00:00:00.000","SILVER - COMMODITY EXCHANGE INC.","SILVER","152921","5246","30619","36424","14537"
"2025-12-16T00:00:00.000","COPPER- #1 - COMMODITY EXCHANGE INC.","COPPER","256887","22309","114321","82317","7183"
"2025-12-16T00:00:00.000","GOLD - COMMODITY EXCHANGE INC.","GOLD","471093","16057","60306","152873","20277"
"2025-12-23T00:00:00.000","NAT GAS NYME - NEW YORK MERCANTILE EXCHANGE","NATURAL GAS","1557649","228686","229225","171235","277642"
"2025-12-23T00:00:00.000","PALLADIUM - NEW YORK MERCANTILE EXCHANGE","PALLADIUM","22709","780","4787","8039","8622"
"2025-12-23T00:00:00.000","PLATINUM - NEW YORK MERCANTILE EXCHANGE","PLATINUM","90330","3923","20605","26002","16486"
"2025-12-23T00:00:00.000","SILVER - COMMODITY EXCHANGE INC.","SILVER","155710","5833","30062","35026","13418"
"2025-12-23T00:00:00.000","COPPER- #1 - COMMODITY EXCHANGE INC.","COPPER","267343","28486","124304","82198","6579"
"2025-12-23T00:00:00.000","GOLD - COMMODITY EXCHANGE INC.","GOLD","492103","17158","68442","160581","24311"
"2025-12-30T00:00:00.000","NAT GAS NYME - NEW YORK MERCANTILE EXCHANGE","NATURAL GAS","1533985","225200","230506","171053","255018"
"2025-12-30T00:00:00.000","PALLADIUM - NEW YORK MERCANTILE EXCHANGE","PALLADIUM","20593","740","4425","6408","7479"
"2025-12-30T00:00:00.000","PLATINUM - NEW YORK MERCANTILE EXCHANGE","PLATINUM","82836","3987","20129","19182","14846"
"2025-12-30T00:00:00.000","SILVER - COMMODITY EXCHANGE INC.","SILVER","157391","4680","30754","29100","15092"
"2025-12-30T00:00:00.000","COPPER- #1 - COMMODITY EXCHANGE INC.","COPPER","260139","29656","114715","78320","7301"
"2025-12-30T00:00:00.000","GOLD - COMMODITY EXCHANGE INC.","GOLD","481866","12958","67439","148642","22602"
"2026-01-06T00:00:00.000","NAT GAS NYME - NEW YORK MERCANTILE EXCHANGE","NATURAL GAS","1596169","247123","240484","195019","296403"
"2026-01-06T00:00:00.000","PALLADIUM - NEW YORK MERCANTILE EXCHANGE","PALLADIUM","19349","643","4388","6689","6609"
"2026-01-06T00:00:00.000","PLATINUM - NEW YORK MERCANTILE EXCHANGE","PLATINUM","79050","3714","18929","19857","12740"
"2026-01-06T00:00:00.000","SILVER - COMMODITY EXCHANGE INC.","SILVER","153240","5147","30692","26978","11156"
"2026-01-06T00:00:00.000","COPPER- #1 - COMMODITY EXCHANGE INC.","COPPER","267027","29195","114550","75248","7006"
"2026-01-06T00:00:00.000","GOLD - COMMODITY EXCHANGE INC.","GOLD","488116","13454","63996","146445","23232"
"2026-01-13T00:00:00.000","NAT GAS NYME - NEW YORK MERCANTILE EXCHANGE","NATURAL GAS","1635220","251083","242751","204133","309267"
"2026-01-13T00:00:00.000","PALLADIUM - NEW YORK MERCANTILE EXCHANGE","PALLADIUM","19483","664","3948","6756","6772"
"2026-01-13T00:00:00.000","PLATINUM - NEW YORK MERCANTILE EXCHANGE","PLATINUM","78337","3181","18414","19499","11634"
"2026-01-13T00:00:00.000","SILVER - COMMODITY EXCHANGE INC.","SILVER","151513","2910","28421","22800","9008"
"2026-01-13T00:00:00.000","COPPER- #1 - COMMODITY EXCHANGE INC.","COPPER","269813","30190","112913","71782","8391"
"2026-01-13T00:00:00.000","GOLD - COMMODITY EXCHANGE INC.","GOLD","527455","13998","65163","158825","24080"
"2026-01-20T00:00:00.000","NAT GAS NYME - NEW YORK MERCANTILE EXCHANGE","NATURAL GAS","1614025","252020","234588","193342","270443"
"2026-01-20T00:00:00.000","PALLADIUM - NEW YORK MERCANTILE EXCHANGE","PALLADIUM","19167","740","4157","6554","6809"
"2026-01-20T00:00:00.000","PLATINUM - NEW YORK MERCANTILE EXCHANGE","PLATINUM","79009","3312","17787","18423","12925"
"2026-01-20T00:00:00.000","SILVER - COMMODITY EXCHANGE INC.","SILVER","152020","4976","24732","20613","10667"
"2026-01-20T00:00:00.000","COPPER- #1 - COMMODITY EXCHANGE INC.","COPPER","278431","26626","116589","72742","9936"
"2026-01-20T00:00:00.000","GOLD - COMMODITY EXCHANGE INC.","GOLD","528004","18731","61020","163668","26224"
"2026-01-27T00:00:00.000","NAT GAS NYME - NEW YORK MERCANTILE EXCHANGE","NATURAL GAS","1625943","268150","242452","174417","196351"
"2026-01-27T00:00:00.000","PALLADIUM - NEW YORK MERCANTILE EXCHANGE","PALLADIUM","19123","680","4159","6182","6725"
"2026-01-27T00:00:00.000","PLATINUM - NEW YORK MERCANTILE EXCHANGE","PLATINUM","79441","3973","17707","15649","13221"
"2026-01-27T00:00:00.000","SILVER - COMMODITY EXCHANGE INC.","SILVER","156637","5895","27108","19423","11724"
"2026-01-27T00:00:00.000","COPPER- #1 - COMMODITY EXCHANGE INC.","COPPER","278219","27880","114836","73564","15546"
"2026-01-27T00:00:00.000","GOLD - COMMODITY EXCHANGE INC.","GOLD","488463","14609","55198","143321","25162"
"2026-02-03T00:00:00.000","NAT GAS NYME - NEW YORK MERCANTILE EXCHANGE","NATURAL GAS","1655983","294961","258412","170283","170330"
"2026-02-03T00:00:00.000","PALLADIUM - NEW YORK MERCANTILE EXCHANGE","PALLADIUM","17304","686","3848","5815","5364"
"2026-02-03T00:00:00.000","PLATINUM - NEW YORK MERCANTILE EXCHANGE","PLATINUM","73590","3699","17003","13519","12242"
"2026-02-03T00:00:00.000","SILVER - COMMODITY EXCHANGE INC.","SILVER","143180","4847","23114","13189","8206"
"2026-02-03T00:00:00.000","COPPER- #1 - COMMODITY EXCHANGE INC.","COPPER","278845","28701","110736","69843","13920"
"2026-02-03T00:00:00.000","GOLD - COMMODITY EXCHANGE INC.","GOLD","409694","14072","38706","118936","26864"
"2026-02-10T00:00:00.000","NAT GAS NYME - NEW YORK MERCANTILE EXCHANGE","NATURAL GAS","1623408","281736","254120","163583","171771"
"2026-02-10T00:00:00.000","PALLADIUM - NEW YORK MERCANTILE EXCHANGE","PALLADIUM","16538","661","3358","5606","5084"
"2026-02-10T00:00:00.000","PLATINUM - NEW YORK MERCANTILE EXCHANGE","PLATINUM","69061","3137","16156","11708","10000"
"2026-02-10T00:00:00.000","SILVER - COMMODITY EXCHANGE INC.","SILVER","133641","4554","21344","12222","7653"
"2026-02-10T00:00:00.000","COPPER- #1 - COMMODITY EXCHANGE INC.","COPPER","270792","27192","108159","69055","13491"
"2026-02-10T00:00:00.000","GOLD - COMMODITY EXCHANGE INC.","GOLD","404391","15737","34182","119232","27210"
"2026-02-17T00:00:00.000","NAT GAS NYME - NEW YORK MERCANTILE EXCHANGE","NATURAL GAS","1613556","288953","253259","163115","189880"
"2026-02-17T00:00:00.000","PALLADIUM - NEW YORK MERCANTILE EXCHANGE","PALLADIUM","16789","756","3422","5589","5056"
"2026-02-17T00:00:00.000","PLATINUM - NEW YORK MERCANTILE EXCHANGE","PLATINUM","69291","3434","16093","12515","9089"
"2026-02-17T00:00:00.000","SILVER - COMMODITY EXCHANGE INC.","SILVER","131496","4959","20842","12121","6153"
"2026-02-17T00:00:00.000","COPPER- #1 - COMMODITY EXCHANGE INC.","COPPER","272967","31809","128676","65393","11619"
"2026-02-17T00:00:00.000","GOLD - COMMODITY EXCHANGE INC.","GOLD","407078","13643","35041","123011","27118"
"2026-02-24T00:00:00.000","NAT GAS NYME - NEW YORK MERCANTILE EXCHANGE","NATURAL GAS","1619531","276131","245759","154403","230278"
"2026-02-24T00:00:00.000","PALLADIUM - NEW YORK MERCANTILE EXCHANGE","PALLADIUM","16423","607","3931","5928","4844"
"2026-02-24T00:00:00.000","PLATINUM - NEW YORK MERCANTILE EXCHANGE","PLATINUM","72351","3160","16566","14174","9087"
"2026-02-24T00:00:00.000","SILVER - COMMODITY EXCHANGE INC.","SILVER","125454","3641","20316","13365","4842"
"2026-02-24T00:00:00.000","COPPER- #1 - COMMODITY EXCHANGE INC.","COPPER","261235","30596","126383","64368","13341"
"2026-02-24T00:00:00.000","GOLD - COMMODITY EXCHANGE INC.","GOLD","420182","14800","34618","121233","25259"
"2026-03-03T00:00:00.000","NAT GAS NYME - NEW YORK MERCANTILE EXCHANGE","NATURAL GAS","1606292","268795","250398","167244","243496"
"2026-03-03T00:00:00.000","PALLADIUM - NEW YORK MERCANTILE EXCHANGE","PALLADIUM","16093","447","3588","5979","5342"
"2026-03-03T00:00:00.000","PLATINUM - NEW YORK MERCANTILE EXCHANGE","PLATINUM","70154","2884","16921","15415","10496"
"2026-03-03T00:00:00.000","SILVER - COMMODITY EXCHANGE INC.","SILVER","113326","3750","18765","12840","5074"
"2026-03-03T00:00:00.000","COPPER- #1 - COMMODITY EXCHANGE INC.","COPPER","244932","28628","120429","64521","16027"
"2026-03-03T00:00:00.000","GOLD - COMMODITY EXCHANGE INC.","GOLD","409789","15219","36010","123456","25539"
"2026-03-10T00:00:00.000","NAT GAS NYME - NEW YORK MERCANTILE EXCHANGE","NATURAL GAS","1565341","278302","270002","164388","227370"
"2026-03-10T00:00:00.000","PALLADIUM - NEW YORK MERCANTILE EXCHANGE","PALLADIUM","15679","499","3545","5703","5355"
"2026-03-10T00:00:00.000","PLATINUM - NEW YORK MERCANTILE EXCHANGE","PLATINUM","68758","2824","16958","16286","8563"
"2026-03-10T00:00:00.000","SILVER - COMMODITY EXCHANGE INC.","SILVER","115458","3181","19334","13264","2975"
"2026-03-10T00:00:00.000","COPPER- #1 - COMMODITY EXCHANGE INC.","COPPER","235322","29512","116371","63412","15736"
"2026-03-10T00:00:00.000","GOLD - COMMODITY EXCHANGE INC.","GOLD","413956","14826","34522","125077","26678"
"2026-03-17T00:00:00.000","NAT GAS NYME - NEW YORK MERCANTILE EXCHANGE","NATURAL GAS","1560291","265310","269365","172794","217422"
"2026-03-17T00:00:00.000","PALLADIUM - NEW YORK MERCANTILE EXCHANGE","PALLADIUM","15556","529","3229","5559","5657"
"2026-03-17T00:00:00.000","PLATINUM - NEW YORK MERCANTILE EXCHANGE","PLATINUM","67292","3139","16354","17494","6656"
"2026-03-17T00:00:00.000","SILVER - COMMODITY EXCHANGE INC.","SILVER","114758","3847","18644","12768","3121"
"2026-03-17T00:00:00.000","COPPER- #1 - COMMODITY EXCHANGE INC.","COPPER","231319","28066","113299","61888","15330"
"2026-03-17T00:00:00.000","GOLD - COMMODITY EXCHANGE INC.","GOLD","411388","15879","33713","130147","28104"
"2026-03-24T00:00:00.000","NAT GAS NYME - NEW YORK MERCANTILE EXCHANGE","NATURAL GAS","1504052","229550","240460","161226","215381"
"2026-03-24T00:00:00.000","PALLADIUM - NEW YORK MERCANTILE EXCHANGE","PALLADIUM","15069","998","2490","4734","6246"
"2026-03-24T00:00:00.000","PLATINUM - NEW YORK MERCANTILE EXCHANGE","PLATINUM","61473","3063","15563","16788","4984"
"2026-03-24T00:00:00.000","SILVER - COMMODITY EXCHANGE INC.","SILVER","113164","2726","17968","15246","4088"
"2026-03-24T00:00:00.000","COPPER- #1 - COMMODITY EXCHANGE INC.","COPPER","221772","32351","104424","51383","16099"
"2026-03-24T00:00:00.000","GOLD - COMMODITY EXCHANGE INC.","GOLD","403925","12761","34977","119562","27941"
"2026-03-31T00:00:00.000","NAT GAS NYME - NEW YORK MERCANTILE EXCHANGE","NATURAL GAS","1514508","229046","246296","149348","216964"
"2026-03-31T00:00:00.000","PALLADIUM - NEW YORK MERCANTILE EXCHANGE","PALLADIUM","15220","877","2456","4578","6590"
"2026-03-31T00:00:00.000","PLATINUM - NEW YORK MERCANTILE EXCHANGE","PLATINUM","60515","3310","15941","16992","4556"
"2026-03-31T00:00:00.000","SILVER - COMMODITY EXCHANGE INC.","SILVER","115169","2542","18034","14917","3651"
"2026-03-31T00:00:00.000","COPPER- #1 - COMMODITY EXCHANGE INC.","COPPER","220756","25393","102738","54575","15403"
"2026-03-31T00:00:00.000","GOLD - COMMODITY EXCHANGE INC.","GOLD","361409","10979","30889","120092","27278"
"2026-04-07T00:00:00.000","NAT GAS NYME - NEW YORK MERCANTILE EXCHANGE","NATURAL GAS","1558863","232592","242020","157461","243494"
"2026-04-07T00:00:00.000","PALLADIUM - NEW YORK MERCANTILE EXCHANGE","PALLADIUM","15187","1048","2298","4539","7080"
"2026-04-07T00:00:00.000","PLATINUM - NEW YORK MERCANTILE EXCHANGE","PLATINUM","59884","2930","16191","18166","4528"
"2026-04-07T00:00:00.000","SILVER - COMMODITY EXCHANGE INC.","SILVER","115138","2164","17734","13838","3440"
"2026-04-07T00:00:00.000","COPPER- #1 - COMMODITY EXCHANGE INC.","COPPER","224634","24188","104969","56213","17820"
"2026-04-07T00:00:00.000","GOLD - COMMODITY EXCHANGE INC.","GOLD","354877","11713","31009","120726","30694"
"2026-04-14T00:00:00.000","NAT GAS NYME - NEW YORK MERCANTILE EXCHANGE","NATURAL GAS","1585240","228653","239195","167780","281875"
"2026-04-14T00:00:00.000","PALLADIUM - NEW YORK MERCANTILE EXCHANGE","PALLADIUM","14648","771","2494","4732","6540"
"2026-04-14T00:00:00.000","PLATINUM - NEW YORK MERCANTILE EXCHANGE","PLATINUM","62452","2493","17565","20744","4120"
"2026-04-14T00:00:00.000","SILVER - COMMODITY EXCHANGE INC.","SILVER","116983","2447","19203","14770","3500"
"2026-04-14T00:00:00.000","COPPER- #1 - COMMODITY EXCHANGE INC.","COPPER","245595","24815","119251","68479","16146"
"2026-04-14T00:00:00.000","GOLD - COMMODITY EXCHANGE INC.","GOLD","362274","13151","31681","125422","30281"
"2026-04-21T00:00:00.000","NAT GAS NYME - NEW YORK MERCANTILE EXCHANGE","NATURAL GAS","1576663","227334","251077","175219","275793"
"2026-04-21T00:00:00.000","PALLADIUM - NEW YORK MERCANTILE EXCHANGE","PALLADIUM","14921","826","2437","4848","6634"
"2026-04-21T00:00:00.000","PLATINUM - NEW YORK MERCANTILE EXCHANGE","PLATINUM","61997","2286","17625","19974","4047"
"2026-04-21T00:00:00.000","SILVER - COMMODITY EXCHANGE INC.","SILVER","115462","2791","19208","13354","4486"
"2026-04-21T00:00:00.000","COPPER- #1 - COMMODITY EXCHANGE INC.","COPPER","250504","25032","124860","74755","15170"
"2026-04-21T00:00:00.000","GOLD - COMMODITY EXCHANGE INC.","GOLD","365842","12633","33051","123681","30705"
"2026-04-28T00:00:00.000","NAT GAS NYME - NEW YORK MERCANTILE EXCHANGE","NATURAL GAS","1578600","232466","259044","180286","277531"
"2026-04-28T00:00:00.000","PALLADIUM - NEW YORK MERCANTILE EXCHANGE","PALLADIUM","15794","1210","2102","4782","7118"
"2026-04-28T00:00:00.000","PLATINUM - NEW YORK MERCANTILE EXCHANGE","PLATINUM","61055","2101","16323","18661","4586"
"2026-04-28T00:00:00.000","SILVER - COMMODITY EXCHANGE INC.","SILVER","101275","1497","19607","14576","3970"
"2026-04-28T00:00:00.000","COPPER- #1 - COMMODITY EXCHANGE INC.","COPPER","230596","25890","129004","76037","15100"
"2026-04-28T00:00:00.000","GOLD - COMMODITY EXCHANGE INC.","GOLD","369530","12985","33177","122257","32505"
"2026-05-05T00:00:00.000","NAT GAS NYME - NEW YORK MERCANTILE EXCHANGE","NATURAL GAS","1628637","241927","269968","180450","287939"
"2026-05-05T00:00:00.000","PALLADIUM - NEW YORK MERCANTILE EXCHANGE","PALLADIUM","15985","1245","2127","4628","6566"
"2026-05-05T00:00:00.000","PLATINUM - NEW YORK MERCANTILE EXCHANGE","PLATINUM","60646","2365","16629","17356","4984"
"2026-05-05T00:00:00.000","SILVER - COMMODITY EXCHANGE INC.","SILVER","96932","1578","19191","15697","4854"
"2026-05-05T00:00:00.000","COPPER- #1 - COMMODITY EXCHANGE INC.","COPPER","232609","24839","126253","80400","16927"
"2026-05-05T00:00:00.000","GOLD - COMMODITY EXCHANGE INC.","GOLD","367932","12898","32010","123353","29099"
"2026-05-12T00:00:00.000","NAT GAS NYME - NEW YORK MERCANTILE EXCHANGE","NATURAL GAS","1628279","250203","276527","181980","302045"
"2026-05-12T00:00:00.000","PALLADIUM - NEW YORK MERCANTILE EXCHANGE","PALLADIUM","17419","1282","2345","4698","6646"
"2026-05-12T00:00:00.000","PLATINUM - NEW YORK MERCANTILE EXCHANGE","PLATINUM","63375","2389","17499","19980","3869"
"2026-05-12T00:00:00.000","SILVER - COMMODITY EXCHANGE INC.","SILVER","103800","1437","21069","21191","5430"
"2026-05-12T00:00:00.000","COPPER- #1 - COMMODITY EXCHANGE INC.","COPPER","259808","25188","139920","88517","14029"
"2026-05-12T00:00:00.000","GOLD - COMMODITY EXCHANGE INC.","GOLD","376496","11437","31639","127242","29227"
"2026-05-19T00:00:00.000","NAT GAS NYME - NEW YORK MERCANTILE EXCHANGE","NATURAL GAS","1599429","238405","258673","188978","285281"
"2026-05-19T00:00:00.000","PALLADIUM - NEW YORK MERCANTILE EXCHANGE","PALLADIUM","17259","1301","2124","4301","7034"
"2026-05-19T00:00:00.000","PLATINUM - NEW YORK MERCANTILE EXCHANGE","PLATINUM","62782","2263","16583","18813","5479"
"2026-05-19T00:00:00.000","SILVER - COMMODITY EXCHANGE INC.","SILVER","100751","1902","21195","17944","6380"
"2026-05-19T00:00:00.000","COPPER- #1 - COMMODITY EXCHANGE INC.","COPPER","257964","22810","134517","87457","13269"
"2026-05-19T00:00:00.000","GOLD - COMMODITY EXCHANGE INC.","GOLD","379325","14800","32714","122894","29354"
"2026-05-26T00:00:00.000","NAT GAS NYME - NEW YORK MERCANTILE EXCHANGE","NATURAL GAS","1640082","249813","260520","180797","315223"
"2026-05-26T00:00:00.000","PALLADIUM - NEW YORK MERCANTILE EXCHANGE","PALLADIUM","16692","812","1620","4126","7898"
"2026-05-26T00:00:00.000","PLATINUM - NEW YORK MERCANTILE EXCHANGE","PLATINUM","62711","2176","16470","18562","5737"
"2026-05-26T00:00:00.000","SILVER - COMMODITY EXCHANGE INC.","SILVER","101744","1412","20957","16670","6615"
"2026-05-26T00:00:00.000","COPPER- #1 - COMMODITY EXCHANGE INC.","COPPER","266243","24708","135599","85600","15100"
"2026-05-26T00:00:00.000","GOLD - COMMODITY EXCHANGE INC.","GOLD","353489","12586","32096","124277","26831"
"2026-06-02T00:00:00.000","NAT GAS NYME - NEW YORK MERCANTILE EXCHANGE","NATURAL GAS","1664003","252074","274857","189645","304499"
"2026-06-02T00:00:00.000","PALLADIUM - NEW YORK MERCANTILE EXCHANGE","PALLADIUM","16284","587","1586","4710","8201"
"2026-06-02T00:00:00.000","PLATINUM - NEW YORK MERCANTILE EXCHANGE","PLATINUM","65697","2547","16419","17644","5827"
"2026-06-02T00:00:00.000","SILVER - COMMODITY EXCHANGE INC.","SILVER","102809","2140","20133","17047","6603"
"2026-06-02T00:00:00.000","COPPER- #1 - COMMODITY EXCHANGE INC.","COPPER","276892","22076","136980","91214","15467"
"2026-06-02T00:00:00.000","GOLD - COMMODITY EXCHANGE INC.","GOLD","326052","10275","30429","129367","17188"
"2026-06-09T00:00:00.000","NAT GAS NYME - NEW YORK MERCANTILE EXCHANGE","NATURAL GAS","1637740","240630","261703","190936","313553"
"2026-06-09T00:00:00.000","PALLADIUM - NEW YORK MERCANTILE EXCHANGE","PALLADIUM","17455","1074","1660","4700","9160"
"2026-06-09T00:00:00.000","PLATINUM - NEW YORK MERCANTILE EXCHANGE","PLATINUM","62457","3147","15431","15442","7168"
"2026-06-09T00:00:00.000","SILVER - COMMODITY EXCHANGE INC.","SILVER","103440","3740","20399","16336","5933"
"2026-06-09T00:00:00.000","COPPER- #1 - COMMODITY EXCHANGE INC.","COPPER","274331","25265","134525","87096","17892"
"2026-06-09T00:00:00.000","GOLD - COMMODITY EXCHANGE INC.","GOLD","332709","10833","30133","126280","20417"
"2026-06-16T00:00:00.000","NAT GAS NYME - NEW YORK MERCANTILE EXCHANGE","NATURAL GAS","1644546","240220","268809","199050","283959"
"2026-06-16T00:00:00.000","PALLADIUM - NEW YORK MERCANTILE EXCHANGE","PALLADIUM","17011","821","1455","5146","9465"
"2026-06-16T00:00:00.000","PLATINUM - NEW YORK MERCANTILE EXCHANGE","PLATINUM","62420","3145","14970","14700","6816"
"2026-06-16T00:00:00.000","SILVER - COMMODITY EXCHANGE INC.","SILVER","107721","3662","20274","18739","5854"
"2026-06-16T00:00:00.000","COPPER- #1 - COMMODITY EXCHANGE INC.","COPPER","270752","29137","131401","84705","15697"
"2026-06-16T00:00:00.000","GOLD - COMMODITY EXCHANGE INC.","GOLD","339330","12191","29238","128043","14322"
"2026-06-23T00:00:00.000","NAT GAS NYME - NEW YORK MERCANTILE EXCHANGE","NATURAL GAS","1613059","238230","268845","202818","285540"
"2026-06-23T00:00:00.000","PALLADIUM - NEW YORK MERCANTILE EXCHANGE","PALLADIUM","17149","1220","1183","4783","9507"
"2026-06-23T00:00:00.000","PLATINUM - NEW YORK MERCANTILE EXCHANGE","PLATINUM","57738","1976","13095","14986","6329"
"2026-06-23T00:00:00.000","SILVER - COMMODITY EXCHANGE INC.","SILVER","108944","4627","18349","17559","5818"
"2026-06-23T00:00:00.000","COPPER- #1 - COMMODITY EXCHANGE INC.","COPPER","268800","30602","128188","82442","15895"
"2026-06-23T00:00:00.000","GOLD - COMMODITY EXCHANGE INC.","GOLD","352167","15839","25175","131102","15707"
"2026-06-30T00:00:00.000","NAT GAS NYME - NEW YORK MERCANTILE EXCHANGE","NATURAL GAS","1634535","246741","278241","221288","286096"
"2026-06-30T00:00:00.000","PALLADIUM - NEW YORK MERCANTILE EXCHANGE","PALLADIUM","17847","1480","1093","4164","10133"
"2026-06-30T00:00:00.000","PLATINUM - NEW YORK MERCANTILE EXCHANGE","PLATINUM","53719","2066","11801","15752","7855"
"2026-06-30T00:00:00.000","SILVER - COMMODITY EXCHANGE INC.","SILVER","108964","5108","17379","19349","5567"
"2026-06-30T00:00:00.000","COPPER- #1 - COMMODITY EXCHANGE INC.","COPPER","254335","29962","119300","75881","16178"
"2026-06-30T00:00:00.000","GOLD - COMMODITY EXCHANGE INC.","GOLD","369541","15161","32207","134577","14486"
"2026-07-07T00:00:00.000","NAT GAS NYME - NEW YORK MERCANTILE EXCHANGE","NATURAL GAS","1669775","214181","252365","238317","298612"
"2026-07-07T00:00:00.000","PALLADIUM - NEW YORK MERCANTILE EXCHANGE","PALLADIUM","17854","1603","1094","3622","10003"
"2026-07-07T00:00:00.000","PLATINUM - NEW YORK MERCANTILE EXCHANGE","PLATINUM","53645","2257","11496","14543","6958"
"2026-07-07T00:00:00.000","SILVER - COMMODITY EXCHANGE INC.","SILVER","104859","5069","18425","19294","6093"
"2026-07-07T00:00:00.000","COPPER- #1 - COMMODITY EXCHANGE INC.","COPPER","250948","26791","117774","74757","15973"
"2026-07-07T00:00:00.000","GOLD - COMMODITY EXCHANGE INC.","GOLD","371776","14282","35268","134941","18780"
"2026-07-14T00:00:00.000","NAT GAS NYME - NEW YORK MERCANTILE EXCHANGE","NATURAL GAS","1663336","213347","241479","227169","332878"
"2026-07-14T00:00:00.000","PALLADIUM - NEW YORK MERCANTILE EXCHANGE","PALLADIUM","18578","1744","1147","4147","10374"
"2026-07-14T00:00:00.000","PLATINUM - NEW YORK MERCANTILE EXCHANGE","PLATINUM","53837","2196","11366","14866","6600"
"2026-07-14T00:00:00.000","SILVER - COMMODITY EXCHANGE INC.","SILVER","105023","5548","18256","17554","6053"
"2026-07-14T00:00:00.000","COPPER- #1 - COMMODITY EXCHANGE INC.","COPPER","259873","25716","112100","77338","17153"
"2026-07-14T00:00:00.000","GOLD - COMMODITY EXCHANGE INC.","GOLD","383689","15840","34989","136905","16126"
"2026-07-21T00:00:00.000","NAT GAS NYME - NEW YORK MERCANTILE EXCHANGE","NATURAL GAS","1679435","222111","255218","233978","336734"
"2026-07-21T00:00:00.000","PALLADIUM - NEW YORK MERCANTILE EXCHANGE","PALLADIUM","18440","1824","1049","3966","10583"
"2026-07-21T00:00:00.000","PLATINUM - NEW YORK MERCANTILE EXCHANGE","PLATINUM","53721","1915","11229","14063","7840"
"2026-07-21T00:00:00.000","SILVER - COMMODITY EXCHANGE INC.","SILVER","106410","5623","18667","18204","6922"
"2026-07-21T00:00:00.000","COPPER- #1 - COMMODITY EXCHANGE INC.","COPPER","270048","23527","114735","88235","16720"
"2026-07-21T00:00:00.000","GOLD - COMMODITY EXCHANGE INC.","GOLD","383368","15561","34882","141487","16656"
"2026-07-28T00:00:00.000","NAT GAS NYME - NEW YORK MERCANTILE EXCHANGE","NATURAL GAS","1672441","222959","239976","238465","344291"
"2026-07-28T00:00:00.000","PALLADIUM - NEW YORK MERCANTILE EXCHANGE","PALLADIUM","18699","1779","1147","4391","10564"
"2026-07-28T00:00:00.000","PLATINUM - NEW YORK MERCANTILE EXCHANGE","PLATINUM","53658","1509","11108","14114","7588"
"2026-07-28T00:00:00.000","SILVER - COMMODITY EXCHANGE INC.","SILVER","106719","5958","18987","17939","8757"
"2026-07-28T00:00:00.000","COPPER- #1 - COMMODITY EXCHANGE INC.","COPPER","274552","25941","111220","82988","17980"
"2026-07-28T00:00:00.000","GOLD - COMMODITY EXCHANGE INC.","GOLD","384603","15367","35916","135093","15298"
"2026-08-04T00:00:00.000","NAT GAS NYME - NEW YORK MERCANTILE EXCHANGE","NATURAL GAS","1705908","229706","243500","228575","355508"
"2026-08-04T00:00:00.000","PALLADIUM - NEW YORK MERCANTILE EXCHANGE","PALLADIUM","18574","1551","1449","4523","9981"
"2026-08-04T00:00:00.000","PLATINUM - NEW YORK MERCANTILE EXCHANGE","PLATINUM","55848","1280","12435","16877","5917"
"2026-08-04T00:00:00.000","SILVER - COMMODITY EXCHANGE INC.","SILVER","111999","6151","19231","20465","8491"
"2026-08-04T00:00:00.000","COPPER- #1 - COMMODITY EXCHANGE INC.","COPPER","289395","21854","114698","93173","17415"
"2026-08-04T00:00:00.000","GOLD - COMMODITY EXCHANGE INC.","GOLD","371551","15738","34594","139809","9043"
"2026-08-11T00:00:00.000","NAT GAS NYME - NEW YORK MERCANTILE EXCHANGE","NATURAL GAS","1692411","235095","253066","248156","358786"
"2026-08-11T00:00:00.000","PALLADIUM - NEW YORK MERCANTILE EXCHANGE","PALLADIUM","18194","1692","1875","4464","9411"
"2026-08-11T00:00:00.000","PLATINUM - NEW YORK MERCANTILE EXCHANGE","PLATINUM","56771","1274","12674","15103","7385"
"2026-08-11T00:00:00.000","SILVER - COMMODITY EXCHANGE INC.","SILVER","115127","5452","21398","19956","8798"
"2026-08-11T00:00:00.000","COPPER- #1 - COMMODITY EXCHANGE INC.","COPPER","297047","30850","128367","93911","14884"
"2026-08-11T00:00:00.000","GOLD - COMMODITY EXCHANGE INC.","GOLD","400309","15716","43651","148634","10972"
"2026-08-18T00:00:00.000","NAT GAS NYME - NEW YORK MERCANTILE EXCHANGE","NATURAL GAS","1727378","231184","247970","265239","365319"
"2026-08-18T00:00:00.000","PALLADIUM - NEW YORK MERCANTILE EXCHANGE","PALLADIUM","18366","1626","1862","4032","9349"
"2026-08-18T00:00:00.000","PLATINUM - NEW YORK MERCANTILE EXCHANGE","PLATINUM","60129","1451","12522","15402","8188"
"2026-08-18T00:00:00.000","SILVER - COMMODITY EXCHANGE INC.","SILVER","120117","5735","21822","19533","7838"
"2026-08-18T00:00:00.000","COPPER- #1 - COMMODITY EXCHANGE INC.","COPPER","281563","28940","125214","92097","13449"
"2026-08-18T00:00:00.000","GOLD - COMMODITY EXCHANGE INC.","GOLD","406260","16883","46644","154595","12947"
"2026-08-25T00:00:00.000","NAT GAS NYME - NEW YORK MERCANTILE EXCHANGE","NATURAL GAS","1747730","236602","255587","269125","340798"
"2026-08-25T00:00:00.000","PALLADIUM - NEW YORK MERCANTILE EXCHANGE","PALLADIUM","17496","1091","1514","4486","9985"
"2026-08-25T00:00:00.000","PLATINUM - NEW YORK MERCANTILE EXCHANGE","PLATINUM","64648","1666","13794","18664","8436"
"2026-08-25T00:00:00.000","SILVER - COMMODITY EXCHANGE INC.","SILVER","113801","5717","22870","21421","7348"
"2026-08-25T00:00:00.000","COPPER- #1 - COMMODITY EXCHANGE INC.","COPPER","283299","28343","128366","92107","15836"
"2026-08-25T00:00:00.000","GOLD - COMMODITY EXCHANGE INC.","GOLD","427957","16861","51419","159819","15072"
"2026-09-01T00:00:00.000","NAT GAS NYME - NEW YORK MERCANTILE EXCHANGE","NATURAL GAS","1807497","236617","253666","258649","348130"
"2026-09-01T00:00:00.000","PALLADIUM - NEW YORK MERCANTILE EXCHANGE","PALLADIUM","16497","1005","1268","4626","9245"
"2026-09-01T00:00:00.000","PLATINUM - NEW YORK MERCANTILE EXCHANGE","PLATINUM","68059","2504","14720","17263","8578"
"2026-09-01T00:00:00.000","SILVER - COMMODITY EXCHANGE INC.","SILVER","104362","5168","21843","19156","6558"
"2026-09-01T00:00:00.000","COPPER- #1 - COMMODITY EXCHANGE INC.","COPPER","282640","27319","124341","91430","18548"
"2026-09-01T00:00:00.000","GOLD - COMMODITY EXCHANGE INC.","GOLD","415196","17444","48733","149721","12950"
"2026-09-08T00:00:00.000","NAT GAS NYME - NEW YORK MERCANTILE EXCHANGE","NATURAL GAS","1823243","237292","252557","262109","358851"
"2026-09-08T00:00:00.000","GOLD - COMMODITY EXCHANGE INC.","GOLD","411227","16588","47549","145804","10832"
"2026-09-08T00:00:00.000","PALLADIUM - NEW YORK MERCANTILE EXCHANGE","PALLADIUM","16773","970","1407","4839","9178"
"2026-09-08T00:00:00.000","PLATINUM - NEW YORK MERCANTILE EXCHANGE","PLATINUM","67810","2961","15304","18167","8380"
"2026-09-08T00:00:00.000","SILVER - COMMODITY EXCHANGE INC.","SILVER","103250","4616","22133","21148","6762"
"2026-09-08T00:00:00.000","COPPER- #1 - COMMODITY EXCHANGE INC.","COPPER","297491","28049","139914","98007","15853"
