family,instrument,asset,strategy,horizon_months,events,usd_plus_10_count,usd_plus_10_pct,rub_plus_10_pct,real_plus_10_pct,beats_deposit_pct,positive_usd_pct,median_usd_return_pct,median_rub_return_pct,median_real_return_pct,mean_usd_return_pct,worst_usd_return_pct,best_usd_return_pct,median_final_rub,first_entry,last_exit,usd_plus_10_wilson_low_pct,usd_plus_10_familywise_low_pct,formally_over_80
rotation,TAN+LIT,Top-2 resource rotation,top2_10m_momentum,12,1,1,100.0,100.0,100.0,100.0,100.0,111.14,110.49,97.02,111.14,111.14,111.14,210494.82,2020-07-31,2021-08-02,20.65,5.42,False
rotation,TAN+LIT,Top-2 resource rotation,top2_10m_momentum,8,1,1,100.0,100.0,100.0,100.0,100.0,83.36,89.21,82.43,83.36,83.36,83.36,189206.78,2020-07-31,2021-03-31,20.65,5.42,False
rotation,SLV+GLD,Top-2 resource rotation,top2_10m_momentum,12,1,1,100.0,100.0,100.0,100.0,100.0,73.2,23.65,14.3,73.2,73.2,73.2,123651.29,2024-11-29,2025-12-01,20.65,5.42,False
rotation,PPLT+SLV,Top-2 resource rotation,top2_10m_momentum,5,1,1,100.0,100.0,100.0,100.0,100.0,69.47,58.03,51.97,69.47,69.47,69.47,158030.26,2025-09-30,2026-03-02,20.65,5.42,False
rotation,TAN+PALL,Top-2 resource rotation,top2_10m_momentum,10,1,1,100.0,100.0,100.0,100.0,100.0,63.74,91.33,84.36,63.74,63.74,63.74,191332.69,2019-10-31,2020-08-31,20.65,5.42,False
rotation,SLV+WOOD,Top-2 resource rotation,top2_10m_momentum,7,1,1,100.0,100.0,100.0,100.0,100.0,61.46,46.05,35.66,61.46,61.46,61.46,146051.33,2010-09-30,2011-05-02,20.65,5.42,False
rotation,GLD+GLTR,Top-2 resource rotation,top2_10m_momentum,10,1,1,100.0,100.0,100.0,100.0,100.0,60.75,45.48,38.35,60.75,60.75,60.75,145483.87,2025-03-31,2026-02-02,20.65,5.42,False
rotation,GLD+GLTR,Top-2 resource rotation,top2_10m_momentum,11,1,1,100.0,100.0,100.0,100.0,100.0,50.49,43.56,36.14,50.49,50.49,50.49,143557.76,2025-05-30,2026-04-30,20.65,5.42,False
rotation,GLD+SLV,Top-2 resource rotation,top2_10m_momentum,11,2,2,100.0,100.0,100.0,100.0,100.0,48.71,39.3,29.47,48.71,32.89,64.53,139296.83,2009-06-30,2011-05-31,34.24,10.29,False
directional,DBB,Base metals,oversold_recovery,12,2,2,100.0,100.0,100.0,100.0,100.0,45.25,49.89,38.57,45.25,39.86,50.65,149889.36,2008-10-31,2021-03-31,34.24,10.29,False
rotation,TAN+PALL,Top-2 resource rotation,top2_10m_momentum,7,1,1,100.0,100.0,100.0,100.0,100.0,44.88,53.13,51.16,44.88,44.88,44.88,153133.8,2019-07-31,2020-03-02,20.65,5.42,False
rotation,TAN+ICLN,Top-2 resource rotation,top2_10m_momentum,11,1,1,100.0,100.0,100.0,100.0,100.0,43.78,62.48,52.74,43.78,43.78,43.78,162480.14,2013-05-31,2014-04-30,20.65,5.42,False
rotation,TAN+PALL,Top-2 resource rotation,top2_10m_momentum,6,1,1,100.0,100.0,100.0,100.0,100.0,42.3,42.82,41.26,42.3,42.3,42.3,142818.78,2019-08-30,2020-03-02,20.65,5.42,False
directional,PPLT,Platinum,oversold_recovery,11,2,2,100.0,50.0,50.0,50.0,100.0,41.42,32.1,23.18,41.42,19.29,63.54,132096.54,2010-05-31,2021-03-01,34.24,10.29,False
rotation,TAN+LIT,Top-2 resource rotation,top2_10m_momentum,3,1,1,100.0,100.0,100.0,100.0,100.0,40.81,52.27,51.26,40.81,40.81,40.81,152269.68,2020-07-31,2020-11-02,20.65,5.42,False
directional,PPLT,Platinum,oversold_recovery,12,2,2,100.0,50.0,50.0,50.0,100.0,40.59,33.78,24.77,40.59,17.46,63.73,133781.63,2010-05-31,2021-03-31,34.24,10.29,False
directional,DBB,Base metals,oversold_recovery,11,2,2,100.0,100.0,100.0,100.0,100.0,39.78,45.21,34.26,39.78,28.91,50.65,145206.69,2008-10-31,2021-03-01,34.24,10.29,False
rotation,TAN+PALL,Top-2 resource rotation,top2_10m_momentum,4,1,1,100.0,100.0,100.0,100.0,100.0,35.52,42.14,40.03,35.52,35.52,35.52,142139.49,2019-10-31,2020-03-02,20.65,5.42,False
rotation,GLD+SLV,Top-2 resource rotation,top2_10m_momentum,9,2,2,100.0,100.0,100.0,100.0,100.0,35.26,18.78,13.79,35.26,22.35,48.17,118784.04,2009-06-30,2025-10-31,34.24,10.29,False
rotation,GLD+GLTR,Top-2 resource rotation,top2_10m_momentum,6,1,1,100.0,100.0,100.0,100.0,100.0,34.59,34.13,31.41,34.59,34.59,34.59,134133.42,2025-05-30,2025-12-01,20.65,5.42,False
rotation,GLD+SLV,Top-2 resource rotation,top2_10m_momentum,12,1,1,100.0,100.0,100.0,100.0,100.0,34.57,34.17,26.61,34.57,34.57,34.57,134165.9,2009-06-30,2010-06-30,20.65,5.42,False
directional,PPLT,Platinum,oversold_recovery,10,2,2,100.0,50.0,50.0,50.0,100.0,34.31,28.98,21.33,34.31,13.63,54.98,128983.59,2010-05-31,2021-02-01,34.24,10.29,False
rotation,SLX+PHO,Top-2 resource rotation,top2_10m_momentum,9,1,1,100.0,100.0,0.0,100.0,100.0,34.29,24.28,9.93,34.29,34.29,34.29,124282.65,2007-08-31,2008-06-02,20.65,5.42,False
rotation,PALL+TAN,Top-2 resource rotation,top2_10m_momentum,11,1,1,100.0,100.0,100.0,100.0,100.0,32.38,49.94,46.64,32.38,32.38,32.38,149940.86,2019-05-31,2020-04-30,20.65,5.42,False
directional,PPLT,Platinum,oversold_recovery,9,2,2,100.0,100.0,50.0,100.0,100.0,32.09,25.46,19.31,32.09,16.04,48.15,125459.83,2010-05-31,2020-12-31,34.24,10.29,False
directional,DBB,Base metals,oversold_recovery,10,2,2,100.0,100.0,100.0,100.0,100.0,31.83,42.6,32.17,31.83,27.5,36.16,142602.31,2008-10-31,2021-02-01,34.24,10.29,False
rotation,GLD+SLV,Top-2 resource rotation,top2_10m_momentum,10,1,1,100.0,100.0,100.0,100.0,100.0,31.3,22.9,16.9,31.3,31.3,31.3,122896.03,2009-06-30,2010-04-30,20.65,5.42,False
rotation,GLD+SLV,Top-2 resource rotation,top2_10m_momentum,5,2,2,100.0,100.0,100.0,100.0,100.0,30.91,28.06,25.62,30.91,30.79,31.04,128062.45,2009-06-30,2010-11-30,34.24,10.29,False
directional,DBB,Base metals,oversold_recovery,9,2,2,100.0,100.0,100.0,100.0,100.0,30.42,38.87,30.14,30.42,21.28,39.56,138867.21,2008-10-31,2020-12-31,34.24,10.29,False
rotation,URA+NLR,Top-2 resource rotation,top2_10m_momentum,12,1,1,100.0,100.0,100.0,100.0,100.0,28.61,33.86,23.24,28.61,28.61,28.61,133864.16,2023-10-31,2024-10-31,20.65,5.42,False
rotation,URA+NLR,Top-2 resource rotation,top2_10m_momentum,7,2,2,100.0,100.0,100.0,100.0,100.0,28.37,27.09,22.01,28.37,13.03,43.72,127092.51,2024-03-28,2026-03-02,34.24,10.29,False
rotation,GLD+PHO,Top-2 resource rotation,top2_10m_momentum,12,1,1,100.0,100.0,0.0,100.0,100.0,28.28,18.58,8.44,28.28,28.28,28.28,118577.13,2006-10-31,2007-10-31,20.65,5.42,False
rotation,PHO+WOOD,Top-2 resource rotation,top2_10m_momentum,11,1,1,100.0,100.0,100.0,100.0,100.0,27.61,22.1,14.46,27.61,27.61,27.61,122100.99,2012-06-29,2013-05-30,20.65,5.42,False
rotation,TAN+LIT,Top-2 resource rotation,top2_10m_momentum,2,1,1,100.0,100.0,100.0,100.0,100.0,27.54,38.53,38.1,27.54,27.54,27.54,138526.28,2020-07-31,2020-09-30,20.65,5.42,False
rotation,PALL+TAN,Top-2 resource rotation,top2_10m_momentum,12,1,1,100.0,100.0,100.0,100.0,100.0,26.62,40.49,36.36,26.62,26.62,26.62,140488.51,2019-06-28,2020-06-30,20.65,5.42,False
rotation,PHO+WOOD,Top-2 resource rotation,top2_10m_momentum,10,1,1,100.0,100.0,100.0,100.0,100.0,26.32,19.86,12.93,26.32,26.32,26.32,119857.95,2012-06-29,2013-04-30,20.65,5.42,False
rotation,PHO+WOOD,Top-2 resource rotation,top2_10m_momentum,8,1,1,100.0,100.0,100.0,100.0,100.0,26.09,17.21,11.43,26.09,26.09,26.09,117208.87,2012-06-29,2013-02-28,20.65,5.42,False
rotation,PALL+GLD,Top-2 resource rotation,top2_10m_momentum,11,1,1,100.0,100.0,100.0,100.0,100.0,26.0,31.81,25.64,26.0,26.0,26.0,131813.83,2020-05-29,2021-04-30,20.65,5.42,False
rotation,TAN+REMX,Top-2 resource rotation,top2_10m_momentum,5,1,1,100.0,100.0,100.0,100.0,100.0,25.36,21.83,18.27,25.36,25.36,25.36,121834.87,2021-03-31,2021-08-31,20.65,5.42,False
rotation,WOOD+LIT,Top-2 resource rotation,top2_10m_momentum,6,1,1,100.0,100.0,100.0,100.0,100.0,25.33,29.35,28.64,25.33,25.33,25.33,129353.41,2017-05-31,2017-11-30,20.65,5.42,False
rotation,SLV+WOOD,Top-2 resource rotation,top2_10m_momentum,3,1,1,100.0,100.0,100.0,100.0,100.0,24.83,24.65,22.01,24.83,24.83,24.83,124654.44,2010-09-30,2010-12-30,20.65,5.42,False
rotation,WOOD+LIT,Top-2 resource rotation,top2_10m_momentum,11,1,1,100.0,100.0,100.0,100.0,100.0,24.49,36.57,33.86,24.49,24.49,24.49,136568.65,2017-05-31,2018-04-30,20.65,5.42,False
rotation,GLD+PHO,Top-2 resource rotation,top2_10m_momentum,11,1,1,100.0,100.0,0.0,100.0,100.0,24.37,16.0,6.09,24.37,24.37,24.37,116004.39,2006-10-31,2007-10-01,20.65,5.42,False
directional,PPLT,Platinum,oversold_recovery,8,2,2,100.0,100.0,50.0,100.0,100.0,24.34,21.17,16.8,24.34,15.24,33.44,121168.82,2010-05-31,2020-11-30,34.24,10.29,False
rotation,GLD+SLX,Top-2 resource rotation,top2_10m_momentum,12,1,1,100.0,100.0,0.0,100.0,100.0,23.7,13.31,3.57,23.7,23.7,23.7,113313.97,2010-07-30,2011-08-01,20.65,5.42,False
rotation,PHO+WOOD,Top-2 resource rotation,top2_10m_momentum,12,1,1,100.0,100.0,100.0,100.0,100.0,23.24,27.78,19.99,23.24,23.24,23.24,127779.88,2012-09-28,2013-09-30,20.65,5.42,False
rotation,SLX+PALL,Top-2 resource rotation,top2_10m_momentum,12,1,1,100.0,100.0,100.0,100.0,100.0,23.16,34.03,30.94,23.16,23.16,23.16,134029.93,2017-04-28,2018-04-30,20.65,5.42,False
rotation,URA+NLR,Top-2 resource rotation,top2_10m_momentum,8,2,2,100.0,100.0,100.0,100.0,100.0,22.71,25.85,20.4,22.71,21.6,23.82,125846.46,2024-02-29,2026-03-31,34.24,10.29,False
directional,GLD,Gold,oversold_recovery,12,2,2,100.0,100.0,100.0,100.0,100.0,21.59,38.32,25.61,21.59,14.11,29.07,138315.97,2008-08-31,2010-12-31,34.24,10.29,False
rotation,PHO+WOOD,Top-2 resource rotation,top2_10m_momentum,9,1,1,100.0,100.0,100.0,100.0,100.0,21.43,18.78,13.72,21.43,21.43,21.43,118782.87,2012-08-31,2013-05-31,20.65,5.42,False
rotation,UNG+REMX,Top-2 resource rotation,top2_10m_momentum,5,1,1,100.0,0.0,0.0,0.0,100.0,20.72,-13.33,-20.2,20.72,20.72,20.72,86668.44,2022-03-31,2022-08-31,20.65,5.42,False
rotation,SLV+GLD,Top-2 resource rotation,top2_10m_momentum,7,1,1,100.0,0.0,0.0,0.0,100.0,20.62,-13.63,-18.85,20.62,20.62,20.62,86374.0,2024-11-29,2025-06-30,20.65,5.42,False
rotation,REMX+TAN,Top-2 resource rotation,top2_10m_momentum,8,1,1,100.0,100.0,100.0,100.0,100.0,20.45,19.27,13.29,20.45,20.45,20.45,119266.83,2021-04-30,2021-12-30,20.65,5.42,False
rotation,GLD+SLV,Top-2 resource rotation,top2_10m_momentum,7,1,1,100.0,100.0,100.0,100.0,100.0,20.35,17.05,13.0,20.35,20.35,20.35,117046.75,2009-06-30,2010-02-01,20.65,5.42,False
rotation,GLD+SLV,Top-2 resource rotation,top2_10m_momentum,6,1,1,100.0,100.0,100.0,100.0,100.0,20.21,14.67,12.98,20.21,20.21,20.21,114671.03,2009-06-30,2009-12-30,20.65,5.42,False
directional,GLD,Gold,oversold_recovery,11,2,2,100.0,100.0,100.0,100.0,100.0,20.02,38.89,27.03,20.02,14.05,26.0,138887.84,2008-08-31,2010-11-30,34.24,10.29,False
rotation,GLD+SLV,Top-2 resource rotation,top2_10m_momentum,8,1,1,100.0,100.0,0.0,100.0,100.0,20.01,14.86,9.94,20.01,20.01,20.01,114862.44,2009-06-30,2010-03-01,20.65,5.42,False
rotation,UNG+NLR,Top-2 resource rotation,top2_10m_momentum,1,1,1,100.0,100.0,100.0,100.0,100.0,19.93,21.5,21.07,19.93,19.93,19.93,121496.74,2018-10-31,2018-11-30,20.65,5.42,False
rotation,PALL+TAN,Top-2 resource rotation,top2_10m_momentum,9,1,1,100.0,100.0,100.0,100.0,100.0,19.27,47.05,45.1,19.27,19.27,19.27,147054.82,2019-06-28,2020-03-30,20.65,5.42,False
rotation,TAN+ICLN,Top-2 resource rotation,top2_10m_momentum,5,3,3,100.0,66.67,66.67,100.0,100.0,18.98,18.4,15.71,29.47,14.24,55.19,118398.34,2013-07-31,2021-03-01,43.85,14.68,False
rotation,GLD+SLX,Top-2 resource rotation,top2_10m_momentum,6,1,1,100.0,100.0,100.0,100.0,100.0,18.52,16.37,11.67,18.52,18.52,18.52,116368.83,2010-07-30,2011-01-31,20.65,5.42,False
rotation,DBA+SLX,Top-2 resource rotation,top2_10m_momentum,4,1,1,100.0,100.0,0.0,100.0,100.0,18.46,14.89,6.67,18.46,18.46,18.46,114889.23,2008-01-31,2008-06-02,20.65,5.42,False
rotation,TAN+ICLN,Top-2 resource rotation,top2_10m_momentum,8,1,1,100.0,100.0,100.0,100.0,100.0,18.26,34.75,26.97,18.26,18.26,18.26,134753.89,2013-12-31,2014-09-02,20.65,5.42,False
rotation,TAN+PALL,Top-2 resource rotation,top2_10m_momentum,8,1,1,100.0,100.0,100.0,100.0,100.0,18.22,29.47,25.46,18.22,18.22,18.22,129466.01,2019-10-31,2020-06-30,20.65,5.42,False
directional,GLD,Gold,oversold_recovery,9,2,2,100.0,100.0,100.0,100.0,100.0,17.98,33.54,23.18,17.98,16.96,19.0,133535.88,2008-08-31,2010-09-30,34.24,10.29,False
rotation,TAN+LIT,Top-2 resource rotation,top2_10m_momentum,1,1,1,100.0,100.0,100.0,100.0,100.0,17.63,19.68,19.26,17.63,17.63,17.63,119678.2,2020-07-31,2020-08-31,20.65,5.42,False
rotation,PHO+WOOD,Top-2 resource rotation,top2_10m_momentum,6,1,1,100.0,0.0,0.0,100.0,100.0,17.57,8.41,4.62,17.57,17.57,17.57,108405.68,2012-06-29,2012-12-31,20.65,5.42,False
rotation,SLX+GLD,Top-2 resource rotation,top2_10m_momentum,6,1,1,100.0,100.0,0.0,100.0,100.0,17.54,12.33,3.13,17.54,17.54,17.54,112330.0,2007-12-31,2008-06-30,20.65,5.42,False
rotation,SLX+SLV,Top-2 resource rotation,top2_10m_momentum,5,1,1,100.0,0.0,0.0,100.0,100.0,17.25,7.56,5.37,17.25,17.25,17.25,107555.32,2016-09-30,2017-02-28,20.65,5.42,False
rotation,PHO+WOOD,Top-2 resource rotation,top2_10m_momentum,7,1,1,100.0,100.0,100.0,100.0,100.0,17.07,17.29,12.98,17.07,17.07,17.07,117294.48,2012-09-28,2013-04-30,20.65,5.42,False
directional,GLD,Gold,oversold_recovery,10,2,2,100.0,100.0,100.0,100.0,100.0,17.06,33.37,22.36,17.06,11.39,22.73,133366.87,2008-08-31,2010-11-01,34.24,10.29,False
directional,PPLT,Platinum,oversold_recovery,7,2,2,100.0,100.0,50.0,100.0,100.0,16.37,17.55,13.84,16.37,13.86,18.87,117554.86,2010-05-31,2020-11-02,34.24,10.29,False
rotation,PHO+GLD,Top-2 resource rotation,top2_10m_momentum,7,1,1,100.0,100.0,0.0,100.0,100.0,16.35,10.39,3.27,16.35,16.35,16.35,110385.93,2007-06-29,2008-01-30,20.65,5.42,False
rotation,GLD+SLV,Top-2 resource rotation,top2_10m_momentum,4,3,3,100.0,33.33,33.33,66.67,100.0,16.08,8.86,7.56,22.63,15.47,36.33,108856.19,2009-06-30,2025-06-02,43.85,14.68,False
rotation,PHO+WOOD,Top-2 resource rotation,top2_10m_momentum,5,1,1,100.0,0.0,0.0,100.0,100.0,16.08,9.54,6.65,16.08,16.08,16.08,109535.35,2012-07-31,2012-12-31,20.65,5.42,False
rotation,SLX+PALL,Top-2 resource rotation,top2_10m_momentum,9,1,1,100.0,100.0,0.0,100.0,100.0,16.02,11.6,9.77,16.02,16.02,16.02,111599.1,2017-01-31,2017-10-31,20.65,5.42,False
rotation,PALL+SLV,Top-2 resource rotation,top2_10m_momentum,4,1,1,100.0,0.0,0.0,100.0,100.0,15.96,9.71,5.23,15.96,15.96,15.96,109708.59,2011-01-31,2011-05-31,20.65,5.42,False
rotation,SLV+PALL,Top-2 resource rotation,top2_10m_momentum,8,1,1,100.0,0.0,0.0,100.0,100.0,15.29,9.16,2.87,15.29,15.29,15.29,109164.76,2010-12-31,2011-08-31,20.65,5.42,False
rotation,GLD+SLV,Top-2 resource rotation,top2_10m_momentum,3,1,1,100.0,100.0,0.0,100.0,100.0,15.22,10.8,9.45,15.22,15.22,15.22,110804.74,2009-06-30,2009-09-30,20.65,5.42,False
rotation,GLD+PHO,Top-2 resource rotation,top2_10m_momentum,10,1,1,100.0,100.0,0.0,100.0,100.0,15.12,10.39,1.84,15.12,15.12,15.12,110388.36,2006-10-31,2007-08-31,20.65,5.42,False
rotation,SLX+PHO,Top-2 resource rotation,top2_10m_momentum,4,1,1,100.0,0.0,0.0,100.0,100.0,14.52,9.59,5.58,14.52,14.52,14.52,109592.31,2007-08-31,2007-12-31,20.65,5.42,False
rotation,SLX+REMX,Top-2 resource rotation,top2_10m_momentum,6,1,1,100.0,100.0,100.0,100.0,100.0,14.51,16.89,12.75,14.51,14.51,14.51,116887.09,2021-05-28,2021-11-30,20.65,5.42,False
rotation,REMX+SLX,Top-2 resource rotation,top2_10m_momentum,4,1,1,100.0,100.0,0.0,100.0,100.0,14.26,11.34,8.19,14.26,14.26,14.26,111336.74,2021-06-30,2021-11-01,20.65,5.42,False
rotation,GLD+PHO,Top-2 resource rotation,top2_10m_momentum,8,1,1,100.0,100.0,0.0,100.0,100.0,14.07,10.1,2.45,14.07,14.07,14.07,110097.73,2006-10-31,2007-07-02,20.65,5.42,False
rotation,SLX+DBB,Top-2 resource rotation,top2_10m_momentum,10,1,1,100.0,100.0,100.0,100.0,100.0,14.06,13.11,11.48,14.06,14.06,14.06,113113.34,2017-02-28,2017-12-28,20.65,5.42,False
rotation,SLV+GLD,Top-2 resource rotation,top2_10m_momentum,11,1,1,100.0,100.0,100.0,100.0,100.0,13.55,29.16,20.39,13.55,13.55,13.55,129158.81,2023-05-31,2024-04-30,20.65,5.42,False
rotation,PALL+PHO,Top-2 resource rotation,top2_10m_momentum,8,1,1,100.0,100.0,0.0,100.0,100.0,13.38,10.34,9.0,13.38,13.38,13.38,110342.36,2019-02-28,2019-10-28,20.65,5.42,False
rotation,PHO+SLV,Top-2 resource rotation,top2_10m_momentum,8,1,1,100.0,0.0,0.0,0.0,100.0,13.28,4.06,-5.08,13.28,13.28,13.28,104058.23,2007-07-31,2008-03-31,20.65,5.42,False
rotation,GLD+PHO,Top-2 resource rotation,top2_10m_momentum,9,1,1,100.0,0.0,0.0,100.0,100.0,13.17,8.31,0.79,13.17,13.17,13.17,108309.19,2006-10-31,2007-07-31,20.65,5.42,False
rotation,SLX+SLV,Top-2 resource rotation,top2_10m_momentum,9,1,1,100.0,100.0,100.0,100.0,100.0,12.95,19.87,12.07,12.95,12.95,12.95,119868.94,2023-06-30,2024-04-01,20.65,5.42,False
rotation,GLD+PHO,Top-2 resource rotation,top2_10m_momentum,7,1,1,100.0,0.0,0.0,100.0,100.0,12.7,9.14,3.17,12.7,12.7,12.7,109139.3,2006-10-31,2007-05-31,20.65,5.42,False
rotation,SLX+CPER,Top-2 resource rotation,top2_10m_momentum,4,1,1,100.0,100.0,100.0,100.0,100.0,12.67,10.76,10.78,12.67,12.67,12.67,110762.68,2017-06-30,2017-10-30,20.65,5.42,False
directional,GLD,Gold,oversold_recovery,6,2,2,100.0,100.0,100.0,100.0,100.0,12.14,39.1,30.77,12.14,11.08,13.19,139101.11,2008-08-31,2010-06-30,34.24,10.29,False
rotation,DBA+SLX,Top-2 resource rotation,top2_10m_momentum,3,1,1,100.0,0.0,0.0,100.0,100.0,12.07,8.27,3.33,12.07,12.07,12.07,108268.8,2008-01-31,2008-04-30,20.65,5.42,False
rotation,LIT+GLD,Top-2 resource rotation,top2_10m_momentum,11,1,1,100.0,0.0,0.0,0.0,100.0,11.88,-3.52,-7.35,11.88,11.88,11.88,96478.07,2016-05-31,2017-05-01,20.65,5.42,False
rotation,PALL+GLD,Top-2 resource rotation,top2_10m_momentum,9,1,1,100.0,0.0,0.0,0.0,100.0,11.69,6.15,2.77,11.69,11.69,11.69,106153.01,2020-03-31,2020-12-31,20.65,5.42,False
rotation,SLX+REMX,Top-2 resource rotation,top2_10m_momentum,11,1,1,100.0,0.0,0.0,0.0,100.0,11.68,7.98,-8.36,11.68,11.68,11.68,107976.21,2021-05-28,2022-05-02,20.65,5.42,False
rotation,UNG+REMX,Top-2 resource rotation,top2_10m_momentum,4,1,1,100.0,0.0,0.0,0.0,100.0,11.4,-18.77,-25.21,11.4,11.4,11.4,81230.04,2022-03-31,2022-08-01,20.65,5.42,False
rotation,SLX+PALL,Top-2 resource rotation,top2_10m_momentum,5,1,1,100.0,100.0,100.0,100.0,100.0,11.28,15.93,14.19,11.28,11.28,11.28,115927.26,2017-03-31,2017-08-31,20.65,5.42,False
rotation,REMX+SLV,Top-2 resource rotation,top2_10m_momentum,9,1,1,100.0,100.0,100.0,100.0,100.0,11.27,21.72,15.34,11.27,11.27,11.27,121717.89,2025-11-28,2026-08-31,20.65,5.42,False
rotation,URA+NLR,Top-2 resource rotation,top2_10m_momentum,9,1,1,100.0,100.0,100.0,100.0,100.0,11.05,18.59,10.39,11.05,11.05,11.05,118592.0,2024-04-30,2025-01-30,20.65,5.42,False
rotation,GLD+PHO,Top-2 resource rotation,top2_10m_momentum,6,1,1,100.0,0.0,0.0,100.0,100.0,11.04,6.63,1.38,11.04,11.04,11.04,106632.39,2006-10-31,2007-04-30,20.65,5.42,False
rotation,LIT+REMX,Top-2 resource rotation,top2_10m_momentum,2,1,1,100.0,0.0,0.0,100.0,100.0,10.41,9.89,8.98,10.41,10.41,10.41,109894.17,2017-10-31,2018-01-02,20.65,5.42,False
directional,URA,Uranium miners,trend_10m,11,6,5,83.33,66.67,50.0,66.67,83.33,23.41,19.41,11.12,25.66,-41.22,78.65,119406.86,2014-02-28,2025-09-30,43.65,17.93,False
fundamental,UNG,Natural gas storage,storage_glut_with_downtrend,11,6,5,83.33,83.33,50.0,83.33,100.0,14.42,19.46,11.17,17.49,1.44,37.9,119459.71,2012-12-28,2025-01-02,43.65,17.93,False
directional,SLX,Steel producers,six_month_breakout,12,5,4,80.0,100.0,60.0,100.0,100.0,29.06,25.79,18.04,30.61,4.03,63.11,125790.88,2007-05-31,2022-03-31,37.55,14.41,False
directional,PHO,Water infrastructure,oversold_recovery,7,5,4,80.0,100.0,60.0,100.0,100.0,14.52,17.08,12.56,17.16,8.59,33.47,117083.05,2008-01-31,2020-11-02,37.55,14.41,False
directional,REMX,Rare earth and strategic metals,six_month_breakout,8,4,3,75.0,75.0,75.0,75.0,75.0,48.86,40.64,36.83,39.26,-20.25,79.59,140644.22,2017-07-31,2026-04-30,30.06,10.63,False
directional,REMX,Rare earth and strategic metals,six_month_breakout,9,4,3,75.0,75.0,75.0,75.0,75.0,42.85,38.09,34.34,27.48,-36.13,60.36,138085.63,2017-07-31,2026-06-01,30.06,10.63,False
directional,REMX,Rare earth and strategic metals,six_month_breakout,7,4,3,75.0,100.0,100.0,100.0,100.0,41.98,38.21,35.39,38.44,5.24,64.55,138214.54,2017-07-31,2026-03-31,30.06,10.63,False
directional,REMX,Rare earth and strategic metals,six_month_breakout,10,4,3,75.0,75.0,75.0,75.0,75.0,31.99,32.81,28.94,30.83,-18.49,77.82,132810.83,2017-07-31,2026-06-30,30.06,10.63,False
directional,LIT,Lithium and battery chain,six_month_breakout,8,4,3,75.0,50.0,50.0,50.0,75.0,26.65,26.42,22.54,32.98,-7.6,86.23,126421.12,2016-05-31,2026-04-30,30.06,10.63,False
directional,PHO,Water infrastructure,oversold_recovery,11,4,3,75.0,75.0,50.0,75.0,75.0,25.45,18.06,10.67,20.55,-25.7,56.99,118057.24,2008-01-31,2021-03-01,30.06,10.63,False
directional,PHO,Water infrastructure,oversold_recovery,12,4,3,75.0,75.0,50.0,75.0,75.0,25.18,18.45,11.12,18.2,-35.69,58.14,118454.1,2008-01-31,2021-03-31,30.06,10.63,False
directional,PHO,Water infrastructure,oversold_recovery,10,4,3,75.0,75.0,50.0,75.0,75.0,24.92,21.47,14.39,15.37,-38.62,50.26,121474.91,2008-01-31,2021-02-01,30.06,10.63,False
directional,SLX,Steel producers,oversold_recovery,9,8,6,75.0,75.0,75.0,75.0,75.0,24.49,31.81,23.96,32.03,-23.42,107.6,131813.28,2008-10-31,2024-01-02,40.93,18.13,False
directional,PHO,Water infrastructure,oversold_recovery,9,4,3,75.0,75.0,50.0,75.0,75.0,23.04,17.67,11.16,16.35,-29.28,48.6,117671.47,2008-01-31,2020-12-31,30.06,10.63,False
directional,CPER,Copper,dip_in_uptrend,12,4,3,75.0,50.0,50.0,50.0,75.0,21.73,6.02,0.86,13.93,-15.49,27.75,106020.25,2016-12-31,2025-12-01,30.06,10.63,False
directional,SLX,Steel producers,trend_10m,11,12,9,75.0,66.67,58.33,66.67,75.0,21.1,22.82,17.54,20.92,-13.01,71.19,122821.33,2007-08-31,2026-06-01,46.77,23.72,False
directional,GLTR,Precious-metals basket,dip_in_uptrend,12,4,3,75.0,50.0,50.0,50.0,100.0,17.17,13.9,7.37,18.83,6.55,34.43,113895.28,2011-09-30,2024-09-30,30.06,10.63,False
directional,REMX,Rare earth and strategic metals,trend_10m,8,7,5,71.43,57.14,57.14,71.43,71.43,47.68,46.23,38.9,35.6,-33.47,88.66,146228.16,2016-06-30,2026-03-31,35.89,15.03,False
directional,TAN,Solar energy,six_month_breakout,7,7,5,71.43,57.14,57.14,85.71,71.43,27.58,19.73,15.04,19.75,-28.45,65.7,119726.36,2013-07-31,2026-06-01,35.89,15.03,False
directional,SLX,Steel producers,oversold_recovery,12,7,5,71.43,71.43,57.14,71.43,71.43,23.69,40.28,29.77,34.83,-23.26,159.61,140277.29,2008-10-31,2024-04-01,35.89,15.03,False
directional,REMX,Rare earth and strategic metals,trend_10m,7,7,5,71.43,71.43,71.43,85.71,85.71,22.34,19.43,16.67,44.54,-25.68,121.1,119432.91,2016-06-30,2026-03-02,35.89,15.03,False
directional,TAN,Solar energy,six_month_breakout,8,7,5,71.43,85.71,57.14,85.71,71.43,20.22,13.81,11.03,14.46,-28.16,56.86,113813.75,2013-07-31,2026-06-30,35.89,15.03,False
directional,TAN,Solar energy,six_month_breakout,6,7,5,71.43,71.43,57.14,85.71,71.43,18.71,11.25,11.01,14.25,-34.63,39.52,111250.79,2013-07-31,2026-04-30,35.89,15.03,False
fundamental,UNG,Natural gas storage,storage_glut_with_downtrend,10,7,5,71.43,71.43,42.86,71.43,85.71,18.58,16.52,9.69,20.05,-2.6,36.78,116520.2,2012-12-28,2025-09-02,35.89,15.03,False
directional,URA,Uranium miners,six_month_breakout,10,3,2,66.67,66.67,66.67,66.67,66.67,52.11,45.16,38.25,29.69,-34.57,71.54,145159.33,2014-02-28,2026-04-30,20.77,6.64,False
directional,URA,Uranium miners,six_month_breakout,8,3,2,66.67,66.67,66.67,66.67,66.67,45.73,49.88,43.6,21.17,-34.42,52.2,149878.03,2014-02-28,2026-03-02,20.77,6.64,False
directional,URA,Uranium miners,six_month_breakout,7,3,2,66.67,66.67,66.67,66.67,66.67,39.62,43.64,40.87,20.18,-27.32,48.25,143637.71,2014-02-28,2026-01-30,20.77,6.64,False
directional,REMX,Rare earth and strategic metals,trend_10m,10,6,4,66.67,66.67,50.0,66.67,83.33,39.1,39.07,29.11,45.14,-34.9,115.49,139074.74,2016-06-30,2026-06-01,30.0,11.76,False
directional,URA,Uranium miners,six_month_breakout,11,3,2,66.67,100.0,66.67,100.0,66.67,36.24,23.31,17.08,24.56,-41.22,78.65,123312.4,2014-02-28,2026-06-01,20.77,6.64,False
directional,URA,Uranium miners,trend_10m,12,6,4,66.67,66.67,66.67,66.67,66.67,28.24,21.73,15.09,33.99,-37.06,107.66,121729.61,2014-02-28,2025-10-31,30.0,11.76,False
rotation,TAN+ICLN,Top-2 resource rotation,top2_10m_momentum,10,3,2,66.67,66.67,66.67,66.67,66.67,27.84,17.42,10.59,15.77,-33.92,53.39,117422.0,2013-05-31,2021-07-30,20.77,6.64,False
directional,SLV,Silver,dip_in_uptrend,12,9,6,66.67,77.78,55.56,77.78,88.89,23.29,20.41,10.17,22.48,-32.72,82.27,120414.48,2007-06-30,2025-06-30,35.42,15.84,False
directional,URA,Uranium miners,trend_10m,7,9,6,66.67,66.67,44.44,66.67,88.89,23.02,11.89,7.42,19.78,-27.32,50.07,111885.31,2014-02-28,2026-03-02,35.42,15.84,False
directional,URA,Uranium miners,six_month_breakout,9,3,2,66.67,66.67,66.67,66.67,66.67,22.07,26.23,20.94,19.01,-28.82,63.79,126230.0,2014-02-28,2026-03-30,20.77,6.64,False
directional,WOOD,Timber and forestry,oversold_recovery,11,6,4,66.67,66.67,50.0,66.67,66.67,21.77,24.57,13.05,23.3,-8.46,79.05,124568.63,2008-10-31,2023-05-30,30.0,11.76,False
rotation,TAN+ICLN,Top-2 resource rotation,top2_10m_momentum,6,3,2,66.67,66.67,33.33,66.67,66.67,19.83,13.01,8.51,21.63,-5.29,50.35,113007.8,2013-08-30,2021-04-30,20.77,6.64,False
directional,ICLN,Clean energy,oversold_recovery,10,6,4,66.67,66.67,33.33,66.67,66.67,19.76,16.15,6.0,49.51,-4.71,220.83,116149.34,2008-10-31,2022-11-30,30.0,11.76,False
directional,TAN,Solar energy,six_month_breakout,10,6,4,66.67,66.67,66.67,66.67,66.67,19.58,18.62,13.58,16.24,-15.1,44.56,118622.51,2013-07-31,2026-08-31,30.0,11.76,False
directional,TAN,Solar energy,six_month_breakout,9,6,4,66.67,66.67,66.67,66.67,83.33,18.01,18.37,16.24,17.16,-16.09,45.03,118366.6,2013-07-31,2026-07-31,30.0,11.76,False
directional,WOOD,Timber and forestry,oversold_recovery,12,6,4,66.67,66.67,50.0,66.67,66.67,18.0,18.29,7.38,23.66,-1.92,79.26,118287.31,2008-10-31,2023-06-30,30.0,11.76,False
directional,SLX,Steel producers,six_month_breakout,11,6,4,66.67,66.67,50.0,66.67,66.67,17.93,22.0,12.49,17.78,-22.42,48.08,121997.73,2007-05-31,2022-02-28,30.0,11.76,False
directional,URA,Uranium miners,dip_in_uptrend,8,6,4,66.67,66.67,66.67,66.67,66.67,17.91,22.63,18.86,23.66,-12.93,105.94,122631.67,2017-04-30,2026-07-30,30.0,11.76,False
directional,URA,Uranium miners,six_month_breakout,12,3,2,66.67,66.67,66.67,66.67,66.67,17.78,16.7,10.8,29.46,-37.06,107.66,116702.45,2014-02-28,2026-06-30,20.77,6.64,False
directional,CPER,Copper,six_month_breakout,11,3,2,66.67,100.0,66.67,100.0,66.67,17.46,27.5,16.89,15.0,-15.4,42.94,127495.13,2013-12-31,2021-08-02,20.77,6.64,False
directional,WOOD,Timber and forestry,oversold_recovery,10,6,4,66.67,66.67,66.67,66.67,66.67,17.44,28.45,17.18,19.94,-14.5,70.29,128446.43,2008-10-31,2023-05-01,30.0,11.76,False
directional,SLX,Steel producers,trend_10m,12,12,8,66.67,58.33,58.33,58.33,75.0,16.18,17.18,11.56,12.02,-30.61,50.89,117178.96,2007-08-31,2026-06-30,39.06,19.19,False
directional,PALL,Palladium,oversold_recovery,9,6,4,66.67,83.33,50.0,83.33,83.33,16.11,17.71,11.68,17.72,-32.68,72.8,117714.05,2010-05-31,2024-10-31,30.0,11.76,False
directional,REMX,Rare earth and strategic metals,six_month_breakout,4,6,4,66.67,66.67,66.67,66.67,66.67,15.97,15.83,14.09,8.06,-21.51,30.58,115828.52,2017-07-31,2026-06-29,30.0,11.76,False
fundamental,UNG,Natural gas storage,storage_glut_with_downtrend,12,6,4,66.67,50.0,33.33,50.0,66.67,15.91,10.19,5.32,12.24,-39.84,52.22,110185.35,2012-12-28,2025-02-24,30.0,11.76,False
directional,CPER,Copper,six_month_breakout,12,3,2,66.67,66.67,66.67,66.67,66.67,14.82,38.62,30.2,12.77,-17.14,40.62,138618.53,2013-12-31,2021-08-31,20.77,6.64,False
directional,ICLN,Clean energy,oversold_recovery,7,6,4,66.67,50.0,33.33,50.0,83.33,14.58,8.75,4.42,27.12,-0.49,109.2,108747.33,2008-10-31,2022-08-31,30.0,11.76,False
directional,PALL,Palladium,six_month_breakout,8,6,4,66.67,50.0,50.0,50.0,66.67,13.06,17.71,12.05,7.22,-24.64,31.73,117712.52,2010-10-31,2022-10-28,30.0,11.76,False
directional,URA,Uranium miners,six_month_breakout,3,3,2,66.67,66.67,66.67,66.67,66.67,13.04,19.25,18.26,5.89,-18.0,22.63,119253.64,2014-02-28,2025-09-30,20.77,6.64,False
directional,ICLN,Clean energy,oversold_recovery,12,6,4,66.67,33.33,33.33,33.33,66.67,12.6,2.31,-6.79,37.31,-8.77,155.83,102305.04,2008-10-31,2023-01-31,30.0,11.76,False
rotation,TAN+ICLN,Top-2 resource rotation,top2_10m_momentum,7,3,2,66.67,66.67,66.67,66.67,100.0,12.26,18.78,12.5,15.28,2.88,30.71,118784.84,2013-05-31,2021-06-30,20.77,6.64,False
directional,CPER,Copper,six_month_breakout,9,3,2,66.67,33.33,33.33,33.33,66.67,11.72,7.47,5.71,17.11,-11.55,51.17,107470.49,2013-12-31,2021-06-01,20.77,6.64,False
directional,CPER,Copper,six_month_breakout,7,3,2,66.67,33.33,33.33,66.67,66.67,11.16,8.52,6.0,12.17,-4.3,29.65,108516.64,2013-12-31,2021-03-31,20.77,6.64,False
directional,CPER,Copper,six_month_breakout,10,3,2,66.67,66.67,66.67,66.67,66.67,10.37,18.48,10.92,12.63,-10.64,38.14,118483.15,2013-12-31,2021-06-30,20.77,6.64,False
directional,GLD,Gold,six_month_breakout,12,11,7,63.64,45.45,27.27,45.45,72.73,15.53,7.69,1.62,12.54,-9.98,39.86,107694.74,2006-01-31,2026-08-31,35.38,16.69,False
directional,PALL,Palladium,dip_in_uptrend,12,8,5,62.5,75.0,75.0,75.0,62.5,22.56,42.77,31.92,21.66,-16.81,70.01,142768.7,2011-03-31,2022-08-31,30.57,12.94,False
directional,LIT,Lithium and battery chain,trend_10m,12,8,5,62.5,50.0,50.0,50.0,62.5,20.14,14.64,10.78,23.14,-34.17,133.42,114639.82,2011-05-31,2025-12-01,30.57,12.94,False
directional,LIT,Lithium and battery chain,trend_10m,11,8,5,62.5,50.0,50.0,50.0,62.5,17.58,15.07,8.42,19.45,-24.39,116.73,115070.04,2011-05-31,2025-10-30,30.57,12.94,False
directional,TAN,Solar energy,six_month_breakout,5,8,5,62.5,62.5,62.5,62.5,75.0,16.93,15.52,12.67,13.99,-24.05,65.22,115516.9,2013-07-31,2026-03-31,30.57,12.94,False
directional,SLV,Silver,six_month_breakout,11,8,5,62.5,50.0,37.5,50.0,87.5,14.23,7.5,3.13,11.67,-33.6,44.48,107499.37,2006-11-30,2026-07-31,30.57,12.94,False
directional,SLV,Silver,six_month_breakout,12,8,5,62.5,50.0,37.5,50.0,62.5,13.92,10.88,5.75,14.7,-27.6,65.95,110879.05,2006-11-30,2026-08-31,30.57,12.94,False
directional,TAN,Solar energy,six_month_breakout,4,8,5,62.5,37.5,37.5,62.5,62.5,11.68,9.12,6.09,13.92,-28.08,70.51,109115.47,2013-07-31,2026-03-02,30.57,12.94,False
directional,REMX,Rare earth and strategic metals,trend_10m,11,5,3,60.0,60.0,60.0,60.0,80.0,62.6,73.77,65.31,50.21,-15.99,113.77,173766.89,2016-06-30,2026-06-30,23.07,8.35,False
directional,TAN,Solar energy,six_month_breakout,11,5,3,60.0,80.0,80.0,80.0,80.0,32.44,23.34,15.8,21.34,-25.92,58.13,123335.44,2013-07-31,2022-09-30,23.07,8.35,False
directional,REMX,Rare earth and strategic metals,six_month_breakout,6,5,3,60.0,60.0,60.0,60.0,60.0,28.88,26.26,21.01,21.64,-29.75,66.41,126256.56,2017-07-31,2026-03-02,23.07,8.35,False
directional,NLR,Nuclear-energy chain,oversold_recovery,11,5,3,60.0,60.0,40.0,60.0,60.0,24.07,11.89,2.08,3.22,-54.91,41.17,111892.56,2007-11-30,2021-03-01,23.07,8.35,False
directional,TAN,Solar energy,six_month_breakout,12,5,3,60.0,80.0,60.0,80.0,80.0,23.32,12.6,10.04,15.98,-28.27,39.84,112602.16,2013-07-31,2022-10-31,23.07,8.35,False
directional,NLR,Nuclear-energy chain,oversold_recovery,10,5,3,60.0,60.0,40.0,60.0,60.0,22.21,13.93,5.03,5.66,-39.37,37.42,113927.47,2007-11-30,2021-02-01,23.07,8.35,False
directional,PALL,Palladium,oversold_recovery,12,5,3,60.0,80.0,60.0,80.0,80.0,21.36,18.13,10.16,22.23,-39.76,67.4,118133.2,2010-05-31,2025-01-31,23.07,8.35,False
directional,LIT,Lithium and battery chain,trend_10m,10,10,6,60.0,50.0,40.0,50.0,60.0,20.57,9.26,3.18,13.43,-28.94,82.57,109261.16,2011-05-31,2026-08-31,31.27,14.08,False
directional,PHO,Water infrastructure,oversold_recovery,8,5,3,60.0,80.0,60.0,80.0,80.0,18.39,18.82,14.02,17.51,-5.23,42.95,118816.67,2008-01-31,2020-11-30,23.07,8.35,False
directional,URA,Uranium miners,dip_in_uptrend,9,5,3,60.0,80.0,40.0,80.0,100.0,17.71,17.31,8.98,28.49,5.11,91.78,117310.74,2017-04-30,2026-08-31,23.07,8.35,False
directional,PHO,Water infrastructure,oversold_recovery,4,5,3,60.0,60.0,40.0,60.0,80.0,15.69,12.39,4.35,6.74,-23.84,24.27,112388.28,2008-01-31,2020-07-31,23.07,8.35,False
directional,PALL,Palladium,six_month_breakout,10,5,3,60.0,60.0,40.0,60.0,60.0,14.67,12.39,4.53,3.52,-29.2,24.99,112385.88,2010-10-31,2022-12-28,23.07,8.35,False
directional,PALL,Palladium,six_month_breakout,9,5,3,60.0,60.0,40.0,60.0,60.0,14.39,14.45,6.45,7.11,-27.03,27.28,114452.82,2010-10-31,2022-11-28,23.07,8.35,False
directional,PALL,Palladium,oversold_recovery,11,5,3,60.0,40.0,40.0,60.0,60.0,13.33,9.16,2.31,15.25,-43.56,66.85,109156.73,2010-05-31,2024-12-31,23.07,8.35,False
directional,PHO,Water infrastructure,buy_hold,11,20,12,60.0,60.0,45.0,60.0,75.0,13.01,14.94,7.01,8.09,-44.35,32.48,114939.56,2005-12-31,2025-12-01,38.66,21.59,False
directional,SLV,Silver,dip_in_uptrend,9,10,6,60.0,50.0,40.0,60.0,70.0,12.94,11.31,3.81,8.34,-38.99,37.78,111311.59,2007-06-30,2025-03-31,31.27,14.08,False
directional,PALL,Palladium,buy_hold,9,20,12,60.0,45.0,40.0,50.0,65.0,12.9,4.82,-1.29,7.7,-29.11,55.32,104817.52,2010-01-31,2026-06-30,38.66,21.59,False
directional,SLV,Silver,dip_in_uptrend,10,10,6,60.0,50.0,50.0,50.0,80.0,12.28,13.32,3.81,13.14,-25.4,45.33,113320.72,2007-06-30,2025-04-30,31.27,14.08,False
fundamental,UNG,Natural gas storage,storage_shortage_with_trend,10,5,3,60.0,60.0,40.0,60.0,60.0,12.18,18.98,8.2,5.18,-39.97,49.44,118982.14,2013-11-22,2022-12-12,23.07,8.35,False
directional,PHO,Water infrastructure,oversold_recovery,6,5,3,60.0,80.0,60.0,100.0,100.0,11.54,17.77,13.78,13.81,2.16,26.78,117771.55,2008-01-31,2020-09-30,23.07,8.35,False
directional,REMX,Rare earth and strategic metals,trend_10m,4,12,7,58.33,66.67,66.67,66.67,66.67,21.29,21.97,19.06,15.96,-21.51,48.62,121972.71,2016-06-30,2026-04-30,31.95,15.13,False
relative_value,SIL/SLV,Silver miners / silver,rolling_3y_ratio_reversion,12,12,7,58.33,66.67,50.0,75.0,75.0,10.55,12.59,10.59,6.95,-8.91,14.24,112594.79,2012-05-18,2025-12-26,31.95,15.13,False
relative_value,SIL/SLV,Silver miners / silver,rolling_3y_ratio_reversion,10,12,7,58.33,75.0,58.33,83.33,75.0,10.36,14.06,12.12,6.56,-7.07,14.13,114056.31,2012-05-18,2025-12-26,31.95,15.13,False
relative_value,SIL/SLV,Silver miners / silver,rolling_3y_ratio_reversion,11,12,7,58.33,75.0,58.33,83.33,75.0,10.36,14.06,11.64,6.24,-8.52,14.13,114056.31,2012-05-18,2025-12-26,31.95,15.13,False
directional,REMX,Rare earth and strategic metals,trend_10m,9,7,4,57.14,57.14,57.14,57.14,71.43,39.76,58.68,48.9,38.1,-41.94,117.91,158682.57,2016-06-30,2026-04-30,25.05,9.93,False
directional,WOOD,Timber and forestry,oversold_recovery,7,7,4,57.14,71.43,57.14,71.43,85.71,17.79,18.3,13.73,13.13,-15.78,34.55,118298.88,2008-10-31,2023-01-30,25.05,9.93,False
fundamental,UNG,Natural gas storage,storage_glut_with_downtrend,9,7,4,57.14,71.43,57.14,71.43,71.43,15.4,20.58,13.51,12.1,-17.7,43.41,120580.2,2012-12-28,2025-05-30,25.05,9.93,False
directional,SLX,Steel producers,oversold_recovery,11,7,4,57.14,71.43,42.86,71.43,71.43,13.84,17.77,9.96,30.32,-21.15,135.72,117765.28,2008-10-31,2024-02-29,25.05,9.93,False
directional,SLX,Steel producers,oversold_recovery,10,7,4,57.14,57.14,57.14,71.43,57.14,11.9,23.23,13.61,21.97,-21.14,107.46,123233.58,2008-10-31,2024-01-31,25.05,9.93,False
directional,SLX,Steel producers,six_month_breakout,5,7,4,57.14,28.57,14.29,57.14,57.14,11.74,8.59,5.42,6.26,-17.37,30.39,108594.73,2007-05-31,2022-07-28,25.05,9.93,False
directional,WOOD,Timber and forestry,oversold_recovery,6,7,4,57.14,71.43,42.86,71.43,57.14,10.36,14.69,9.8,12.65,-8.44,40.78,114688.71,2008-10-31,2022-12-30,25.05,9.93,False
directional,GLD,Gold,trend_10m,12,16,9,56.25,62.5,43.75,62.5,68.75,14.76,15.88,7.27,12.38,-25.63,43.18,115876.61,2005-09-30,2026-06-01,33.18,17.02,False
directional,PHO,Water infrastructure,trend_10m,12,16,9,56.25,62.5,50.0,62.5,62.5,14.09,19.77,11.38,7.73,-43.83,42.35,119772.31,2006-10-31,2026-06-30,33.18,17.02,False
directional,SLX,Steel producers,oversold_recovery,7,9,5,55.56,66.67,66.67,66.67,55.56,29.09,29.01,24.03,19.73,-23.98,57.54,129013.08,2008-10-31,2023-10-31,26.66,11.37,False
directional,DBB,Base metals,six_month_breakout,9,9,5,55.56,66.67,33.33,66.67,55.56,15.24,13.19,9.63,5.16,-24.27,34.86,113189.58,2009-07-31,2026-07-31,26.66,11.37,False
directional,DBB,Base metals,six_month_breakout,7,9,5,55.56,55.56,44.44,66.67,66.67,12.85,10.17,7.61,5.23,-27.01,23.39,110166.84,2009-07-31,2026-06-01,26.66,11.37,False
directional,DBB,Base metals,six_month_breakout,8,9,5,55.56,33.33,33.33,55.56,55.56,11.63,7.65,3.97,4.54,-26.44,30.67,107646.28,2009-07-31,2026-06-30,26.66,11.37,False
directional,PHO,Water infrastructure,trend_10m,10,18,10,55.56,61.11,50.0,66.67,66.67,11.19,12.46,8.14,8.68,-14.25,34.82,112457.9,2006-10-31,2026-07-30,33.72,17.86,False
directional,SLX,Steel producers,oversold_recovery,4,9,5,55.56,55.56,44.44,55.56,55.56,10.48,10.14,8.18,6.22,-32.26,41.42,110144.32,2008-10-31,2023-07-31,26.66,11.37,False
directional,GLD,Gold,buy_hold,12,20,11,55.0,65.0,50.0,65.0,70.0,12.24,14.42,8.12,10.71,-22.15,44.56,114415.37,2004-11-30,2026-06-30,34.21,18.64,False
directional,SLV,Silver,trend_10m,12,11,6,54.55,54.55,45.45,54.55,72.73,18.5,15.2,2.25,24.95,-37.77,125.37,115202.44,2007-03-31,2026-06-01,28.01,12.67,False
directional,CPER,Copper,trend_10m,8,11,6,54.55,45.45,27.27,45.45,72.73,14.35,5.25,0.27,9.54,-22.54,48.42,105246.84,2012-09-30,2026-06-01,28.01,12.67,False
directional,TAN,Solar energy,trend_10m,8,13,7,53.85,61.54,46.15,61.54,53.85,14.39,11.75,8.89,11.53,-65.31,139.05,111754.31,2009-09-30,2026-04-30,29.14,13.85,False
directional,GLD,Gold,six_month_breakout,10,13,7,53.85,38.46,38.46,46.15,69.23,11.41,7.82,-0.0,11.53,-10.42,48.04,107819.83,2006-01-31,2026-02-02,29.14,13.85,False
relative_value,SIL/SLV,Silver miners / silver,rolling_3y_ratio_reversion,9,13,7,53.85,69.23,53.85,76.92,76.92,10.18,13.06,11.24,6.13,-8.44,14.13,113062.44,2012-05-18,2025-12-26,29.14,13.85,False
directional,GLD,Gold,six_month_breakout,9,13,7,53.85,46.15,38.46,46.15,61.54,10.08,6.01,2.68,7.86,-21.55,42.17,106012.64,2006-01-31,2025-10-31,29.14,13.85,False
directional,PALL,Palladium,trend_10m,8,15,8,53.33,60.0,53.33,60.0,66.67,11.85,18.85,12.95,8.41,-31.57,54.59,118854.37,2010-11-30,2026-03-31,30.12,14.92,False
directional,GLD,Gold,trend_10m,10,17,9,52.94,58.82,41.18,58.82,64.71,13.05,17.71,9.05,11.66,-17.64,51.83,117714.9,2005-09-30,2025-10-31,30.96,15.9,False
directional,SLX,Steel producers,trend_10m,8,17,9,52.94,58.82,52.94,64.71,64.71,11.74,20.45,16.7,9.5,-72.93,65.95,120450.7,2007-08-31,2026-03-02,30.96,15.9,False
directional,SLX,Steel producers,buy_hold,11,19,10,52.63,57.89,47.37,57.89,57.89,11.43,14.84,9.02,11.41,-48.3,89.41,114840.03,2006-10-31,2025-09-30,31.71,16.81,False
directional,GLD,Gold,buy_hold,11,21,11,52.38,66.67,42.86,66.67,66.67,11.48,13.56,4.47,10.56,-23.37,40.02,113560.11,2004-11-30,2025-09-30,32.37,17.65,False
rotation,SLV+GLD,Top-2 resource rotation,top2_10m_momentum,10,2,1,50.0,100.0,100.0,100.0,100.0,35.14,36.71,26.67,35.14,9.69,60.59,136707.27,2010-05-28,2024-04-01,9.45,2.64,False
directional,LIT,Lithium and battery chain,six_month_breakout,9,4,2,50.0,50.0,50.0,50.0,75.0,27.37,22.22,19.41,28.8,-21.22,81.69,122215.7,2016-05-31,2026-06-01,15.0,4.91,False
rotation,TAN+ICLN,Top-2 resource rotation,top2_10m_momentum,9,2,1,50.0,50.0,50.0,50.0,50.0,24.26,27.72,21.39,24.26,-10.44,58.95,127721.18,2013-06-28,2021-11-01,9.45,2.64,False
directional,URA,Uranium miners,trend_10m,8,8,4,50.0,50.0,50.0,50.0,62.5,24.05,24.32,17.61,19.91,-34.42,74.16,124324.93,2014-02-28,2026-02-02,21.52,8.6,False
directional,DBB,Base metals,oversold_recovery,8,2,1,50.0,100.0,100.0,100.0,100.0,22.94,30.76,23.69,22.94,6.24,39.64,130757.77,2008-10-31,2020-11-30,9.45,2.64,False
directional,LIT,Lithium and battery chain,six_month_breakout,7,4,2,50.0,50.0,50.0,75.0,75.0,21.73,24.98,21.82,23.5,-6.35,56.88,124977.64,2016-05-31,2026-03-31,15.0,4.91,False
rotation,URA+NLR,Top-2 resource rotation,top2_10m_momentum,3,2,1,50.0,50.0,50.0,50.0,100.0,20.32,15.39,13.98,20.32,3.16,37.49,115394.1,2024-03-28,2025-10-31,9.45,2.64,False
rotation,REMX+SLV,Top-2 resource rotation,top2_10m_momentum,3,2,1,50.0,50.0,50.0,50.0,50.0,19.5,16.62,14.0,19.5,-10.68,49.68,116618.22,2025-11-28,2026-06-30,9.45,2.64,False
directional,SLX,Steel producers,oversold_recovery,8,8,4,50.0,75.0,62.5,75.0,62.5,19.31,26.21,20.63,25.88,-5.58,81.34,126208.79,2008-10-31,2023-11-30,21.52,8.6,False
directional,REMX,Rare earth and strategic metals,six_month_breakout,5,6,3,50.0,66.67,50.0,66.67,66.67,19.27,19.62,15.24,11.24,-34.02,45.03,119622.41,2017-07-31,2026-07-28,18.76,6.87,False
directional,UNG,Natural gas,six_month_breakout,11,2,1,50.0,50.0,50.0,50.0,50.0,19.16,9.54,-5.76,19.16,-74.85,113.18,109536.76,2008-06-30,2022-05-31,9.45,2.64,False
directional,DBB,Base metals,oversold_recovery,7,2,1,50.0,100.0,100.0,100.0,100.0,17.92,28.26,21.24,17.92,7.86,27.98,128262.29,2008-10-31,2020-11-02,9.45,2.64,False
rotation,REMX+SLX,Top-2 resource rotation,top2_10m_momentum,7,2,1,50.0,100.0,100.0,100.0,100.0,17.75,20.75,17.59,17.75,3.21,32.29,120750.52,2017-07-31,2022-02-28,9.45,2.64,False
directional,LIT,Lithium and battery chain,six_month_breakout,6,4,2,50.0,50.0,50.0,50.0,75.0,17.54,18.85,17.11,21.94,-6.05,58.72,118847.44,2016-05-31,2026-03-02,15.0,4.91,False
directional,PALL,Palladium,oversold_recovery,10,6,3,50.0,83.33,83.33,83.33,66.67,16.36,21.79,15.02,17.3,-37.54,65.37,121792.69,2010-05-31,2024-12-02,18.76,6.87,False
directional,URA,Uranium miners,trend_10m,9,8,4,50.0,50.0,50.0,50.0,62.5,15.54,12.1,7.56,18.45,-28.82,84.57,112101.97,2014-02-28,2026-03-02,21.52,8.6,False
positioning,GLD,Gold,cftc_producer_accumulation,11,6,3,50.0,66.67,50.0,66.67,66.67,15.35,17.31,9.99,10.08,-19.3,28.49,117310.06,2010-11-16,2024-08-12,18.76,6.87,False
directional,GLTR,Precious-metals basket,dip_in_uptrend,9,4,2,50.0,25.0,25.0,50.0,75.0,15.03,2.99,-2.95,14.26,-4.56,31.56,102994.92,2011-09-30,2024-07-01,15.0,4.91,False
directional,GLTR,Precious-metals basket,dip_in_uptrend,10,4,2,50.0,25.0,25.0,50.0,75.0,15.03,3.62,-2.38,14.71,-3.06,31.82,103615.91,2011-09-30,2024-07-30,15.0,4.91,False
directional,GLTR,Precious-metals basket,dip_in_uptrend,11,4,2,50.0,50.0,25.0,50.0,100.0,15.02,10.58,2.93,14.57,1.29,26.94,110581.45,2011-09-30,2024-08-30,15.0,4.91,False
directional,REMX,Rare earth and strategic metals,six_month_breakout,12,4,2,50.0,50.0,50.0,50.0,75.0,14.56,21.49,16.49,19.63,-30.22,79.61,121488.2,2017-07-31,2026-08-31,15.0,4.91,False
directional,REMX,Rare earth and strategic metals,dip_in_uptrend,6,6,3,50.0,50.0,50.0,50.0,50.0,14.43,8.3,5.61,21.64,-27.55,98.61,108299.52,2011-08-31,2022-08-01,18.76,6.87,False
directional,SLX,Steel producers,buy_hold,12,18,9,50.0,61.11,55.56,61.11,55.56,14.04,20.32,14.68,18.18,-72.0,112.68,120324.63,2006-10-31,2026-03-02,29.03,14.93,False
directional,ICLN,Clean energy,oversold_recovery,11,6,3,50.0,50.0,33.33,66.67,83.33,13.78,14.91,4.28,42.9,-0.91,182.48,114907.0,2008-10-31,2023-01-03,18.76,6.87,False
rotation,PALL+TAN,Top-2 resource rotation,top2_10m_momentum,5,2,1,50.0,100.0,100.0,100.0,50.0,13.38,41.88,38.53,13.38,-10.34,37.09,141878.16,2014-07-31,2020-03-02,9.45,2.64,False
directional,CPER,Copper,dip_in_uptrend,11,4,2,50.0,50.0,50.0,50.0,75.0,13.15,2.78,-1.53,11.82,-1.19,22.16,102776.09,2016-12-31,2025-10-30,15.0,4.91,False
rotation,PALL+PHO,Top-2 resource rotation,top2_10m_momentum,3,2,1,50.0,50.0,50.0,100.0,100.0,13.12,14.32,12.97,13.12,8.59,17.64,114324.01,2019-03-29,2020-03-02,9.45,2.64,False
directional,GLD,Gold,trend_10m,11,16,8,50.0,50.0,43.75,50.0,68.75,13.11,12.8,3.49,14.81,-18.01,69.86,112802.0,2005-09-30,2026-03-02,28.0,13.89,False
directional,WOOD,Timber and forestry,oversold_recovery,9,6,3,50.0,66.67,66.67,66.67,66.67,12.78,24.09,14.0,17.56,-10.23,67.39,124089.49,2008-10-31,2023-03-30,18.76,6.87,False
directional,CPER,Copper,trend_10m,12,8,4,50.0,50.0,50.0,50.0,62.5,12.58,6.5,1.96,9.48,-22.3,53.46,106500.63,2012-09-30,2026-06-30,21.52,8.6,False
directional,GLTR,Precious-metals basket,dip_in_uptrend,8,4,2,50.0,50.0,25.0,50.0,75.0,12.43,4.99,0.25,11.16,-5.06,24.86,104988.52,2011-09-30,2024-05-30,15.0,4.91,False
positioning,CPER,Copper,cftc_producer_accumulation,11,6,3,50.0,33.33,33.33,33.33,66.67,11.8,3.83,-1.07,12.6,-5.52,35.62,103831.23,2012-07-03,2024-09-24,18.76,6.87,False
directional,LIT,Lithium and battery chain,six_month_breakout,12,4,2,50.0,50.0,50.0,50.0,50.0,11.72,10.46,6.94,18.98,-9.34,61.85,110455.84,2016-05-31,2026-08-31,15.0,4.91,False
directional,GLD,Gold,six_month_breakout,11,12,6,50.0,50.0,33.33,50.0,75.0,11.54,8.86,3.64,14.24,-8.01,69.86,108862.89,2006-01-31,2026-03-02,25.38,11.52,False
directional,URA,Uranium miners,oversold_recovery,5,10,5,50.0,50.0,50.0,70.0,60.0,11.35,16.28,12.34,13.17,-25.95,62.43,116283.47,2011-06-30,2026-04-30,23.66,10.14,False
directional,SLV,Silver,six_month_breakout,7,8,4,50.0,50.0,37.5,50.0,62.5,11.3,7.98,3.86,17.93,-23.26,88.08,107980.93,2006-11-30,2026-03-31,21.52,8.6,False
directional,URA,Uranium miners,trend_10m,10,8,4,50.0,50.0,50.0,50.0,50.0,11.26,20.2,11.86,18.16,-34.57,71.54,120201.18,2014-02-28,2026-03-31,21.52,8.6,False
directional,WOOD,Timber and forestry,six_month_breakout,12,8,4,50.0,62.5,62.5,62.5,62.5,11.2,17.33,11.48,6.56,-19.32,29.87,117328.65,2009-07-31,2025-09-30,21.52,8.6,False
rotation,PHO+WOOD,Top-2 resource rotation,top2_10m_momentum,4,2,1,50.0,50.0,50.0,100.0,100.0,11.2,8.91,5.96,11.2,8.78,13.61,108908.84,2012-06-29,2013-04-01,9.45,2.64,False
directional,ICLN,Clean energy,six_month_breakout,10,8,4,50.0,75.0,37.5,75.0,62.5,11.09,12.85,7.96,3.21,-49.04,34.38,112853.16,2011-03-31,2026-07-30,21.52,8.6,False
directional,PALL,Palladium,oversold_recovery,8,6,3,50.0,50.0,33.33,50.0,83.33,11.07,8.59,4.06,17.48,-31.54,76.13,108586.62,2010-05-31,2024-09-30,18.76,6.87,False
directional,URA,Uranium miners,dip_in_uptrend,3,10,5,50.0,70.0,70.0,80.0,70.0,10.89,12.92,11.07,12.44,-9.97,39.01,112916.64,2017-04-30,2026-06-30,23.66,10.14,False
directional,ICLN,Clean energy,oversold_recovery,9,6,3,50.0,50.0,50.0,66.67,83.33,10.72,18.25,8.58,41.63,-7.11,197.34,118253.31,2008-10-31,2022-10-31,18.76,6.87,False
directional,GLTR,Precious-metals basket,oversold_recovery,10,2,1,50.0,50.0,50.0,50.0,50.0,10.72,16.33,10.83,10.72,-10.39,31.82,116332.42,2013-04-30,2021-02-01,9.45,2.64,False
directional,LIT,Lithium and battery chain,six_month_breakout,4,6,3,50.0,66.67,66.67,66.67,83.33,10.65,15.13,13.07,11.28,-13.28,36.83,115133.68,2016-05-31,2026-08-31,18.76,6.87,False
directional,REMX,Rare earth and strategic metals,six_month_breakout,3,6,3,50.0,50.0,50.0,66.67,83.33,10.64,8.3,6.7,6.01,-26.81,24.2,108303.35,2017-07-31,2026-05-28,18.76,6.87,False
directional,SLV,Silver,six_month_breakout,6,8,4,50.0,50.0,50.0,50.0,75.0,10.58,6.18,3.2,30.03,-6.41,125.19,106183.51,2006-11-30,2026-03-02,21.52,8.6,False
directional,LIT,Lithium and battery chain,six_month_breakout,5,4,2,50.0,50.0,50.0,50.0,75.0,10.56,13.86,11.34,17.03,-0.94,47.95,113862.48,2016-05-31,2026-02-02,15.0,4.91,False
directional,ICLN,Clean energy,six_month_breakout,7,8,4,50.0,75.0,75.0,87.5,62.5,10.54,17.11,13.43,3.77,-47.63,35.02,117108.69,2011-03-31,2026-04-30,21.52,8.6,False
directional,WOOD,Timber and forestry,trend_10m,10,14,7,50.0,50.0,42.86,50.0,78.57,10.43,9.15,2.15,10.44,-20.46,37.21,109145.24,2009-08-31,2025-04-30,26.8,12.76,False
directional,PALL,Palladium,six_month_breakout,4,6,3,50.0,50.0,50.0,83.33,66.67,10.29,10.09,6.83,5.97,-25.58,25.85,110094.1,2010-10-31,2022-06-28,18.76,6.87,False
directional,CPER,Copper,trend_10m,7,12,6,50.0,41.67,33.33,58.33,66.67,10.2,8.61,5.19,7.62,-18.44,28.15,108614.77,2012-09-30,2026-08-31,25.38,11.52,False
directional,GLTR,Precious-metals basket,dip_in_uptrend,7,4,2,50.0,50.0,25.0,50.0,75.0,10.19,2.73,-1.48,11.11,-1.47,25.53,102733.28,2011-09-30,2024-04-30,15.0,4.91,False
directional,ICLN,Clean energy,six_month_breakout,6,8,4,50.0,62.5,50.0,87.5,62.5,10.18,12.84,9.77,1.61,-50.47,27.07,112839.25,2011-03-31,2026-03-30,21.52,8.6,False
directional,DBB,Base metals,oversold_recovery,6,2,1,50.0,100.0,100.0,100.0,50.0,10.18,24.1,18.2,10.18,-2.02,22.39,124097.09,2008-10-31,2020-09-30,9.45,2.64,False
directional,LIT,Lithium and battery chain,six_month_breakout,11,4,2,50.0,25.0,25.0,25.0,50.0,10.14,5.25,2.02,13.55,-12.78,46.67,105249.91,2016-05-31,2026-07-31,15.0,4.91,False
directional,NLR,Nuclear-energy chain,oversold_recovery,9,6,3,50.0,50.0,50.0,50.0,50.0,10.09,11.32,6.72,8.62,-23.86,42.21,111319.5,2007-11-30,2026-08-31,18.76,6.87,False
directional,GLD,Gold,oversold_recovery,8,2,1,50.0,100.0,50.0,100.0,100.0,10.08,29.68,20.73,10.08,6.6,13.56,129680.59,2008-08-31,2010-08-31,9.45,2.64,False
directional,PALL,Palladium,buy_hold,10,18,9,50.0,55.56,55.56,55.56,66.67,10.07,19.41,14.04,10.07,-41.29,66.99,119406.11,2010-01-31,2026-04-30,29.03,14.93,False
rotation,UNG+REMX,Top-2 resource rotation,top2_10m_momentum,1,2,1,50.0,50.0,50.0,50.0,100.0,9.76,9.8,5.25,9.76,5.74,13.79,109799.81,2022-02-28,2022-05-02,9.45,2.64,False
directional,UNG,Natural gas,six_month_breakout,10,2,1,50.0,50.0,50.0,50.0,50.0,9.61,12.07,-3.5,9.61,-79.35,98.58,112074.04,2008-06-30,2022-05-02,9.45,2.64,False
directional,LIT,Lithium and battery chain,oversold_recovery,9,4,2,50.0,50.0,50.0,50.0,75.0,9.55,11.5,4.96,48.51,-11.84,186.78,111501.82,2012-05-31,2020-12-31,15.0,4.91,False
directional,DBB,Base metals,oversold_recovery,5,2,1,50.0,100.0,100.0,100.0,50.0,9.54,20.11,15.09,9.54,-7.04,26.12,120110.1,2008-10-31,2020-08-31,9.45,2.64,False
directional,SLX,Steel producers,six_month_breakout,4,8,4,50.0,62.5,50.0,62.5,62.5,9.47,13.93,11.27,6.41,-14.58,24.45,113928.78,2007-05-31,2026-08-31,21.52,8.6,False
directional,URA,Uranium miners,dip_in_uptrend,5,6,3,50.0,50.0,50.0,50.0,66.67,9.31,12.35,10.27,16.65,-9.89,62.43,112351.24,2017-04-30,2026-04-30,18.76,6.87,False
directional,LIT,Lithium and battery chain,oversold_recovery,10,4,2,50.0,50.0,50.0,50.0,75.0,9.25,14.21,7.06,51.51,-21.3,208.85,114207.98,2012-05-31,2021-02-01,15.0,4.91,False
directional,WOOD,Timber and forestry,oversold_recovery,8,6,3,50.0,50.0,50.0,66.67,50.0,8.96,15.58,7.95,13.57,-8.72,50.9,115581.32,2008-10-31,2023-02-28,18.76,6.87,False
directional,GLD,Gold,buy_hold,10,24,12,50.0,58.33,41.67,62.5,62.5,8.94,16.31,8.36,9.4,-27.26,44.54,116310.67,2004-11-30,2026-08-31,31.43,17.57,False
directional,GLD,Gold,oversold_recovery,7,2,1,50.0,50.0,50.0,100.0,100.0,8.88,29.95,21.75,8.88,7.47,10.29,129950.08,2008-08-31,2010-08-02,9.45,2.64,False
directional,CPER,Copper,trend_10m,11,8,4,50.0,50.0,50.0,50.0,62.5,8.84,9.24,2.7,14.2,-14.92,67.93,109241.9,2012-09-30,2026-03-30,21.52,8.6,False
directional,WOOD,Timber and forestry,dip_in_uptrend,8,4,2,50.0,50.0,25.0,50.0,75.0,8.77,1.76,-7.23,6.12,-7.78,14.73,101759.28,2010-01-31,2025-06-30,15.0,4.91,False
directional,SLX,Steel producers,trend_10m,10,14,7,50.0,57.14,50.0,57.14,78.57,8.74,18.05,11.61,13.09,-30.88,58.7,118048.01,2007-08-31,2026-08-31,26.8,12.76,False
directional,SLV,Silver,dip_in_uptrend,4,18,9,50.0,33.33,22.22,55.56,77.78,8.61,6.85,4.32,6.09,-38.22,37.08,106854.51,2007-06-30,2026-06-29,29.03,14.93,False
directional,LIT,Lithium and battery chain,six_month_breakout,10,4,2,50.0,25.0,25.0,25.0,50.0,8.53,3.25,0.32,17.83,-11.66,65.9,103247.84,2016-05-31,2026-06-30,15.0,4.91,False
positioning,CPER,Copper,cftc_producer_accumulation,12,6,3,50.0,33.33,33.33,33.33,50.0,8.41,2.74,-3.8,13.57,-8.11,57.12,102739.56,2012-07-03,2024-10-24,18.76,6.87,False
directional,LIT,Lithium and battery chain,oversold_recovery,11,4,2,50.0,50.0,50.0,50.0,50.0,8.41,12.06,4.8,48.62,-16.96,194.62,112064.07,2012-05-31,2021-03-01,15.0,4.91,False
directional,PALL,Palladium,trend_10m,11,10,5,50.0,50.0,30.0,60.0,80.0,8.3,10.4,5.55,8.54,-42.37,41.13,110402.01,2010-11-30,2025-09-30,23.66,10.14,False
directional,ICLN,Clean energy,oversold_recovery,6,6,3,50.0,33.33,33.33,50.0,50.0,8.17,5.56,2.23,18.95,-10.42,94.27,105555.42,2008-10-31,2022-08-01,18.76,6.87,False
directional,SLX,Steel producers,buy_hold,6,34,17,50.0,47.06,44.12,55.88,58.82,8.16,6.73,3.78,8.73,-67.14,97.55,106725.84,2006-10-31,2026-03-02,34.07,20.89,False
directional,SLV,Silver,dip_in_uptrend,11,10,5,50.0,50.0,30.0,50.0,80.0,8.08,8.59,0.87,15.3,-33.36,65.7,108593.26,2007-06-30,2025-05-30,23.66,10.14,False
directional,SLV,Silver,six_month_breakout,9,8,4,50.0,37.5,25.0,50.0,62.5,8.08,4.45,0.83,13.82,-43.24,86.79,104454.57,2006-11-30,2026-06-01,21.52,8.6,False
directional,CPER,Copper,dip_in_uptrend,10,4,2,50.0,50.0,25.0,50.0,50.0,8.02,5.39,-4.68,9.03,-1.46,21.51,105389.43,2016-12-31,2025-09-30,15.0,4.91,False
directional,URA,Uranium miners,dip_in_uptrend,10,4,2,50.0,50.0,25.0,50.0,75.0,7.98,5.39,-0.98,23.88,-1.46,81.0,105392.63,2017-04-30,2024-12-30,15.0,4.91,False
directional,DBB,Base metals,trend_10m,11,12,6,50.0,41.67,25.0,41.67,58.33,7.97,4.71,-1.58,2.86,-57.25,39.86,104710.16,2008-02-29,2026-06-01,25.38,11.52,False
directional,SLX,Steel producers,trend_10m,4,28,14,50.0,60.71,50.0,67.86,75.0,7.93,12.19,10.09,7.62,-67.65,40.51,112188.31,2007-08-31,2026-07-31,32.63,19.03,False
directional,PALL,Palladium,oversold_recovery,7,6,3,50.0,33.33,33.33,66.67,66.67,7.88,7.35,3.16,14.45,-28.53,73.71,107345.14,2010-05-31,2024-09-03,18.76,6.87,False
directional,GLD,Gold,dip_in_uptrend,9,6,3,50.0,50.0,16.67,66.67,83.33,7.84,10.3,5.01,9.91,-4.5,28.65,110302.43,2008-03-31,2021-08-30,18.76,6.87,False
directional,PALL,Palladium,trend_10m,9,14,7,50.0,42.86,35.71,50.0,64.29,7.7,4.76,-1.15,7.27,-31.97,43.05,104755.84,2010-11-30,2026-06-30,26.8,12.76,False
directional,SLV,Silver,six_month_breakout,10,8,4,50.0,37.5,37.5,37.5,75.0,7.69,3.2,-0.65,13.34,-45.62,67.16,103198.4,2006-11-30,2026-06-30,21.52,8.6,False
directional,ICLN,Clean energy,six_month_breakout,5,8,4,50.0,50.0,37.5,62.5,62.5,7.58,9.75,6.32,5.41,-29.28,45.16,109753.41,2011-03-31,2026-03-02,21.52,8.6,False
directional,ICLN,Clean energy,six_month_breakout,11,8,4,50.0,75.0,62.5,75.0,62.5,7.56,17.69,12.58,4.0,-47.56,34.74,117693.87,2011-03-31,2026-08-31,21.52,8.6,False
directional,LIT,Lithium and battery chain,oversold_recovery,4,4,2,50.0,50.0,25.0,75.0,75.0,7.45,9.27,6.19,19.77,-1.9,66.06,109265.98,2012-05-31,2020-07-31,15.0,4.91,False
directional,PALL,Palladium,trend_10m,12,10,5,50.0,50.0,40.0,50.0,70.0,7.44,9.18,3.59,6.39,-40.06,55.7,109182.0,2010-11-30,2025-10-31,23.66,10.14,False
positioning,PPLT,Platinum,cftc_producer_accumulation,3,14,7,50.0,50.0,35.71,50.0,64.29,7.43,6.27,5.22,7.12,-12.45,31.47,106269.64,2012-06-12,2026-03-16,26.8,12.76,False
directional,ICLN,Clean energy,six_month_breakout,9,8,4,50.0,50.0,37.5,87.5,62.5,7.43,12.54,8.34,4.1,-51.91,33.55,112537.8,2011-03-31,2026-06-30,21.52,8.6,False
directional,GLTR,Precious-metals basket,oversold_recovery,9,2,1,50.0,50.0,50.0,50.0,50.0,7.39,8.53,4.56,7.39,-16.77,31.56,108532.11,2013-04-30,2020-12-31,9.45,2.64,False
directional,LIT,Lithium and battery chain,oversold_recovery,8,4,2,50.0,50.0,50.0,50.0,75.0,7.21,10.71,5.19,36.32,-10.71,141.58,110710.06,2012-05-31,2020-11-30,15.0,4.91,False
directional,WOOD,Timber and forestry,six_month_breakout,10,8,4,50.0,50.0,37.5,50.0,50.0,7.18,8.12,3.61,2.75,-22.31,24.45,108118.91,2009-07-31,2025-07-30,21.52,8.6,False
directional,ICLN,Clean energy,oversold_recovery,8,6,3,50.0,50.0,33.33,66.67,83.33,7.15,10.85,5.4,29.83,-3.38,147.27,110850.92,2008-10-31,2022-09-30,18.76,6.87,False
directional,URA,Uranium miners,dip_in_uptrend,6,6,3,50.0,33.33,16.67,50.0,66.67,7.05,-0.59,-3.52,13.7,-10.0,68.13,99406.34,2017-04-30,2026-06-01,18.76,6.87,False
directional,LIT,Lithium and battery chain,oversold_recovery,12,4,2,50.0,50.0,50.0,50.0,50.0,6.86,13.8,5.63,42.36,-15.15,170.87,113796.36,2012-05-31,2021-03-31,15.0,4.91,False
directional,SLV,Silver,buy_hold,12,18,9,50.0,55.56,38.89,55.56,50.0,6.78,12.95,-1.67,11.82,-32.72,113.48,112953.67,2006-04-30,2025-09-30,29.03,14.93,False
directional,WOOD,Timber and forestry,six_month_breakout,8,8,4,50.0,50.0,37.5,50.0,50.0,6.76,6.52,1.86,3.53,-25.67,26.36,106517.37,2009-07-31,2025-05-30,21.52,8.6,False
directional,LIT,Lithium and battery chain,six_month_breakout,3,6,3,50.0,33.33,33.33,66.67,83.33,6.75,7.25,5.65,7.37,-20.75,32.59,107246.67,2016-05-31,2026-07-30,18.76,6.87,False
directional,ICLN,Clean energy,oversold_recovery,5,6,3,50.0,33.33,16.67,66.67,66.67,6.64,7.15,3.59,13.56,-20.62,80.07,107153.15,2008-10-31,2022-06-30,18.76,6.87,False
directional,WOOD,Timber and forestry,six_month_breakout,6,8,4,50.0,25.0,12.5,37.5,62.5,6.22,2.48,-0.85,-0.49,-31.74,19.18,102479.76,2009-07-31,2025-03-31,21.52,8.6,False
directional,PHO,Water infrastructure,six_month_breakout,11,12,6,50.0,50.0,41.67,50.0,58.33,6.0,8.18,2.04,2.52,-38.19,23.46,108178.97,2007-01-31,2025-07-31,25.38,11.52,False
directional,REMX,Rare earth and strategic metals,oversold_recovery,4,8,4,50.0,37.5,37.5,62.5,62.5,5.89,6.09,4.36,9.22,-24.41,44.41,106094.39,2011-08-31,2022-10-31,21.52,8.6,False
directional,WOOD,Timber and forestry,six_month_breakout,11,8,4,50.0,62.5,37.5,62.5,50.0,5.8,11.63,6.81,4.38,-17.4,27.7,111629.71,2009-07-31,2025-09-02,21.52,8.6,False
directional,ICLN,Clean energy,six_month_breakout,8,8,4,50.0,75.0,37.5,75.0,50.0,5.66,13.19,9.75,5.42,-50.15,49.8,113186.79,2011-03-31,2026-06-01,21.52,8.6,False
directional,GLTR,Precious-metals basket,oversold_recovery,11,2,1,50.0,50.0,50.0,50.0,50.0,5.49,8.95,3.03,5.49,-13.81,24.78,108950.71,2013-04-30,2021-03-01,9.45,2.64,False
rotation,REMX+SLX,Top-2 resource rotation,top2_10m_momentum,3,2,1,50.0,50.0,50.0,50.0,50.0,5.34,1.98,1.31,5.34,-2.8,13.48,101975.62,2017-07-31,2021-11-01,9.45,2.64,False
directional,URA,Uranium miners,trend_10m,5,12,6,50.0,50.0,41.67,58.33,50.0,5.14,8.45,7.7,15.45,-23.59,72.0,108448.61,2014-02-28,2026-04-30,25.38,11.52,False
directional,CPER,Copper,six_month_breakout,5,4,2,50.0,25.0,25.0,50.0,50.0,5.02,2.95,1.4,4.32,-8.1,15.36,102951.85,2013-12-31,2021-02-01,15.0,4.91,False
directional,WOOD,Timber and forestry,six_month_breakout,5,8,4,50.0,37.5,37.5,50.0,50.0,4.79,2.53,-0.81,3.34,-24.3,20.45,102528.62,2009-07-31,2025-02-28,21.52,8.6,False
directional,PALL,Palladium,dip_in_uptrend,11,8,4,50.0,62.5,62.5,62.5,50.0,4.69,27.83,15.71,14.16,-23.03,80.61,127829.38,2011-03-31,2022-08-01,21.52,8.6,False
directional,GLTR,Precious-metals basket,oversold_recovery,12,2,1,50.0,50.0,50.0,50.0,50.0,4.61,9.12,2.72,4.61,-13.97,23.2,109117.03,2013-04-30,2021-03-31,9.45,2.64,False
rotation,TAN+ICLN,Top-2 resource rotation,top2_10m_momentum,2,6,3,50.0,50.0,50.0,50.0,50.0,4.44,6.16,4.89,6.74,-17.21,46.9,106162.51,2013-07-31,2021-03-31,18.76,6.87,False
directional,SLV,Silver,oversold_recovery,7,6,3,50.0,33.33,33.33,33.33,50.0,3.95,-6.12,-9.1,-0.7,-43.98,47.48,93882.11,2006-06-30,2021-04-30,18.76,6.87,False
directional,GLTR,Precious-metals basket,oversold_recovery,7,2,1,50.0,50.0,50.0,50.0,50.0,3.94,7.78,4.51,3.94,-17.65,25.53,107780.41,2013-04-30,2020-11-02,9.45,2.64,False
directional,SLV,Silver,oversold_recovery,5,8,4,50.0,37.5,37.5,50.0,50.0,3.56,-3.6,-5.96,-0.23,-39.37,33.31,96403.95,2006-06-30,2026-07-28,21.52,8.6,False
rotation,SLX+DBB,Top-2 resource rotation,top2_10m_momentum,4,2,1,50.0,50.0,50.0,50.0,50.0,2.74,5.19,2.36,2.74,-8.73,14.21,105194.69,2009-10-30,2010-08-02,9.45,2.64,False
directional,WOOD,Timber and forestry,six_month_breakout,9,8,4,50.0,50.0,37.5,50.0,50.0,2.28,8.66,3.71,2.29,-27.8,29.54,108658.84,2009-07-31,2025-06-30,21.52,8.6,False
directional,SLV,Silver,oversold_recovery,9,6,3,50.0,33.33,16.67,33.33,50.0,2.01,-8.33,-12.8,-2.99,-34.48,21.89,91667.87,2006-06-30,2021-06-30,18.76,6.87,False
rotation,GLD+GLTR,Top-2 resource rotation,top2_10m_momentum,5,2,1,50.0,0.0,0.0,50.0,50.0,1.77,3.17,0.66,1.77,-10.45,13.99,103167.39,2012-01-31,2025-09-02,9.45,2.64,False
directional,GLTR,Precious-metals basket,oversold_recovery,8,2,1,50.0,50.0,50.0,50.0,50.0,1.45,1.8,-1.31,1.45,-17.77,20.67,101797.67,2013-04-30,2020-11-30,9.45,2.64,False
rotation,REMX+SLX,Top-2 resource rotation,top2_10m_momentum,2,2,1,50.0,0.0,0.0,50.0,50.0,0.73,-0.97,-0.84,0.73,-10.12,11.58,99032.27,2017-07-31,2021-09-30,9.45,2.64,False
directional,REMX,Rare earth and strategic metals,dip_in_uptrend,5,8,4,50.0,50.0,50.0,50.0,50.0,0.44,11.15,7.26,21.09,-28.02,134.89,111147.27,2011-08-31,2026-08-31,21.52,8.6,False
rotation,UNG+REMX,Top-2 resource rotation,top2_10m_momentum,2,2,1,50.0,50.0,50.0,50.0,50.0,-0.16,6.75,4.52,-0.16,-16.29,15.98,106752.37,2021-10-29,2022-03-31,9.45,2.64,False
directional,DBB,Base metals,oversold_recovery,4,2,1,50.0,50.0,0.0,100.0,50.0,-1.12,9.25,4.91,-1.12,-20.74,18.5,109253.53,2008-10-31,2020-07-31,9.45,2.64,False
rotation,SLV+PALL,Top-2 resource rotation,top2_10m_momentum,5,2,1,50.0,0.0,0.0,0.0,50.0,-1.21,-0.53,-3.32,-1.21,-12.71,10.28,99473.89,2010-12-31,2011-11-30,9.45,2.64,False
directional,DBB,Base metals,oversold_recovery,3,2,1,50.0,0.0,0.0,50.0,50.0,-5.19,2.61,-0.67,-5.19,-20.39,10.0,102606.1,2008-10-31,2020-06-30,9.45,2.64,False
directional,UNG,Natural gas,six_month_breakout,9,2,1,50.0,50.0,50.0,50.0,50.0,-14.05,5.25,-2.01,-14.05,-76.06,47.97,105253.46,2008-06-30,2022-03-30,9.45,2.64,False
directional,UNG,Natural gas,six_month_breakout,12,2,1,50.0,0.0,0.0,0.0,50.0,-16.52,-34.15,-43.23,-16.52,-78.17,45.14,65853.89,2008-06-30,2022-06-30,9.45,2.64,False
directional,UNG,Natural gas,six_month_breakout,8,2,1,50.0,50.0,50.0,50.0,50.0,-27.59,-11.46,-16.95,-27.59,-73.17,18.0,88535.94,2008-06-30,2022-02-28,9.45,2.64,False
directional,GLD,Gold,trend_10m,6,29,14,48.28,41.38,31.03,51.72,62.07,6.26,5.73,0.27,6.04,-15.67,40.79,105733.42,2005-09-30,2026-08-28,31.39,18.3,False
directional,GLD,Gold,buy_hold,8,29,14,48.28,48.28,31.03,62.07,75.86,4.01,9.82,4.21,8.4,-16.0,49.94,109818.75,2004-11-30,2026-02-02,31.39,18.3,False
directional,GLD,Gold,trend_10m,8,21,10,47.62,52.38,38.1,57.14,80.95,9.89,10.11,5.06,10.16,-20.67,40.49,110110.36,2005-09-30,2026-02-02,28.34,15.04,False
directional,PHO,Water infrastructure,buy_hold,12,19,9,47.37,63.16,47.37,63.16,78.95,7.91,14.58,8.73,9.19,-46.98,46.95,114578.06,2005-12-31,2026-06-30,27.33,14.06,False
directional,SLV,Silver,trend_10m,7,19,9,47.37,52.63,26.32,57.89,63.16,7.35,10.42,2.11,8.07,-30.13,55.75,110419.18,2007-03-31,2026-06-30,27.33,14.06,False
directional,SLV,Silver,trend_10m,6,19,9,47.37,57.89,47.37,57.89,57.89,2.0,11.17,7.21,11.31,-45.14,125.19,111172.63,2007-03-31,2026-03-02,27.33,14.06,False
directional,PHO,Water infrastructure,trend_10m,11,17,8,47.06,64.71,52.94,64.71,70.59,6.07,17.91,12.44,8.32,-16.72,42.42,117911.79,2006-10-31,2025-09-30,26.16,13.0,False
directional,TAN,Solar energy,buy_hold,12,17,8,47.06,47.06,41.18,47.06,47.06,-6.61,9.66,2.43,9.34,-74.46,193.67,109661.49,2008-04-30,2026-07-31,26.16,13.0,False
directional,SLX,Steel producers,trend_10m,9,15,7,46.67,53.33,40.0,60.0,80.0,8.78,12.58,6.09,11.01,-73.5,62.72,112581.67,2007-08-31,2026-03-30,24.81,11.84,False
directional,GLD,Gold,trend_10m,5,30,14,46.67,43.33,40.0,56.67,63.33,7.76,7.6,3.96,5.59,-14.55,30.64,107600.08,2005-09-30,2026-03-31,30.23,17.62,False
directional,REMX,Rare earth and strategic metals,trend_10m,3,15,7,46.67,46.67,40.0,66.67,66.67,7.55,8.12,6.01,12.61,-26.81,60.64,108120.28,2016-06-30,2026-06-30,24.81,11.84,False
directional,TAN,Solar energy,trend_10m,7,15,7,46.67,40.0,40.0,66.67,60.0,7.42,8.29,5.99,7.87,-60.43,126.74,108290.58,2009-09-30,2026-03-31,24.81,11.84,False
directional,SLX,Steel producers,buy_hold,7,30,14,46.67,43.33,33.33,56.67,56.67,5.64,7.16,3.6,10.53,-37.91,94.88,107163.06,2006-10-31,2026-08-31,30.23,17.62,False
directional,LIT,Lithium and battery chain,trend_10m,5,15,7,46.67,40.0,40.0,53.33,53.33,1.37,4.53,1.21,9.14,-24.19,72.4,104530.02,2011-05-31,2026-06-30,24.81,11.84,False
directional,DBB,Base metals,trend_10m,10,13,6,46.15,46.15,30.77,46.15,53.85,8.75,8.2,2.67,2.72,-56.8,43.52,108203.4,2008-02-29,2026-04-30,23.21,10.56,False
relative_value,SIL/SLV,Silver miners / silver,rolling_3y_ratio_reversion,7,13,6,46.15,76.92,46.15,84.62,69.23,8.56,13.06,9.94,5.31,-6.65,14.13,113062.44,2012-05-18,2025-12-26,23.21,10.56,False
relative_value,SIL/SLV,Silver miners / silver,rolling_3y_ratio_reversion,8,13,6,46.15,69.23,53.85,76.92,69.23,8.56,13.06,11.24,5.59,-7.32,14.13,113062.44,2012-05-18,2025-12-26,23.21,10.56,False
positioning,PPLT,Platinum,cftc_producer_accumulation,4,13,6,46.15,30.77,30.77,46.15,53.85,8.23,0.21,0.63,8.2,-18.62,48.49,100211.28,2012-06-12,2026-02-09,23.21,10.56,False
directional,GLD,Gold,six_month_breakout,8,13,6,46.15,53.85,46.15,61.54,69.23,8.06,10.11,3.33,8.79,-14.34,37.28,110110.36,2006-01-31,2025-09-30,23.21,10.56,False
directional,SLV,Silver,trend_10m,11,13,6,46.15,61.54,38.46,61.54,61.54,6.73,13.53,4.21,21.51,-32.7,163.01,113526.34,2007-03-31,2026-03-02,23.21,10.56,False
directional,SLX,Steel producers,buy_hold,9,24,11,45.83,50.0,50.0,50.0,58.33,5.27,10.97,4.65,13.84,-73.5,128.49,110971.35,2006-10-31,2026-06-30,27.89,15.22,False
directional,SLX,Steel producers,buy_hold,10,22,10,45.45,54.55,50.0,54.55,63.64,8.21,14.81,9.73,10.29,-45.42,118.02,114809.8,2006-10-31,2026-08-31,26.92,14.29,False
directional,SLV,Silver,buy_hold,10,22,10,45.45,54.55,45.45,54.55,59.09,7.29,13.82,6.0,13.41,-45.44,133.55,113816.39,2006-04-30,2026-02-02,26.92,14.29,False
positioning,PPLT,Platinum,cftc_producer_accumulation,6,11,5,45.45,27.27,27.27,45.45,81.82,7.29,4.86,1.96,8.05,-19.94,53.82,104859.16,2012-06-12,2026-06-09,21.27,9.15,False
positioning,SLV,Silver,cftc_producer_accumulation,5,11,5,45.45,36.36,27.27,72.73,63.64,7.23,7.63,4.71,10.93,-10.35,58.14,107632.73,2010-12-21,2026-05-18,21.27,9.15,False
directional,TAN,Solar energy,trend_10m,12,11,5,45.45,63.64,63.64,63.64,54.55,6.77,18.56,14.84,18.2,-70.22,179.75,118561.2,2009-09-30,2026-08-31,21.27,9.15,False
directional,LIT,Lithium and battery chain,trend_10m,7,11,5,45.45,45.45,45.45,45.45,54.55,4.18,-2.71,-4.16,14.63,-28.92,83.85,97286.49,2011-05-31,2026-03-02,21.27,9.15,False
directional,PHO,Water infrastructure,six_month_breakout,12,11,5,45.45,54.55,45.45,54.55,63.64,3.72,11.89,2.67,5.35,-34.3,31.08,111892.35,2007-01-31,2025-09-02,21.27,9.15,False
directional,PALL,Palladium,buy_hold,8,22,10,45.45,40.91,40.91,45.45,63.64,3.52,6.42,1.48,8.05,-30.98,75.67,106418.63,2010-01-31,2026-02-02,26.92,14.29,False
directional,DBB,Base metals,trend_10m,12,11,5,45.45,36.36,18.18,36.36,45.45,-0.14,5.29,1.75,-0.58,-57.37,41.48,105288.15,2008-02-29,2026-06-30,21.27,9.15,False
directional,REMX,Rare earth and strategic metals,dip_in_uptrend,2,11,5,45.45,36.36,27.27,36.36,45.45,-3.55,-1.44,-2.34,4.19,-16.39,45.97,98555.68,2011-08-31,2026-08-31,21.27,9.15,False
directional,LIT,Lithium and battery chain,trend_10m,8,11,5,45.45,36.36,36.36,36.36,45.45,-5.64,1.59,-1.17,15.71,-19.99,81.72,101593.81,2011-05-31,2026-03-31,21.27,9.15,False
directional,TAN,Solar energy,trend_10m,10,11,5,45.45,45.45,45.45,45.45,45.45,-14.25,7.36,4.71,22.05,-62.95,171.89,107364.73,2009-09-30,2026-06-30,21.27,9.15,False
directional,GLD,Gold,trend_10m,9,20,9,45.0,45.0,35.0,45.0,65.0,5.19,5.75,2.26,8.93,-29.73,46.55,105747.04,2005-09-30,2026-06-30,25.82,13.3,False
directional,SLX,Steel producers,buy_hold,4,49,22,44.9,46.94,38.78,59.18,59.18,2.66,7.47,5.94,6.09,-67.65,67.98,107470.71,2006-10-31,2026-06-01,31.85,20.72,False
directional,PALL,Palladium,buy_hold,6,29,13,44.83,44.83,41.38,55.17,55.17,6.87,8.17,6.01,7.21,-32.1,58.97,108166.59,2010-01-31,2026-08-28,28.41,16.23,False
directional,DBB,Base metals,buy_hold,12,18,8,44.44,44.44,38.89,44.44,55.56,7.97,5.07,-1.36,4.06,-57.37,70.46,105069.6,2007-01-31,2026-06-30,24.56,12.22,False
directional,CPER,Copper,trend_10m,9,9,4,44.44,44.44,22.22,66.67,77.78,7.79,8.72,7.44,6.81,-20.82,43.62,108720.68,2012-09-30,2025-12-31,18.88,7.59,False
directional,SLX,Steel producers,oversold_recovery,6,9,4,44.44,66.67,66.67,66.67,66.67,7.49,27.7,23.68,15.0,-31.71,58.86,127704.3,2008-10-31,2023-10-02,18.88,7.59,False
fundamental,UNG,Natural gas storage,storage_glut_with_downtrend,7,9,4,44.44,55.56,44.44,66.67,88.89,5.62,12.47,8.07,8.09,-14.3,29.57,112469.57,2012-12-28,2026-08-10,18.88,7.59,False
directional,SLX,Steel producers,oversold_recovery,5,9,4,44.44,55.56,55.56,77.78,77.78,5.48,14.05,10.54,13.05,-23.7,56.59,114053.18,2008-10-31,2023-08-31,18.88,7.59,False
directional,SLV,Silver,trend_10m,4,27,12,44.44,37.04,33.33,51.85,55.56,3.86,4.78,1.27,6.77,-44.13,85.14,104778.78,2007-03-31,2026-07-31,27.59,15.42,False
directional,SLX,Steel producers,buy_hold,8,27,12,44.44,48.15,40.74,55.56,51.85,1.78,9.16,4.5,9.49,-69.16,98.77,109159.62,2006-10-31,2026-03-31,27.59,15.42,False
directional,URA,Uranium miners,trend_10m,3,18,8,44.44,50.0,44.44,55.56,66.67,1.78,7.2,5.15,4.92,-29.8,39.01,107201.23,2014-02-28,2026-07-30,24.56,12.22,False
directional,SLV,Silver,six_month_breakout,3,9,4,44.44,22.22,22.22,44.44,55.56,0.92,0.33,-2.71,6.94,-10.58,44.92,100330.29,2006-11-30,2025-12-01,18.88,7.59,False
directional,PHO,Water infrastructure,buy_hold,9,25,11,44.0,64.0,44.0,68.0,76.0,8.6,12.57,8.64,7.21,-42.65,42.14,112566.52,2005-12-31,2026-06-30,26.67,14.55,False
directional,SLV,Silver,dip_in_uptrend,5,16,7,43.75,31.25,18.75,56.25,62.5,6.57,5.6,2.01,3.32,-39.37,27.26,105596.02,2007-06-30,2026-07-28,23.1,11.04,False
directional,CPER,Copper,trend_10m,4,16,7,43.75,43.75,37.5,56.25,68.75,5.6,6.7,3.6,5.58,-25.91,33.89,106703.82,2012-09-30,2026-06-01,23.1,11.04,False
directional,CPER,Copper,buy_hold,10,16,7,43.75,31.25,18.75,37.5,56.25,5.45,5.61,0.77,3.85,-21.47,24.15,105609.0,2011-11-30,2026-04-30,23.1,11.04,False
directional,PALL,Palladium,buy_hold,11,16,7,43.75,50.0,43.75,50.0,56.25,3.9,9.85,3.36,11.33,-35.01,91.31,109854.07,2010-01-31,2025-12-31,23.1,11.04,False
directional,LIT,Lithium and battery chain,buy_hold,11,16,7,43.75,56.25,50.0,56.25,50.0,3.17,12.42,6.47,10.42,-40.95,101.98,112416.64,2010-07-31,2026-06-30,23.1,11.04,False
directional,DBB,Base metals,trend_10m,7,16,7,43.75,43.75,25.0,62.5,62.5,1.76,8.24,5.22,3.61,-27.52,26.88,108242.37,2008-02-29,2026-04-30,23.1,11.04,False
directional,PHO,Water infrastructure,buy_hold,10,23,10,43.48,47.83,34.78,52.17,69.57,4.77,8.57,3.63,7.74,-15.09,34.82,108573.35,2005-12-31,2026-08-31,25.63,13.62,False
directional,PHO,Water infrastructure,dip_in_uptrend,11,7,3,42.86,57.14,57.14,57.14,71.43,9.76,20.37,11.85,8.33,-25.7,31.7,120369.23,2008-01-31,2025-12-01,15.82,5.84,False
directional,GLD,Gold,six_month_breakout,7,14,6,42.86,35.71,28.57,42.86,85.71,9.66,3.72,-1.59,9.23,-13.48,25.72,103719.4,2006-01-31,2026-04-30,21.38,9.75,False
directional,NLR,Nuclear-energy chain,oversold_recovery,8,7,3,42.86,42.86,42.86,42.86,57.14,9.66,1.47,-3.11,8.9,-16.93,38.81,101468.94,2007-11-30,2026-07-30,15.82,5.84,False
directional,ICLN,Clean energy,oversold_recovery,2,7,3,42.86,28.57,28.57,85.71,85.71,9.31,7.45,5.6,10.12,-2.93,26.92,107448.3,2008-10-31,2022-03-31,15.82,5.84,False
directional,DBA,Agricultural commodities,six_month_breakout,12,7,3,42.86,57.14,28.57,57.14,57.14,9.19,14.66,4.81,2.41,-17.62,25.05,114663.63,2009-05-31,2026-08-31,15.82,5.84,False
directional,DBB,Base metals,trend_10m,8,14,6,42.86,42.86,35.71,57.14,57.14,9.18,8.86,4.12,1.89,-41.54,27.39,108862.92,2008-02-29,2026-03-02,21.38,9.75,False
directional,PHO,Water infrastructure,dip_in_uptrend,10,7,3,42.86,57.14,28.57,57.14,71.43,8.86,14.84,7.58,5.82,-38.62,30.64,114843.51,2008-01-31,2025-10-31,15.82,5.84,False
positioning,GLD,Gold,cftc_producer_accumulation,10,7,3,42.86,57.14,42.86,57.14,71.43,8.68,14.42,6.34,8.3,-23.51,34.2,114422.75,2010-11-16,2024-07-12,15.82,5.84,False
directional,PHO,Water infrastructure,buy_hold,8,28,12,42.86,60.71,42.86,64.29,71.43,8.6,12.83,8.06,6.76,-36.34,33.84,112830.11,2005-12-31,2026-02-02,26.51,14.82,False
directional,GLD,Gold,six_month_breakout,6,14,6,42.86,42.86,35.71,50.0,78.57,8.58,1.99,-2.71,11.44,-9.46,53.85,101986.8,2006-01-31,2026-03-02,21.38,9.75,False
directional,PHO,Water infrastructure,dip_in_uptrend,12,7,3,42.86,57.14,42.86,57.14,57.14,7.42,18.41,8.86,6.33,-35.69,37.85,118412.22,2008-01-31,2025-12-31,15.82,5.84,False
directional,PHO,Water infrastructure,dip_in_uptrend,7,7,3,42.86,57.14,28.57,57.14,71.43,7.23,12.93,2.95,5.04,-11.29,20.89,112932.48,2008-01-31,2025-07-31,15.82,5.84,False
directional,WOOD,Timber and forestry,oversold_recovery,4,7,3,42.86,42.86,42.86,57.14,57.14,7.21,6.88,4.98,2.63,-39.22,25.01,106884.65,2008-10-31,2022-10-31,15.82,5.84,False
directional,WOOD,Timber and forestry,oversold_recovery,5,7,3,42.86,57.14,57.14,57.14,71.43,7.21,14.19,10.67,8.78,-28.78,37.89,114192.85,2008-10-31,2022-11-30,15.82,5.84,False
directional,WOOD,Timber and forestry,dip_in_uptrend,2,7,3,42.86,28.57,28.57,71.43,71.43,6.87,5.79,4.48,5.14,-5.01,13.08,105792.28,2010-01-31,2024-12-31,15.82,5.84,False
directional,GLD,Gold,dip_in_uptrend,6,7,3,42.86,42.86,28.57,42.86,71.43,6.54,2.94,-2.04,7.2,-6.11,21.24,102937.82,2008-03-31,2021-06-01,15.82,5.84,False
directional,PALL,Palladium,oversold_recovery,6,7,3,42.86,28.57,28.57,57.14,57.14,6.42,6.48,2.57,4.9,-31.29,51.63,106476.79,2010-05-31,2026-08-28,15.82,5.84,False
directional,PHO,Water infrastructure,dip_in_uptrend,6,7,3,42.86,57.14,57.14,71.43,85.71,6.39,16.66,10.28,7.87,-1.63,24.12,116656.56,2008-01-31,2025-06-30,15.82,5.84,False
directional,CPER,Copper,trend_10m,5,14,6,42.86,57.14,35.71,57.14,57.14,6.09,11.94,8.49,7.99,-10.04,31.88,111940.94,2012-09-30,2026-08-31,21.38,9.75,False
directional,DBB,Base metals,dip_in_uptrend,2,7,3,42.86,42.86,42.86,71.43,57.14,6.07,9.51,6.82,1.07,-18.5,13.91,109506.25,2010-01-31,2026-08-31,15.82,5.84,False
positioning,GLD,Gold,cftc_producer_accumulation,9,7,3,42.86,57.14,42.86,57.14,57.14,3.05,11.41,4.2,5.17,-26.64,32.59,111406.31,2010-11-16,2024-06-12,15.82,5.84,False
directional,DBA,Agricultural commodities,six_month_breakout,11,7,3,42.86,42.86,28.57,42.86,57.14,2.44,5.54,-3.33,1.49,-19.23,21.97,105541.39,2009-05-31,2026-07-31,15.82,5.84,False
directional,NLR,Nuclear-energy chain,dip_in_uptrend,5,7,3,42.86,28.57,14.29,42.86,57.14,2.29,-6.45,-10.47,3.23,-14.02,19.04,93549.14,2010-01-31,2026-04-30,15.82,5.84,False
directional,SLX,Steel producers,six_month_breakout,9,7,3,42.86,28.57,28.57,42.86,57.14,1.93,1.84,-1.45,10.96,-10.34,40.77,101837.14,2007-05-31,2022-11-28,15.82,5.84,False
directional,DBA,Agricultural commodities,six_month_breakout,9,7,3,42.86,57.14,42.86,57.14,57.14,1.43,16.48,9.25,4.0,-16.41,30.29,116478.67,2009-05-31,2026-06-01,15.82,5.84,False
directional,LIT,Lithium and battery chain,trend_10m,6,14,6,42.86,57.14,50.0,57.14,57.14,1.18,14.12,11.25,10.57,-28.64,71.37,114117.64,2011-05-31,2026-08-28,21.38,9.75,False
directional,SLX,Steel producers,six_month_breakout,10,7,3,42.86,42.86,14.29,42.86,71.43,1.08,3.38,-1.82,12.91,-13.72,58.83,103375.64,2007-05-31,2022-12-28,15.82,5.84,False
directional,WOOD,Timber and forestry,oversold_recovery,3,7,3,42.86,14.29,14.29,42.86,57.14,0.98,1.48,-0.21,3.03,-21.56,26.15,101481.14,2008-10-31,2022-09-30,15.82,5.84,False
directional,SLX,Steel producers,six_month_breakout,7,7,3,42.86,42.86,42.86,57.14,57.14,0.86,7.03,1.59,9.85,-19.46,42.94,107031.32,2007-05-31,2022-09-28,15.82,5.84,False
directional,SLX,Steel producers,trend_10m,6,21,9,42.86,42.86,42.86,57.14,52.38,0.81,9.42,5.64,6.3,-39.65,67.74,109420.98,2007-08-31,2026-06-30,24.47,12.61,False
directional,SLV,Silver,trend_10m,10,14,6,42.86,50.0,42.86,57.14,50.0,-0.27,11.5,5.9,18.92,-45.44,135.0,111500.92,2007-03-31,2025-12-29,21.38,9.75,False
directional,DBA,Agricultural commodities,six_month_breakout,10,7,3,42.86,57.14,28.57,57.14,42.86,-0.7,15.26,7.34,3.08,-18.71,25.78,115257.25,2009-05-31,2026-06-30,15.82,5.84,False
directional,GLTR,Precious-metals basket,six_month_breakout,10,7,3,42.86,28.57,28.57,42.86,42.86,-0.87,6.49,-1.24,12.7,-11.54,73.47,106485.13,2011-04-30,2026-02-02,15.82,5.84,False
directional,SLX,Steel producers,six_month_breakout,6,7,3,42.86,42.86,42.86,42.86,42.86,-1.26,-1.58,-6.01,8.1,-21.23,33.52,98415.31,2007-05-31,2022-08-29,15.82,5.84,False
directional,GLTR,Precious-metals basket,six_month_breakout,11,7,3,42.86,28.57,14.29,28.57,42.86,-1.82,-3.09,-5.2,14.03,-14.89,96.32,96911.11,2011-04-30,2026-03-02,15.82,5.84,False
directional,REMX,Rare earth and strategic metals,six_month_breakout,2,7,3,42.86,42.86,42.86,42.86,42.86,-2.15,-5.27,-6.22,3.83,-16.26,33.3,94725.34,2017-07-31,2026-06-30,15.82,5.84,False
directional,SLX,Steel producers,six_month_breakout,8,7,3,42.86,42.86,14.29,42.86,42.86,-2.57,6.43,3.16,6.2,-12.6,34.26,106431.54,2007-05-31,2022-10-28,15.82,5.84,False
directional,GLTR,Precious-metals basket,six_month_breakout,8,7,3,42.86,42.86,42.86,42.86,42.86,-3.4,1.98,1.01,4.85,-22.97,45.07,101978.67,2011-04-30,2025-12-01,15.82,5.84,False
directional,ICLN,Clean energy,six_month_breakout,12,7,3,42.86,57.14,57.14,57.14,42.86,-3.46,22.43,18.59,-0.84,-49.82,29.41,122429.18,2011-03-31,2023-07-31,15.82,5.84,False
directional,GLTR,Precious-metals basket,six_month_breakout,9,7,3,42.86,28.57,28.57,28.57,42.86,-3.73,6.37,1.24,8.63,-12.0,58.6,106367.35,2011-04-30,2025-12-31,15.82,5.84,False
directional,TAN,Solar energy,oversold_recovery,11,7,3,42.86,28.57,28.57,28.57,42.86,-5.15,-0.56,-11.15,38.2,-68.21,324.58,99441.9,2008-10-31,2024-07-31,15.82,5.84,False
directional,LIT,Lithium and battery chain,buy_hold,12,14,6,42.86,42.86,28.57,42.86,42.86,-8.28,7.57,0.0,10.34,-40.66,151.83,107573.58,2010-07-31,2025-09-02,21.38,9.75,False
directional,TAN,Solar energy,dip_in_uptrend,12,7,3,42.86,42.86,42.86,42.86,42.86,-9.08,-9.14,-16.07,15.29,-47.59,179.75,90856.52,2010-01-31,2024-01-02,15.82,5.84,False
directional,TAN,Solar energy,dip_in_uptrend,11,7,3,42.86,42.86,42.86,42.86,42.86,-16.64,-16.51,-22.42,11.68,-43.96,195.52,83489.66,2010-01-31,2023-11-30,15.82,5.84,False
directional,TAN,Solar energy,oversold_recovery,12,7,3,42.86,42.86,28.57,42.86,42.86,-19.98,-12.42,-20.88,26.42,-74.81,263.88,87575.05,2008-10-31,2024-09-03,15.82,5.84,False
directional,GLD,Gold,buy_hold,9,26,11,42.31,57.69,42.31,57.69,69.23,8.19,13.03,7.47,10.0,-22.15,47.8,113026.98,2004-11-30,2026-01-30,25.54,13.94,False
directional,PHO,Water infrastructure,trend_10m,9,19,8,42.11,52.63,36.84,68.42,68.42,7.88,12.28,5.86,7.35,-14.46,35.0,112283.22,2006-10-31,2026-03-30,23.14,11.52,False
directional,DBB,Base metals,trend_10m,5,19,8,42.11,26.32,26.32,57.89,57.89,6.76,4.87,3.2,3.89,-15.29,19.94,104868.81,2008-02-29,2026-06-01,23.14,11.52,False
directional,DBB,Base metals,trend_10m,6,19,8,42.11,36.84,26.32,52.63,57.89,5.29,5.04,2.94,1.38,-30.93,21.88,105041.48,2008-02-29,2026-06-30,23.14,11.52,False
directional,DBB,Base metals,buy_hold,11,19,8,42.11,42.11,36.84,42.11,42.11,-3.24,0.53,-4.5,4.57,-49.9,100.51,100529.55,2007-01-31,2025-12-31,23.14,11.52,False
directional,WOOD,Timber and forestry,trend_10m,12,12,5,41.67,58.33,41.67,58.33,66.67,7.08,15.07,7.52,6.47,-19.32,29.87,115068.56,2009-08-31,2025-09-02,19.33,8.34,False
directional,SLX,Steel producers,dip_in_uptrend,6,12,5,41.67,58.33,41.67,83.33,75.0,6.75,10.97,7.25,9.4,-14.86,45.25,110971.18,2008-01-31,2024-12-30,19.33,8.34,False
directional,PALL,Palladium,trend_10m,10,12,5,41.67,41.67,41.67,50.0,75.0,6.2,4.67,-0.84,6.65,-36.01,39.84,104672.39,2010-11-30,2026-07-30,19.33,8.34,False
positioning,PPLT,Platinum,cftc_producer_accumulation,5,12,5,41.67,41.67,25.0,41.67,58.33,5.87,3.26,0.53,7.46,-14.93,44.27,103261.68,2012-06-12,2026-05-04,19.33,8.34,False
directional,TAN,Solar energy,trend_10m,9,12,5,41.67,50.0,50.0,58.33,50.0,-0.0,14.35,9.46,17.45,-67.75,122.57,114350.59,2009-09-30,2026-06-01,19.33,8.34,False
directional,LIT,Lithium and battery chain,trend_10m,4,17,7,41.18,52.94,52.94,52.94,58.82,2.13,14.63,11.95,10.61,-35.27,53.58,114634.76,2011-05-31,2026-04-30,21.61,10.34,False
directional,LIT,Lithium and battery chain,buy_hold,10,17,7,41.18,47.06,41.18,47.06,52.94,0.78,4.25,1.56,9.62,-34.29,101.02,104249.13,2010-07-31,2025-10-31,21.61,10.34,False
directional,CPER,Copper,dip_in_uptrend,9,5,2,40.0,60.0,20.0,60.0,80.0,9.67,10.55,7.44,6.64,-4.28,15.58,110549.38,2016-12-31,2025-09-02,11.76,3.89,False
positioning,PPLT,Platinum,cftc_producer_accumulation,8,10,4,40.0,50.0,40.0,60.0,70.0,9.48,9.42,4.53,14.59,-27.98,105.58,109419.56,2012-06-12,2026-02-03,16.82,6.79,False
fundamental,UNG,Natural gas storage,storage_glut_with_downtrend,6,10,4,40.0,60.0,50.0,70.0,70.0,9.29,12.84,9.64,8.63,-29.3,35.39,112836.17,2012-12-28,2026-07-09,16.82,6.79,False
directional,WOOD,Timber and forestry,dip_in_uptrend,6,5,2,40.0,60.0,40.0,80.0,80.0,8.67,11.47,6.41,9.07,-9.81,27.15,111470.46,2010-01-31,2025-04-30,11.76,3.89,False
rotation,TAN+ICLN,Top-2 resource rotation,top2_10m_momentum,3,5,2,40.0,60.0,60.0,80.0,80.0,8.62,14.33,12.03,8.05,-8.56,20.27,114334.72,2013-05-31,2021-03-01,11.76,3.89,False
directional,REMX,Rare earth and strategic metals,trend_10m,12,5,2,40.0,40.0,40.0,40.0,80.0,7.9,9.83,7.36,41.36,-14.44,172.91,109825.97,2016-06-30,2026-07-31,11.76,3.89,False
fundamental,UNG,Natural gas storage,storage_shortage_with_trend,9,5,2,40.0,60.0,40.0,60.0,60.0,7.64,12.41,2.59,-1.2,-35.28,37.15,112405.36,2013-11-22,2022-11-11,11.76,3.89,False
directional,REMX,Rare earth and strategic metals,trend_10m,5,10,4,40.0,40.0,30.0,70.0,80.0,7.09,7.58,4.96,18.44,-14.92,65.57,107582.53,2016-06-30,2026-06-30,16.82,6.79,False
directional,PHO,Water infrastructure,oversold_recovery,5,5,2,40.0,60.0,40.0,80.0,80.0,6.69,11.36,4.46,8.85,-13.1,26.28,111362.2,2008-01-31,2020-08-31,11.76,3.89,False
directional,DBB,Base metals,dip_in_uptrend,8,5,2,40.0,40.0,0.0,40.0,60.0,6.39,3.12,-4.16,0.72,-17.6,14.84,103123.66,2010-01-31,2025-03-31,11.76,3.89,False
directional,NLR,Nuclear-energy chain,dip_in_uptrend,11,5,2,40.0,80.0,40.0,80.0,60.0,6.02,18.2,8.72,5.45,-16.11,23.43,118200.19,2010-01-31,2025-05-30,11.76,3.89,False
rotation,PALL+TAN,Top-2 resource rotation,top2_10m_momentum,1,5,2,40.0,60.0,40.0,60.0,80.0,5.48,10.11,9.31,2.26,-20.53,14.32,110106.96,2014-07-31,2020-03-30,11.76,3.89,False
directional,SLV,Silver,trend_10m,8,15,6,40.0,53.33,53.33,53.33,66.67,5.4,15.11,10.96,19.07,-34.55,141.27,115111.09,2007-03-31,2026-02-02,19.82,9.06,False
positioning,GLD,Gold,cftc_producer_accumulation,12,5,2,40.0,60.0,60.0,60.0,60.0,5.05,16.48,11.65,7.73,-18.13,30.75,116479.02,2010-11-16,2023-10-04,11.76,3.89,False
directional,GLTR,Precious-metals basket,dip_in_uptrend,6,5,2,40.0,20.0,20.0,40.0,60.0,5.02,-1.75,-3.62,4.59,-21.27,24.91,98247.75,2011-09-30,2026-08-28,11.76,3.89,False
directional,SLV,Silver,buy_hold,9,25,10,40.0,40.0,36.0,40.0,52.0,4.91,2.94,-2.56,7.54,-30.36,83.44,102941.79,2006-04-30,2026-06-30,23.4,12.44,False
directional,NLR,Nuclear-energy chain,dip_in_uptrend,12,5,2,40.0,80.0,60.0,80.0,60.0,4.74,24.04,14.04,9.4,-19.51,39.87,124044.77,2010-01-31,2025-06-30,11.76,3.89,False
directional,REMX,Rare earth and strategic metals,dip_in_uptrend,8,5,2,40.0,40.0,40.0,40.0,60.0,3.91,-9.89,-21.89,27.35,-33.77,128.93,90110.27,2011-08-31,2022-05-31,11.76,3.89,False
directional,REMX,Rare earth and strategic metals,trend_10m,6,10,4,40.0,50.0,40.0,50.0,60.0,3.78,5.98,2.43,17.37,-29.92,92.72,105984.39,2016-06-30,2026-08-28,16.82,6.79,False
positioning,CPER,Copper,cftc_managed_capitulation_turn,11,5,2,40.0,20.0,20.0,20.0,60.0,3.74,-0.59,-4.94,4.29,-6.69,19.86,99406.99,2012-07-10,2025-01-06,11.76,3.89,False
directional,GLD,Gold,dip_in_uptrend,12,5,2,40.0,60.0,60.0,60.0,60.0,3.73,32.85,25.37,13.18,-0.9,33.25,132845.76,2008-03-31,2021-11-30,11.76,3.89,False
directional,SLV,Silver,six_month_breakout,2,10,4,40.0,40.0,40.0,50.0,60.0,3.05,1.01,-0.61,11.06,-11.64,47.11,101007.53,2006-11-30,2026-01-30,16.82,6.79,False
directional,GLD,Gold,dip_in_uptrend,11,5,2,40.0,60.0,60.0,60.0,100.0,2.91,29.0,21.74,10.95,0.31,31.31,128999.37,2008-03-31,2021-11-01,11.76,3.89,False
directional,GLD,Gold,trend_10m,7,25,10,40.0,44.0,36.0,48.0,64.0,2.22,-0.55,-2.51,6.9,-17.14,39.33,99453.29,2005-09-30,2026-06-30,23.4,12.44,False
directional,TAN,Solar energy,trend_10m,4,20,8,40.0,45.0,45.0,55.0,55.0,2.16,5.55,3.86,11.81,-26.22,90.3,105547.71,2009-09-30,2026-06-01,21.88,10.9,False
fundamental,UNG,Natural gas storage,storage_shortage_with_trend,7,5,2,40.0,60.0,60.0,60.0,60.0,1.94,14.22,11.6,19.91,-39.2,107.76,114221.85,2013-11-22,2022-09-12,11.76,3.89,False
directional,GLTR,Precious-metals basket,buy_hold,11,15,6,40.0,53.33,46.67,53.33,53.33,1.64,13.37,6.71,5.12,-24.69,39.29,113369.09,2010-10-31,2025-09-30,19.82,9.06,False
directional,GLTR,Precious-metals basket,trend_10m,12,10,4,40.0,50.0,40.0,50.0,50.0,1.18,9.58,3.48,7.21,-28.09,58.86,109582.64,2011-08-31,2026-06-01,16.82,6.79,False
directional,SLX,Steel producers,oversold_recovery,2,10,4,40.0,40.0,30.0,50.0,50.0,1.07,3.21,1.69,4.61,-19.9,41.71,103210.6,2008-10-31,2023-05-31,16.82,6.79,False
directional,CPER,Copper,dip_in_uptrend,7,5,2,40.0,20.0,0.0,60.0,60.0,0.83,8.42,3.5,4.55,-13.92,22.44,108415.49,2016-12-31,2025-06-30,11.76,3.89,False
directional,TAN,Solar energy,trend_10m,3,25,10,40.0,36.0,36.0,60.0,56.0,0.61,3.65,2.56,7.08,-22.12,68.02,103647.14,2009-09-30,2026-07-30,23.4,12.44,False
positioning,SLV,Silver,cftc_producer_accumulation,6,10,4,40.0,40.0,20.0,50.0,50.0,0.58,5.94,1.92,10.45,-40.5,109.2,105942.46,2010-12-21,2026-07-20,16.82,6.79,False
directional,SLX,Steel producers,oversold_recovery,3,10,4,40.0,60.0,50.0,60.0,50.0,-0.14,13.14,10.53,10.46,-13.78,68.11,113140.36,2008-10-31,2023-06-30,16.82,6.79,False
positioning,CPER,Copper,cftc_managed_capitulation_turn,12,5,2,40.0,20.0,20.0,20.0,40.0,-0.38,0.52,-4.96,3.52,-12.65,18.93,100517.69,2012-07-10,2025-02-06,11.76,3.89,False
directional,PALL,Palladium,six_month_breakout,12,5,2,40.0,60.0,40.0,60.0,40.0,-0.73,10.2,5.6,0.01,-44.01,29.16,110198.2,2010-10-31,2023-02-28,11.76,3.89,False
directional,PALL,Palladium,buy_hold,7,25,10,40.0,48.0,48.0,52.0,44.0,-2.13,9.93,5.89,5.5,-33.37,63.55,109934.27,2010-01-31,2026-08-31,23.4,12.44,False
directional,SLV,Silver,trend_10m,9,15,6,40.0,53.33,46.67,53.33,46.67,-2.32,12.93,7.18,7.64,-43.66,83.44,112928.64,2007-03-31,2026-08-31,19.82,9.06,False
directional,REMX,Rare earth and strategic metals,dip_in_uptrend,11,5,2,40.0,40.0,40.0,40.0,40.0,-2.67,-19.25,-29.72,40.66,-37.96,207.05,80745.71,2011-08-31,2022-08-30,11.76,3.89,False
directional,UNG,Natural gas,trend_10m,2,15,6,40.0,26.67,26.67,40.0,46.67,-2.81,-1.22,-2.06,-0.52,-32.54,46.31,98776.78,2008-04-30,2025-06-02,19.82,9.06,False
rotation,SLX+DBB,Top-2 resource rotation,top2_10m_momentum,1,5,2,40.0,20.0,20.0,40.0,40.0,-3.21,-4.74,-4.95,0.83,-8.5,11.03,95261.2,2009-10-30,2017-03-28,11.76,3.89,False
fundamental,UNG,Natural gas storage,storage_glut_with_downtrend,3,15,6,40.0,33.33,33.33,46.67,46.67,-3.36,-4.45,-5.89,-1.9,-41.55,33.73,95552.55,2012-12-28,2026-04-09,19.82,9.06,False
directional,REMX,Rare earth and strategic metals,dip_in_uptrend,7,5,2,40.0,40.0,40.0,40.0,40.0,-3.46,-5.76,-15.17,22.08,-36.29,113.33,94237.1,2011-08-31,2022-05-02,11.76,3.89,False
directional,ICLN,Clean energy,trend_10m,8,15,6,40.0,46.67,33.33,46.67,46.67,-4.38,0.69,-0.33,5.62,-50.15,68.85,100693.97,2009-08-31,2026-04-30,19.82,9.06,False
fundamental,UNG,Natural gas storage,storage_shortage_with_trend,8,5,2,40.0,60.0,60.0,60.0,40.0,-4.58,13.89,11.26,6.07,-30.41,61.95,113893.8,2013-11-22,2022-10-11,11.76,3.89,False
directional,REMX,Rare earth and strategic metals,dip_in_uptrend,12,5,2,40.0,40.0,40.0,40.0,40.0,-5.06,-15.1,-24.14,30.36,-40.05,175.96,84902.8,2011-08-31,2023-01-31,11.76,3.89,False
directional,REMX,Rare earth and strategic metals,dip_in_uptrend,10,5,2,40.0,40.0,40.0,40.0,40.0,-5.08,-20.02,-27.41,37.29,-41.51,190.73,79979.46,2011-08-31,2022-08-01,11.76,3.89,False
directional,TAN,Solar energy,trend_10m,6,15,6,40.0,53.33,46.67,66.67,46.67,-5.77,10.19,9.68,10.1,-63.5,150.33,110193.14,2009-09-30,2026-03-02,19.82,9.06,False
directional,PALL,Palladium,six_month_breakout,11,5,2,40.0,40.0,40.0,40.0,40.0,-7.15,4.07,0.33,-2.45,-35.29,19.97,104066.55,2010-10-31,2023-01-30,11.76,3.89,False
directional,ICLN,Clean energy,dip_in_uptrend,9,5,2,40.0,40.0,40.0,40.0,40.0,-7.38,-5.95,-11.09,-7.82,-41.9,26.92,94047.08,2009-08-31,2021-11-29,11.76,3.89,False
directional,URA,Uranium miners,buy_hold,11,15,6,40.0,40.0,33.33,46.67,46.67,-7.4,8.29,1.74,5.62,-46.81,121.61,108293.51,2010-11-30,2025-09-30,19.82,9.06,False
directional,REMX,Rare earth and strategic metals,dip_in_uptrend,9,5,2,40.0,40.0,40.0,40.0,40.0,-11.49,-26.28,-28.33,22.4,-45.72,127.11,73718.03,2011-08-31,2022-06-30,11.76,3.89,False
directional,PHO,Water infrastructure,trend_10m,8,23,9,39.13,60.87,34.78,65.22,73.91,7.72,12.15,5.69,4.72,-45.1,28.11,112149.98,2006-10-31,2026-03-02,22.16,11.43,False
directional,PALL,Palladium,trend_10m,6,18,7,38.89,44.44,38.89,55.56,61.11,6.97,5.86,3.66,5.85,-24.26,45.96,105861.6,2010-11-30,2026-06-30,20.3,9.73,False
directional,ICLN,Clean energy,buy_hold,11,18,7,38.89,50.0,44.44,50.0,55.56,4.38,8.24,1.27,2.22,-55.04,95.97,108239.74,2008-06-30,2026-04-30,20.3,9.73,False
directional,WOOD,Timber and forestry,buy_hold,11,18,7,38.89,50.0,38.89,50.0,50.0,1.6,9.63,4.9,8.02,-32.93,71.83,109631.19,2008-06-30,2026-04-30,20.3,9.73,False
directional,CPER,Copper,buy_hold,9,18,7,38.89,38.89,33.33,38.89,38.89,-3.51,6.17,2.39,3.59,-18.64,40.07,106169.26,2011-11-30,2026-06-30,20.3,9.73,False
directional,SLV,Silver,six_month_breakout,1,13,5,38.46,46.15,46.15,53.85,53.85,8.59,6.4,5.58,4.74,-13.71,34.5,106400.07,2006-11-30,2025-12-30,17.71,7.66,False
directional,PHO,Water infrastructure,six_month_breakout,10,13,5,38.46,46.15,46.15,53.85,61.54,4.77,8.57,4.13,1.35,-47.43,24.79,108573.35,2007-01-31,2025-06-30,17.71,7.66,False
directional,SLX,Steel producers,buy_hold,5,39,15,38.46,38.46,35.9,53.85,58.97,4.52,7.26,2.69,5.0,-46.31,77.55,107260.53,2006-10-31,2026-03-31,24.89,14.75,False
directional,CPER,Copper,buy_hold,12,13,5,38.46,38.46,30.77,38.46,53.85,0.45,-0.82,-6.56,2.2,-44.75,51.0,99177.95,2011-11-30,2025-12-01,17.71,7.66,False
directional,GLTR,Precious-metals basket,trend_10m,8,13,5,38.46,30.77,23.08,38.46,38.46,-0.78,-0.53,-1.55,4.11,-23.82,68.62,99471.71,2011-08-31,2026-02-02,17.71,7.66,False
fundamental,UNG,Natural gas storage,storage_shortage_with_trend,2,13,5,38.46,38.46,38.46,46.15,46.15,-2.96,-2.1,-3.96,0.43,-33.39,66.83,97896.68,2013-11-22,2022-10-12,17.71,7.66,False
directional,SLV,Silver,trend_10m,5,21,8,38.1,52.38,52.38,66.67,76.19,6.98,11.81,11.43,10.24,-25.99,71.47,111813.71,2007-03-31,2026-04-30,20.75,10.34,False
directional,LIT,Lithium and battery chain,trend_10m,3,21,8,38.1,38.1,33.33,52.38,61.9,2.58,3.15,1.84,8.26,-17.18,55.61,103153.29,2011-05-31,2026-06-30,20.75,10.34,False
directional,PALL,Palladium,trend_10m,3,29,11,37.93,31.03,27.59,55.17,68.97,5.09,4.89,2.48,3.57,-22.93,21.34,104889.47,2010-11-30,2026-06-30,22.69,12.39,False
directional,REMX,Rare earth and strategic metals,oversold_recovery,5,8,3,37.5,50.0,50.0,50.0,75.0,5.74,10.04,6.8,14.42,-27.5,57.61,110040.78,2011-08-31,2022-11-30,13.68,5.08,False
directional,SLV,Silver,six_month_breakout,8,8,3,37.5,25.0,25.0,37.5,62.5,5.57,3.28,-0.01,12.1,-29.74,83.99,103280.56,2006-11-30,2026-04-30,13.68,5.08,False
fundamental,UNG,Natural gas storage,storage_glut_with_downtrend,8,8,3,37.5,62.5,37.5,62.5,87.5,5.31,12.09,6.65,5.35,-49.27,39.27,112090.77,2012-12-28,2025-03-26,13.68,5.08,False
directional,GLD,Gold,buy_hold,7,32,12,37.5,46.88,34.38,56.25,75.0,4.23,8.72,4.14,7.91,-27.25,61.54,108721.7,2004-11-30,2026-03-02,22.93,12.82,False
directional,WOOD,Timber and forestry,trend_10m,9,16,6,37.5,50.0,43.75,56.25,62.5,4.1,12.17,5.8,6.8,-25.51,40.14,112166.76,2009-08-31,2025-02-28,18.48,8.46,False
directional,NLR,Nuclear-energy chain,oversold_recovery,5,8,3,37.5,25.0,25.0,50.0,75.0,4.04,5.38,2.51,3.8,-15.39,14.9,105380.91,2007-11-30,2026-04-30,13.68,5.08,False
directional,NLR,Nuclear-energy chain,oversold_recovery,6,8,3,37.5,37.5,37.5,37.5,75.0,3.52,-1.9,-3.38,7.99,-3.26,24.95,98102.8,2007-11-30,2026-06-01,13.68,5.08,False
directional,CPER,Copper,trend_10m,10,8,3,37.5,62.5,25.0,62.5,50.0,3.33,13.34,5.11,10.21,-19.6,60.49,113342.42,2012-09-30,2026-02-02,13.68,5.08,False
positioning,SLV,Silver,cftc_producer_accumulation,8,8,3,37.5,50.0,50.0,62.5,50.0,3.33,24.92,18.67,20.14,-17.21,134.89,124921.22,2010-12-21,2026-03-09,13.68,5.08,False
directional,WOOD,Timber and forestry,trend_10m,8,16,6,37.5,62.5,43.75,68.75,62.5,2.83,12.38,6.19,8.3,-18.26,43.12,112380.54,2009-08-31,2024-12-30,18.48,8.46,False
directional,DBB,Base metals,buy_hold,9,24,9,37.5,37.5,25.0,41.67,54.17,2.37,3.19,-1.87,2.56,-22.15,32.59,103185.45,2007-01-31,2026-06-30,21.16,10.92,False
directional,NLR,Nuclear-energy chain,oversold_recovery,7,8,3,37.5,37.5,37.5,37.5,50.0,2.13,-2.6,-6.24,9.57,-8.75,44.32,97395.27,2007-11-30,2026-06-30,13.68,5.08,False
directional,WOOD,Timber and forestry,buy_hold,12,16,6,37.5,50.0,37.5,50.0,56.25,2.12,10.62,1.2,7.3,-39.43,72.39,110618.83,2008-06-30,2025-09-30,18.48,8.46,False
directional,WOOD,Timber and forestry,six_month_breakout,7,8,3,37.5,37.5,12.5,37.5,50.0,2.03,2.76,-1.2,0.7,-25.06,20.96,102762.31,2009-07-31,2025-04-30,13.68,5.08,False
positioning,CPER,Copper,cftc_producer_accumulation,6,8,3,37.5,37.5,25.0,50.0,62.5,1.86,3.92,0.85,5.61,-4.85,23.44,103923.1,2012-07-03,2024-04-24,13.68,5.08,False
directional,WOOD,Timber and forestry,six_month_breakout,4,8,3,37.5,25.0,25.0,62.5,50.0,1.81,3.93,1.9,1.96,-17.63,15.56,103929.66,2009-07-31,2025-01-30,13.68,5.08,False
directional,REMX,Rare earth and strategic metals,dip_in_uptrend,4,8,3,37.5,50.0,37.5,50.0,50.0,1.78,-1.27,-3.82,12.95,-25.23,104.74,98730.4,2011-08-31,2026-07-31,13.68,5.08,False
positioning,PALL,Palladium,cftc_managed_capitulation_turn,11,8,3,37.5,25.0,25.0,25.0,62.5,0.39,5.67,-1.07,4.77,-35.72,64.64,105668.31,2011-11-01,2025-07-28,13.68,5.08,False
directional,SLV,Silver,oversold_recovery,6,8,3,37.5,25.0,25.0,37.5,50.0,0.24,-7.49,-9.99,-2.01,-35.75,39.6,92508.57,2006-06-30,2026-08-28,13.68,5.08,False
directional,PALL,Palladium,dip_in_uptrend,10,8,3,37.5,62.5,50.0,62.5,50.0,0.17,21.31,10.73,9.46,-22.9,65.3,121308.08,2011-03-31,2022-06-30,13.68,5.08,False
positioning,PALL,Palladium,cftc_managed_capitulation_turn,4,16,6,37.5,18.75,18.75,43.75,50.0,-0.88,1.97,-0.18,1.18,-19.31,34.27,101967.25,2011-11-01,2025-05-14,18.48,8.46,False
directional,REMX,Rare earth and strategic metals,dip_in_uptrend,3,8,3,37.5,25.0,25.0,37.5,50.0,-1.03,-0.88,-1.73,6.59,-19.97,72.8,99124.02,2011-08-31,2026-06-30,13.68,5.08,False
positioning,SLV,Silver,cftc_producer_accumulation,9,8,3,37.5,62.5,50.0,62.5,50.0,-1.56,24.17,16.0,14.3,-21.53,102.47,124167.41,2010-12-21,2026-04-08,13.68,5.08,False
positioning,PPLT,Platinum,cftc_managed_capitulation_turn,6,8,3,37.5,25.0,25.0,50.0,37.5,-3.47,4.29,2.58,0.18,-14.13,17.1,104291.5,2012-01-17,2023-02-02,13.68,5.08,False
directional,TAN,Solar energy,dip_in_uptrend,7,8,3,37.5,50.0,50.0,50.0,37.5,-4.19,12.36,8.33,10.28,-26.96,126.74,112358.55,2010-01-31,2023-07-31,13.68,5.08,False
fundamental,UNG,Natural gas storage,storage_shortage_with_trend,5,8,3,37.5,37.5,37.5,50.0,37.5,-11.02,4.57,-0.73,-1.19,-61.34,57.72,104571.95,2013-11-22,2023-01-12,13.68,5.08,False
directional,DBB,Base metals,six_month_breakout,12,8,3,37.5,37.5,25.0,37.5,37.5,-13.68,4.96,1.35,-2.02,-26.42,33.33,104959.54,2009-07-31,2023-02-28,13.68,5.08,False
directional,TAN,Solar energy,oversold_recovery,8,8,3,37.5,25.0,25.0,37.5,37.5,-13.85,-18.79,-24.4,20.74,-56.44,235.04,81207.04,2008-10-31,2024-04-30,13.68,5.08,False
directional,TAN,Solar energy,oversold_recovery,10,8,3,37.5,25.0,25.0,25.0,37.5,-14.89,-5.25,-12.59,34.05,-64.97,338.19,94752.87,2008-10-31,2024-07-01,13.68,5.08,False
positioning,UNG,Natural gas,cftc_producer_accumulation,10,8,3,37.5,25.0,25.0,25.0,37.5,-18.67,-2.1,-10.48,-14.76,-69.43,43.21,97902.86,2008-11-04,2026-01-12,13.68,5.08,False
positioning,UNG,Natural gas,cftc_producer_accumulation,12,8,3,37.5,25.0,12.5,25.0,50.0,-19.28,-4.21,-10.85,-17.61,-68.65,30.46,95790.98,2008-11-04,2026-05-13,13.68,5.08,False
directional,WOOD,Timber and forestry,buy_hold,7,27,10,37.04,44.44,33.33,51.85,59.26,2.95,5.95,0.69,3.44,-46.69,49.06,105947.11,2008-06-30,2026-04-30,21.53,11.45,False
directional,TAN,Solar energy,buy_hold,7,27,10,37.04,40.74,37.04,48.15,44.44,-7.29,0.48,-4.45,6.17,-74.38,180.61,100483.89,2008-04-30,2026-03-31,21.53,11.45,False
directional,GLD,Gold,buy_hold,6,38,14,36.84,50.0,39.47,50.0,63.16,5.52,7.35,3.85,6.67,-14.62,44.39,107347.7,2004-11-30,2026-06-30,23.38,13.61,False
positioning,SLV,Silver,cftc_producer_accumulation,2,19,7,36.84,36.84,36.84,63.16,52.63,0.91,6.52,2.94,6.15,-37.75,85.03,106521.84,2010-12-21,2026-06-15,19.15,9.18,False
directional,LIT,Lithium and battery chain,buy_hold,9,19,7,36.84,52.63,52.63,52.63,52.63,0.08,20.71,12.04,10.8,-26.34,91.91,120708.96,2010-07-31,2026-01-30,19.15,9.18,False
directional,REMX,Rare earth and strategic metals,buy_hold,9,19,7,36.84,26.32,21.05,31.58,42.11,-8.37,-4.37,-10.01,4.82,-45.72,127.11,95633.08,2010-10-31,2026-06-30,19.15,9.18,False
relative_value,COPX/CPER,Copper miners / copper,rolling_3y_ratio_reversion,8,11,4,36.36,45.45,45.45,72.73,63.64,7.36,9.73,7.94,3.7,-22.82,18.96,109732.17,2013-12-04,2026-04-22,15.17,6.14,False
relative_value,COPX/CPER,Copper miners / copper,rolling_3y_ratio_reversion,9,11,4,36.36,45.45,45.45,63.64,72.73,7.36,5.23,3.48,4.49,-18.8,18.96,105227.36,2013-12-04,2026-05-22,15.17,6.14,False
positioning,PPLT,Platinum,cftc_producer_accumulation,7,11,4,36.36,36.36,27.27,45.45,63.64,6.75,5.24,1.72,11.18,-29.12,107.52,105244.04,2012-06-12,2026-08-06,15.17,6.14,False
directional,URA,Uranium miners,oversold_recovery,3,11,4,36.36,54.55,54.55,81.82,72.73,6.59,13.56,11.71,7.27,-34.5,39.01,113564.28,2011-06-30,2026-08-31,15.17,6.14,False
directional,LIT,Lithium and battery chain,trend_10m,9,11,4,36.36,45.45,36.36,45.45,54.55,5.22,-4.27,-7.44,11.55,-23.93,64.09,95732.79,2011-05-31,2026-06-30,15.17,6.14,False
directional,SLX,Steel producers,trend_10m,5,22,8,36.36,45.45,31.82,59.09,63.64,4.32,9.3,5.93,7.14,-24.93,51.56,109300.38,2007-08-31,2026-06-01,19.73,9.84,False
fundamental,UNG,Natural gas storage,storage_glut_with_downtrend,5,11,4,36.36,45.45,45.45,45.45,54.55,2.85,-4.95,-6.88,-0.3,-66.07,39.06,95052.45,2012-12-28,2026-06-09,15.17,6.14,False
directional,URA,Uranium miners,trend_10m,2,22,8,36.36,36.36,36.36,54.55,54.55,2.62,2.74,0.41,4.84,-22.75,35.96,102739.26,2014-02-28,2026-06-30,19.73,9.84,False
directional,DBB,Base metals,six_month_breakout,4,11,4,36.36,18.18,18.18,54.55,63.64,2.22,3.4,3.1,3.03,-17.6,21.49,103404.78,2009-07-31,2026-03-02,15.17,6.14,False
directional,GLTR,Precious-metals basket,trend_10m,11,11,4,36.36,63.64,36.36,63.64,54.55,1.8,14.88,7.41,11.05,-23.74,96.32,114875.13,2011-08-31,2026-03-02,15.17,6.14,False
directional,GLTR,Precious-metals basket,trend_10m,10,11,4,36.36,45.45,36.36,45.45,45.45,-0.87,8.22,5.4,6.72,-30.03,76.17,108217.01,2011-08-31,2025-12-29,15.17,6.14,False
directional,PALL,Palladium,buy_hold,5,33,12,36.36,36.36,27.27,45.45,42.42,-1.52,1.91,-0.6,2.05,-29.19,60.55,101912.9,2010-01-31,2026-06-30,22.19,12.4,False
positioning,PALL,Palladium,cftc_producer_accumulation,6,11,4,36.36,63.64,45.45,63.64,36.36,-1.57,13.14,9.86,4.5,-11.98,39.2,113143.42,2011-12-20,2024-08-20,15.17,6.14,False
directional,ICLN,Clean energy,buy_hold,9,22,8,36.36,36.36,27.27,50.0,45.45,-1.75,5.68,1.35,0.82,-65.91,57.3,105679.47,2008-06-30,2026-06-30,19.73,9.84,False
positioning,PALL,Palladium,cftc_managed_capitulation_turn,9,11,4,36.36,45.45,36.36,45.45,45.45,-3.11,5.87,-0.54,8.63,-21.5,60.44,105866.03,2011-11-01,2025-10-14,15.17,6.14,False
directional,UNG,Natural gas,trend_10m,3,11,4,36.36,36.36,36.36,45.45,45.45,-3.8,-8.93,-10.66,2.2,-28.99,55.62,91072.07,2008-04-30,2025-03-31,15.17,6.14,False
directional,TAN,Solar energy,buy_hold,3,55,20,36.36,34.55,30.91,45.45,45.45,-4.32,0.03,-1.42,1.1,-56.13,57.54,100025.79,2008-04-30,2026-06-30,24.93,15.82,False
directional,TAN,Solar energy,buy_hold,9,22,8,36.36,36.36,36.36,40.91,45.45,-6.32,-9.97,-14.55,6.41,-72.42,147.32,90029.22,2008-04-30,2026-01-30,19.73,9.84,False
directional,TAN,Solar energy,buy_hold,5,36,13,36.11,33.33,33.33,50.0,55.56,2.51,4.06,0.97,2.89,-63.5,114.91,104064.59,2008-04-30,2026-03-31,22.48,12.83,False
directional,PALL,Palladium,trend_10m,4,25,9,36.0,44.0,36.0,56.0,60.0,6.9,5.07,3.35,4.37,-26.37,39.17,105070.53,2010-11-30,2026-06-01,20.25,10.45,False
directional,TAN,Solar energy,buy_hold,8,25,9,36.0,44.0,44.0,44.0,44.0,-4.0,-3.01,-5.87,2.14,-67.52,103.88,96991.04,2008-04-30,2026-03-31,20.25,10.45,False
directional,DBB,Base metals,trend_10m,9,14,5,35.71,42.86,42.86,50.0,57.14,5.79,4.95,0.77,0.04,-51.43,37.52,104952.81,2008-02-29,2026-03-30,16.34,7.08,False
directional,WOOD,Timber and forestry,trend_10m,11,14,5,35.71,57.14,35.71,57.14,64.29,4.35,12.02,5.8,5.93,-17.58,27.7,112015.8,2009-08-31,2025-06-30,16.34,7.08,False
relative_value,SIL/SLV,Silver miners / silver,rolling_3y_ratio_reversion,5,14,5,35.71,57.14,50.0,71.43,57.14,3.79,12.97,9.67,4.22,-6.03,16.04,112969.78,2012-05-18,2025-11-03,16.34,7.08,False
directional,GLTR,Precious-metals basket,trend_10m,7,14,5,35.71,42.86,35.71,57.14,50.0,0.08,8.27,4.49,3.51,-20.55,32.73,108269.32,2011-08-31,2026-06-30,16.34,7.08,False
positioning,PALL,Palladium,cftc_managed_capitulation_turn,5,14,5,35.71,28.57,21.43,57.14,42.86,-2.67,6.56,3.54,2.16,-21.2,41.33,106558.09,2011-11-01,2025-08-25,16.34,7.08,False
directional,CPER,Copper,buy_hold,11,14,5,35.71,50.0,35.71,50.0,42.86,-2.94,4.93,-1.63,1.84,-24.14,32.2,104934.86,2011-11-30,2025-09-30,16.34,7.08,False
positioning,SLV,Silver,cftc_producer_accumulation,4,14,5,35.71,42.86,35.71,50.0,42.86,-3.21,5.48,3.26,7.92,-19.02,58.81,105478.88,2010-12-21,2026-08-14,16.34,7.08,False
directional,LIT,Lithium and battery chain,buy_hold,6,28,10,35.71,42.86,35.71,57.14,46.43,-3.82,7.18,3.7,7.15,-23.43,85.23,107178.69,2010-07-31,2026-06-30,20.71,11.01,False
directional,PHO,Water infrastructure,buy_hold,7,31,11,35.48,45.16,32.26,51.61,70.97,7.75,6.77,3.29,4.82,-45.68,38.9,106772.92,2005-12-31,2026-07-31,21.12,11.53,False
directional,SLV,Silver,trend_10m,3,31,11,35.48,29.03,25.81,45.16,48.39,-0.78,-2.09,-2.84,5.31,-22.59,59.09,97908.17,2007-03-31,2026-06-30,21.12,11.53,False
directional,NLR,Nuclear-energy chain,trend_10m,8,17,6,35.29,52.94,35.29,64.71,88.24,6.45,10.47,7.21,7.97,-6.88,31.18,110468.07,2009-07-31,2026-03-31,17.31,7.93,False
relative_value,SIL/SLV,Silver miners / silver,rolling_3y_ratio_reversion,4,17,6,35.29,41.18,41.18,70.59,64.71,2.91,9.55,7.7,4.03,-10.69,14.42,109545.52,2012-05-18,2025-12-26,17.31,7.93,False
directional,PALL,Palladium,trend_10m,7,17,6,35.29,52.94,47.06,52.94,52.94,2.66,11.17,6.82,4.4,-33.52,52.73,111169.32,2010-11-30,2026-08-31,17.31,7.93,False
directional,TAN,Solar energy,trend_10m,5,17,6,35.29,41.18,35.29,47.06,35.29,-2.21,3.58,1.15,8.14,-38.15,110.11,103584.02,2009-09-30,2026-07-28,17.31,7.93,False
directional,CPER,Copper,buy_hold,8,20,7,35.0,50.0,30.0,60.0,55.0,2.99,9.79,5.67,3.45,-22.54,36.96,109789.75,2011-11-30,2026-03-31,18.12,8.69,False
directional,WOOD,Timber and forestry,buy_hold,10,20,7,35.0,55.0,40.0,65.0,55.0,2.25,13.04,3.69,3.46,-39.25,59.63,113042.47,2008-06-30,2026-08-31,18.12,8.69,False
directional,PALL,Palladium,trend_10m,5,20,7,35.0,35.0,30.0,45.0,50.0,0.92,-0.49,-2.63,5.37,-19.77,48.07,99508.21,2010-11-30,2026-06-01,18.12,8.69,False
directional,SLV,Silver,buy_hold,11,20,7,35.0,55.0,30.0,60.0,40.0,-4.4,11.09,3.57,16.24,-25.98,163.01,111089.0,2006-04-30,2026-03-02,18.12,8.69,False
directional,TAN,Solar energy,buy_hold,10,20,7,35.0,45.0,40.0,50.0,40.0,-6.12,2.45,-2.16,5.3,-81.46,130.32,102446.71,2008-04-30,2026-04-30,18.12,8.69,False
directional,GLD,Gold,buy_hold,5,43,15,34.88,41.86,37.21,53.49,67.44,4.87,5.89,1.27,5.35,-18.62,32.51,105889.26,2004-11-30,2026-04-30,22.42,13.28,False
directional,WOOD,Timber and forestry,trend_10m,6,23,8,34.78,43.48,30.43,56.52,56.52,4.09,6.91,3.59,3.87,-20.67,35.96,106909.9,2009-08-31,2026-07-31,18.81,9.39,False
directional,NLR,Nuclear-energy chain,buy_hold,8,26,9,34.62,50.0,26.92,53.85,69.23,3.42,9.21,3.44,4.17,-49.07,44.87,109207.81,2007-08-31,2026-03-31,19.41,10.02,False
directional,DBB,Base metals,buy_hold,7,29,10,34.48,34.48,20.69,51.72,55.17,3.26,6.07,-0.48,3.78,-49.31,61.08,106065.21,2007-01-31,2026-04-30,19.94,10.61,False
directional,TAN,Solar energy,buy_hold,6,32,11,34.38,37.5,34.38,43.75,40.62,-5.48,-0.17,-4.5,2.04,-62.25,156.6,99829.06,2008-04-30,2026-06-30,20.41,11.15,False
directional,SLV,Silver,buy_hold,6,35,12,34.29,42.86,37.14,42.86,57.14,3.66,4.52,1.11,7.77,-30.55,125.19,104521.86,2006-04-30,2026-03-02,20.83,11.65,False
directional,PPLT,Platinum,oversold_recovery,5,3,1,33.33,66.67,33.33,66.67,66.67,9.89,10.92,7.5,2.21,-32.49,29.24,110923.07,2010-05-31,2026-07-28,6.15,1.75,False
directional,GLD,Gold,oversold_recovery,5,3,1,33.33,66.67,33.33,66.67,66.67,8.53,13.37,8.59,4.93,-5.28,11.54,113370.22,2008-08-31,2026-08-31,6.15,1.75,False
directional,GLTR,Precious-metals basket,dip_in_uptrend,2,9,3,33.33,22.22,22.22,33.33,66.67,7.85,-1.31,-2.96,3.64,-16.82,17.26,98693.92,2011-09-30,2026-08-31,12.06,4.49,False
directional,WOOD,Timber and forestry,dip_in_uptrend,10,3,1,33.33,66.67,66.67,66.67,66.67,7.62,19.38,11.83,6.28,-4.83,16.04,119377.86,2010-01-31,2024-12-02,6.15,1.75,False
directional,TAN,Solar energy,six_month_breakout,3,9,3,33.33,22.22,22.22,66.67,66.67,7.53,5.24,3.4,3.23,-35.86,57.92,105239.74,2013-07-31,2026-08-31,12.06,4.49,False
directional,WOOD,Timber and forestry,dip_in_uptrend,12,3,1,33.33,66.67,33.33,66.67,66.67,7.35,17.83,7.6,6.43,-21.6,33.53,117834.46,2010-01-31,2025-01-31,6.15,1.75,False
directional,WOOD,Timber and forestry,dip_in_uptrend,9,3,1,33.33,66.67,66.67,66.67,66.67,7.22,16.54,10.18,5.12,-10.82,18.95,116540.13,2010-01-31,2024-10-31,6.15,1.75,False
directional,PPLT,Platinum,oversold_recovery,6,3,1,33.33,33.33,33.33,66.67,66.67,7.08,9.93,6.54,2.39,-23.41,23.5,109925.71,2010-05-31,2026-08-28,6.15,1.75,False
fundamental,UNG,Natural gas storage,storage_shortage_with_trend,12,3,1,33.33,66.67,66.67,66.67,66.67,7.0,25.1,19.98,-5.53,-40.49,16.9,125104.69,2013-11-22,2023-02-13,6.15,1.75,False
directional,URA,Uranium miners,six_month_breakout,6,3,1,33.33,66.67,66.67,66.67,66.67,6.97,13.87,12.03,1.69,-17.28,15.37,113869.81,2014-02-28,2025-12-30,6.15,1.75,False
directional,NLR,Nuclear-energy chain,trend_10m,7,18,6,33.33,38.89,33.33,55.56,72.22,6.83,7.2,3.75,7.3,-8.73,32.31,107204.32,2009-07-31,2026-04-30,16.28,7.47,False
directional,PALL,Palladium,six_month_breakout,7,6,2,33.33,50.0,50.0,66.67,66.67,6.79,11.9,6.75,5.73,-14.53,21.32,111901.3,2010-10-31,2022-09-28,9.68,3.22,False
directional,PALL,Palladium,six_month_breakout,6,6,2,33.33,50.0,50.0,66.67,66.67,6.7,12.44,7.37,4.91,-15.01,18.77,112442.03,2010-10-31,2022-08-29,9.68,3.22,False
directional,PPLT,Platinum,oversold_recovery,4,3,1,33.33,33.33,33.33,66.67,66.67,6.67,6.35,4.46,-0.48,-33.47,25.37,106347.85,2010-05-31,2026-06-29,6.15,1.75,False
directional,CPER,Copper,six_month_breakout,8,3,1,33.33,33.33,33.33,33.33,66.67,6.27,6.11,0.8,14.62,-6.88,44.47,106107.65,2013-12-31,2021-04-30,6.15,1.75,False
directional,GLD,Gold,dip_in_uptrend,10,6,2,33.33,50.0,50.0,50.0,66.67,5.83,12.76,7.02,10.86,-1.94,30.8,112759.22,2008-03-31,2021-09-30,9.68,3.22,False
directional,SLX,Steel producers,dip_in_uptrend,5,12,4,33.33,58.33,58.33,66.67,66.67,5.5,19.98,16.64,7.78,-23.52,39.99,119980.4,2008-01-31,2024-12-02,13.81,5.61,False
positioning,GLD,Gold,cftc_managed_capitulation_turn,9,6,2,33.33,50.0,50.0,50.0,66.67,5.33,12.01,5.91,1.42,-24.09,12.85,112009.13,2012-01-10,2023-05-09,9.68,3.22,False
positioning,PALL,Palladium,cftc_producer_accumulation,11,6,2,33.33,33.33,33.33,33.33,66.67,5.19,3.91,-2.42,1.67,-35.37,36.32,103909.97,2011-12-20,2024-02-28,9.68,3.22,False
directional,NLR,Nuclear-energy chain,trend_10m,10,15,5,33.33,33.33,26.67,40.0,66.67,5.18,3.92,-2.8,5.35,-27.77,39.58,103919.48,2009-07-31,2026-06-01,15.18,6.59,False
directional,ICLN,Clean energy,trend_10m,4,21,7,33.33,38.1,38.1,52.38,57.14,5.07,3.41,1.35,6.47,-21.99,55.6,103414.92,2009-08-31,2026-06-01,17.19,8.26,False
directional,GLD,Gold,trend_10m,4,36,12,33.33,30.56,27.78,50.0,61.11,5.01,3.95,1.96,5.03,-20.65,24.4,103946.74,2005-09-30,2026-06-01,20.21,11.3,False
directional,GLD,Gold,dip_in_uptrend,5,9,3,33.33,22.22,11.11,33.33,66.67,4.87,-0.27,-2.55,5.24,-12.6,26.63,99733.37,2008-03-31,2026-08-31,12.06,4.49,False
positioning,GLD,Gold,cftc_producer_accumulation,6,9,3,33.33,22.22,11.11,44.44,55.56,4.83,1.75,-1.55,0.24,-18.38,20.42,101745.32,2010-11-16,2026-08-03,12.06,4.49,False
directional,GLD,Gold,dip_in_uptrend,8,6,2,33.33,33.33,16.67,50.0,66.67,4.77,3.14,-2.09,5.62,-16.53,21.51,103142.01,2008-03-31,2021-07-30,9.68,3.22,False
directional,CPER,Copper,six_month_breakout,6,3,1,33.33,33.33,33.33,33.33,66.67,4.64,3.56,1.23,10.54,-6.62,33.61,103561.68,2013-12-31,2021-03-01,6.15,1.75,False
positioning,SLV,Silver,cftc_managed_capitulation_turn,3,9,3,33.33,44.44,22.22,77.78,55.56,4.29,9.53,8.53,4.15,-17.35,25.18,109529.09,2008-10-07,2022-12-20,12.06,4.49,False
directional,NLR,Nuclear-energy chain,trend_10m,12,12,4,33.33,50.0,41.67,50.0,83.33,4.06,8.8,2.2,8.98,-25.13,47.2,108801.1,2009-07-31,2026-06-01,13.81,5.61,False
directional,CPER,Copper,oversold_recovery,8,3,1,33.33,33.33,33.33,66.67,66.67,3.85,8.4,4.28,15.77,-10.23,53.7,108404.82,2013-04-30,2020-11-30,6.15,1.75,False
positioning,SLV,Silver,cftc_managed_capitulation_turn,11,6,2,33.33,66.67,50.0,66.67,66.67,3.74,21.82,9.58,6.77,-15.66,41.72,121817.89,2008-10-07,2023-05-08,9.68,3.22,False
positioning,PALL,Palladium,cftc_managed_capitulation_turn,6,12,4,33.33,41.67,25.0,41.67,66.67,3.72,2.63,-0.24,8.6,-17.31,64.22,102633.47,2011-11-01,2025-07-14,13.81,5.61,False
directional,DBA,Agricultural commodities,dip_in_uptrend,12,3,1,33.33,33.33,33.33,33.33,66.67,3.69,4.47,-4.93,-4.62,-31.73,14.17,104473.71,2008-03-31,2025-06-30,6.15,1.75,False
directional,GLD,Gold,six_month_breakout,5,15,5,33.33,33.33,33.33,40.0,80.0,3.53,-0.44,-2.18,7.74,-8.46,34.09,99556.74,2006-01-31,2026-02-02,15.18,6.59,False
directional,GLTR,Precious-metals basket,six_month_breakout,5,9,3,33.33,22.22,11.11,33.33,66.67,3.34,1.45,-0.31,6.57,-19.13,53.59,101454.08,2011-04-30,2026-03-02,12.06,4.49,False
directional,PALL,Palladium,buy_hold,12,15,5,33.33,60.0,40.0,60.0,60.0,3.2,12.16,7.62,16.03,-39.76,93.97,112157.74,2010-01-31,2026-03-02,15.18,6.59,False
directional,PPLT,Platinum,oversold_recovery,2,3,1,33.33,0.0,0.0,66.67,66.67,3.17,2.13,0.86,1.39,-18.28,19.27,102129.95,2010-05-31,2026-04-28,6.15,1.75,False
directional,GLTR,Precious-metals basket,buy_hold,7,24,8,33.33,41.67,33.33,54.17,58.33,2.91,6.22,2.76,4.53,-20.55,54.17,106222.12,2010-10-31,2026-08-31,17.97,8.97,False
directional,PHO,Water infrastructure,oversold_recovery,2,6,2,33.33,33.33,33.33,66.67,66.67,2.89,4.55,3.25,6.01,-2.58,17.17,104551.5,2008-01-31,2020-06-01,9.68,3.22,False
directional,DBB,Base metals,buy_hold,10,21,7,33.33,42.86,38.1,47.62,57.14,2.31,8.0,2.38,3.21,-33.99,36.92,107999.0,2007-01-31,2026-02-02,17.19,8.26,False
directional,WOOD,Timber and forestry,dip_in_uptrend,11,3,1,33.33,66.67,33.33,66.67,66.67,2.05,16.21,7.52,6.22,-7.85,24.46,116211.11,2010-01-31,2024-12-31,6.15,1.75,False
directional,DBA,Agricultural commodities,dip_in_uptrend,10,3,1,33.33,66.67,33.33,66.67,66.67,2.01,11.34,2.16,-3.97,-30.97,17.05,111337.44,2008-03-31,2025-04-30,6.15,1.75,False
directional,CPER,Copper,oversold_recovery,5,3,1,33.33,33.33,33.33,100.0,66.67,1.8,8.92,5.49,8.85,-11.84,36.6,108920.34,2013-04-30,2020-08-31,6.15,1.75,False
positioning,PALL,Palladium,cftc_producer_accumulation,2,18,6,33.33,22.22,22.22,72.22,55.56,1.71,3.95,3.33,3.14,-18.52,26.02,103952.79,2011-12-20,2024-04-22,16.28,7.47,False
directional,GLTR,Precious-metals basket,trend_10m,9,12,4,33.33,50.0,33.33,50.0,58.33,1.62,9.23,6.27,4.52,-32.68,45.66,109230.41,2011-08-31,2026-08-31,13.81,5.61,False
directional,URA,Uranium miners,buy_hold,6,27,9,33.33,48.15,44.44,48.15,51.85,1.17,0.51,-3.86,3.57,-37.7,65.04,100508.46,2010-11-30,2026-03-02,18.64,9.63,False
directional,URA,Uranium miners,oversold_recovery,6,9,3,33.33,33.33,33.33,44.44,55.56,1.17,1.94,-2.95,0.54,-32.51,30.61,101941.21,2011-06-30,2026-06-01,12.06,4.49,False
directional,URA,Uranium miners,oversold_recovery,8,9,3,33.33,33.33,33.33,33.33,55.56,0.86,-3.02,-6.94,6.59,-11.66,45.11,96975.68,2011-06-30,2026-07-30,12.06,4.49,False
directional,CPER,Copper,oversold_recovery,6,3,1,33.33,33.33,33.33,66.67,66.67,0.71,8.0,2.82,6.73,-15.25,34.72,108002.3,2013-04-30,2020-09-30,6.15,1.75,False
directional,GLD,Gold,dip_in_uptrend,7,6,2,33.33,33.33,33.33,33.33,50.0,0.7,-5.61,-9.17,5.06,-21.29,36.64,94388.27,2008-03-31,2021-06-30,9.68,3.22,False
directional,DBA,Agricultural commodities,buy_hold,10,21,7,33.33,33.33,23.81,42.86,52.38,0.69,7.04,-0.73,1.48,-22.3,27.93,107041.77,2007-01-31,2026-02-02,17.19,8.26,False
directional,URA,Uranium miners,six_month_breakout,4,3,1,33.33,66.67,66.67,66.67,66.67,0.63,13.34,12.44,8.42,-19.94,44.58,113337.82,2014-02-28,2025-10-30,6.15,1.75,False
directional,DBA,Agricultural commodities,dip_in_uptrend,11,3,1,33.33,33.33,33.33,33.33,66.67,0.58,6.71,-2.48,-6.71,-37.29,16.57,106713.65,2008-03-31,2025-05-30,6.15,1.75,False
directional,ICLN,Clean energy,trend_10m,5,18,6,33.33,33.33,27.78,44.44,50.0,0.54,2.51,1.36,4.65,-29.28,96.26,102514.51,2009-08-31,2026-07-28,16.28,7.47,False
directional,CPER,Copper,oversold_recovery,4,3,1,33.33,33.33,33.33,66.67,66.67,0.12,6.28,3.75,4.67,-15.43,29.31,106275.97,2013-04-30,2020-07-31,6.15,1.75,False
directional,DBA,Agricultural commodities,dip_in_uptrend,9,3,1,33.33,66.67,33.33,66.67,33.33,-0.06,12.23,3.64,-4.02,-27.0,15.0,112225.01,2008-03-31,2025-03-31,6.15,1.75,False
rotation,SLV+GLD,Top-2 resource rotation,top2_10m_momentum,8,3,1,33.33,33.33,0.0,33.33,33.33,-0.14,-7.06,-13.33,1.14,-11.38,14.95,92941.48,2016-04-29,2025-06-30,6.15,1.75,False
positioning,SLV,Silver,cftc_producer_accumulation,3,15,5,33.33,46.67,26.67,66.67,46.67,-0.2,6.75,5.63,7.13,-22.7,80.48,106747.88,2010-12-21,2026-07-21,15.18,6.59,False
directional,GLTR,Precious-metals basket,buy_hold,8,21,7,33.33,42.86,33.33,57.14,47.62,-0.22,8.81,4.42,5.69,-23.62,68.62,108813.98,2010-10-31,2026-02-02,17.19,8.26,False
directional,LIT,Lithium and battery chain,buy_hold,7,24,8,33.33,37.5,37.5,45.83,50.0,-0.3,4.15,-1.28,8.53,-26.87,77.12,104154.73,2010-07-31,2026-06-30,17.97,8.97,False
directional,DBA,Agricultural commodities,dip_in_uptrend,8,3,1,33.33,66.67,66.67,66.67,33.33,-0.65,18.28,10.12,-6.67,-35.01,15.65,118280.99,2008-03-31,2025-02-28,6.15,1.75,False
directional,ICLN,Clean energy,trend_10m,12,12,4,33.33,50.0,50.0,50.0,50.0,-0.75,6.19,0.64,7.52,-49.82,114.74,106190.27,2009-08-31,2025-09-02,13.81,5.61,False
directional,URA,Uranium miners,buy_hold,8,21,7,33.33,33.33,23.81,38.1,47.62,-0.81,-2.87,-6.68,2.75,-40.68,74.16,97125.14,2010-11-30,2026-02-02,17.19,8.26,False
directional,DBA,Agricultural commodities,dip_in_uptrend,6,3,1,33.33,66.67,66.67,66.67,33.33,-0.85,36.0,29.86,-1.16,-17.32,14.69,135999.65,2008-03-31,2024-12-30,6.15,1.75,False
directional,SLX,Steel producers,dip_in_uptrend,8,9,3,33.33,44.44,22.22,44.44,44.44,-1.26,5.58,-0.64,1.19,-32.52,29.51,105575.78,2008-01-31,2025-02-28,12.06,4.49,False
directional,SLV,Silver,oversold_recovery,10,6,2,33.33,33.33,16.67,33.33,50.0,-1.27,3.86,-4.82,-3.88,-28.55,19.51,103859.07,2006-06-30,2021-07-30,9.68,3.22,False
directional,CPER,Copper,oversold_recovery,9,3,1,33.33,33.33,33.33,66.67,33.33,-1.61,8.8,4.13,15.97,-7.07,56.58,108802.33,2013-04-30,2020-12-31,6.15,1.75,False
directional,DBA,Agricultural commodities,dip_in_uptrend,7,3,1,33.33,66.67,66.67,66.67,33.33,-1.68,33.25,30.38,-3.45,-29.69,21.03,133252.88,2008-03-31,2025-01-30,6.15,1.75,False
directional,URA,Uranium miners,six_month_breakout,5,3,1,33.33,66.67,33.33,66.67,33.33,-1.81,10.09,8.83,-0.69,-13.95,13.69,110094.15,2014-02-28,2025-12-01,6.15,1.75,False
directional,DBA,Agricultural commodities,dip_in_uptrend,5,3,1,33.33,66.67,66.67,66.67,33.33,-1.82,17.21,18.43,1.48,-5.14,11.4,117211.61,2008-03-31,2024-12-02,6.15,1.75,False
directional,PPLT,Platinum,oversold_recovery,3,3,1,33.33,0.0,0.0,33.33,33.33,-1.92,-1.38,-2.6,-1.98,-18.94,14.93,98618.8,2010-05-31,2026-05-28,6.15,1.75,False
directional,CPER,Copper,oversold_recovery,2,3,1,33.33,0.0,0.0,100.0,33.33,-1.97,2.58,0.97,2.23,-3.61,12.28,102584.6,2013-04-30,2020-06-01,6.15,1.75,False
positioning,CPER,Copper,cftc_producer_accumulation,10,6,2,33.33,33.33,16.67,33.33,33.33,-2.19,-0.97,-5.08,7.16,-3.09,35.93,99029.53,2012-07-03,2024-08-26,9.68,3.22,False
directional,SLV,Silver,oversold_recovery,8,6,2,33.33,33.33,16.67,50.0,50.0,-2.31,-1.69,-6.62,-4.28,-46.33,26.61,98311.18,2006-06-30,2021-06-01,9.68,3.22,False
directional,CPER,Copper,oversold_recovery,10,3,1,33.33,66.67,33.33,66.67,33.33,-2.38,12.59,7.13,13.83,-14.01,57.88,112591.39,2013-04-30,2021-02-01,6.15,1.75,False
directional,CPER,Copper,oversold_recovery,7,3,1,33.33,66.67,33.33,66.67,33.33,-2.7,10.8,5.48,7.2,-12.96,37.25,110800.77,2013-04-30,2020-11-02,6.15,1.75,False
directional,URA,Uranium miners,oversold_recovery,7,9,3,33.33,33.33,33.33,33.33,44.44,-3.51,-0.08,-4.88,3.27,-21.5,34.47,99920.39,2011-06-30,2026-06-30,12.06,4.49,False
directional,DBB,Base metals,six_month_breakout,10,9,3,33.33,44.44,33.33,44.44,44.44,-3.67,4.54,-0.75,2.09,-19.05,29.42,104544.05,2009-07-31,2026-08-31,12.06,4.49,False
directional,SLX,Steel producers,dip_in_uptrend,11,9,3,33.33,44.44,44.44,44.44,44.44,-4.05,6.53,1.67,-3.19,-60.51,39.48,106525.83,2008-01-31,2025-05-30,12.06,4.49,False
directional,GLTR,Precious-metals basket,oversold_recovery,4,3,1,33.33,33.33,33.33,33.33,33.33,-4.2,1.69,-0.72,-1.93,-29.88,28.3,101689.55,2013-04-30,2026-06-29,6.15,1.75,False
directional,SLX,Steel producers,dip_in_uptrend,12,9,3,33.33,44.44,44.44,44.44,44.44,-4.28,8.2,2.49,-3.71,-62.14,44.64,108200.68,2008-01-31,2025-06-30,12.06,4.49,False
positioning,PALL,Palladium,cftc_managed_capitulation_turn,8,12,4,33.33,33.33,33.33,33.33,33.33,-4.43,-2.02,-6.26,3.11,-30.09,44.44,97978.78,2011-11-01,2025-09-15,13.81,5.61,False
directional,SLX,Steel producers,dip_in_uptrend,9,9,3,33.33,33.33,33.33,44.44,33.33,-4.62,-2.18,-4.9,-5.43,-56.16,23.97,97821.04,2008-01-31,2025-03-31,12.06,4.49,False
rotation,TAN+ICLN,Top-2 resource rotation,top2_10m_momentum,4,6,2,33.33,33.33,33.33,66.67,50.0,-4.68,5.95,2.8,7.84,-25.59,72.89,105951.22,2013-08-30,2021-06-01,9.68,3.22,False
directional,CPER,Copper,oversold_recovery,3,3,1,33.33,33.33,0.0,66.67,33.33,-4.78,3.91,1.39,4.27,-5.38,22.96,103907.74,2013-04-30,2020-06-30,6.15,1.75,False
positioning,PALL,Palladium,cftc_producer_accumulation,5,12,4,33.33,41.67,41.67,50.0,33.33,-4.87,2.23,-0.33,2.13,-21.2,36.47,102225.56,2011-12-20,2024-07-22,13.81,5.61,False
positioning,SLV,Silver,cftc_managed_capitulation_turn,10,6,2,33.33,66.67,50.0,66.67,33.33,-5.18,24.13,13.47,0.49,-15.79,26.25,124132.5,2008-10-07,2023-04-10,9.68,3.22,False
directional,TAN,Solar energy,buy_hold,11,18,6,33.33,38.89,38.89,38.89,38.89,-5.37,-8.58,-16.51,21.81,-74.26,324.58,91420.5,2008-04-30,2026-03-02,16.28,7.47,False
directional,TAN,Solar energy,oversold_recovery,7,9,3,33.33,33.33,22.22,33.33,44.44,-5.76,-8.34,-11.52,11.22,-62.07,181.21,91656.59,2008-10-31,2024-04-01,12.06,4.49,False
directional,SLV,Silver,oversold_recovery,12,6,2,33.33,16.67,16.67,16.67,33.33,-5.81,-3.02,-11.61,-7.13,-36.5,17.65,96975.32,2006-06-30,2021-09-30,9.68,3.22,False
fundamental,UNG,Natural gas storage,storage_shortage_with_trend,6,6,2,33.33,50.0,33.33,50.0,33.33,-6.04,7.55,3.73,6.88,-72.67,115.64,107550.36,2013-11-22,2023-02-13,9.68,3.22,False
directional,SLX,Steel producers,dip_in_uptrend,10,9,3,33.33,44.44,44.44,44.44,44.44,-6.75,6.01,2.2,-7.78,-69.61,30.46,106008.16,2008-01-31,2025-04-30,12.06,4.49,False
directional,CPER,Copper,oversold_recovery,11,3,1,33.33,33.33,33.33,33.33,33.33,-6.84,6.37,0.5,21.86,-10.42,82.84,106371.6,2013-04-30,2021-03-01,6.15,1.75,False
directional,CPER,Copper,oversold_recovery,12,3,1,33.33,33.33,33.33,33.33,33.33,-7.25,5.94,-0.92,20.09,-9.92,77.43,105937.75,2013-04-30,2021-03-31,6.15,1.75,False
directional,GLTR,Precious-metals basket,oversold_recovery,6,3,1,33.33,33.33,33.33,33.33,33.33,-7.4,-5.36,-7.93,-1.25,-21.27,24.91,94635.48,2013-04-30,2026-08-28,6.15,1.75,False
directional,REMX,Rare earth and strategic metals,buy_hold,6,27,9,33.33,40.74,29.63,44.44,40.74,-7.51,0.07,-2.47,2.75,-41.2,92.72,100072.54,2010-10-31,2026-03-02,18.64,9.63,False
directional,GLTR,Precious-metals basket,six_month_breakout,12,6,2,33.33,16.67,16.67,16.67,33.33,-7.56,-4.4,-7.24,1.7,-16.41,35.37,95598.75,2011-04-30,2025-03-31,9.68,3.22,False
directional,URA,Uranium miners,oversold_recovery,12,6,2,33.33,33.33,33.33,33.33,33.33,-8.65,0.63,-6.36,11.4,-37.41,120.64,100630.47,2011-06-30,2023-06-30,9.68,3.22,False
directional,REMX,Rare earth and strategic metals,oversold_recovery,11,6,2,33.33,50.0,50.0,50.0,33.33,-8.67,21.63,16.84,32.39,-37.96,214.85,121625.21,2011-08-31,2023-05-30,9.68,3.22,False
directional,UNG,Natural gas,trend_10m,6,9,3,33.33,33.33,33.33,33.33,44.44,-9.3,-13.27,-15.73,-0.96,-71.38,106.4,86729.73,2008-04-30,2025-06-30,12.06,4.49,False
directional,GLTR,Precious-metals basket,oversold_recovery,5,3,1,33.33,33.33,33.33,33.33,33.33,-9.67,-6.52,-8.87,-1.72,-30.13,34.65,93479.44,2013-04-30,2026-07-28,6.15,1.75,False
directional,REMX,Rare earth and strategic metals,oversold_recovery,7,6,2,33.33,33.33,33.33,33.33,33.33,-9.91,-7.64,-9.86,-0.71,-28.96,56.05,92357.74,2011-08-31,2023-01-30,9.68,3.22,False
directional,REMX,Rare earth and strategic metals,oversold_recovery,10,6,2,33.33,50.0,50.0,50.0,33.33,-10.41,21.01,14.93,23.24,-33.42,174.44,121012.69,2011-08-31,2023-05-01,9.68,3.22,False
directional,REMX,Rare earth and strategic metals,buy_hold,8,21,7,33.33,38.1,23.81,38.1,38.1,-11.46,-9.41,-13.06,7.1,-48.27,136.59,90589.37,2010-10-31,2026-02-02,17.19,8.26,False
directional,GLTR,Precious-metals basket,oversold_recovery,3,3,1,33.33,0.0,0.0,0.0,33.33,-12.09,-7.6,-9.05,-6.08,-17.17,11.03,92404.12,2013-04-30,2026-05-28,6.15,1.75,False
directional,GLTR,Precious-metals basket,oversold_recovery,2,3,1,33.33,0.0,0.0,0.0,33.33,-15.42,-11.49,-12.88,-7.38,-16.82,10.09,88510.05,2013-04-30,2026-04-28,6.15,1.75,False
directional,TAN,Solar energy,oversold_recovery,6,9,3,33.33,22.22,22.22,22.22,44.44,-19.66,-0.97,-9.77,7.52,-59.21,156.6,99031.57,2008-10-31,2024-02-29,12.06,4.49,False
directional,UNG,Natural gas,six_month_breakout,2,3,1,33.33,33.33,33.33,33.33,33.33,-30.79,-25.71,-27.42,-20.9,-47.08,15.17,74291.84,2008-06-30,2026-03-31,6.15,1.75,False
directional,UNG,Natural gas,six_month_breakout,5,3,1,33.33,33.33,33.33,33.33,33.33,-30.85,-29.01,-31.27,-24.19,-56.8,15.09,70994.61,2008-06-30,2026-06-30,6.15,1.75,False
directional,UNG,Natural gas,six_month_breakout,4,3,1,33.33,33.33,33.33,33.33,33.33,-31.92,-36.15,-38.19,-18.41,-56.05,32.75,63849.44,2008-06-30,2026-06-01,6.15,1.75,False
directional,UNG,Natural gas,six_month_breakout,3,3,1,33.33,33.33,33.33,33.33,33.33,-37.48,-38.18,-39.97,-10.28,-47.29,53.93,61818.44,2008-06-30,2026-04-30,6.15,1.75,False
directional,UNG,Natural gas,six_month_breakout,7,3,1,33.33,33.33,33.33,33.33,33.33,-37.83,-29.73,-32.92,-26.47,-71.41,29.85,70267.23,2008-06-30,2026-08-31,6.15,1.75,False
directional,DBB,Base metals,buy_hold,6,34,11,32.35,35.29,29.41,41.18,44.12,-1.28,3.66,-0.58,1.86,-22.18,44.44,103663.53,2007-01-31,2026-06-30,19.13,10.45,False
directional,WOOD,Timber and forestry,trend_10m,5,25,8,32.0,36.0,28.0,64.0,64.0,3.96,6.77,3.47,2.75,-23.65,33.64,106770.35,2009-08-31,2026-06-30,17.2,8.59,False
positioning,UNG,Natural gas,cftc_producer_accumulation,1,25,8,32.0,24.0,20.0,52.0,44.0,-1.89,3.01,3.0,-0.38,-21.83,34.89,103014.41,2008-11-04,2026-04-10,17.2,8.59,False
directional,WOOD,Timber and forestry,buy_hold,9,22,7,31.82,50.0,50.0,50.0,59.09,2.67,11.49,6.83,5.44,-54.41,78.81,111486.97,2008-06-30,2026-06-30,16.36,7.86,False
directional,NLR,Nuclear-energy chain,buy_hold,11,19,6,31.58,42.11,21.05,42.11,57.89,4.23,6.65,-1.19,4.97,-21.94,52.6,106646.11,2007-08-31,2026-07-31,15.36,7.05,False
directional,GLTR,Precious-metals basket,buy_hold,9,19,6,31.58,52.63,26.32,52.63,52.63,1.88,11.59,5.74,5.57,-23.36,38.13,111589.87,2010-10-31,2026-06-30,15.36,7.05,False
positioning,PALL,Palladium,cftc_managed_capitulation_turn,3,19,6,31.58,36.84,31.58,47.37,52.63,0.96,2.49,1.37,3.34,-16.88,27.46,102493.79,2011-11-01,2025-07-15,15.36,7.05,False
directional,GLD,Gold,six_month_breakout,4,16,5,31.25,37.5,37.5,43.75,75.0,6.66,2.42,0.38,8.0,-5.17,25.03,102415.35,2006-01-31,2025-12-31,14.16,6.16,False
directional,DBA,Agricultural commodities,trend_10m,8,16,5,31.25,31.25,18.75,43.75,50.0,-0.84,-0.5,-3.14,1.12,-31.8,31.56,99498.8,2007-11-30,2026-04-30,14.16,6.16,False
positioning,PALL,Palladium,cftc_producer_accumulation,3,16,5,31.25,25.0,25.0,37.5,50.0,-1.69,-2.25,-3.61,2.2,-25.3,28.14,97746.98,2011-12-20,2024-05-20,14.16,6.16,False
directional,ICLN,Clean energy,trend_10m,7,16,5,31.25,43.75,37.5,50.0,43.75,-2.29,2.44,0.86,6.27,-47.63,138.18,102442.19,2009-08-31,2026-03-31,14.16,6.16,False
directional,ICLN,Clean energy,trend_10m,6,16,5,31.25,43.75,37.5,56.25,43.75,-6.32,7.31,5.75,3.88,-50.47,98.07,107306.35,2009-08-31,2026-03-02,14.16,6.16,False
directional,SLV,Silver,trend_10m,2,42,13,30.95,30.95,30.95,50.0,54.76,1.13,0.72,-0.18,4.25,-28.02,46.18,100717.42,2007-03-31,2026-06-30,19.07,10.88,False
directional,CPER,Copper,trend_10m,6,13,4,30.77,30.77,23.08,53.85,53.85,7.67,7.58,3.19,4.53,-28.97,28.39,107579.32,2012-09-30,2026-04-30,12.68,5.16,False
positioning,PALL,Palladium,cftc_producer_accumulation,4,13,4,30.77,30.77,30.77,38.46,53.85,5.32,-1.27,-3.11,3.08,-19.31,40.14,98733.96,2011-12-20,2024-06-20,12.68,5.16,False
directional,NLR,Nuclear-energy chain,trend_10m,11,13,4,30.77,46.15,30.77,53.85,69.23,5.06,9.69,3.27,7.56,-19.52,42.22,109693.46,2009-07-31,2025-12-31,12.68,5.16,False
relative_value,SIL/SLV,Silver miners / silver,rolling_3y_ratio_reversion,6,13,4,30.77,61.54,38.46,76.92,61.54,2.27,13.04,8.53,4.12,-7.11,13.4,113042.91,2012-05-18,2025-12-02,12.68,5.16,False
directional,SLX,Steel producers,dip_in_uptrend,4,13,4,30.77,46.15,46.15,61.54,69.23,1.7,8.35,5.94,4.78,-22.13,38.64,108351.2,2008-01-31,2024-10-30,12.68,5.16,False
directional,DBB,Base metals,buy_hold,8,26,8,30.77,26.92,26.92,30.77,50.0,-0.03,1.07,-1.97,3.29,-43.63,62.89,101068.88,2007-01-31,2026-02-02,16.5,8.24,False
directional,ICLN,Clean energy,trend_10m,11,13,4,30.77,46.15,46.15,46.15,38.46,-2.76,4.11,1.77,6.97,-47.56,134.25,104108.81,2009-08-31,2026-07-31,12.68,5.16,False
fundamental,UNG,Natural gas storage,storage_glut_with_downtrend,4,13,4,30.77,38.46,38.46,46.15,46.15,-6.56,-1.21,-3.42,-2.63,-42.83,38.43,98792.9,2012-12-28,2026-05-11,12.68,5.16,False
directional,ICLN,Clean energy,trend_10m,10,13,4,30.77,46.15,46.15,46.15,38.46,-6.58,8.21,5.53,3.87,-49.04,69.99,108208.18,2009-08-31,2026-06-30,12.68,5.16,False
directional,ICLN,Clean energy,buy_hold,5,36,11,30.56,38.89,30.56,47.22,52.78,2.21,3.05,1.61,0.76,-66.97,87.74,103048.37,2008-06-30,2026-06-01,18.0,9.83,False
directional,DBB,Base metals,trend_10m,4,23,7,30.43,30.43,26.09,56.52,60.87,4.81,4.97,3.72,2.82,-24.5,24.25,104973.3,2008-02-29,2026-07-31,15.6,7.5,False
directional,UNG,Natural gas,trend_10m,1,23,7,30.43,21.74,17.39,47.83,52.17,4.67,0.06,-0.75,0.81,-32.09,39.58,100057.9,2008-04-30,2025-04-30,15.6,7.5,False
directional,NLR,Nuclear-energy chain,buy_hold,9,23,7,30.43,39.13,30.43,47.83,56.52,2.09,6.06,-0.65,2.77,-50.45,33.66,106060.49,2007-08-31,2026-06-30,15.6,7.5,False
directional,URA,Uranium miners,buy_hold,7,23,7,30.43,34.78,30.43,39.13,39.13,-3.16,-1.03,-5.22,1.22,-36.55,80.42,98966.33,2010-11-30,2026-03-02,15.6,7.5,False
directional,TAN,Solar energy,buy_hold,4,46,14,30.43,21.74,21.74,28.26,41.3,-6.08,-3.38,-6.1,0.51,-59.72,80.92,96620.17,2008-04-30,2026-07-31,19.08,11.1,False
relative_value,COPX/CPER,Copper miners / copper,rolling_3y_ratio_reversion,10,10,3,30.0,40.0,40.0,60.0,60.0,6.4,5.89,2.88,3.33,-20.63,18.96,105891.2,2013-12-04,2026-06-22,10.78,4.03,False
relative_value,COPX/CPER,Copper miners / copper,rolling_3y_ratio_reversion,11,10,3,30.0,50.0,40.0,80.0,80.0,6.4,11.99,6.95,4.27,-14.92,18.96,111993.26,2013-12-04,2026-07-22,10.78,4.03,False
directional,URA,Uranium miners,oversold_recovery,4,10,3,30.0,40.0,40.0,50.0,70.0,5.21,5.87,2.85,7.82,-16.31,44.52,105866.36,2011-06-30,2026-03-30,10.78,4.03,False
directional,PHO,Water infrastructure,dip_in_uptrend,3,10,3,30.0,20.0,10.0,60.0,60.0,3.51,3.94,-0.22,2.02,-11.35,13.67,103944.27,2008-01-31,2025-03-31,10.78,4.03,False
directional,NLR,Nuclear-energy chain,oversold_recovery,2,10,3,30.0,20.0,20.0,60.0,60.0,3.09,3.13,1.61,1.43,-20.06,17.05,103125.52,2007-11-30,2026-07-31,10.78,4.03,False
directional,REMX,Rare earth and strategic metals,trend_10m,2,20,6,30.0,30.0,25.0,60.0,55.0,3.0,3.47,2.32,5.02,-16.72,40.01,103466.16,2016-06-30,2026-06-30,14.55,6.68,False
directional,SLV,Silver,buy_hold,5,40,12,30.0,37.5,35.0,47.5,57.5,2.8,3.81,-0.17,4.79,-38.53,54.63,103807.52,2006-04-30,2026-03-31,18.07,10.1,False
positioning,PPLT,Platinum,cftc_managed_capitulation_turn,5,10,3,30.0,30.0,20.0,50.0,60.0,2.8,2.75,0.04,2.82,-21.1,22.21,102748.43,2012-01-17,2023-01-03,10.78,4.03,False
directional,DBB,Base metals,six_month_breakout,6,10,3,30.0,30.0,20.0,50.0,60.0,2.78,3.86,1.45,2.62,-18.33,19.22,103856.46,2009-07-31,2026-04-30,10.78,4.03,False
directional,SLV,Silver,buy_hold,7,30,9,30.0,36.67,30.0,43.33,56.67,2.37,-0.1,-4.08,5.65,-45.3,88.08,99901.65,2006-04-30,2026-03-31,16.66,8.61,False
directional,CPER,Copper,trend_10m,3,20,6,30.0,35.0,30.0,50.0,50.0,1.9,4.78,2.56,2.64,-22.81,22.65,104778.25,2012-09-30,2026-07-30,14.55,6.68,False
directional,WOOD,Timber and forestry,trend_10m,7,20,6,30.0,40.0,25.0,50.0,55.0,1.11,5.71,1.22,3.8,-14.74,42.95,105707.72,2009-08-31,2026-08-31,14.55,6.68,False
directional,SLX,Steel producers,dip_in_uptrend,7,10,3,30.0,50.0,30.0,70.0,50.0,1.05,11.58,4.0,4.67,-14.74,36.8,111581.79,2008-01-31,2025-01-30,10.78,4.03,False
positioning,PPLT,Platinum,cftc_managed_capitulation_turn,4,10,3,30.0,30.0,30.0,50.0,60.0,0.92,5.24,3.19,0.94,-12.23,14.14,105244.88,2012-01-17,2022-12-02,10.78,4.03,False
directional,PPLT,Platinum,buy_hold,9,20,6,30.0,30.0,15.0,55.0,50.0,0.71,8.63,1.25,1.36,-23.84,46.92,108628.99,2010-01-31,2026-06-30,14.55,6.68,False
directional,LIT,Lithium and battery chain,buy_hold,4,40,12,30.0,32.5,32.5,42.5,45.0,-1.82,-0.95,-3.33,3.16,-35.27,66.06,99049.99,2010-07-31,2026-07-31,18.07,10.1,False
fundamental,UNG,Natural gas storage,storage_shortage_with_trend,3,10,3,30.0,40.0,40.0,50.0,30.0,-7.69,0.49,-0.3,8.72,-35.69,88.9,100488.74,2013-11-22,2022-11-14,10.78,4.03,False
positioning,UNG,Natural gas,cftc_producer_accumulation,6,10,3,30.0,30.0,20.0,30.0,30.0,-18.62,-11.87,-15.13,-11.15,-53.39,32.98,88128.69,2008-11-04,2026-07-27,10.78,4.03,False
directional,GLTR,Precious-metals basket,buy_hold,6,27,8,29.63,40.74,25.93,59.26,59.26,2.1,6.58,3.38,6.1,-15.76,74.11,106584.88,2010-10-31,2026-03-02,15.85,7.92,False
directional,SLV,Silver,buy_hold,8,27,8,29.63,40.74,37.04,44.44,51.85,0.76,4.98,0.23,10.44,-27.24,141.27,104984.29,2006-04-30,2026-02-02,15.85,7.92,False
directional,GLTR,Precious-metals basket,buy_hold,10,17,5,29.41,58.82,47.06,58.82,64.71,3.05,14.38,6.43,9.86,-14.29,73.47,114382.25,2010-10-31,2026-02-02,13.28,5.78,False
directional,GLTR,Precious-metals basket,trend_10m,5,17,5,29.41,35.29,23.53,41.18,70.59,2.57,3.05,1.65,4.15,-12.32,29.01,103053.63,2011-08-31,2026-04-30,13.28,5.78,False
directional,NLR,Nuclear-energy chain,buy_hold,12,17,5,29.41,52.94,47.06,52.94,64.71,2.29,13.29,9.44,6.79,-25.13,56.3,113292.13,2007-08-31,2025-12-31,13.28,5.78,False
directional,NLR,Nuclear-energy chain,trend_10m,9,17,5,29.41,47.06,41.18,52.94,58.82,1.14,8.72,6.94,7.21,-18.86,73.33,108718.3,2009-07-31,2026-08-31,13.28,5.78,False
directional,SLV,Silver,buy_hold,4,51,15,29.41,33.33,29.41,50.98,47.06,-1.18,3.72,0.32,6.33,-29.77,85.14,103721.01,2006-04-30,2026-07-31,18.71,11.07,False
positioning,UNG,Natural gas,cftc_producer_accumulation,2,17,5,29.41,29.41,29.41,47.06,47.06,-2.12,1.69,0.45,-2.93,-35.0,27.63,101693.74,2008-11-04,2026-03-27,13.28,5.78,False
directional,DBA,Agricultural commodities,trend_10m,7,17,5,29.41,29.41,23.53,35.29,41.18,-6.3,0.65,-5.11,0.65,-37.36,34.4,100648.98,2007-11-30,2025-12-01,13.28,5.78,False
directional,REMX,Rare earth and strategic metals,buy_hold,10,17,5,29.41,41.18,35.29,41.18,35.29,-8.93,-1.03,-7.95,10.83,-49.92,190.73,98970.99,2010-10-31,2026-02-02,13.28,5.78,False
directional,PHO,Water infrastructure,buy_hold,5,41,12,29.27,26.83,21.95,63.41,78.05,4.64,5.99,2.99,3.61,-42.59,23.0,105986.02,2005-12-31,2026-06-01,17.61,9.84,False
directional,PALL,Palladium,buy_hold,4,41,12,29.27,39.02,36.59,48.78,58.54,2.96,3.18,1.72,3.3,-23.94,47.09,103181.23,2010-01-31,2026-06-01,17.61,9.84,False
directional,LIT,Lithium and battery chain,buy_hold,3,48,14,29.17,33.33,29.17,47.92,52.08,1.45,1.7,-0.16,3.13,-28.59,51.87,101702.82,2010-07-31,2026-06-30,18.24,10.61,False
directional,REMX,Rare earth and strategic metals,buy_hold,7,24,7,29.17,37.5,33.33,41.67,37.5,-8.36,-7.82,-9.4,6.24,-46.07,113.33,92181.76,2010-10-31,2026-08-31,14.91,7.17,False
directional,TAN,Solar energy,trend_10m,2,31,9,29.03,32.26,29.03,64.52,54.84,3.25,5.52,4.62,5.07,-24.88,55.55,105515.66,2009-09-30,2026-06-30,16.1,8.32,False
directional,WOOD,Timber and forestry,buy_hold,4,45,13,28.89,37.78,37.78,55.56,60.0,2.8,5.56,2.69,2.89,-39.22,49.25,105560.16,2008-06-30,2026-06-01,17.73,10.12,False
directional,PHO,Water infrastructure,dip_in_uptrend,9,7,2,28.57,28.57,28.57,42.86,71.43,8.6,5.92,-1.56,3.02,-29.28,25.51,105916.76,2008-01-31,2025-09-30,8.22,2.75,False
directional,PHO,Water infrastructure,six_month_breakout,8,14,4,28.57,57.14,35.71,64.29,71.43,7.67,11.21,6.72,2.4,-45.1,26.69,111214.69,2007-01-31,2026-03-02,11.72,4.77,False
positioning,GLD,Gold,cftc_producer_accumulation,7,7,2,28.57,28.57,28.57,28.57,57.14,7.51,2.63,-3.86,2.62,-18.84,22.0,102626.38,2010-11-16,2024-04-12,8.22,2.75,False
directional,GLTR,Precious-metals basket,dip_in_uptrend,3,7,2,28.57,0.0,0.0,14.29,71.43,7.48,-3.19,-4.47,2.74,-17.17,11.03,96805.42,2011-09-30,2026-05-28,8.22,2.75,False
directional,WOOD,Timber and forestry,oversold_recovery,2,7,2,28.57,28.57,28.57,71.43,71.43,6.87,3.4,1.71,5.05,-12.51,21.44,103397.49,2008-10-31,2022-08-30,8.22,2.75,False
directional,GLTR,Precious-metals basket,dip_in_uptrend,4,7,2,28.57,14.29,14.29,42.86,85.71,6.45,0.79,-1.76,5.18,-29.88,28.3,100787.62,2011-09-30,2026-06-29,8.22,2.75,False
positioning,SLV,Silver,cftc_producer_accumulation,11,7,2,28.57,42.86,42.86,42.86,57.14,6.21,8.82,3.86,10.28,-19.01,84.78,108819.15,2010-12-21,2026-06-08,8.22,2.75,False
directional,NLR,Nuclear-energy chain,buy_hold,7,28,8,28.57,42.86,39.29,53.57,60.71,5.27,6.8,2.91,3.13,-48.81,40.69,106804.8,2007-08-31,2026-03-31,15.25,7.63,False
positioning,GLD,Gold,cftc_managed_capitulation_turn,8,7,2,28.57,42.86,28.57,42.86,57.14,5.25,4.66,0.07,1.63,-22.41,20.32,104657.94,2012-01-10,2023-04-10,8.22,2.75,False
directional,ICLN,Clean energy,oversold_recovery,4,7,2,28.57,42.86,42.86,42.86,85.71,5.19,1.49,-0.85,6.51,-36.03,51.25,101490.28,2008-10-31,2022-05-31,8.22,2.75,False
directional,PALL,Palladium,six_month_breakout,3,7,2,28.57,57.14,57.14,57.14,57.14,5.09,11.69,10.24,5.62,-21.16,36.27,111687.5,2010-10-31,2022-05-31,8.22,2.75,False
relative_value,GDX/GLD,Gold miners / gold,rolling_3y_ratio_reversion,9,14,4,28.57,42.86,42.86,57.14,64.29,4.79,7.36,5.39,2.78,-15.77,22.17,107357.98,2008-05-23,2026-05-05,11.72,4.77,False
positioning,GLD,Gold,cftc_producer_accumulation,8,7,2,28.57,42.86,14.29,57.14,71.43,4.78,8.77,1.66,4.52,-21.43,21.64,108768.42,2010-11-16,2024-05-13,8.22,2.75,False
directional,TAN,Solar energy,dip_in_uptrend,8,7,2,28.57,57.14,42.86,71.43,57.14,4.77,13.62,9.58,21.33,-20.37,139.05,113622.13,2010-01-31,2023-08-31,8.22,2.75,False
directional,NLR,Nuclear-energy chain,six_month_breakout,10,7,2,28.57,42.86,42.86,57.14,71.43,4.41,8.39,2.04,3.47,-25.33,34.36,108385.1,2010-12-31,2026-04-30,8.22,2.75,False
directional,DBA,Agricultural commodities,six_month_breakout,8,7,2,28.57,42.86,42.86,57.14,57.14,4.38,9.2,3.36,4.5,-14.01,31.56,109202.23,2009-05-31,2026-04-30,8.22,2.75,False
directional,PHO,Water infrastructure,dip_in_uptrend,8,7,2,28.57,42.86,28.57,42.86,71.43,4.31,4.21,-1.06,5.35,-10.47,23.02,104212.27,2008-01-31,2025-09-02,8.22,2.75,False
directional,PHO,Water infrastructure,dip_in_uptrend,5,7,2,28.57,42.86,28.57,57.14,71.43,4.03,7.61,2.91,4.79,-6.29,20.21,107605.08,2008-01-31,2025-06-02,8.22,2.75,False
directional,NLR,Nuclear-energy chain,buy_hold,10,21,6,28.57,42.86,23.81,42.86,61.9,2.83,4.87,-0.95,4.22,-22.07,43.1,104869.99,2007-08-31,2026-08-31,13.81,6.35,False
directional,CPER,Copper,trend_10m,2,28,8,28.57,32.14,32.14,50.0,64.29,2.66,1.99,0.23,3.73,-10.16,21.57,101993.98,2012-09-30,2026-08-31,15.25,7.63,False
directional,PALL,Palladium,oversold_recovery,4,7,2,28.57,28.57,28.57,42.86,57.14,2.65,-0.43,-3.64,-1.22,-32.03,22.58,99568.71,2010-05-31,2026-06-29,8.22,2.75,False
directional,LIT,Lithium and battery chain,six_month_breakout,1,7,2,28.57,28.57,28.57,71.43,85.71,2.55,3.17,2.84,5.27,-2.64,19.59,103173.82,2016-05-31,2026-06-01,8.22,2.75,False
positioning,PALL,Palladium,cftc_managed_capitulation_turn,2,21,6,28.57,33.33,33.33,52.38,61.9,1.81,2.83,2.06,3.78,-18.52,26.02,102830.15,2011-11-01,2025-05-27,13.81,6.35,False
directional,DBA,Agricultural commodities,six_month_breakout,7,7,2,28.57,28.57,14.29,42.86,57.14,1.73,2.95,-0.6,3.94,-15.19,34.4,102948.19,2009-05-31,2026-03-31,8.22,2.75,False
directional,LIT,Lithium and battery chain,six_month_breakout,2,7,2,28.57,28.57,28.57,57.14,57.14,1.57,3.06,1.72,4.79,-11.11,31.11,103061.4,2016-05-31,2026-06-30,8.22,2.75,False
directional,PHO,Water infrastructure,six_month_breakout,9,14,4,28.57,50.0,21.43,57.14,50.0,1.54,10.01,4.31,-1.86,-53.94,17.81,110012.65,2007-01-31,2026-03-30,11.72,4.77,False
relative_value,GDX/GLD,Gold miners / gold,rolling_3y_ratio_reversion,8,14,4,28.57,35.71,35.71,50.0,57.14,1.05,5.48,2.55,1.11,-15.37,18.71,105477.06,2008-05-23,2026-04-06,11.72,4.77,False
directional,ICLN,Clean energy,trend_10m,9,14,4,28.57,42.86,42.86,57.14,50.0,0.69,8.27,4.81,5.64,-51.91,64.8,108269.15,2009-08-31,2026-06-01,11.72,4.77,False
directional,GLTR,Precious-metals basket,buy_hold,12,14,4,28.57,50.0,42.86,50.0,50.0,0.14,11.98,5.63,7.39,-29.03,65.88,111977.2,2010-10-31,2025-12-01,11.72,4.77,False
positioning,SLV,Silver,cftc_producer_accumulation,12,7,2,28.57,57.14,42.86,57.14,42.86,-0.34,12.51,4.37,5.5,-25.45,58.5,112513.59,2010-12-21,2026-07-08,8.22,2.75,False
positioning,CPER,Copper,cftc_producer_accumulation,7,7,2,28.57,28.57,28.57,42.86,42.86,-0.66,4.72,2.77,3.88,-10.53,29.19,104722.57,2012-07-03,2024-05-24,8.22,2.75,False
directional,PALL,Palladium,oversold_recovery,5,7,2,28.57,28.57,14.29,42.86,42.86,-0.99,-4.0,-7.09,1.22,-29.66,41.02,96002.72,2010-05-31,2026-07-28,8.22,2.75,False
directional,DBA,Agricultural commodities,trend_10m,9,14,4,28.57,50.0,35.71,50.0,50.0,-1.81,4.8,-2.31,1.56,-15.91,30.29,104803.98,2007-11-30,2025-09-02,11.72,4.77,False
directional,PALL,Palladium,oversold_recovery,2,7,2,28.57,14.29,0.0,57.14,42.86,-2.01,2.54,0.93,-2.72,-20.74,13.08,102544.54,2010-05-31,2026-04-28,8.22,2.75,False
directional,DBA,Agricultural commodities,six_month_breakout,6,7,2,28.57,28.57,14.29,42.86,42.86,-3.23,-3.5,-7.85,3.8,-13.41,31.79,96495.2,2009-05-31,2026-03-02,8.22,2.75,False
directional,ICLN,Clean energy,oversold_recovery,1,7,2,28.57,14.29,14.29,42.86,42.86,-3.29,-1.07,-1.56,-0.9,-24.26,12.47,98931.2,2008-10-31,2022-02-28,8.22,2.75,False
directional,DBA,Agricultural commodities,trend_10m,11,14,4,28.57,35.71,28.57,35.71,42.86,-3.41,-0.21,-6.69,-0.01,-14.92,24.94,99787.68,2007-11-30,2026-03-30,11.72,4.77,False
directional,DBA,Agricultural commodities,trend_10m,10,14,4,28.57,42.86,21.43,42.86,42.86,-4.13,-0.94,-8.56,-0.67,-16.73,25.78,99061.29,2007-11-30,2025-12-29,11.72,4.77,False
positioning,SLV,Silver,cftc_producer_accumulation,10,7,2,28.57,42.86,28.57,57.14,42.86,-5.19,9.61,2.55,14.89,-18.05,119.12,109611.74,2010-12-21,2026-05-08,8.22,2.75,False
directional,URA,Uranium miners,buy_hold,12,14,4,28.57,42.86,42.86,42.86,42.86,-6.16,0.91,-9.4,0.71,-52.94,68.72,100908.06,2010-11-30,2025-12-31,11.72,4.77,False
directional,NLR,Nuclear-energy chain,dip_in_uptrend,7,7,2,28.57,42.86,42.86,42.86,42.86,-8.39,-1.83,-7.12,6.95,-17.71,72.24,98170.77,2010-01-31,2026-06-30,8.22,2.75,False
directional,REMX,Rare earth and strategic metals,oversold_recovery,6,7,2,28.57,42.86,42.86,42.86,28.57,-10.12,-2.97,-4.03,-0.77,-35.85,37.45,97030.24,2011-08-31,2022-12-30,8.22,2.75,False
directional,REMX,Rare earth and strategic metals,buy_hold,12,14,4,28.57,35.71,28.57,35.71,28.57,-20.34,-14.78,-19.06,4.75,-47.76,172.91,85215.64,2010-10-31,2025-12-01,11.72,4.77,False
directional,UNG,Natural gas,dip_in_uptrend,12,7,2,28.57,28.57,14.29,28.57,28.57,-26.74,-25.55,-27.38,-16.77,-69.99,40.52,74451.94,2008-07-31,2026-06-01,8.22,2.75,False
directional,UNG,Natural gas,dip_in_uptrend,11,7,2,28.57,28.57,14.29,28.57,28.57,-27.52,-26.98,-28.78,-17.12,-67.64,34.95,73015.94,2008-07-31,2026-04-30,8.22,2.75,False
directional,REMX,Rare earth and strategic metals,buy_hold,4,39,11,28.21,35.9,30.77,46.15,41.03,-1.72,0.03,-2.62,3.32,-25.6,119.84,100033.36,2010-10-31,2026-06-01,16.54,9.04,False
directional,LIT,Lithium and battery chain,buy_hold,5,32,9,28.12,37.5,34.38,46.88,53.12,1.39,3.53,0.15,4.19,-25.31,72.4,103534.79,2010-07-31,2026-06-30,15.56,8.05,False
directional,ICLN,Clean energy,buy_hold,6,32,9,28.12,28.12,25.0,46.88,46.88,-3.95,0.84,-2.43,-0.88,-58.77,98.07,100844.36,2008-06-30,2026-08-28,15.56,8.05,False
positioning,SLV,Silver,cftc_producer_accumulation,1,25,7,28.0,28.0,28.0,60.0,60.0,4.58,5.46,4.86,4.99,-14.96,52.19,105461.24,2010-12-21,2026-05-14,14.28,6.87,False
directional,PHO,Water infrastructure,trend_10m,7,25,7,28.0,44.0,36.0,56.0,60.0,3.35,7.81,5.43,2.75,-36.56,27.52,107805.12,2006-10-31,2026-03-02,14.28,6.87,False
directional,SLV,Silver,buy_hold,3,61,17,27.87,31.15,29.51,45.9,54.1,2.74,1.49,-2.36,2.67,-45.55,59.09,101490.63,2006-04-30,2026-06-30,18.19,11.08,False
directional,PHO,Water infrastructure,buy_hold,6,36,10,27.78,33.33,27.78,61.11,69.44,5.97,6.62,2.85,4.57,-24.11,27.99,106621.64,2005-12-31,2026-06-30,15.85,8.44,False
directional,WOOD,Timber and forestry,buy_hold,5,36,10,27.78,36.11,30.56,55.56,55.56,1.93,6.19,3.64,2.01,-46.16,30.42,106185.28,2008-06-30,2026-06-01,15.85,8.44,False
directional,DBA,Agricultural commodities,buy_hold,12,18,5,27.78,38.89,33.33,38.89,44.44,-1.11,-0.15,-6.03,1.44,-45.03,44.64,99846.57,2007-01-31,2026-06-30,12.5,5.45,False
directional,PHO,Water infrastructure,buy_hold,4,51,14,27.45,37.25,21.57,58.82,60.78,4.96,4.84,2.69,3.89,-35.4,29.38,104843.16,2005-12-31,2026-06-01,17.11,9.95,False
relative_value,COPX/CPER,Copper miners / copper,rolling_3y_ratio_reversion,7,11,3,27.27,45.45,36.36,54.55,63.64,7.36,5.25,3.48,3.5,-18.1,16.2,105247.08,2013-12-04,2026-03-23,9.75,3.65,False
directional,SLV,Silver,dip_in_uptrend,8,11,3,27.27,36.36,27.27,63.64,63.64,6.35,8.77,1.53,2.3,-46.33,59.06,108765.61,2007-06-30,2025-02-28,9.75,3.65,False
positioning,PALL,Palladium,cftc_producer_accumulation,1,22,6,27.27,27.27,27.27,68.18,63.64,3.69,4.08,3.4,2.71,-20.32,24.28,104081.96,2011-12-20,2024-03-20,13.15,6.05,False
directional,CPER,Copper,buy_hold,7,22,6,27.27,31.82,22.73,45.45,54.55,2.36,3.21,-0.29,2.73,-18.32,41.14,103206.37,2011-11-30,2026-06-30,13.15,6.05,False
directional,PHO,Water infrastructure,trend_10m,5,33,9,27.27,36.36,24.24,60.61,57.58,1.06,8.04,5.41,1.93,-39.62,19.35,108044.25,2006-10-31,2026-06-01,15.07,7.79,False
directional,PALL,Palladium,dip_in_uptrend,3,11,3,27.27,36.36,36.36,63.64,54.55,0.16,8.98,7.32,-2.57,-30.55,21.37,108983.32,2011-03-31,2026-08-31,9.75,3.65,False
directional,URA,Uranium miners,dip_in_uptrend,2,11,3,27.27,27.27,18.18,36.36,45.45,-0.05,-2.6,-3.57,1.19,-23.23,29.48,97396.76,2017-04-30,2026-07-31,9.75,3.65,False
directional,SLV,Silver,dip_in_uptrend,2,22,6,27.27,22.73,18.18,40.91,50.0,-0.37,-1.54,-2.98,2.84,-22.31,34.05,98457.39,2007-06-30,2026-08-31,13.15,6.05,False
directional,ICLN,Clean energy,buy_hold,3,55,15,27.27,23.64,16.36,47.27,47.27,-1.53,1.76,0.12,0.96,-33.4,54.43,101764.62,2008-06-30,2026-06-30,17.28,10.22,False
directional,SLV,Silver,oversold_recovery,2,11,3,27.27,27.27,18.18,27.27,36.36,-2.93,-5.67,-7.08,-1.56,-28.55,34.05,94331.63,2006-06-30,2026-04-28,9.75,3.65,False
directional,LIT,Lithium and battery chain,buy_hold,8,22,6,27.27,40.91,36.36,45.45,40.91,-4.16,2.09,-1.54,5.31,-36.2,81.72,102086.89,2010-07-31,2026-03-31,13.15,6.05,False
positioning,PALL,Palladium,cftc_producer_accumulation,7,11,3,27.27,45.45,45.45,54.55,36.36,-6.04,8.7,4.15,4.11,-23.12,50.42,108702.05,2011-12-20,2024-09-20,9.75,3.65,False
directional,TAN,Solar energy,trend_10m,11,11,3,27.27,63.64,63.64,63.64,45.45,-6.84,17.82,12.52,16.98,-64.66,195.52,117824.63,2009-09-30,2026-07-31,9.75,3.65,False
positioning,UNG,Natural gas,cftc_producer_accumulation,5,11,3,27.27,36.36,27.27,36.36,27.27,-11.03,-10.6,-12.04,-7.84,-51.59,56.06,89401.78,2008-11-04,2026-08-10,9.75,3.65,False
directional,LIT,Lithium and battery chain,trend_10m,2,26,7,26.92,26.92,23.08,46.15,57.69,2.63,1.29,0.46,3.3,-24.61,38.53,101289.32,2011-05-31,2026-06-30,13.7,6.6,False
directional,DBA,Agricultural commodities,buy_hold,8,26,7,26.92,30.77,30.77,42.31,50.0,0.91,4.3,-1.46,2.45,-31.8,40.75,104298.41,2007-01-31,2026-02-02,13.7,6.6,False
directional,CPER,Copper,buy_hold,6,26,7,26.92,34.62,34.62,46.15,53.85,0.34,3.97,2.55,3.16,-21.11,37.32,103971.58,2011-11-30,2026-08-28,13.7,6.6,False
directional,ICLN,Clean energy,buy_hold,4,45,12,26.67,44.44,33.33,55.56,57.78,4.44,8.8,7.19,1.76,-56.86,56.03,108803.43,2008-06-30,2026-06-01,15.96,8.92,False
relative_value,GDX/GLD,Gold miners / gold,rolling_3y_ratio_reversion,7,15,4,26.67,40.0,26.67,53.33,66.67,3.88,6.77,4.82,1.72,-16.32,12.88,106769.77,2008-05-23,2026-03-05,10.9,4.45,False
directional,WOOD,Timber and forestry,trend_10m,4,30,8,26.67,23.33,23.33,53.33,56.67,2.59,3.82,1.07,1.22,-26.74,20.48,103821.56,2009-08-31,2026-06-01,14.18,7.09,False
directional,URA,Uranium miners,trend_10m,4,15,4,26.67,33.33,33.33,40.0,60.0,2.29,1.46,-1.51,5.27,-19.94,58.17,101463.22,2014-02-28,2026-07-31,10.9,4.45,False
directional,SLX,Steel producers,buy_hold,3,60,16,26.67,25.0,23.33,50.0,55.0,2.17,2.84,1.07,1.28,-42.61,29.76,102837.56,2006-10-31,2026-06-30,17.13,10.29,False
directional,URA,Uranium miners,dip_in_uptrend,1,15,4,26.67,20.0,13.33,40.0,40.0,-1.42,-2.13,-2.54,1.49,-16.85,23.63,97870.37,2017-04-30,2026-06-30,10.9,4.45,False
positioning,UNG,Natural gas,cftc_producer_accumulation,3,15,4,26.67,40.0,40.0,46.67,46.67,-2.64,-1.49,-1.42,2.07,-38.59,72.36,98505.94,2008-11-04,2026-04-27,10.9,4.45,False
directional,PPLT,Platinum,buy_hold,12,15,4,26.67,53.33,20.0,53.33,46.67,-5.62,10.76,1.44,8.98,-20.61,142.63,110755.67,2010-01-31,2026-03-02,10.9,4.45,False
directional,TAN,Solar energy,oversold_recovery,1,15,4,26.67,33.33,33.33,40.0,40.0,-7.18,-7.28,-8.16,-6.28,-41.04,25.35,92717.39,2008-10-31,2026-07-30,10.9,4.45,False
directional,ICLN,Clean energy,trend_10m,2,34,9,26.47,17.65,17.65,55.88,55.88,0.94,2.77,2.06,2.8,-21.4,29.52,102773.5,2009-08-31,2026-06-30,14.6,7.55,False
directional,SLX,Steel producers,dip_in_uptrend,1,19,5,26.32,21.05,10.53,63.16,78.95,4.36,4.35,3.68,3.41,-14.76,14.75,104345.84,2008-01-31,2026-07-30,11.81,5.15,False
directional,SLX,Steel producers,trend_10m,7,19,5,26.32,47.37,36.84,57.89,57.89,2.66,7.8,4.65,4.24,-75.84,58.72,107798.29,2007-08-31,2026-03-02,11.81,5.15,False
directional,PALL,Palladium,trend_10m,2,38,10,26.32,23.68,18.42,47.37,57.89,2.23,-0.56,-0.66,2.33,-28.31,26.86,99443.29,2010-11-30,2026-06-01,14.97,7.97,False
directional,URA,Uranium miners,buy_hold,9,19,5,26.32,36.84,26.32,36.84,47.37,-3.08,-0.82,-4.56,1.52,-41.79,91.78,99176.98,2010-11-30,2026-06-30,11.81,5.15,False
directional,TAN,Solar energy,buy_hold,2,73,19,26.03,28.77,26.03,46.58,45.21,-0.3,-0.96,-2.02,-0.23,-49.97,49.37,99044.11,2008-04-30,2026-06-30,17.34,10.84,False
directional,PALL,Palladium,buy_hold,3,50,13,26.0,32.0,28.0,46.0,56.0,2.7,1.77,-0.56,2.52,-25.09,44.91,101768.72,2010-01-31,2026-06-30,15.87,9.05,False
directional,ICLN,Clean energy,buy_hold,7,27,7,25.93,33.33,33.33,40.74,44.44,-0.77,-1.3,-5.24,2.15,-59.86,138.18,98703.71,2008-06-30,2026-04-30,13.17,6.34,False
directional,REMX,Rare earth and strategic metals,buy_hold,5,31,8,25.81,32.26,32.26,32.26,41.94,-4.34,0.09,-3.31,1.59,-46.09,87.59,100086.69,2010-10-31,2026-03-31,13.7,6.86,False
directional,DBB,Base metals,buy_hold,5,39,10,25.64,28.21,25.64,38.46,53.85,0.22,1.71,-1.12,0.62,-49.12,34.23,101710.55,2007-01-31,2026-06-30,14.57,7.76,False
directional,URA,Uranium miners,buy_hold,3,47,12,25.53,31.91,29.79,42.55,40.43,-3.21,-1.39,-3.78,1.86,-28.88,69.13,98610.49,2010-11-30,2026-06-30,15.25,8.52,False
directional,SLX,Steel producers,buy_hold,2,79,20,25.32,22.78,20.25,50.63,54.43,1.01,1.69,0.36,1.38,-41.41,41.97,101690.96,2006-10-31,2026-06-30,17.03,10.76,False
rotation,GLD+SLV,Top-2 resource rotation,top2_10m_momentum,2,4,1,25.0,25.0,25.0,50.0,100.0,7.76,2.81,1.79,8.39,0.64,17.41,102809.73,2009-06-30,2025-03-31,4.56,1.31,False
directional,REMX,Rare earth and strategic metals,six_month_breakout,11,4,1,25.0,50.0,50.0,50.0,75.0,7.01,9.6,5.61,18.27,-27.4,86.48,109603.27,2017-07-31,2026-07-31,4.56,1.31,False
rotation,URA+NLR,Top-2 resource rotation,top2_10m_momentum,4,4,1,25.0,25.0,25.0,50.0,100.0,6.49,3.6,-0.0,14.27,0.93,43.18,103600.38,2023-10-31,2026-03-02,4.56,1.31,False
directional,REMX,Rare earth and strategic metals,dip_in_uptrend,1,12,3,25.0,25.0,16.67,58.33,58.33,6.43,4.96,4.66,1.69,-29.74,19.61,104963.39,2011-08-31,2026-08-31,8.89,3.34,False
positioning,SLV,Silver,cftc_producer_accumulation,7,8,2,25.0,62.5,62.5,62.5,62.5,5.47,19.42,13.95,18.71,-12.92,128.22,119419.25,2010-12-21,2026-02-09,7.15,2.4,False
directional,LIT,Lithium and battery chain,oversold_recovery,1,8,2,25.0,37.5,25.0,75.0,75.0,5.41,5.35,4.52,3.8,-11.02,16.8,105350.48,2012-05-31,2026-08-31,7.15,2.4,False
directional,URA,Uranium miners,dip_in_uptrend,4,8,2,25.0,37.5,37.5,62.5,87.5,5.3,6.95,4.59,9.77,-19.53,44.52,106947.49,2017-04-30,2026-07-31,7.15,2.4,False
relative_value,GDX/GLD,Gold miners / gold,rolling_3y_ratio_reversion,11,12,3,25.0,41.67,33.33,58.33,58.33,4.52,7.36,5.39,2.04,-14.79,20.48,107357.98,2008-05-23,2026-07-06,8.89,3.34,False
relative_value,GDX/GLD,Gold miners / gold,rolling_3y_ratio_reversion,10,12,3,25.0,41.67,41.67,58.33,58.33,4.5,7.36,5.39,2.13,-11.38,19.81,107357.98,2008-05-23,2026-06-05,8.89,3.34,False
directional,GLD,Gold,six_month_breakout,3,16,4,25.0,37.5,25.0,50.0,75.0,4.45,1.98,-0.25,4.9,-10.25,22.34,101981.3,2006-01-31,2025-12-01,10.18,4.16,False
positioning,CPER,Copper,cftc_producer_accumulation,5,8,2,25.0,12.5,12.5,37.5,75.0,4.35,3.03,1.75,4.82,-3.07,12.77,103031.38,2012-07-03,2024-03-25,7.15,2.4,False
directional,SLV,Silver,six_month_breakout,5,8,2,25.0,25.0,25.0,50.0,75.0,4.02,1.61,-0.38,19.83,-5.98,99.97,101605.48,2006-11-30,2026-02-02,7.15,2.4,False
directional,LIT,Lithium and battery chain,oversold_recovery,3,4,1,25.0,50.0,25.0,75.0,75.0,3.85,8.23,5.51,12.55,-3.83,46.34,108226.47,2012-05-31,2020-06-30,4.56,1.31,False
positioning,PALL,Palladium,cftc_managed_capitulation_turn,1,28,7,25.0,25.0,25.0,60.71,60.71,3.83,3.55,3.18,2.24,-20.32,24.28,103546.83,2011-11-01,2025-06-06,12.68,6.11,False
directional,DBA,Agricultural commodities,dip_in_uptrend,3,4,1,25.0,75.0,50.0,75.0,50.0,3.73,10.57,9.12,-2.73,-29.77,11.4,110574.35,2008-03-31,2024-09-30,4.56,1.31,False
directional,WOOD,Timber and forestry,buy_hold,8,24,6,25.0,45.83,29.17,50.0,58.33,3.71,4.88,0.4,4.54,-59.69,67.11,104876.46,2008-06-30,2026-02-02,12.0,5.53,False
directional,SLV,Silver,dip_in_uptrend,7,12,3,25.0,41.67,33.33,50.0,66.67,3.55,5.78,1.09,2.49,-43.98,47.48,105781.21,2007-06-30,2025-01-30,8.89,3.34,False
directional,SLX,Steel producers,trend_10m,3,36,9,25.0,36.11,33.33,52.78,58.33,2.96,6.32,4.13,4.04,-13.15,33.05,106317.96,2007-08-31,2026-08-31,13.75,7.11,False
positioning,PALL,Palladium,cftc_managed_capitulation_turn,12,8,2,25.0,37.5,25.0,37.5,62.5,2.6,1.81,-4.12,1.49,-37.59,55.65,101806.57,2011-11-01,2025-08-27,7.15,2.4,False
directional,NLR,Nuclear-energy chain,six_month_breakout,5,8,2,25.0,50.0,25.0,62.5,62.5,2.56,8.53,5.37,2.33,-10.65,14.25,108534.95,2010-12-31,2025-12-01,7.15,2.4,False
relative_value,GDX/GLD,Gold miners / gold,rolling_3y_ratio_reversion,12,12,3,25.0,50.0,33.33,66.67,50.0,2.48,9.14,5.39,2.09,-12.43,20.48,109141.03,2008-05-23,2026-08-05,8.89,3.34,False
directional,ICLN,Clean energy,trend_10m,3,28,7,25.0,35.71,28.57,42.86,53.57,2.39,1.73,0.37,2.17,-21.47,53.07,101733.97,2009-08-31,2026-07-30,12.68,6.11,False
directional,WOOD,Timber and forestry,oversold_recovery,1,8,2,25.0,25.0,25.0,50.0,50.0,2.28,0.82,0.29,2.23,-18.85,15.95,100820.79,2008-10-31,2022-08-01,7.15,2.4,False
directional,GLTR,Precious-metals basket,six_month_breakout,6,8,2,25.0,25.0,25.0,37.5,50.0,2.19,-3.72,-5.24,3.42,-16.27,27.59,96278.16,2011-04-30,2025-09-30,7.15,2.4,False
directional,URA,Uranium miners,trend_10m,6,12,3,25.0,41.67,41.67,41.67,58.33,2.14,0.51,-2.29,7.81,-17.28,41.46,100507.01,2014-02-28,2026-06-30,8.89,3.34,False
positioning,PPLT,Platinum,cftc_managed_capitulation_turn,3,12,3,25.0,25.0,8.33,33.33,58.33,1.95,-1.76,-2.48,0.43,-15.27,14.28,98237.7,2012-01-17,2022-11-02,8.89,3.34,False
directional,PALL,Palladium,dip_in_uptrend,9,8,2,25.0,62.5,37.5,62.5,62.5,1.85,16.55,6.57,5.35,-20.31,42.46,116549.43,2011-03-31,2022-05-31,7.15,2.4,False
positioning,PPLT,Platinum,cftc_producer_accumulation,12,8,2,25.0,37.5,25.0,37.5,75.0,1.8,3.84,-2.24,8.01,-19.34,71.26,103842.53,2012-06-12,2026-06-03,7.15,2.4,False
directional,CPER,Copper,six_month_breakout,3,4,1,25.0,25.0,25.0,50.0,50.0,1.75,0.57,0.03,1.32,-10.51,12.3,100574.9,2013-12-31,2020-11-30,4.56,1.31,False
directional,PALL,Palladium,six_month_breakout,2,8,2,25.0,25.0,25.0,62.5,62.5,1.63,4.03,3.21,3.53,-12.7,25.99,104025.83,2010-10-31,2022-04-28,7.15,2.4,False
directional,DBA,Agricultural commodities,buy_hold,9,24,6,25.0,41.67,29.17,45.83,50.0,1.2,5.64,-1.97,2.87,-18.85,48.1,105638.9,2007-01-31,2026-06-30,12.0,5.53,False
directional,LIT,Lithium and battery chain,oversold_recovery,5,4,1,25.0,50.0,50.0,50.0,50.0,0.94,10.85,7.32,20.3,-2.54,81.85,110847.73,2012-05-31,2020-08-31,4.56,1.31,False
directional,PALL,Palladium,dip_in_uptrend,8,8,2,25.0,50.0,50.0,50.0,62.5,0.72,12.12,8.65,5.05,-20.34,35.57,112120.29,2011-03-31,2022-05-02,7.15,2.4,False
rotation,SLX+SLV,Top-2 resource rotation,top2_10m_momentum,2,4,1,25.0,0.0,0.0,50.0,50.0,0.64,2.32,1.88,0.03,-11.74,10.59,102323.51,2009-09-30,2023-10-02,4.56,1.31,False
positioning,SLV,Silver,cftc_managed_capitulation_turn,5,8,2,25.0,25.0,25.0,37.5,50.0,0.35,2.51,-0.08,0.99,-8.95,12.01,102511.24,2008-10-07,2022-11-07,7.15,2.4,False
directional,URA,Uranium miners,dip_in_uptrend,11,4,1,25.0,50.0,25.0,50.0,50.0,-0.19,3.55,-1.99,17.06,-14.45,83.09,103554.83,2017-04-30,2025-01-29,4.56,1.31,False
directional,CPER,Copper,six_month_breakout,4,4,1,25.0,25.0,25.0,25.0,50.0,-0.33,0.16,-0.97,0.71,-10.9,14.41,100156.38,2013-12-31,2020-12-31,4.56,1.31,False
directional,REMX,Rare earth and strategic metals,oversold_recovery,2,8,2,25.0,37.5,12.5,37.5,50.0,-0.35,-0.86,-1.53,-1.15,-23.54,22.65,99137.54,2011-08-31,2022-08-30,7.15,2.4,False
fundamental,UNG,Natural gas storage,storage_glut_with_downtrend,2,20,5,25.0,35.0,30.0,55.0,50.0,-0.46,2.89,1.66,-2.58,-36.75,33.78,102890.63,2012-12-28,2026-03-09,11.19,4.88,False
directional,PHO,Water infrastructure,dip_in_uptrend,4,8,2,25.0,25.0,12.5,50.0,37.5,-0.49,3.14,0.37,-0.98,-35.4,15.88,103143.95,2008-01-31,2025-04-30,7.15,2.4,False
directional,LIT,Lithium and battery chain,oversold_recovery,7,4,1,25.0,50.0,50.0,50.0,50.0,-0.57,8.5,3.69,22.12,-16.83,106.44,108495.29,2012-05-31,2020-11-02,4.56,1.31,False
directional,GLTR,Precious-metals basket,six_month_breakout,7,8,2,25.0,37.5,37.5,37.5,50.0,-0.83,-0.37,-2.63,3.82,-13.25,32.73,99625.93,2011-04-30,2025-10-31,7.15,2.4,False
directional,REMX,Rare earth and strategic metals,oversold_recovery,3,8,2,25.0,0.0,0.0,37.5,50.0,-0.93,-0.17,-1.35,-0.6,-19.97,21.09,99825.25,2011-08-31,2022-09-30,7.15,2.4,False
directional,LIT,Lithium and battery chain,oversold_recovery,6,4,1,25.0,50.0,25.0,50.0,50.0,-1.01,5.88,1.36,17.69,-12.46,85.23,105877.35,2012-05-31,2020-09-30,4.56,1.31,False
positioning,PPLT,Platinum,cftc_managed_capitulation_turn,7,8,2,25.0,37.5,25.0,37.5,50.0,-1.36,-0.17,-1.62,0.37,-28.75,26.33,99832.17,2012-01-17,2023-03-02,7.15,2.4,False
directional,SLX,Steel producers,dip_in_uptrend,2,16,4,25.0,25.0,25.0,56.25,43.75,-1.81,4.52,3.16,-1.88,-34.15,25.19,104520.13,2008-01-31,2026-08-31,10.18,4.16,False
directional,URA,Uranium miners,dip_in_uptrend,12,4,1,25.0,50.0,25.0,50.0,50.0,-2.05,0.39,-4.89,25.54,-8.97,115.23,100394.4,2017-04-30,2025-02-28,4.56,1.31,False
directional,PALL,Palladium,dip_in_uptrend,7,8,2,25.0,50.0,50.0,62.5,37.5,-2.55,11.16,7.8,3.12,-15.84,31.64,111160.86,2011-03-31,2022-03-31,7.15,2.4,False
directional,DBB,Base metals,dip_in_uptrend,11,4,1,25.0,50.0,50.0,50.0,50.0,-3.47,10.49,1.67,-1.58,-22.55,23.18,110488.66,2010-01-31,2025-06-30,4.56,1.31,False
directional,PPLT,Platinum,buy_hold,11,16,4,25.0,37.5,25.0,43.75,37.5,-3.7,-3.27,-7.6,2.24,-28.91,107.43,96728.06,2010-01-31,2025-12-31,10.18,4.16,False
rotation,SLV+PALL,Top-2 resource rotation,top2_10m_momentum,2,4,1,25.0,25.0,25.0,50.0,50.0,-4.26,-6.2,-7.24,-3.8,-26.37,19.68,93802.92,2010-11-30,2011-09-30,4.56,1.31,False
positioning,PALL,Palladium,cftc_managed_capitulation_turn,7,12,3,25.0,25.0,25.0,25.0,33.33,-4.55,-4.51,-7.93,1.56,-29.44,41.54,95485.61,2011-11-01,2025-08-14,8.89,3.34,False
directional,SLV,Silver,oversold_recovery,4,8,2,25.0,25.0,25.0,37.5,50.0,-5.2,1.13,-2.74,-2.04,-38.22,37.08,101133.53,2006-06-30,2026-06-29,7.15,2.4,False
directional,DBB,Base metals,dip_in_uptrend,12,4,1,25.0,50.0,25.0,50.0,50.0,-5.63,10.83,0.7,-3.19,-25.04,23.54,110828.67,2010-01-31,2025-07-31,4.56,1.31,False
relative_value,TAN/ICLN,Solar / clean-energy basket,rolling_3y_ratio_reversion,9,8,2,25.0,12.5,0.0,25.0,37.5,-6.94,-9.82,-14.02,-5.25,-39.16,18.26,90180.83,2011-09-20,2026-02-17,7.15,2.4,False
fundamental,UNG,Natural gas storage,storage_shortage_with_trend,4,8,2,25.0,50.0,50.0,50.0,37.5,-7.71,7.13,6.01,6.03,-34.4,110.62,107128.64,2013-11-22,2022-12-12,7.15,2.4,False
directional,ICLN,Clean energy,buy_hold,8,24,6,25.0,33.33,33.33,41.67,33.33,-8.03,-6.81,-11.94,1.32,-72.12,164.35,93186.09,2008-06-30,2026-02-02,12.0,5.53,False
directional,TAN,Solar energy,oversold_recovery,9,8,2,25.0,37.5,25.0,37.5,37.5,-8.96,-12.3,-18.51,32.31,-58.44,307.48,87700.45,2008-10-31,2024-05-31,7.15,2.4,False
directional,DBB,Base metals,six_month_breakout,11,8,2,25.0,37.5,25.0,37.5,37.5,-9.85,-0.16,-3.82,-0.48,-18.46,32.94,99836.54,2009-07-31,2023-01-30,7.15,2.4,False
directional,TAN,Solar energy,dip_in_uptrend,6,8,2,25.0,50.0,50.0,50.0,25.0,-10.3,5.1,2.46,5.85,-37.74,115.49,105104.98,2010-01-31,2023-06-30,7.15,2.4,False
directional,TAN,Solar energy,dip_in_uptrend,5,8,2,25.0,37.5,37.5,50.0,25.0,-10.57,3.19,1.05,-0.48,-28.75,78.74,103186.72,2010-01-31,2023-05-31,7.15,2.4,False
directional,TAN,Solar energy,dip_in_uptrend,4,8,2,25.0,50.0,37.5,50.0,25.0,-12.34,-0.89,-3.61,-2.45,-37.74,78.05,99114.22,2010-01-31,2023-05-01,7.15,2.4,False
directional,UNG,Natural gas,dip_in_uptrend,5,8,2,25.0,25.0,25.0,37.5,37.5,-14.48,-5.21,-7.08,-4.41,-45.81,72.21,94787.4,2008-07-31,2025-10-31,7.15,2.4,False
directional,NLR,Nuclear-energy chain,oversold_recovery,12,4,1,25.0,25.0,25.0,25.0,25.0,-17.04,-12.28,-17.06,-13.79,-56.62,35.52,87720.7,2007-11-30,2021-03-31,4.56,1.31,False
positioning,UNG,Natural gas,cftc_producer_accumulation,11,8,2,25.0,25.0,12.5,25.0,37.5,-18.31,-7.89,-16.08,-18.32,-61.17,18.38,92107.68,2008-11-04,2026-04-13,7.15,2.4,False
directional,UNG,Natural gas,dip_in_uptrend,8,8,2,25.0,25.0,25.0,25.0,25.0,-19.19,-21.64,-23.53,-13.54,-73.13,88.79,78358.42,2008-07-31,2026-02-02,7.15,2.4,False
directional,UNG,Natural gas,dip_in_uptrend,6,8,2,25.0,37.5,37.5,37.5,25.0,-20.64,0.11,-0.52,-7.91,-55.69,84.88,100107.66,2008-07-31,2025-12-01,7.15,2.4,False
directional,UNG,Natural gas,dip_in_uptrend,7,8,2,25.0,25.0,12.5,25.0,25.0,-21.84,-19.7,-24.33,-21.48,-71.29,27.77,80297.89,2008-07-31,2025-12-31,7.15,2.4,False
directional,UNG,Natural gas,trend_10m,10,8,2,25.0,25.0,25.0,25.0,25.0,-22.95,-28.76,-31.16,-16.91,-78.54,102.63,71241.83,2008-04-30,2025-10-31,7.15,2.4,False
directional,UNG,Natural gas,trend_10m,11,8,2,25.0,12.5,12.5,12.5,25.0,-23.26,-27.58,-31.33,-23.94,-74.27,37.95,72417.62,2008-04-30,2025-12-01,7.15,2.4,False
directional,UNG,Natural gas,dip_in_uptrend,9,8,2,25.0,25.0,25.0,25.0,25.0,-23.97,-25.26,-27.99,-13.13,-69.38,108.02,74741.91,2008-07-31,2026-03-02,7.15,2.4,False
directional,UNG,Natural gas,dip_in_uptrend,10,8,2,25.0,25.0,12.5,25.0,25.0,-24.38,-22.87,-25.81,-17.14,-65.31,54.84,77125.26,2008-07-31,2026-03-31,7.15,2.4,False
directional,UNG,Natural gas,trend_10m,12,8,2,25.0,25.0,25.0,25.0,25.0,-27.85,-31.29,-37.44,-19.39,-77.74,106.92,68707.64,2008-04-30,2025-12-31,7.15,2.4,False
positioning,UNG,Natural gas,cftc_producer_accumulation,8,8,2,25.0,12.5,12.5,37.5,25.0,-32.46,-18.44,-23.97,-22.01,-59.68,17.15,81557.21,2008-11-04,2025-11-11,7.15,2.4,False
directional,DBB,Base metals,buy_hold,4,49,12,24.49,30.61,20.41,44.9,55.1,0.4,1.89,0.43,1.94,-45.92,36.29,101892.2,2007-01-31,2026-07-31,14.6,8.16,False
directional,CPER,Copper,buy_hold,4,37,9,24.32,27.03,21.62,45.95,54.05,0.14,2.05,0.32,2.2,-25.91,30.79,102053.97,2011-11-30,2026-07-31,13.36,6.91,False
directional,NLR,Nuclear-energy chain,buy_hold,6,33,8,24.24,42.42,27.27,51.52,51.52,1.4,5.55,0.21,2.47,-25.98,32.7,105550.99,2007-08-31,2026-06-30,12.83,6.42,False
directional,DBA,Agricultural commodities,buy_hold,7,29,7,24.14,34.48,20.69,37.93,51.72,0.85,-0.55,-3.88,2.14,-24.73,36.99,99447.06,2007-01-31,2026-04-30,12.22,5.89,False
directional,PPLT,Platinum,buy_hold,6,29,7,24.14,24.14,13.79,41.38,41.38,-1.84,2.2,-0.62,0.89,-23.41,65.02,102200.65,2010-01-31,2026-08-28,12.22,5.89,False
directional,PPLT,Platinum,buy_hold,7,25,6,24.0,24.0,20.0,40.0,36.0,-2.14,1.41,-1.88,1.63,-22.29,92.49,101413.95,2010-01-31,2026-08-31,11.5,5.3,False
directional,GLTR,Precious-metals basket,trend_10m,4,21,5,23.81,33.33,28.57,38.1,52.38,1.48,2.39,-1.05,4.15,-20.02,47.64,102388.28,2011-08-31,2026-07-31,10.63,4.64,False
directional,DBA,Agricultural commodities,trend_10m,5,21,5,23.81,33.33,28.57,42.86,47.62,-0.39,-4.84,-8.07,0.27,-27.5,24.32,95158.14,2007-11-30,2026-08-31,10.63,4.64,False
directional,GLTR,Precious-metals basket,trend_10m,6,17,4,23.53,29.41,29.41,35.29,52.94,2.1,1.24,-1.2,4.12,-21.27,62.12,101237.49,2011-08-31,2026-08-28,9.55,3.91,False
positioning,PPLT,Platinum,cftc_producer_accumulation,1,17,4,23.53,23.53,23.53,47.06,52.94,0.21,0.01,-0.67,3.18,-13.42,29.73,100006.83,2012-06-12,2026-08-28,9.55,3.91,False
fundamental,UNG,Natural gas storage,storage_shortage_with_trend,1,17,4,23.53,23.53,23.53,47.06,47.06,-2.67,0.34,-0.3,0.37,-33.99,30.91,100344.1,2013-11-22,2022-09-12,9.55,3.91,False
directional,URA,Uranium miners,buy_hold,10,17,4,23.53,41.18,35.29,41.18,29.41,-6.99,-6.58,-8.12,0.93,-58.38,95.13,93415.67,2010-11-30,2026-03-31,9.55,3.91,False
directional,LIT,Lithium and battery chain,buy_hold,2,64,15,23.44,23.44,21.88,42.19,51.56,0.65,0.86,-0.69,1.03,-31.98,43.51,100861.53,2010-07-31,2026-06-30,14.75,8.72,False
relative_value,COPX/CPER,Copper miners / copper,rolling_3y_ratio_reversion,5,13,3,23.08,30.77,30.77,53.85,61.54,3.87,2.65,1.54,2.17,-23.48,18.96,102654.38,2013-12-04,2026-08-24,8.18,3.08,False
directional,SLX,Steel producers,dip_in_uptrend,3,13,3,23.08,38.46,30.77,61.54,53.85,0.15,3.79,1.07,2.62,-19.57,33.05,103788.07,2008-01-31,2024-09-30,8.18,3.08,False
directional,URA,Uranium miners,oversold_recovery,2,13,3,23.08,30.77,30.77,61.54,46.15,-0.26,2.88,2.01,3.18,-23.23,28.5,102883.48,2011-06-30,2026-07-31,8.18,3.08,False
directional,DBA,Agricultural commodities,trend_10m,12,13,3,23.08,46.15,30.77,46.15,38.46,-2.74,-3.47,-8.47,-0.95,-21.58,22.98,96530.38,2007-11-30,2026-08-31,8.18,3.08,False
positioning,SLV,Silver,cftc_managed_capitulation_turn,1,13,3,23.08,15.38,15.38,38.46,38.46,-3.36,-1.07,-1.12,-1.08,-13.7,21.79,98929.29,2008-10-07,2022-11-25,8.18,3.08,False
directional,PPLT,Platinum,trend_10m,9,13,3,23.08,30.77,23.08,38.46,38.46,-6.1,1.68,-4.16,-0.31,-23.84,39.15,101680.82,2010-11-30,2026-06-01,8.18,3.08,False
directional,REMX,Rare earth and strategic metals,buy_hold,3,48,11,22.92,18.75,16.67,41.67,43.75,-4.07,-0.79,-2.32,-1.38,-40.67,60.64,99213.18,2010-10-31,2026-06-30,13.31,7.27,False
directional,URA,Uranium miners,trend_10m,1,35,8,22.86,31.43,25.71,57.14,57.14,3.94,2.66,1.82,3.2,-20.01,34.92,102663.43,2014-02-28,2026-06-30,12.07,6.04,False
directional,PALL,Palladium,buy_hold,2,66,15,22.73,25.76,19.7,46.97,53.03,1.63,0.31,-0.63,-0.14,-28.31,23.65,100306.53,2010-01-31,2026-06-30,14.29,8.44,False
directional,GLTR,Precious-metals basket,buy_hold,5,31,7,22.58,38.71,32.26,54.84,51.61,0.21,5.97,2.41,2.47,-19.13,26.89,105965.11,2010-10-31,2026-03-31,11.39,5.49,False
directional,URA,Uranium miners,buy_hold,5,31,7,22.58,29.03,22.58,35.48,32.26,-4.8,-3.73,-5.7,1.2,-32.77,72.0,96271.83,2010-11-30,2026-04-30,11.39,5.49,False
positioning,SLV,Silver,cftc_managed_capitulation_turn,4,9,2,22.22,44.44,33.33,66.67,55.56,5.75,7.84,4.98,2.84,-10.04,15.2,107844.88,2008-10-07,2023-02-27,6.32,2.13,False
relative_value,COPX/CPER,Copper miners / copper,rolling_3y_ratio_reversion,12,9,2,22.22,66.67,55.56,77.78,77.78,5.43,14.79,10.18,2.21,-28.93,16.2,114794.24,2013-12-04,2026-08-24,6.32,2.13,False
directional,SLV,Silver,six_month_breakout,4,9,2,22.22,22.22,22.22,33.33,55.56,3.86,2.5,-0.56,12.37,-9.5,77.8,102496.48,2006-11-30,2025-12-31,6.32,2.13,False
directional,SLX,Steel producers,trend_10m,2,45,10,22.22,22.22,22.22,55.56,62.22,2.01,3.62,2.29,2.58,-20.76,29.04,103622.26,2007-08-31,2026-08-31,12.54,6.68,False
directional,GLD,Gold,buy_hold,4,54,12,22.22,24.07,22.22,44.44,57.41,1.91,2.2,-0.58,2.81,-20.65,27.26,102195.23,2004-11-30,2026-06-01,13.2,7.37,False
directional,GLTR,Precious-metals basket,six_month_breakout,4,9,2,22.22,11.11,11.11,33.33,77.78,1.83,3.12,0.82,5.15,-16.16,41.14,103123.84,2011-04-30,2026-01-30,6.32,2.13,False
directional,PALL,Palladium,dip_in_uptrend,5,9,2,22.22,33.33,33.33,44.44,55.56,1.64,3.17,1.39,0.37,-29.66,28.41,103171.24,2011-03-31,2026-07-28,6.32,2.13,False
positioning,PPLT,Platinum,cftc_producer_accumulation,10,9,2,22.22,33.33,22.22,33.33,55.56,1.14,6.96,0.82,7.2,-21.84,82.32,106963.43,2012-06-12,2026-04-06,6.32,2.13,False
positioning,PPLT,Platinum,cftc_producer_accumulation,9,9,2,22.22,33.33,33.33,33.33,55.56,0.8,4.35,1.11,9.27,-25.69,93.7,104352.78,2012-06-12,2026-03-03,6.32,2.13,False
positioning,PALL,Palladium,cftc_managed_capitulation_turn,10,9,2,22.22,33.33,33.33,33.33,55.56,0.15,1.09,-5.85,6.39,-31.14,63.32,101091.2,2011-11-01,2025-11-14,6.32,2.13,False
directional,DBA,Agricultural commodities,six_month_breakout,4,9,2,22.22,22.22,22.22,22.22,55.56,0.13,-6.59,-9.81,0.47,-8.91,13.8,93408.68,2009-05-31,2026-07-31,6.32,2.13,False
directional,TAN,Solar energy,six_month_breakout,2,9,2,22.22,33.33,33.33,33.33,44.44,-0.06,-2.62,-2.69,-1.14,-33.47,30.34,97376.21,2013-07-31,2026-07-31,6.32,2.13,False
directional,PPLT,Platinum,dip_in_uptrend,4,9,2,22.22,33.33,22.22,44.44,44.44,-1.11,-1.63,-1.57,-1.43,-33.47,28.3,98373.4,2011-06-30,2026-06-29,6.32,2.13,False
positioning,PALL,Palladium,cftc_producer_accumulation,9,9,2,22.22,44.44,33.33,44.44,44.44,-2.01,5.58,3.35,4.8,-45.32,88.53,105575.41,2011-12-20,2024-11-20,6.32,2.13,False
directional,DBA,Agricultural commodities,six_month_breakout,5,9,2,22.22,33.33,33.33,33.33,33.33,-2.14,-4.84,-8.68,2.05,-8.45,24.32,95158.14,2009-05-31,2026-08-31,6.32,2.13,False
directional,PALL,Palladium,dip_in_uptrend,6,9,2,22.22,44.44,33.33,55.56,44.44,-2.76,8.76,5.81,-0.02,-21.28,31.32,108760.49,2011-03-31,2026-08-28,6.32,2.13,False
directional,TAN,Solar energy,dip_in_uptrend,3,9,2,22.22,44.44,44.44,44.44,33.33,-2.91,-1.11,-3.47,1.38,-30.61,51.68,98887.42,2010-01-31,2023-03-31,6.32,2.13,False
directional,URA,Uranium miners,oversold_recovery,9,9,2,22.22,44.44,33.33,44.44,44.44,-4.94,5.12,0.61,9.86,-22.13,79.59,105119.57,2011-06-30,2026-08-31,6.32,2.13,False
directional,TAN,Solar energy,oversold_recovery,5,9,2,22.22,22.22,22.22,22.22,33.33,-14.23,-14.61,-19.9,0.62,-53.47,124.89,85388.47,2008-10-31,2024-01-31,6.32,2.13,False
positioning,UNG,Natural gas,cftc_producer_accumulation,7,9,2,22.22,33.33,22.22,33.33,33.33,-18.66,-16.14,-20.24,-7.53,-53.2,63.21,83860.68,2008-11-04,2026-04-16,6.32,2.13,False
directional,UNG,Natural gas,oversold_recovery,11,9,2,22.22,22.22,22.22,22.22,33.33,-31.76,-30.78,-34.23,-17.67,-67.67,63.86,69217.04,2007-07-31,2026-03-30,6.32,2.13,False
directional,UNG,Natural gas,oversold_recovery,10,9,2,22.22,22.22,22.22,22.22,22.22,-32.77,-32.27,-35.37,-16.02,-65.31,89.99,67726.38,2007-07-31,2026-03-02,6.32,2.13,False
directional,UNG,Natural gas,buy_hold,2,77,17,22.08,23.38,23.38,33.77,40.26,-6.13,-2.86,-4.54,-4.6,-37.49,46.31,97139.86,2007-04-30,2026-06-30,14.27,8.68,False
directional,PPLT,Platinum,buy_hold,3,50,11,22.0,22.0,20.0,42.0,46.0,-0.68,0.09,-1.35,1.62,-20.92,37.28,100093.75,2010-01-31,2026-06-30,12.75,6.97,False
directional,WOOD,Timber and forestry,buy_hold,6,32,7,21.88,34.38,34.38,56.25,56.25,2.09,7.25,3.89,1.35,-40.47,34.38,107254.84,2008-06-30,2026-08-28,11.02,5.32,False
directional,GLD,Gold,trend_10m,3,46,10,21.74,21.74,19.57,45.65,58.7,1.39,1.55,-0.78,2.64,-21.0,26.13,101545.75,2005-09-30,2026-06-30,12.26,6.53,False
directional,UNG,Natural gas,buy_hold,9,23,5,21.74,21.74,21.74,21.74,30.43,-24.71,-19.09,-24.56,-19.11,-66.27,30.18,80909.27,2007-04-30,2026-01-30,9.66,4.22,False
directional,PHO,Water infrastructure,six_month_breakout,7,14,3,21.43,35.71,21.43,57.14,71.43,5.64,7.26,2.43,0.83,-36.56,21.76,107259.52,2007-01-31,2026-01-30,7.57,2.85,False
directional,SLV,Silver,dip_in_uptrend,6,14,3,21.43,35.71,21.43,35.71,64.29,4.86,-0.47,-2.2,0.47,-30.66,39.6,99526.15,2007-06-30,2026-08-28,7.57,2.85,False
positioning,PPLT,Platinum,cftc_producer_accumulation,2,14,3,21.43,35.71,28.57,42.86,64.29,2.43,0.87,0.85,4.26,-8.98,29.82,100867.27,2012-06-12,2026-02-02,7.57,2.85,False
directional,TAN,Solar energy,dip_in_uptrend,1,14,3,21.43,21.43,21.43,35.71,28.57,-3.39,-1.87,-2.34,-1.26,-17.07,27.17,98128.3,2010-01-31,2026-08-31,7.57,2.85,False
directional,REMX,Rare earth and strategic metals,trend_10m,1,33,7,21.21,24.24,18.18,60.61,66.67,3.46,4.6,4.76,2.63,-20.17,23.55,104604.07,2016-06-30,2026-06-30,10.68,5.15,False
directional,PPLT,Platinum,buy_hold,5,33,7,21.21,21.21,12.12,33.33,39.39,-4.9,0.53,-3.17,-0.87,-27.75,58.05,100528.22,2010-01-31,2026-06-30,10.68,5.15,False
directional,SLV,Silver,dip_in_uptrend,3,19,4,21.05,31.58,26.32,42.11,73.68,4.95,1.07,-0.18,5.7,-19.77,56.17,101066.4,2007-06-30,2026-05-28,8.51,3.48,False
directional,DBA,Agricultural commodities,buy_hold,11,19,4,21.05,42.11,26.32,42.11,42.11,-0.79,-5.51,-9.51,1.39,-28.07,28.98,94485.32,2007-01-31,2025-12-31,8.51,3.48,False
directional,DBA,Agricultural commodities,trend_10m,6,19,4,21.05,36.84,21.05,36.84,36.84,-2.43,-3.99,-7.85,-0.8,-32.99,31.79,96012.3,2007-11-30,2026-03-02,8.51,3.48,False
directional,PPLT,Platinum,trend_10m,5,19,4,21.05,21.05,21.05,42.11,31.58,-2.75,-1.18,-1.8,0.08,-27.75,58.05,98816.53,2010-11-30,2026-06-30,8.51,3.48,False
directional,UNG,Natural gas,buy_hold,5,38,8,21.05,26.32,23.68,28.95,26.32,-11.4,-11.82,-14.17,-9.4,-66.15,91.62,88180.58,2007-04-30,2026-03-31,11.07,5.55,False
directional,UNG,Natural gas,buy_hold,11,19,4,21.05,26.32,26.32,26.32,31.58,-26.69,-23.32,-29.01,-19.88,-71.11,61.18,76681.31,2007-04-30,2026-03-02,8.51,3.48,False
directional,NLR,Nuclear-energy chain,trend_10m,5,24,5,20.83,33.33,25.0,54.17,79.17,2.8,5.95,2.44,3.76,-22.2,24.19,105950.65,2009-07-31,2026-06-30,9.24,4.04,False
directional,PHO,Water infrastructure,trend_10m,6,29,6,20.69,31.03,20.69,55.17,65.52,4.25,6.87,3.08,3.63,-13.8,21.87,106866.63,2006-10-31,2026-06-30,9.85,4.54,False
directional,CPER,Copper,buy_hold,5,29,6,20.69,24.14,24.14,41.38,58.62,0.23,1.13,-1.78,1.86,-21.84,28.4,101126.28,2011-11-30,2026-04-30,9.85,4.54,False
directional,UNG,Natural gas,buy_hold,3,58,12,20.69,25.86,25.86,34.48,34.48,-5.64,-6.46,-7.46,-5.61,-57.22,40.76,93543.52,2007-04-30,2026-06-30,12.25,6.84,False
directional,SLX,Steel producers,trend_10m,1,68,14,20.59,20.59,16.18,48.53,47.06,-0.26,0.64,0.38,0.9,-21.48,23.17,100641.99,2007-08-31,2026-08-31,12.68,7.36,False
directional,UNG,Natural gas,buy_hold,6,34,7,20.59,26.47,23.53,29.41,29.41,-13.04,-9.39,-12.08,-9.95,-71.38,106.4,90610.92,2007-04-30,2026-08-28,10.35,4.99,False
directional,URA,Uranium miners,buy_hold,4,39,8,20.51,33.33,30.77,43.59,46.15,-1.2,1.46,-1.19,1.78,-32.23,71.53,101463.22,2010-11-30,2026-06-01,10.78,5.4,False
directional,DBB,Base metals,buy_hold,3,59,12,20.34,23.73,16.95,42.37,55.93,1.29,0.24,-1.37,0.52,-40.95,21.81,100243.26,2007-01-31,2026-06-30,12.04,6.72,False
directional,PHO,Water infrastructure,oversold_recovery,3,5,1,20.0,20.0,20.0,80.0,60.0,6.96,4.38,2.68,2.36,-9.84,15.99,104378.36,2008-01-31,2020-06-30,3.62,1.04,False
directional,GLD,Gold,dip_in_uptrend,4,10,2,20.0,10.0,10.0,40.0,70.0,5.96,2.17,0.04,4.02,-13.85,15.02,102172.69,2008-03-31,2026-07-31,5.67,1.91,False
directional,DBB,Base metals,six_month_breakout,5,10,2,20.0,40.0,20.0,40.0,60.0,5.84,2.85,1.7,3.27,-21.57,30.61,102845.31,2009-07-31,2026-03-31,5.67,1.91,False
directional,NLR,Nuclear-energy chain,oversold_recovery,3,10,2,20.0,30.0,20.0,50.0,60.0,5.48,3.2,1.22,3.02,-11.51,21.1,103201.82,2007-11-30,2026-08-31,5.67,1.91,False
directional,WOOD,Timber and forestry,dip_in_uptrend,4,5,1,20.0,40.0,20.0,80.0,80.0,5.42,9.47,6.85,6.39,-3.63,18.32,109467.27,2010-01-31,2025-02-28,3.62,1.04,False
directional,CPER,Copper,dip_in_uptrend,8,5,1,20.0,60.0,40.0,60.0,80.0,4.26,11.65,5.68,4.35,-12.9,20.9,111645.46,2016-12-31,2025-07-30,3.62,1.04,False
directional,WOOD,Timber and forestry,dip_in_uptrend,5,5,1,20.0,40.0,40.0,40.0,80.0,3.84,3.44,-0.52,5.9,-6.15,26.94,103437.27,2010-01-31,2025-03-31,3.62,1.04,False
directional,WOOD,Timber and forestry,dip_in_uptrend,3,5,1,20.0,20.0,0.0,60.0,60.0,3.69,6.58,4.55,5.47,-0.16,15.96,106578.52,2010-01-31,2025-01-31,3.62,1.04,False
directional,DBB,Base metals,trend_10m,3,30,6,20.0,23.33,23.33,60.0,56.67,3.59,3.51,1.66,1.98,-25.05,16.69,103507.77,2008-02-29,2026-08-31,9.5,4.39,False
directional,DBB,Base metals,dip_in_uptrend,6,5,1,20.0,40.0,40.0,40.0,60.0,3.56,4.51,-0.24,-3.0,-26.24,11.58,104509.78,2010-01-31,2025-01-31,3.62,1.04,False
directional,ICLN,Clean energy,six_month_breakout,3,10,2,20.0,20.0,20.0,50.0,60.0,3.01,2.04,0.93,3.16,-15.45,53.07,102039.3,2011-03-31,2026-07-30,5.67,1.91,False
rotation,URA+NLR,Top-2 resource rotation,top2_10m_momentum,2,5,1,20.0,20.0,20.0,60.0,80.0,2.73,2.51,-0.18,2.28,-18.55,19.54,102513.11,2023-10-31,2025-12-31,3.62,1.04,False
directional,ICLN,Clean energy,six_month_breakout,4,10,2,20.0,30.0,10.0,60.0,60.0,2.21,5.82,3.92,4.07,-21.99,64.88,105817.52,2011-03-31,2026-08-31,5.67,1.91,False
directional,CPER,Copper,dip_in_uptrend,6,5,1,20.0,20.0,0.0,20.0,60.0,1.74,3.54,-0.34,-1.22,-23.26,13.6,103542.56,2016-12-31,2025-05-30,3.62,1.04,False
directional,PALL,Palladium,dip_in_uptrend,4,10,2,20.0,30.0,30.0,70.0,50.0,1.0,6.95,5.78,-1.53,-32.03,24.1,106953.66,2011-03-31,2026-06-29,5.67,1.91,False
directional,DBB,Base metals,dip_in_uptrend,7,5,1,20.0,20.0,20.0,40.0,60.0,0.86,1.63,-2.98,-0.25,-15.51,11.02,101632.21,2010-01-31,2025-02-28,3.62,1.04,False
relative_value,COPX/CPER,Copper miners / copper,rolling_3y_ratio_reversion,4,15,3,20.0,26.67,26.67,46.67,60.0,0.64,-1.36,-2.07,2.88,-14.91,18.96,98638.32,2013-12-04,2026-07-23,7.05,2.66,False
directional,CPER,Copper,dip_in_uptrend,5,5,1,20.0,20.0,20.0,20.0,40.0,-0.28,-4.68,-6.28,-3.23,-22.88,10.42,95324.7,2016-12-31,2025-04-30,3.62,1.04,False
directional,NLR,Nuclear-energy chain,dip_in_uptrend,10,5,1,20.0,40.0,40.0,40.0,40.0,-0.75,7.47,-0.39,-1.06,-18.33,14.53,107471.94,2010-01-31,2025-04-30,3.62,1.04,False
directional,PPLT,Platinum,six_month_breakout,4,5,1,20.0,40.0,0.0,40.0,40.0,-1.22,3.12,1.97,1.68,-2.6,11.04,103124.25,2011-04-30,2023-05-01,3.62,1.04,False
directional,DBB,Base metals,dip_in_uptrend,9,5,1,20.0,40.0,0.0,40.0,40.0,-1.44,-1.81,-8.22,-0.43,-15.1,15.36,98190.11,2010-01-31,2025-04-30,3.62,1.04,False
directional,GLTR,Precious-metals basket,trend_10m,3,25,5,20.0,28.0,28.0,36.0,44.0,-1.53,-0.13,-2.08,3.05,-17.38,36.24,99869.73,2011-08-31,2026-06-30,8.86,3.88,False
directional,ICLN,Clean energy,dip_in_uptrend,8,5,1,20.0,40.0,40.0,40.0,40.0,-1.74,-7.85,-11.92,-5.75,-43.54,21.36,92149.3,2009-08-31,2021-10-28,3.62,1.04,False
directional,UNG,Natural gas,dip_in_uptrend,2,10,2,20.0,30.0,30.0,30.0,30.0,-2.04,-4.56,-5.53,2.23,-21.98,64.98,95439.06,2008-07-31,2025-07-31,5.67,1.91,False
positioning,CPER,Copper,cftc_managed_capitulation_turn,10,5,1,20.0,20.0,20.0,20.0,20.0,-2.32,-5.03,-7.24,-0.05,-3.49,10.7,94972.96,2012-07-10,2024-12-06,3.62,1.04,False
directional,LIT,Lithium and battery chain,oversold_recovery,2,5,1,20.0,20.0,20.0,40.0,40.0,-2.64,0.95,-0.2,2.8,-10.09,35.18,100950.36,2012-05-31,2026-08-31,3.62,1.04,False
directional,SLV,Silver,oversold_recovery,3,10,2,20.0,20.0,10.0,30.0,50.0,-3.43,-2.48,-5.55,-0.88,-31.54,56.17,97521.33,2006-06-30,2026-05-28,5.67,1.91,False
directional,ICLN,Clean energy,buy_hold,10,20,4,20.0,30.0,25.0,30.0,40.0,-3.46,-0.63,-6.59,-1.11,-58.31,104.92,99370.27,2008-06-30,2026-08-31,8.07,3.31,False
directional,PPLT,Platinum,six_month_breakout,3,5,1,20.0,40.0,20.0,40.0,40.0,-4.05,1.27,-0.8,0.26,-7.59,10.3,101273.09,2011-04-30,2023-03-31,3.62,1.04,False
positioning,SLV,Silver,cftc_managed_capitulation_turn,2,10,2,20.0,30.0,30.0,40.0,20.0,-4.55,-2.06,-2.25,-1.92,-14.26,23.6,97943.47,2008-10-07,2022-12-27,5.67,1.91,False
directional,PPLT,Platinum,six_month_breakout,5,5,1,20.0,0.0,0.0,40.0,40.0,-4.88,-3.06,-3.41,-3.69,-19.33,10.83,96941.89,2011-04-30,2023-05-31,3.62,1.04,False
directional,UNG,Natural gas,trend_10m,4,10,2,20.0,30.0,20.0,40.0,40.0,-5.51,-6.44,-8.38,0.17,-36.19,63.88,93556.45,2008-04-30,2025-04-30,5.67,1.91,False
directional,SLX,Steel producers,oversold_recovery,1,10,2,20.0,10.0,0.0,50.0,40.0,-5.78,0.66,0.01,-4.32,-30.73,10.51,100660.75,2008-10-31,2023-05-01,5.67,1.91,False
directional,DBB,Base metals,dip_in_uptrend,4,5,1,20.0,40.0,40.0,40.0,40.0,-6.21,2.46,-2.54,-3.0,-17.83,13.17,102458.43,2010-01-31,2024-12-02,3.62,1.04,False
directional,REMX,Rare earth and strategic metals,oversold_recovery,12,5,1,20.0,40.0,40.0,40.0,20.0,-7.38,5.27,-2.58,19.21,-40.05,168.67,105273.01,2011-08-31,2023-06-30,3.62,1.04,False
directional,TAN,Solar energy,oversold_recovery,3,10,2,20.0,20.0,20.0,20.0,30.0,-8.66,-10.93,-17.14,-5.83,-33.37,42.88,89068.9,2008-10-31,2023-11-30,5.67,1.91,False
directional,PPLT,Platinum,trend_10m,11,10,2,20.0,50.0,20.0,50.0,20.0,-9.25,5.77,-2.11,2.88,-22.01,107.43,105769.04,2010-11-30,2025-12-31,5.67,1.91,False
directional,DBB,Base metals,dip_in_uptrend,5,5,1,20.0,40.0,40.0,40.0,40.0,-9.29,-1.97,-7.73,-5.79,-24.89,11.58,98025.69,2010-01-31,2024-12-31,3.62,1.04,False
directional,ICLN,Clean energy,dip_in_uptrend,6,5,1,20.0,40.0,40.0,40.0,20.0,-9.37,-9.92,-13.23,-9.88,-44.77,26.69,90083.55,2009-08-31,2021-08-30,3.62,1.04,False
directional,PPLT,Platinum,trend_10m,10,10,2,20.0,40.0,40.0,40.0,20.0,-9.78,3.81,-0.47,0.55,-21.9,68.4,103806.65,2010-11-30,2025-12-01,5.67,1.91,False
directional,ICLN,Clean energy,dip_in_uptrend,7,5,1,20.0,40.0,40.0,40.0,40.0,-10.42,-16.68,-19.26,-8.83,-46.72,27.04,83321.65,2009-08-31,2021-09-28,3.62,1.04,False
directional,UNG,Natural gas,trend_10m,5,10,2,20.0,20.0,20.0,20.0,40.0,-10.51,-15.21,-17.45,-10.2,-55.55,23.14,84786.73,2008-04-30,2025-06-02,5.67,1.91,False
directional,PPLT,Platinum,trend_10m,12,10,2,20.0,40.0,20.0,40.0,20.0,-10.8,1.64,-3.81,1.92,-24.59,116.57,101638.26,2010-11-30,2026-02-02,5.67,1.91,False
directional,TAN,Solar energy,oversold_recovery,4,10,2,20.0,30.0,30.0,30.0,40.0,-11.27,-16.91,-20.46,-4.46,-57.08,78.2,83087.97,2008-10-31,2024-01-02,5.67,1.91,False
directional,ICLN,Clean energy,dip_in_uptrend,5,5,1,20.0,40.0,40.0,40.0,20.0,-11.39,-8.92,-10.99,-10.72,-41.98,17.38,91081.86,2009-08-31,2021-07-28,3.62,1.04,False
directional,UNG,Natural gas,oversold_recovery,7,10,2,20.0,10.0,10.0,20.0,20.0,-14.81,-12.32,-15.36,-20.3,-69.78,23.2,87679.13,2007-07-31,2025-12-01,5.67,1.91,False
fundamental,UNG,Natural gas storage,storage_shortage_with_trend,11,5,1,20.0,40.0,40.0,40.0,40.0,-16.19,-21.92,-29.55,-14.85,-50.46,21.04,78077.43,2013-11-22,2023-01-11,3.62,1.04,False
directional,ICLN,Clean energy,dip_in_uptrend,10,5,1,20.0,40.0,40.0,40.0,40.0,-18.09,-19.41,-24.54,-9.65,-44.4,35.66,80587.24,2009-08-31,2021-12-28,3.62,1.04,False
directional,ICLN,Clean energy,dip_in_uptrend,12,5,1,20.0,40.0,40.0,40.0,20.0,-19.17,-9.28,-16.57,-16.25,-57.16,34.74,90718.17,2009-08-31,2022-02-28,3.62,1.04,False
directional,UNG,Natural gas,oversold_recovery,8,10,2,20.0,20.0,10.0,20.0,20.0,-19.22,-19.32,-21.18,-19.49,-64.48,29.61,80680.88,2007-07-31,2025-12-30,5.67,1.91,False
directional,ICLN,Clean energy,dip_in_uptrend,11,5,1,20.0,40.0,40.0,40.0,20.0,-19.9,-23.41,-27.37,-16.27,-48.12,27.98,76591.12,2009-08-31,2022-01-28,3.62,1.04,False
directional,REMX,Rare earth and strategic metals,buy_hold,11,15,3,20.0,33.33,33.33,33.33,33.33,-20.81,-13.04,-15.89,1.9,-44.73,158.28,86959.17,2010-10-31,2025-09-30,7.05,2.66,False
directional,LIT,Lithium and battery chain,dip_in_uptrend,12,5,1,20.0,40.0,20.0,40.0,40.0,-22.46,-8.96,-12.68,-11.56,-34.17,28.5,91043.8,2011-05-31,2024-02-28,3.62,1.04,False
directional,UNG,Natural gas,oversold_recovery,9,10,2,20.0,20.0,20.0,20.0,30.0,-23.67,-19.02,-22.44,-17.25,-65.31,42.16,80983.9,2007-07-31,2026-01-30,5.67,1.91,False
directional,UNG,Natural gas,buy_hold,8,26,5,19.23,15.38,11.54,15.38,19.23,-17.37,-16.05,-21.26,-15.01,-53.28,66.32,83951.15,2007-04-30,2026-02-02,8.51,3.72,False
directional,NLR,Nuclear-energy chain,buy_hold,4,47,9,19.15,27.66,27.66,53.19,57.45,1.29,3.54,0.43,2.05,-51.3,56.21,103540.84,2007-08-31,2026-06-01,10.42,5.39,False
directional,NLR,Nuclear-energy chain,trend_10m,6,21,4,19.05,42.86,28.57,52.38,71.43,4.32,6.89,3.01,6.3,-7.01,32.59,106893.25,2009-07-31,2026-03-02,7.67,3.14,False
directional,UNG,Natural gas,buy_hold,10,21,4,19.05,19.05,9.52,19.05,19.05,-22.26,-20.67,-25.82,-20.45,-76.76,41.17,79325.84,2007-04-30,2026-03-31,7.67,3.14,False
directional,PHO,Water infrastructure,six_month_breakout,5,16,3,18.75,18.75,6.25,37.5,62.5,2.23,1.74,-0.26,-1.77,-39.62,14.35,101738.42,2007-01-31,2025-12-01,6.59,2.49,False
relative_value,COPX/CPER,Copper miners / copper,rolling_3y_ratio_reversion,3,16,3,18.75,25.0,25.0,50.0,68.75,1.7,1.38,0.5,3.26,-8.3,18.96,101377.8,2013-12-04,2026-06-23,6.59,2.49,False
directional,ICLN,Clean energy,buy_hold,12,16,3,18.75,43.75,43.75,43.75,43.75,-3.15,1.51,-3.26,1.51,-54.59,92.85,101512.72,2008-06-30,2025-09-30,6.59,2.49,False
directional,GLD,Gold,buy_hold,3,65,12,18.46,27.69,23.08,50.77,63.08,3.02,2.6,0.92,2.83,-21.77,26.13,102596.85,2004-11-30,2026-06-30,10.89,6.08,False
directional,PHO,Water infrastructure,trend_10m,4,38,7,18.42,31.58,15.79,63.16,65.79,3.89,4.87,3.04,2.94,-20.04,20.28,104865.83,2006-10-31,2026-03-02,9.22,4.45,False
relative_value,COPX/CPER,Copper miners / copper,rolling_3y_ratio_reversion,6,11,2,18.18,36.36,36.36,54.55,72.73,3.0,5.23,3.48,1.4,-32.59,16.2,105227.36,2013-12-04,2026-02-23,5.14,1.74,False
relative_value,GLD/SLV,Gold / silver ratio,rolling_3y_ratio_reversion,7,11,2,18.18,36.36,36.36,45.45,54.55,2.76,1.11,-1.69,2.49,-8.53,14.55,101112.9,2008-08-15,2026-06-29,5.14,1.74,False
directional,WOOD,Timber and forestry,buy_hold,3,55,10,18.18,29.09,23.64,52.73,52.73,1.81,2.81,0.48,1.45,-21.56,43.95,102809.17,2008-06-30,2026-06-30,10.19,5.43,False
relative_value,GLD/SLV,Gold / silver ratio,rolling_3y_ratio_reversion,6,11,2,18.18,36.36,36.36,45.45,54.55,1.69,1.12,0.81,1.56,-13.94,14.55,101118.31,2008-08-15,2026-05-28,5.14,1.74,False
directional,TAN,Solar energy,dip_in_uptrend,2,11,2,18.18,27.27,27.27,54.55,54.55,1.65,2.52,0.88,4.51,-19.78,55.55,102523.02,2010-01-31,2026-08-31,5.14,1.74,False
relative_value,GLD/SLV,Gold / silver ratio,rolling_3y_ratio_reversion,5,11,2,18.18,36.36,36.36,36.36,54.55,0.61,1.94,0.72,-0.09,-21.45,12.72,101935.99,2008-08-15,2026-04-28,5.14,1.74,False
positioning,PALL,Palladium,cftc_producer_accumulation,8,11,2,18.18,45.45,36.36,54.55,45.45,-2.28,7.05,3.01,5.28,-27.52,82.08,107046.47,2011-12-20,2024-10-21,5.14,1.74,False
directional,UNG,Natural gas,dip_in_uptrend,1,11,2,18.18,18.18,18.18,27.27,36.36,-3.95,-3.52,-3.92,0.52,-21.68,49.72,96483.8,2008-07-31,2025-06-30,5.14,1.74,False
positioning,UNG,Natural gas,cftc_producer_accumulation,4,11,2,18.18,36.36,36.36,36.36,45.45,-16.84,-0.67,-2.31,-10.59,-42.75,24.31,99327.55,2008-11-04,2026-05-27,5.14,1.74,False
directional,SLX,Steel producers,buy_hold,1,138,25,18.12,14.49,11.59,49.28,47.83,-0.65,0.64,0.11,0.45,-34.56,28.15,100641.99,2006-10-31,2026-08-31,12.58,8.31,False
directional,GLTR,Precious-metals basket,buy_hold,4,39,7,17.95,25.64,23.08,46.15,51.28,0.37,1.69,-0.56,1.27,-20.02,40.65,101689.55,2010-10-31,2026-06-01,8.98,4.33,False
directional,DBA,Agricultural commodities,buy_hold,5,39,7,17.95,20.51,20.51,46.15,48.72,-1.01,-0.93,-2.32,0.93,-27.08,27.45,99067.2,2007-01-31,2026-06-30,8.98,4.33,False
fundamental,UNG,Natural gas storage,storage_glut_with_downtrend,1,28,5,17.86,17.86,17.86,53.57,50.0,0.75,2.25,1.74,-3.79,-32.43,16.85,102250.55,2012-12-28,2026-02-09,7.88,3.45,False
directional,ICLN,Clean energy,buy_hold,2,73,13,17.81,15.07,12.33,46.58,53.42,0.46,0.63,-1.3,-0.81,-54.42,44.43,100626.1,2008-06-30,2026-06-30,10.71,6.11,False
relative_value,GDX/GLD,Gold miners / gold,rolling_3y_ratio_reversion,5,17,3,17.65,29.41,29.41,47.06,64.71,1.24,0.85,-1.62,1.05,-20.89,21.99,100853.64,2008-05-23,2026-01-05,6.19,2.34,False
directional,UNG,Natural gas,buy_hold,12,17,3,17.65,17.65,17.65,17.65,23.53,-21.83,-25.55,-27.38,-17.71,-71.51,165.1,74451.94,2007-04-30,2025-09-02,6.19,2.34,False
directional,URA,Uranium miners,buy_hold,2,63,11,17.46,20.63,19.05,42.86,39.68,-2.59,-2.74,-3.39,-1.5,-38.26,55.04,97260.26,2010-11-30,2026-06-30,10.04,5.48,False
directional,DBA,Agricultural commodities,trend_10m,3,29,5,17.24,27.59,20.69,37.93,51.72,1.16,-4.29,-6.32,0.58,-29.77,37.32,95713.22,2007-11-30,2026-06-30,7.6,3.33,False
directional,UNG,Natural gas,buy_hold,7,29,5,17.24,20.69,10.34,24.14,20.69,-18.14,-16.44,-19.11,-10.97,-78.27,127.98,83561.71,2007-04-30,2026-07-31,7.6,3.33,False
directional,DBB,Base metals,dip_in_uptrend,3,6,1,16.67,33.33,33.33,83.33,66.67,6.35,7.08,4.18,2.61,-17.91,17.87,107080.96,2010-01-31,2024-10-31,3.01,0.87,False
directional,NLR,Nuclear-energy chain,six_month_breakout,12,6,1,16.67,50.0,33.33,50.0,83.33,6.04,9.52,2.82,0.85,-32.31,13.44,109518.82,2010-12-31,2026-06-30,3.01,0.87,False
positioning,PALL,Palladium,cftc_producer_accumulation,12,6,1,16.67,33.33,16.67,33.33,66.67,5.69,3.67,-2.8,1.29,-29.11,43.06,103667.98,2011-12-20,2024-03-28,3.01,0.87,False
positioning,GLD,Gold,cftc_managed_capitulation_turn,12,6,1,16.67,66.67,66.67,66.67,83.33,4.6,27.17,20.1,2.5,-26.59,24.36,127167.46,2012-01-10,2023-08-09,3.01,0.87,False
positioning,GLD,Gold,cftc_managed_capitulation_turn,11,6,1,16.67,66.67,66.67,66.67,66.67,4.48,27.94,20.98,1.68,-26.57,25.78,127939.61,2012-01-10,2023-07-10,3.01,0.87,False
positioning,GLD,Gold,cftc_managed_capitulation_turn,10,6,1,16.67,50.0,50.0,50.0,66.67,4.05,19.76,13.1,0.89,-23.72,17.01,119763.06,2012-01-10,2023-06-09,3.01,0.87,False
positioning,CPER,Copper,cftc_managed_capitulation_turn,5,6,1,16.67,16.67,16.67,16.67,66.67,3.88,1.67,-0.5,5.18,-3.07,20.79,101665.79,2012-07-10,2024-07-08,3.01,0.87,False
directional,PHO,Water infrastructure,oversold_recovery,1,6,1,16.67,16.67,16.67,50.0,66.67,3.47,2.1,0.68,1.41,-13.37,12.54,102098.18,2008-01-31,2020-04-30,3.01,0.87,False
directional,URA,Uranium miners,dip_in_uptrend,7,6,1,16.67,50.0,16.67,50.0,83.33,3.46,7.81,3.1,14.38,-7.04,77.18,107805.31,2017-04-30,2026-06-30,3.01,0.87,False
directional,PALL,Palladium,six_month_breakout,5,6,1,16.67,50.0,50.0,66.67,50.0,3.28,10.28,6.99,1.85,-17.36,17.71,110280.05,2010-10-31,2022-07-28,3.01,0.87,False
directional,GLTR,Precious-metals basket,buy_hold,3,48,8,16.67,22.92,22.92,50.0,56.25,3.08,2.1,0.53,1.7,-17.38,36.24,102095.16,2010-10-31,2026-06-30,8.7,4.36,False
positioning,CPER,Copper,cftc_managed_capitulation_turn,9,6,1,16.67,33.33,33.33,33.33,50.0,0.93,-0.43,-4.06,2.78,-6.34,12.95,99566.85,2012-07-10,2024-11-06,3.01,0.87,False
directional,CPER,Copper,dip_in_uptrend,4,6,1,16.67,16.67,16.67,16.67,50.0,0.91,-1.36,-3.08,1.51,-19.41,22.28,98640.29,2016-12-31,2025-09-02,3.01,0.87,False
directional,GLD,Gold,six_month_breakout,2,18,3,16.67,22.22,22.22,38.89,50.0,0.63,0.17,-3.15,1.37,-10.98,15.54,100173.26,2006-01-31,2025-10-31,5.84,2.21,False
directional,DBA,Agricultural commodities,trend_10m,4,24,4,16.67,33.33,29.17,33.33,54.17,0.31,-1.64,-3.39,0.84,-17.53,20.41,98356.88,2007-11-30,2026-07-31,6.68,2.74,False
rotation,SLV+PALL,Top-2 resource rotation,top2_10m_momentum,1,6,1,16.67,0.0,0.0,50.0,50.0,0.13,1.15,0.77,1.45,-6.15,10.26,101148.35,2010-11-30,2011-08-31,3.01,0.87,False
directional,DBB,Base metals,six_month_breakout,3,12,2,16.67,16.67,16.67,41.67,50.0,0.07,0.98,-0.95,2.06,-10.06,15.09,100981.51,2009-07-31,2026-02-02,4.7,1.59,False
positioning,SLV,Silver,cftc_managed_capitulation_turn,12,6,1,16.67,66.67,50.0,66.67,50.0,-1.16,25.04,12.06,5.92,-10.53,51.38,125037.77,2008-10-07,2023-06-07,3.01,0.87,False
positioning,CPER,Copper,cftc_managed_capitulation_turn,8,6,1,16.67,16.67,16.67,16.67,50.0,-1.29,-1.1,-5.36,1.03,-8.41,20.75,98897.67,2012-07-10,2024-10-07,3.01,0.87,False
directional,PPLT,Platinum,dip_in_uptrend,2,12,2,16.67,16.67,16.67,41.67,41.67,-2.14,0.6,0.06,0.6,-18.28,21.08,100604.88,2011-06-30,2026-08-31,4.7,1.59,False
positioning,PPLT,Platinum,cftc_managed_capitulation_turn,10,6,1,16.67,50.0,33.33,50.0,50.0,-2.53,7.16,3.38,-4.31,-19.68,10.81,107164.66,2012-01-17,2023-06-02,3.01,0.87,False
positioning,PPLT,Platinum,cftc_managed_capitulation_turn,12,6,1,16.67,33.33,16.67,33.33,33.33,-3.86,6.66,1.83,-3.62,-16.56,10.47,106663.71,2012-01-17,2023-08-02,3.01,0.87,False
directional,SLV,Silver,oversold_recovery,11,6,1,16.67,50.0,0.0,50.0,50.0,-3.9,3.82,-5.39,-7.99,-37.35,17.41,103819.3,2006-06-30,2021-08-30,3.01,0.87,False
directional,ICLN,Clean energy,dip_in_uptrend,3,6,1,16.67,33.33,33.33,33.33,33.33,-5.69,-5.96,-7.35,-4.23,-21.66,17.31,94040.48,2009-08-31,2021-05-28,3.01,0.87,False
directional,PPLT,Platinum,six_month_breakout,2,6,1,16.67,16.67,0.0,16.67,16.67,-6.45,-4.92,-6.09,-4.15,-11.39,10.17,95075.97,2011-04-30,2023-02-28,3.01,0.87,False
positioning,PPLT,Platinum,cftc_managed_capitulation_turn,9,6,1,16.67,50.0,33.33,50.0,33.33,-7.18,9.68,4.33,-3.82,-25.75,17.83,109680.27,2012-01-17,2023-05-02,3.01,0.87,False
directional,REMX,Rare earth and strategic metals,oversold_recovery,9,6,1,16.67,33.33,33.33,33.33,16.67,-7.67,-0.46,-4.87,-1.69,-34.45,57.62,99539.49,2011-08-31,2023-03-30,3.01,0.87,False
relative_value,TAN/ICLN,Solar / clean-energy basket,rolling_3y_ratio_reversion,12,6,1,16.67,16.67,16.67,16.67,33.33,-7.93,-12.78,-18.54,-3.1,-14.99,23.33,87215.21,2011-09-20,2025-10-09,3.01,0.87,False
relative_value,TAN/ICLN,Solar / clean-energy basket,rolling_3y_ratio_reversion,11,6,1,16.67,16.67,16.67,16.67,16.67,-8.37,-16.39,-21.33,-5.92,-20.83,14.1,83608.29,2011-09-20,2025-09-09,3.01,0.87,False
directional,REMX,Rare earth and strategic metals,oversold_recovery,8,6,1,16.67,33.33,33.33,33.33,16.67,-9.31,-6.5,-9.16,0.31,-21.29,63.65,93500.64,2011-08-31,2023-02-28,3.01,0.87,False
directional,URA,Uranium miners,oversold_recovery,11,6,1,16.67,33.33,33.33,33.33,33.33,-9.36,-6.35,-11.36,5.96,-40.4,110.67,93647.37,2011-06-30,2023-05-30,3.01,0.87,False
directional,ICLN,Clean energy,dip_in_uptrend,4,6,1,16.67,33.33,33.33,33.33,33.33,-9.86,-4.76,-6.1,-10.73,-45.13,18.4,95236.77,2009-08-31,2021-06-28,3.01,0.87,False
directional,LIT,Lithium and battery chain,dip_in_uptrend,6,6,1,16.67,33.33,33.33,33.33,16.67,-11.68,-1.01,-3.43,-3.94,-24.53,40.79,98993.85,2011-05-31,2023-08-28,3.01,0.87,False
directional,LIT,Lithium and battery chain,dip_in_uptrend,7,6,1,16.67,33.33,16.67,33.33,16.67,-12.21,0.46,-2.22,-6.86,-28.92,32.12,100455.42,2011-05-31,2023-09-28,3.01,0.87,False
directional,LIT,Lithium and battery chain,dip_in_uptrend,8,6,1,16.67,16.67,16.67,16.67,16.67,-12.26,-3.83,-7.55,-4.38,-24.59,49.99,96167.79,2011-05-31,2023-10-30,3.01,0.87,False
directional,LIT,Lithium and battery chain,dip_in_uptrend,5,6,1,16.67,33.33,33.33,33.33,33.33,-13.51,-6.43,-8.7,-5.07,-24.19,31.75,93573.6,2011-05-31,2023-07-28,3.01,0.87,False
directional,LIT,Lithium and battery chain,dip_in_uptrend,4,6,1,16.67,33.33,33.33,33.33,16.67,-13.68,-6.29,-7.72,-11.19,-35.27,18.45,93713.79,2011-05-31,2023-06-28,3.01,0.87,False
directional,LIT,Lithium and battery chain,dip_in_uptrend,10,6,1,16.67,16.67,16.67,16.67,16.67,-17.26,-0.74,-4.84,-7.45,-21.0,38.81,99256.34,2011-05-31,2023-12-28,3.01,0.87,False
directional,LIT,Lithium and battery chain,dip_in_uptrend,9,6,1,16.67,16.67,16.67,16.67,16.67,-19.55,-8.51,-11.62,-5.87,-24.34,54.78,91493.58,2011-05-31,2023-11-28,3.01,0.87,False
directional,LIT,Lithium and battery chain,dip_in_uptrend,11,6,1,16.67,33.33,33.33,33.33,33.33,-24.46,-14.02,-17.37,-13.62,-31.53,23.19,85975.06,2011-05-31,2024-01-29,3.01,0.87,False
directional,TAN,Solar energy,buy_hold,1,128,21,16.41,17.19,15.62,47.66,46.88,-0.71,0.27,-0.67,-0.7,-44.9,27.17,100266.11,2008-04-30,2026-08-31,10.99,6.99,False
directional,SLV,Silver,buy_hold,1,142,23,16.2,17.61,16.9,47.89,47.89,-0.46,0.47,0.11,0.49,-26.38,22.0,100473.98,2006-04-30,2026-08-31,11.04,7.16,False
directional,SLV,Silver,buy_hold,2,81,13,16.05,20.99,19.75,43.21,48.15,-0.47,-0.93,-2.24,0.18,-32.6,46.18,99066.57,2006-04-30,2026-06-30,9.63,5.49,False
relative_value,COPX/CPER,Copper miners / copper,rolling_3y_ratio_reversion,2,19,3,15.79,26.32,21.05,52.63,57.89,1.28,1.75,1.04,2.16,-10.08,16.2,101745.4,2013-12-04,2026-08-03,5.52,2.09,False
directional,NLR,Nuclear-energy chain,buy_hold,5,38,6,15.79,23.68,23.68,39.47,57.89,0.74,0.43,-2.31,0.09,-35.75,28.74,100425.62,2007-08-31,2026-06-30,7.44,3.44,False
directional,URA,Uranium miners,buy_hold,1,110,17,15.45,20.91,17.27,49.09,48.18,-1.2,0.57,0.09,0.32,-28.97,34.92,100574.68,2010-11-30,2026-08-31,9.88,6.0,False
directional,GLD,Gold,dip_in_uptrend,2,13,2,15.38,15.38,15.38,53.85,76.92,2.95,3.0,-0.16,2.87,-12.89,11.14,103001.81,2008-03-31,2026-08-31,4.33,1.47,False
directional,LIT,Lithium and battery chain,trend_10m,1,39,6,15.38,12.82,7.69,56.41,64.1,1.96,3.11,2.48,2.69,-9.99,20.88,103112.98,2011-05-31,2026-06-30,7.25,3.35,False
directional,URA,Uranium miners,oversold_recovery,1,13,2,15.38,15.38,15.38,69.23,53.85,1.72,5.58,5.21,1.11,-27.5,24.14,105575.57,2011-06-30,2026-06-30,4.33,1.47,False
positioning,GLD,Gold,cftc_managed_capitulation_turn,2,13,2,15.38,23.08,23.08,38.46,53.85,0.19,-1.02,-3.09,1.32,-13.63,17.21,98979.1,2012-01-10,2022-12-27,4.33,1.47,False
directional,UNG,Natural gas,oversold_recovery,2,13,2,15.38,15.38,7.69,30.77,30.77,-8.92,-8.8,-9.0,-8.4,-37.49,13.79,91200.02,2007-07-31,2025-06-30,4.33,1.47,False
directional,TAN,Solar energy,oversold_recovery,2,13,2,15.38,15.38,15.38,30.77,30.77,-10.89,-6.73,-8.34,-7.07,-36.1,38.01,93265.04,2008-10-31,2026-08-31,4.33,1.47,False
directional,CPER,Copper,buy_hold,2,59,9,15.25,11.86,10.17,54.24,50.85,1.18,2.53,0.97,0.61,-16.19,17.49,102526.59,2011-11-30,2026-06-30,8.24,4.27,False
relative_value,GDX/GLD,Gold miners / gold,rolling_3y_ratio_reversion,4,20,3,15.0,35.0,35.0,50.0,60.0,1.75,1.86,-0.17,1.64,-10.06,21.99,101858.87,2008-05-23,2026-08-03,5.24,1.98,False
relative_value,SIL/SLV,Silver miners / silver,rolling_3y_ratio_reversion,3,20,3,15.0,35.0,25.0,60.0,55.0,1.17,6.68,4.93,2.05,-6.72,14.42,106679.4,2012-05-18,2025-12-26,5.24,1.98,False
directional,UNG,Natural gas,buy_hold,1,135,20,14.81,17.78,15.56,43.7,41.48,-1.96,-1.85,-3.15,-1.81,-34.1,39.58,98146.72,2007-04-30,2026-08-31,9.8,6.17,False
directional,PPLT,Platinum,buy_hold,4,41,6,14.63,24.39,24.39,41.46,48.78,-0.83,0.38,-1.64,0.43,-22.76,48.68,100384.49,2010-01-31,2026-06-01,6.88,3.18,False
directional,TAN,Solar energy,trend_10m,1,48,7,14.58,14.58,12.5,47.92,50.0,-0.08,0.77,-0.14,-0.02,-31.27,27.17,100765.93,2009-09-30,2026-06-30,7.25,3.5,False
positioning,CPER,Copper,cftc_managed_capitulation_turn,3,7,1,14.29,14.29,14.29,57.14,85.71,8.08,4.47,2.64,7.46,-4.47,21.51,104465.88,2012-07-10,2024-05-06,2.57,0.74,False
rotation,URA+NLR,Top-2 resource rotation,top2_10m_momentum,1,7,1,14.29,0.0,0.0,71.43,71.43,6.62,1.63,1.13,1.33,-19.09,11.87,101631.85,2023-10-31,2025-12-01,2.57,0.74,False
directional,CPER,Copper,dip_in_uptrend,2,7,1,14.29,14.29,14.29,71.43,71.43,5.11,4.29,3.25,1.7,-16.19,10.66,104286.62,2016-12-31,2026-08-31,2.57,0.74,False
directional,GLTR,Precious-metals basket,dip_in_uptrend,5,7,1,14.29,14.29,14.29,14.29,71.43,5.09,-1.45,-5.68,4.23,-30.13,34.65,98545.49,2011-09-30,2026-07-28,2.57,0.74,False
directional,NLR,Nuclear-energy chain,six_month_breakout,11,7,1,14.29,57.14,42.86,71.43,71.43,4.23,10.89,4.28,0.79,-30.54,21.35,110888.92,2010-12-31,2026-06-01,2.57,0.74,False
directional,REMX,Rare earth and strategic metals,six_month_breakout,1,7,1,14.29,14.29,14.29,57.14,57.14,4.16,5.31,5.24,-0.7,-20.17,16.18,105314.63,2017-07-31,2026-06-01,2.57,0.74,False
directional,NLR,Nuclear-energy chain,dip_in_uptrend,6,7,1,14.29,28.57,28.57,57.14,57.14,3.0,5.33,0.21,1.99,-26.15,36.49,105328.94,2010-01-31,2026-06-01,2.57,0.74,False
directional,ICLN,Clean energy,oversold_recovery,3,7,1,14.29,28.57,14.29,42.86,71.43,2.89,0.85,-1.02,3.54,-16.66,31.48,100848.95,2008-10-31,2022-05-02,2.57,0.74,False
directional,PALL,Palladium,oversold_recovery,3,7,1,14.29,0.0,0.0,42.86,57.14,2.17,1.68,-0.96,-1.94,-23.63,17.01,101675.19,2010-05-31,2026-05-28,2.57,0.74,False
positioning,PPLT,Platinum,cftc_managed_capitulation_turn,8,7,1,14.29,28.57,28.57,28.57,57.14,2.09,3.35,-0.89,-1.45,-24.3,13.51,103354.87,2012-01-17,2023-04-03,2.57,0.74,False
directional,DBB,Base metals,dip_in_uptrend,1,7,1,14.29,0.0,0.0,71.43,71.43,1.66,5.84,4.58,1.18,-13.4,12.24,105838.47,2010-01-31,2026-07-30,2.57,0.74,False
directional,SLV,Silver,trend_10m,1,63,9,14.29,15.87,15.87,50.79,52.38,0.8,2.11,0.75,0.71,-26.38,19.14,102114.96,2007-03-31,2026-06-30,7.7,3.99,False
directional,PALL,Palladium,dip_in_uptrend,1,14,2,14.29,14.29,7.14,35.71,57.14,0.6,-1.23,-1.47,-1.25,-23.0,23.91,98774.94,2011-03-31,2026-06-30,4.01,1.36,False
directional,DBA,Agricultural commodities,buy_hold,4,49,7,14.29,24.49,18.37,34.69,46.94,-0.49,0.96,-2.51,1.12,-24.77,43.8,100955.34,2007-01-31,2026-07-31,7.1,3.43,False
positioning,CPER,Copper,cftc_producer_accumulation,9,7,1,14.29,28.57,28.57,28.57,42.86,-1.02,3.25,-2.55,0.13,-15.57,12.77,103249.3,2012-07-03,2024-07-24,2.57,0.74,False
positioning,PALL,Palladium,cftc_producer_accumulation,10,7,1,14.29,28.57,28.57,28.57,42.86,-1.38,0.04,-5.85,3.41,-31.14,58.42,100037.79,2011-12-20,2024-12-20,2.57,0.74,False
positioning,CPER,Copper,cftc_managed_capitulation_turn,4,7,1,14.29,14.29,14.29,14.29,42.86,-1.72,-1.9,-3.59,0.55,-19.16,21.6,98096.33,2012-07-10,2024-06-06,2.57,0.74,False
directional,REMX,Rare earth and strategic metals,buy_hold,2,63,9,14.29,19.05,15.87,44.44,46.03,-2.86,-0.74,-2.21,-1.4,-38.78,64.62,99256.29,2010-10-31,2026-06-30,7.7,3.99,False
positioning,CPER,Copper,cftc_producer_accumulation,8,7,1,14.29,28.57,14.29,28.57,42.86,-3.31,2.87,-1.25,0.47,-8.41,21.4,102871.57,2012-07-03,2024-06-24,2.57,0.74,False
directional,PPLT,Platinum,dip_in_uptrend,8,7,1,14.29,42.86,28.57,42.86,14.29,-3.42,6.52,3.39,0.44,-13.54,51.09,106524.75,2011-06-30,2026-03-31,2.57,0.74,False
positioning,SLV,Silver,cftc_managed_capitulation_turn,8,7,1,14.29,42.86,28.57,57.14,28.57,-3.68,9.47,4.7,-2.04,-17.84,29.5,109472.0,2008-10-07,2023-02-07,2.57,0.74,False
relative_value,NLR/URA,Nuclear chain / uranium miners,rolling_3y_ratio_reversion,12,7,1,14.29,28.57,28.57,28.57,28.57,-4.63,-5.26,-8.9,-6.11,-24.43,10.43,94735.03,2013-09-06,2025-09-15,2.57,0.74,False
relative_value,NLR/URA,Nuclear chain / uranium miners,rolling_3y_ratio_reversion,10,7,1,14.29,28.57,14.29,28.57,28.57,-4.91,-5.1,-8.85,-7.81,-35.09,10.43,94896.48,2013-09-06,2025-09-15,2.57,0.74,False
directional,ICLN,Clean energy,dip_in_uptrend,2,7,1,14.29,14.29,14.29,28.57,14.29,-5.64,-6.55,-8.02,-4.12,-15.77,18.66,93446.96,2009-08-31,2026-08-31,2.57,0.74,False
relative_value,NLR/URA,Nuclear chain / uranium miners,rolling_3y_ratio_reversion,11,7,1,14.29,28.57,28.57,28.57,28.57,-6.11,-5.45,-8.99,-7.86,-40.89,10.43,94546.13,2013-09-06,2025-09-15,2.57,0.74,False
directional,PPLT,Platinum,dip_in_uptrend,7,7,1,14.29,28.57,28.57,28.57,14.29,-7.23,1.22,-0.95,4.51,-11.52,77.87,101216.67,2011-06-30,2026-03-02,2.57,0.74,False
directional,PPLT,Platinum,dip_in_uptrend,9,7,1,14.29,28.57,28.57,42.86,14.29,-7.79,1.48,-1.5,0.69,-9.97,52.42,101481.28,2011-06-30,2026-04-30,2.57,0.74,False
directional,PPLT,Platinum,dip_in_uptrend,12,7,1,14.29,42.86,28.57,42.86,28.57,-8.49,-2.33,-6.57,-4.38,-17.32,26.78,97671.62,2011-06-30,2026-07-31,2.57,0.74,False
directional,PPLT,Platinum,dip_in_uptrend,10,7,1,14.29,42.86,28.57,42.86,28.57,-8.68,2.43,-3.28,0.25,-13.41,47.92,102433.05,2011-06-30,2026-06-01,2.57,0.74,False
directional,URA,Uranium miners,oversold_recovery,10,7,1,14.29,42.86,42.86,42.86,42.86,-8.71,-3.8,-9.81,5.85,-26.03,87.45,96196.62,2011-06-30,2023-05-01,2.57,0.74,False
directional,TAN,Solar energy,dip_in_uptrend,9,7,1,14.29,28.57,28.57,28.57,28.57,-9.07,-4.47,-10.51,2.59,-44.15,122.57,95529.8,2010-01-31,2023-10-02,2.57,0.74,False
directional,PPLT,Platinum,dip_in_uptrend,11,7,1,14.29,42.86,28.57,42.86,28.57,-10.43,-7.92,-10.67,-4.41,-19.43,19.74,92077.05,2011-06-30,2026-06-30,2.57,0.74,False
positioning,SLV,Silver,cftc_managed_capitulation_turn,9,7,1,14.29,42.86,14.29,57.14,14.29,-14.01,8.6,3.12,-8.67,-18.39,13.07,108601.37,2008-10-07,2023-03-07,2.57,0.74,False
directional,TAN,Solar energy,dip_in_uptrend,10,7,1,14.29,42.86,28.57,42.86,42.86,-22.09,-19.85,-24.92,3.26,-46.04,148.85,80147.03,2010-01-31,2023-10-31,2.57,0.74,False
relative_value,GDX/GLD,Gold miners / gold,rolling_3y_ratio_reversion,3,22,3,13.64,31.82,27.27,50.0,50.0,0.54,3.62,2.68,1.28,-7.6,10.92,103619.76,2008-05-23,2026-07-01,4.75,1.8,False
directional,PPLT,Platinum,buy_hold,8,22,3,13.64,18.18,18.18,31.82,40.91,-1.93,1.49,-1.52,2.04,-24.44,100.98,101491.52,2010-01-31,2026-02-02,4.75,1.8,False
directional,LIT,Lithium and battery chain,buy_hold,1,112,15,13.39,11.61,8.04,46.43,45.54,-0.88,0.14,-0.3,0.23,-22.57,20.88,100144.25,2010-07-31,2026-08-31,8.29,4.89,False
relative_value,GDX/GLD,Gold miners / gold,rolling_3y_ratio_reversion,6,15,2,13.33,40.0,33.33,60.0,53.33,0.96,5.38,4.57,0.21,-18.95,11.72,105378.91,2008-05-23,2026-02-05,3.74,1.27,False
directional,UNG,Natural gas,oversold_recovery,1,15,2,13.33,6.67,6.67,33.33,33.33,-5.63,-5.54,-5.75,-3.52,-18.12,12.91,94455.24,2007-07-31,2025-05-30,3.74,1.27,False
directional,PPLT,Platinum,trend_10m,7,15,2,13.33,33.33,26.67,33.33,26.67,-6.11,-5.67,-9.84,1.04,-22.47,92.49,94331.4,2010-11-30,2026-08-31,3.74,1.27,False
relative_value,SIL/SLV,Silver miners / silver,rolling_3y_ratio_reversion,2,23,3,13.04,39.13,34.78,69.57,56.52,0.23,6.42,6.02,2.27,-7.97,12.01,106420.06,2012-05-18,2025-12-22,4.54,1.72,False
directional,PPLT,Platinum,trend_10m,4,23,3,13.04,21.74,17.39,30.43,39.13,-5.11,-1.63,-3.33,-0.57,-22.76,47.48,98371.32,2010-11-30,2026-07-31,4.54,1.72,False
directional,DBB,Base metals,trend_10m,2,39,5,12.82,15.38,12.82,46.15,56.41,2.43,0.95,-0.29,0.87,-18.5,15.89,100952.76,2008-02-29,2026-08-31,5.6,2.46,False
directional,REMX,Rare earth and strategic metals,buy_hold,1,110,14,12.73,12.73,10.0,38.18,44.55,-1.35,-1.09,-1.6,-0.73,-23.19,36.61,98911.39,2010-10-31,2026-08-31,7.73,4.49,False
relative_value,GLD/SLV,Gold / silver ratio,rolling_3y_ratio_reversion,12,8,1,12.5,37.5,37.5,50.0,75.0,6.21,8.19,3.34,4.56,-5.27,11.61,108192.73,2008-08-15,2025-09-22,2.24,0.65,False
relative_value,GLD/SLV,Gold / silver ratio,rolling_3y_ratio_reversion,10,8,1,12.5,37.5,25.0,62.5,62.5,5.93,7.99,4.36,3.59,-6.09,11.61,107986.38,2008-08-15,2025-09-22,2.24,0.65,False
relative_value,GLD/SLV,Gold / silver ratio,rolling_3y_ratio_reversion,11,8,1,12.5,37.5,37.5,50.0,62.5,4.4,4.94,0.72,2.73,-8.39,11.61,104937.96,2008-08-15,2025-09-22,2.24,0.65,False
positioning,SLV,Silver,cftc_managed_capitulation_turn,7,8,1,12.5,50.0,37.5,50.0,62.5,3.88,8.68,0.89,1.3,-15.03,19.31,108676.06,2008-10-07,2023-01-09,2.24,0.65,False
directional,NLR,Nuclear-energy chain,six_month_breakout,6,8,1,12.5,37.5,25.0,50.0,62.5,3.3,6.87,2.42,1.61,-15.31,13.99,106871.23,2010-12-31,2025-12-30,2.24,0.65,False
directional,NLR,Nuclear-energy chain,six_month_breakout,9,8,1,12.5,62.5,50.0,62.5,75.0,3.29,14.05,10.44,0.61,-32.98,17.01,114048.03,2010-12-31,2026-03-30,2.24,0.65,False
directional,SLX,Steel producers,six_month_breakout,3,8,1,12.5,0.0,0.0,37.5,75.0,2.92,0.84,-1.27,1.32,-12.03,10.84,100837.58,2007-05-31,2026-07-30,2.24,0.65,False
directional,NLR,Nuclear-energy chain,six_month_breakout,8,8,1,12.5,37.5,12.5,75.0,50.0,2.46,9.3,4.59,4.02,-21.98,41.61,109303.93,2010-12-31,2026-03-02,2.24,0.65,False
directional,NLR,Nuclear-energy chain,six_month_breakout,7,8,1,12.5,37.5,12.5,50.0,50.0,1.88,5.64,3.96,4.92,-12.31,36.88,105641.67,2010-12-31,2026-01-30,2.24,0.65,False
positioning,SLV,Silver,cftc_managed_capitulation_turn,6,8,1,12.5,25.0,12.5,50.0,62.5,1.68,6.39,4.66,-0.17,-15.85,14.91,106387.51,2008-10-07,2022-12-07,2.24,0.65,False
directional,SLX,Steel producers,six_month_breakout,1,8,1,12.5,12.5,12.5,50.0,62.5,1.41,0.58,-0.4,1.24,-9.37,14.3,100579.14,2007-05-31,2026-06-01,2.24,0.65,False
positioning,PPLT,Platinum,cftc_producer_accumulation,11,8,1,12.5,25.0,25.0,37.5,62.5,0.81,3.46,-1.14,8.24,-15.52,78.81,103457.32,2012-06-12,2026-05-04,2.24,0.65,False
positioning,CPER,Copper,cftc_managed_capitulation_turn,2,8,1,12.5,12.5,12.5,50.0,62.5,0.77,2.32,1.29,2.38,-7.1,13.79,102321.11,2012-07-10,2024-04-08,2.24,0.65,False
positioning,GLD,Gold,cftc_managed_capitulation_turn,6,8,1,12.5,25.0,25.0,37.5,50.0,0.44,2.76,-0.21,0.31,-22.59,25.28,102755.7,2012-01-10,2023-02-09,2.24,0.65,False
positioning,GLD,Gold,cftc_managed_capitulation_turn,7,8,1,12.5,50.0,25.0,50.0,50.0,0.24,5.99,2.13,0.66,-18.84,23.42,105986.7,2012-01-10,2023-03-09,2.24,0.65,False
directional,NLR,Nuclear-energy chain,oversold_recovery,4,8,1,12.5,12.5,12.5,50.0,50.0,-0.07,3.17,-0.06,-2.01,-19.5,12.16,103166.5,2007-11-30,2026-03-30,2.24,0.65,False
directional,NLR,Nuclear-energy chain,dip_in_uptrend,3,8,1,12.5,25.0,25.0,25.0,50.0,-0.16,-5.02,-6.31,-0.12,-13.12,21.1,94982.81,2010-01-31,2026-06-30,2.24,0.65,False
directional,SLX,Steel producers,six_month_breakout,2,8,1,12.5,12.5,12.5,25.0,37.5,-2.2,-1.64,-2.56,0.41,-8.99,17.15,98362.52,2007-05-31,2026-06-30,2.24,0.65,False
directional,PPLT,Platinum,trend_10m,2,32,4,12.5,15.62,12.5,40.62,43.75,-2.4,-2.06,-3.87,-2.02,-24.92,27.62,97941.53,2010-11-30,2026-06-30,4.97,2.05,False
directional,NLR,Nuclear-energy chain,dip_in_uptrend,4,8,1,12.5,25.0,25.0,37.5,37.5,-3.01,-7.66,-10.2,-2.56,-19.99,14.91,92343.82,2010-01-31,2026-07-31,2.24,0.65,False
directional,PPLT,Platinum,trend_10m,6,16,2,12.5,31.25,25.0,31.25,31.25,-3.29,-2.15,-4.28,-1.22,-24.41,56.28,97845.25,2010-11-30,2026-06-30,3.5,1.19,False
directional,PALL,Palladium,oversold_recovery,1,8,1,12.5,0.0,0.0,25.0,37.5,-4.14,-3.59,-4.31,-2.71,-21.31,10.6,96409.64,2010-05-31,2026-04-30,2.24,0.65,False
directional,LIT,Lithium and battery chain,dip_in_uptrend,1,8,1,12.5,12.5,12.5,12.5,12.5,-6.42,-4.86,-5.46,-4.95,-11.02,10.13,95135.69,2011-05-31,2026-08-31,2.24,0.65,False
directional,UNG,Natural gas,dip_in_uptrend,4,8,1,12.5,37.5,37.5,37.5,25.0,-7.52,-9.97,-11.05,-6.02,-36.05,28.31,90027.0,2008-07-31,2025-09-30,2.24,0.65,False
directional,PPLT,Platinum,dip_in_uptrend,5,8,1,12.5,25.0,12.5,25.0,25.0,-7.83,-0.11,-1.98,-2.03,-32.49,58.05,99891.76,2011-06-30,2026-07-28,2.24,0.65,False
directional,PPLT,Platinum,dip_in_uptrend,6,8,1,12.5,25.0,25.0,25.0,12.5,-8.62,-6.95,-8.82,-2.63,-23.41,65.02,93049.93,2011-06-30,2026-08-28,2.24,0.65,False
relative_value,PPLT/PALL,Platinum / palladium ratio,rolling_3y_ratio_reversion,12,8,1,12.5,37.5,37.5,37.5,12.5,-8.69,1.82,-3.99,-9.4,-21.53,12.61,101820.34,2013-07-10,2024-12-30,2.24,0.65,False
relative_value,PPLT/PALL,Platinum / palladium ratio,rolling_3y_ratio_reversion,11,8,1,12.5,50.0,37.5,50.0,12.5,-9.24,6.52,0.98,-8.84,-20.41,12.61,106519.99,2013-07-10,2024-11-29,2.24,0.65,False
directional,UNG,Natural gas,trend_10m,7,8,1,12.5,25.0,12.5,25.0,37.5,-9.95,-20.48,-23.9,-11.23,-47.9,12.15,79524.2,2008-04-30,2025-07-31,2.24,0.65,False
directional,UNG,Natural gas,buy_hold,4,48,6,12.5,16.67,16.67,27.08,27.08,-12.78,-11.33,-13.99,-9.42,-68.72,63.88,88672.14,2007-04-30,2026-06-01,5.86,2.71,False
positioning,UNG,Natural gas,cftc_producer_accumulation,9,8,1,12.5,25.0,12.5,37.5,37.5,-15.99,-1.12,-9.1,-14.6,-55.85,34.96,98875.07,2008-11-04,2025-12-11,2.24,0.65,False
directional,UNG,Natural gas,trend_10m,8,8,1,12.5,25.0,25.0,25.0,25.0,-17.97,-21.52,-24.14,-14.98,-53.84,43.11,78477.36,2008-04-30,2025-09-02,2.24,0.65,False
directional,UNG,Natural gas,trend_10m,9,8,1,12.5,12.5,12.5,12.5,12.5,-19.39,-23.34,-26.03,-15.48,-67.52,88.75,76661.08,2008-04-30,2025-09-30,2.24,0.65,False
directional,NLR,Nuclear-energy chain,buy_hold,3,57,7,12.28,29.82,24.56,45.61,56.14,1.64,1.47,-0.28,1.61,-45.15,51.54,101473.18,2007-08-31,2026-06-30,6.08,2.94,False
directional,PALL,Palladium,buy_hold,1,115,14,12.17,15.65,12.17,48.7,53.04,0.5,0.72,0.12,0.18,-21.31,24.52,100717.47,2010-01-31,2026-08-31,7.39,4.29,False
directional,PPLT,Platinum,buy_hold,2,66,8,12.12,10.61,10.61,33.33,34.85,-3.61,-0.86,-2.0,-1.36,-24.92,38.65,99135.46,2010-01-31,2026-06-30,6.27,3.15,False
directional,PALL,Palladium,trend_10m,1,58,7,12.07,13.79,10.34,46.55,53.45,0.94,-0.0,-0.24,0.1,-21.31,17.69,99996.13,2010-11-30,2026-04-30,5.97,2.89,False
directional,SLV,Silver,dip_in_uptrend,1,25,3,12.0,8.0,8.0,44.0,48.0,-0.14,0.2,-0.26,0.14,-25.46,20.68,100204.51,2007-06-30,2026-07-30,4.17,1.58,False
directional,PPLT,Platinum,trend_10m,3,25,3,12.0,20.0,20.0,32.0,28.0,-4.3,-0.9,-2.91,-0.39,-16.61,38.8,99096.87,2010-11-30,2026-07-30,4.17,1.58,False
directional,GLD,Gold,trend_10m,2,59,7,11.86,15.25,13.56,42.37,54.24,0.15,0.53,-0.89,1.21,-13.25,17.13,100528.46,2005-09-30,2026-06-30,5.87,2.84,False
directional,DBA,Agricultural commodities,buy_hold,6,34,4,11.76,26.47,23.53,41.18,50.0,-0.83,2.16,-0.78,1.89,-17.32,58.02,102163.74,2007-01-31,2026-06-30,4.67,1.92,False
directional,DBB,Base metals,buy_hold,2,78,9,11.54,8.97,7.69,47.44,48.72,-0.16,1.1,0.11,-0.19,-26.21,17.46,101095.43,2007-01-31,2026-06-30,6.19,3.21,False
directional,REMX,Rare earth and strategic metals,oversold_recovery,1,9,1,11.11,11.11,11.11,55.56,66.67,3.74,2.32,1.47,-1.49,-29.74,11.24,102323.52,2011-08-31,2022-08-01,1.99,0.58,False
directional,NLR,Nuclear-energy chain,six_month_breakout,4,9,1,11.11,44.44,33.33,66.67,55.56,3.25,9.33,6.17,4.95,-8.05,41.79,109326.86,2010-12-31,2025-10-30,1.99,0.58,False
directional,WOOD,Timber and forestry,trend_10m,3,36,4,11.11,16.67,11.11,55.56,58.33,2.77,3.51,1.61,1.83,-13.32,18.42,103508.46,2009-08-31,2026-04-30,4.41,1.82,False
directional,NLR,Nuclear-energy chain,trend_10m,3,36,4,11.11,27.78,22.22,52.78,58.33,2.6,3.19,1.44,1.64,-25.97,21.66,103192.78,2009-07-31,2026-07-30,4.41,1.82,False
positioning,GLD,Gold,cftc_managed_capitulation_turn,5,9,1,11.11,22.22,22.22,44.44,55.56,1.91,3.25,0.14,1.08,-17.91,15.05,103250.91,2012-01-10,2023-01-09,1.99,0.58,False
directional,GLTR,Precious-metals basket,six_month_breakout,3,9,1,11.11,22.22,22.22,22.22,55.56,0.75,-4.66,-4.19,3.06,-9.46,28.09,95342.25,2011-04-30,2025-12-30,1.99,0.58,False
positioning,GLD,Gold,cftc_managed_capitulation_turn,4,9,1,11.11,22.22,11.11,44.44,44.44,-0.28,2.76,0.88,0.84,-17.38,18.11,102755.29,2012-01-10,2022-12-09,1.99,0.58,False
directional,DBA,Agricultural commodities,trend_10m,2,36,4,11.11,13.89,11.11,41.67,41.67,-1.08,-2.64,-4.59,0.33,-17.41,21.5,97362.42,2007-11-30,2026-06-01,4.41,1.82,False
directional,DBA,Agricultural commodities,six_month_breakout,3,9,1,11.11,11.11,11.11,22.22,44.44,-2.58,-4.89,-6.58,-0.02,-6.65,13.23,95106.69,2009-05-31,2026-06-30,1.99,0.58,False
directional,NLR,Nuclear-energy chain,dip_in_uptrend,2,9,1,11.11,11.11,11.11,11.11,33.33,-2.7,-6.3,-6.98,-1.65,-20.06,17.05,93700.51,2010-01-31,2026-07-31,1.99,0.58,False
relative_value,GLD/SLV,Gold / silver ratio,rolling_3y_ratio_reversion,9,9,1,11.11,22.22,22.22,33.33,33.33,-3.63,-1.33,-2.64,-0.78,-8.14,11.61,98667.43,2008-08-15,2026-08-28,1.99,0.58,False
directional,ICLN,Clean energy,dip_in_uptrend,1,9,1,11.11,11.11,11.11,55.56,33.33,-3.95,2.2,1.54,-1.77,-13.96,14.73,102197.49,2009-08-31,2026-08-31,1.99,0.58,False
directional,UNG,Natural gas,dip_in_uptrend,3,9,1,11.11,33.33,33.33,33.33,22.22,-4.09,-10.17,-11.33,-10.84,-54.47,22.79,89828.41,2008-07-31,2025-09-02,1.99,0.58,False
relative_value,PPLT/PALL,Platinum / palladium ratio,rolling_3y_ratio_reversion,10,9,1,11.11,44.44,44.44,44.44,11.11,-9.37,5.07,2.13,-7.64,-16.53,12.61,105074.35,2013-07-10,2024-08-09,1.99,0.58,False
directional,UNG,Natural gas,oversold_recovery,12,9,1,11.11,11.11,11.11,11.11,22.22,-36.88,-33.89,-38.5,-27.35,-71.04,42.06,66112.18,2007-07-31,2026-04-30,1.99,0.58,False
directional,PHO,Water infrastructure,trend_10m,3,48,5,10.42,20.83,18.75,54.17,62.5,2.81,4.14,2.64,1.25,-18.99,15.97,104144.49,2006-10-31,2026-05-28,4.53,1.99,False
directional,NLR,Nuclear-energy chain,trend_10m,2,48,5,10.42,18.75,18.75,47.92,64.58,1.86,0.63,-0.98,1.04,-20.75,30.43,100625.9,2009-07-31,2026-06-30,4.53,1.99,False
positioning,GLD,Gold,cftc_producer_accumulation,5,10,1,10.0,10.0,10.0,20.0,60.0,3.29,0.4,-4.5,-1.57,-16.08,11.22,100398.04,2010-11-16,2026-07-06,1.79,0.52,False
directional,NLR,Nuclear-energy chain,six_month_breakout,3,10,1,10.0,40.0,40.0,60.0,70.0,2.9,8.22,6.44,2.76,-9.43,21.81,108224.33,2010-12-31,2025-09-30,1.79,0.52,False
directional,ICLN,Clean energy,six_month_breakout,2,10,1,10.0,10.0,10.0,60.0,60.0,2.23,2.22,1.63,1.94,-14.56,27.06,102219.0,2011-03-31,2026-06-30,1.79,0.52,False
directional,ICLN,Clean energy,trend_10m,1,50,5,10.0,14.0,12.0,58.0,58.0,1.88,2.27,1.51,1.19,-24.01,20.1,102265.89,2009-08-31,2026-06-30,4.35,1.91,False
directional,GLTR,Precious-metals basket,dip_in_uptrend,1,10,1,10.0,0.0,0.0,30.0,60.0,1.52,-1.66,-1.63,0.68,-18.98,10.76,98343.93,2011-09-30,2026-07-30,1.79,0.52,False
directional,GLTR,Precious-metals basket,six_month_breakout,2,10,1,10.0,0.0,0.0,30.0,60.0,1.4,-2.27,-2.98,0.41,-15.81,13.48,97725.77,2011-04-30,2025-12-01,1.79,0.52,False
directional,WOOD,Timber and forestry,six_month_breakout,3,10,1,10.0,10.0,0.0,50.0,50.0,0.39,1.97,0.33,-0.03,-13.32,12.38,101967.71,2009-07-31,2024-12-30,1.79,0.52,False
relative_value,GLD/SLV,Gold / silver ratio,rolling_3y_ratio_reversion,8,10,1,10.0,30.0,30.0,40.0,40.0,-0.7,-1.14,-4.16,1.08,-11.95,11.61,98862.47,2008-08-15,2026-07-28,1.79,0.52,False
relative_value,NLR/URA,Nuclear chain / uranium miners,rolling_3y_ratio_reversion,7,10,1,10.0,20.0,20.0,20.0,20.0,-4.71,-1.5,-5.58,-3.47,-13.36,12.55,98501.48,2013-09-06,2025-09-03,1.79,0.52,False
directional,PPLT,Platinum,dip_in_uptrend,3,10,1,10.0,30.0,30.0,40.0,40.0,-5.63,0.5,-0.16,-2.62,-18.94,21.64,100501.59,2011-06-30,2026-05-28,1.79,0.52,False
directional,PHO,Water infrastructure,buy_hold,3,62,6,9.68,16.13,12.9,53.23,58.06,1.99,3.0,1.54,1.07,-36.74,23.5,102997.61,2005-12-31,2026-06-30,4.51,2.09,False
directional,WOOD,Timber and forestry,buy_hold,2,73,7,9.59,16.44,16.44,53.42,58.9,1.76,1.96,1.13,0.36,-43.49,41.6,101961.41,2008-06-30,2026-06-30,4.72,2.29,False
relative_value,COPX/CPER,Copper miners / copper,rolling_3y_ratio_reversion,1,21,2,9.52,23.81,23.81,47.62,52.38,0.5,0.14,-0.2,1.75,-6.34,16.2,100141.8,2013-12-04,2026-06-15,2.65,0.9,False
directional,GLD,Gold,six_month_breakout,1,21,2,9.52,19.05,19.05,52.38,52.38,0.18,0.91,-0.4,1.67,-6.34,12.07,100905.59,2006-01-31,2025-09-30,2.65,0.9,False
directional,GLTR,Precious-metals basket,buy_hold,2,63,6,9.52,22.22,15.87,39.68,44.44,-1.35,-0.21,-1.91,-0.5,-16.16,19.27,99792.22,2010-10-31,2026-06-30,4.44,2.06,False
directional,ICLN,Clean energy,buy_hold,1,127,12,9.45,9.45,7.87,50.39,46.46,-0.36,1.03,0.08,-0.37,-40.5,20.1,101030.83,2008-06-30,2026-08-31,5.49,3.06,False
directional,NLR,Nuclear-energy chain,trend_10m,4,32,3,9.38,28.12,25.0,46.88,50.0,-0.19,1.65,-0.39,2.29,-19.99,41.79,101652.26,2009-07-31,2026-07-31,3.24,1.23,False
directional,GLTR,Precious-metals basket,trend_10m,2,32,3,9.38,15.62,12.5,37.5,46.88,-1.34,-1.27,-2.34,0.64,-16.16,19.27,98725.4,2011-08-31,2026-06-30,3.24,1.23,False
directional,NLR,Nuclear-energy chain,buy_hold,2,76,7,9.21,15.79,14.47,43.42,53.95,0.32,0.51,-0.92,-0.6,-26.58,40.64,100509.61,2007-08-31,2026-06-30,4.53,2.19,False
directional,GLD,Gold,buy_hold,2,87,8,9.2,17.24,17.24,43.68,51.72,0.13,0.97,-0.47,0.73,-15.36,21.08,100966.8,2004-11-30,2026-06-30,4.73,2.38,False
positioning,CPER,Copper,cftc_producer_accumulation,3,11,1,9.09,9.09,9.09,63.64,72.73,6.48,4.43,1.94,5.98,-6.38,30.12,104425.71,2012-07-03,2024-05-20,1.62,0.47,False
rotation,TAN+ICLN,Top-2 resource rotation,top2_10m_momentum,1,11,1,9.09,27.27,18.18,63.64,63.64,4.55,3.26,3.04,3.59,-6.2,21.44,103258.27,2013-05-31,2021-02-01,1.62,0.47,False
directional,ICLN,Clean energy,six_month_breakout,1,11,1,9.09,0.0,0.0,63.64,63.64,2.48,2.23,2.01,2.76,-4.5,10.73,102228.93,2011-03-31,2026-06-01,1.62,0.47,False
directional,GLD,Gold,dip_in_uptrend,3,11,1,9.09,0.0,0.0,36.36,63.64,1.33,-1.62,-4.35,1.58,-14.59,15.62,98378.64,2008-03-31,2026-06-30,1.62,0.47,False
directional,CPER,Copper,buy_hold,3,44,4,9.09,25.0,18.18,47.73,52.27,0.42,2.05,0.3,0.99,-22.81,22.96,102054.44,2011-11-30,2026-06-30,3.59,1.48,False
relative_value,NLR/URA,Nuclear chain / uranium miners,rolling_3y_ratio_reversion,5,11,1,9.09,9.09,9.09,18.18,54.55,0.29,-2.67,-5.09,-1.95,-16.31,10.43,97327.27,2013-09-06,2025-07-03,1.62,0.47,False
relative_value,NLR/URA,Nuclear chain / uranium miners,rolling_3y_ratio_reversion,6,11,1,9.09,27.27,27.27,36.36,45.45,-1.02,-1.6,-4.95,-2.0,-18.57,10.43,98403.9,2013-09-06,2025-08-04,1.62,0.47,False
directional,PALL,Palladium,dip_in_uptrend,2,11,1,9.09,18.18,9.09,45.45,36.36,-4.27,-0.26,-1.3,-4.8,-18.56,14.78,99742.15,2011-03-31,2026-07-31,1.62,0.47,False
relative_value,PPLT/PALL,Platinum / palladium ratio,rolling_3y_ratio_reversion,8,11,1,9.09,54.55,36.36,72.73,27.27,-6.95,14.66,7.26,-4.55,-12.8,12.61,114658.78,2013-07-10,2025-01-14,1.62,0.47,False
directional,PPLT,Platinum,trend_10m,1,47,4,8.51,10.64,8.51,40.43,48.94,-1.0,-1.16,-1.93,-0.47,-20.0,26.8,98837.96,2010-11-30,2026-06-30,3.36,1.39,False
positioning,PPLT,Platinum,cftc_managed_capitulation_turn,2,12,1,8.33,16.67,8.33,33.33,58.33,0.41,-0.57,-1.32,0.06,-8.98,10.08,99430.18,2012-01-17,2022-10-03,1.49,0.43,False
positioning,CPER,Copper,cftc_producer_accumulation,2,12,1,8.33,8.33,8.33,50.0,50.0,0.21,1.91,0.89,1.19,-8.79,16.73,101911.93,2012-07-03,2024-04-22,1.49,0.43,False
relative_value,GDX/GLD,Gold miners / gold,rolling_3y_ratio_reversion,1,36,3,8.33,19.44,19.44,41.67,50.0,0.04,0.51,-0.01,0.87,-5.95,10.79,100509.38,2008-05-23,2026-06-11,2.87,1.09,False
relative_value,NLR/URA,Nuclear chain / uranium miners,rolling_3y_ratio_reversion,4,12,1,8.33,25.0,16.67,41.67,50.0,-0.33,2.45,0.81,-2.28,-14.01,10.43,102453.53,2013-09-06,2026-08-24,1.49,0.43,False
positioning,GLD,Gold,cftc_managed_capitulation_turn,3,12,1,8.33,25.0,25.0,50.0,50.0,-1.54,0.69,-0.82,-0.82,-19.42,13.83,100691.08,2012-01-10,2023-02-28,1.49,0.43,False
directional,GLD,Gold,dip_in_uptrend,1,13,1,7.69,0.0,0.0,53.85,69.23,2.18,1.39,0.09,2.74,-4.36,11.2,101392.21,2008-03-31,2026-07-30,1.37,0.4,False
directional,DBB,Base metals,six_month_breakout,2,13,1,7.69,15.38,15.38,30.77,69.23,1.27,0.42,-0.11,1.47,-10.47,10.69,100423.21,2009-07-31,2025-12-31,1.37,0.4,False
directional,DBA,Agricultural commodities,buy_hold,2,78,6,7.69,20.51,17.95,48.72,44.87,-1.28,1.16,0.95,0.05,-17.41,15.7,101164.21,2007-01-31,2026-06-30,3.57,1.66,False
directional,SLV,Silver,oversold_recovery,1,13,1,7.69,7.69,7.69,30.77,46.15,-2.08,-0.55,-2.25,-2.06,-25.46,20.68,99454.24,2006-06-30,2026-04-30,1.37,0.4,False
directional,PPLT,Platinum,trend_10m,8,13,1,7.69,30.77,30.77,30.77,38.46,-3.54,-5.04,-5.94,4.31,-15.95,100.98,94961.22,2010-11-30,2026-02-02,1.37,0.4,False
relative_value,PPLT/PALL,Platinum / palladium ratio,rolling_3y_ratio_reversion,7,13,1,7.69,38.46,23.08,53.85,30.77,-4.69,6.18,1.36,-4.63,-17.14,12.61,106180.55,2013-07-10,2026-08-24,1.37,0.4,False
directional,UNG,Natural gas,oversold_recovery,3,13,1,7.69,7.69,7.69,30.77,30.77,-14.11,-7.4,-9.49,-10.87,-54.47,36.33,92597.43,2007-07-31,2025-07-30,1.37,0.4,False
directional,UNG,Natural gas,oversold_recovery,4,13,1,7.69,7.69,7.69,15.38,23.08,-18.44,-23.09,-25.5,-17.13,-55.45,44.48,76910.25,2007-07-31,2025-09-02,1.37,0.4,False
directional,NLR,Nuclear-energy chain,buy_hold,1,132,10,7.58,14.39,12.88,47.73,55.3,0.65,0.63,0.1,0.36,-25.75,21.07,100626.34,2007-08-31,2026-08-31,4.17,2.22,False
relative_value,GDX/GLD,Gold miners / gold,rolling_3y_ratio_reversion,2,27,2,7.41,25.93,25.93,44.44,51.85,1.43,0.53,0.34,1.05,-11.46,17.53,100527.72,2008-05-23,2026-06-01,2.06,0.7,False
directional,PHO,Water infrastructure,six_month_breakout,6,14,1,7.14,21.43,7.14,42.86,71.43,4.08,4.14,0.63,-1.26,-47.6,15.18,104137.27,2007-01-31,2025-12-30,1.27,0.37,False
relative_value,NLR/URA,Nuclear chain / uranium miners,rolling_3y_ratio_reversion,3,14,1,7.14,35.71,21.43,57.14,57.14,0.47,2.85,1.64,-1.58,-18.61,10.43,102853.54,2013-09-06,2026-07-22,1.27,0.37,False
relative_value,PPLT/PALL,Platinum / palladium ratio,rolling_3y_ratio_reversion,6,14,1,7.14,42.86,21.43,42.86,28.57,-4.38,2.44,-1.59,-3.96,-14.56,12.61,102435.69,2013-07-10,2026-07-22,1.27,0.37,False
directional,DBA,Agricultural commodities,buy_hold,3,59,4,6.78,22.03,15.25,38.98,47.46,-0.54,0.51,-1.41,0.07,-14.35,20.01,100509.48,2007-01-31,2026-06-30,2.67,1.1,False
directional,WOOD,Timber and forestry,trend_10m,2,45,3,6.67,13.33,11.11,57.78,62.22,1.76,3.11,1.23,1.32,-16.13,12.63,103111.36,2009-08-31,2026-03-31,2.29,0.87,False
directional,NLR,Nuclear-energy chain,trend_10m,1,75,5,6.67,14.67,14.67,52.0,61.33,0.65,1.44,0.56,0.77,-18.16,16.32,101435.47,2009-07-31,2026-04-30,2.88,1.27,False
positioning,GLD,Gold,cftc_producer_accumulation,2,15,1,6.67,20.0,20.0,26.67,53.33,0.19,-3.18,-4.58,-0.95,-13.63,10.82,96816.21,2010-11-16,2026-04-06,1.19,0.34,False
relative_value,PPLT/PALL,Platinum / palladium ratio,rolling_3y_ratio_reversion,5,15,1,6.67,40.0,40.0,46.67,26.67,-3.4,1.99,-1.72,-2.72,-13.33,12.61,101991.16,2013-07-10,2026-06-22,1.19,0.34,False
directional,PHO,Water infrastructure,six_month_breakout,4,16,1,6.25,6.25,0.0,56.25,56.25,1.72,4.2,2.12,-0.85,-20.28,12.2,104196.53,2007-01-31,2025-10-30,1.11,0.32,False
directional,PHO,Water infrastructure,six_month_breakout,2,17,1,5.88,17.65,17.65,52.94,58.82,0.56,3.87,3.17,0.85,-15.78,10.13,103872.29,2007-01-31,2025-09-02,1.05,0.3,False
relative_value,PPLT/PALL,Platinum / palladium ratio,rolling_3y_ratio_reversion,4,17,1,5.88,29.41,23.53,41.18,23.53,-3.25,-2.42,-4.1,-2.33,-9.88,12.61,97578.32,2013-07-10,2026-05-22,1.05,0.3,False
directional,PPLT,Platinum,buy_hold,10,18,1,5.56,38.89,11.11,38.89,50.0,-0.15,2.64,-1.93,0.79,-24.92,46.13,102639.18,2010-01-31,2026-04-30,0.99,0.29,False
directional,GLTR,Precious-metals basket,buy_hold,1,110,6,5.45,10.0,10.0,51.82,52.73,0.34,1.21,0.43,0.58,-18.98,14.03,101210.11,2010-10-31,2026-08-31,2.52,1.17,False
directional,DBA,Agricultural commodities,trend_10m,1,55,3,5.45,12.73,10.91,43.64,54.55,0.3,0.1,-0.45,0.96,-13.22,14.88,100099.39,2007-11-30,2026-08-31,1.87,0.71,False
directional,PPLT,Platinum,buy_hold,1,115,6,5.22,8.7,7.83,47.83,51.3,0.37,0.64,-0.34,-0.09,-20.0,26.8,100639.97,2010-01-31,2026-08-31,2.41,1.12,False
directional,DBB,Base metals,buy_hold,1,136,7,5.15,5.88,3.68,45.59,48.53,-0.32,0.38,-0.48,-0.32,-25.87,12.76,100382.02,2007-01-31,2026-08-31,2.52,1.22,False
directional,DBB,Base metals,trend_10m,1,59,3,5.08,8.47,6.78,52.54,57.63,0.91,1.15,0.78,0.48,-15.65,12.88,101151.11,2008-02-29,2026-08-31,1.74,0.67,False
directional,CPER,Copper,trend_10m,1,41,2,4.88,0.0,0.0,46.34,43.9,-0.96,0.64,0.01,-0.12,-9.99,12.54,100639.0,2012-09-30,2026-08-31,1.35,0.46,False
directional,CPER,Copper,buy_hold,1,103,5,4.85,2.91,2.91,38.83,43.69,-0.83,-0.21,-0.94,-0.68,-37.63,12.54,99792.26,2011-11-30,2026-08-31,2.09,0.92,False
directional,PHO,Water infrastructure,buy_hold,2,83,4,4.82,12.05,9.64,56.63,62.65,1.82,2.75,1.84,1.13,-20.11,18.84,102748.02,2005-12-31,2026-06-30,1.89,0.78,False
directional,WOOD,Timber and forestry,buy_hold,1,127,6,4.72,10.24,9.45,54.33,54.33,0.29,1.6,0.92,0.27,-32.46,28.28,101595.29,2008-06-30,2026-08-31,2.18,1.01,False
directional,GLD,Gold,trend_10m,1,92,4,4.35,8.7,6.52,47.83,56.52,0.41,0.66,0.24,1.01,-14.5,12.59,100657.42,2005-09-30,2026-06-30,1.7,0.71,False
directional,PHO,Water infrastructure,buy_hold,1,144,6,4.17,6.94,6.25,54.86,59.03,0.99,1.87,1.2,0.46,-27.27,17.32,101869.08,2005-12-31,2026-08-31,1.92,0.89,False
directional,GLD,Gold,buy_hold,1,152,5,3.29,10.53,8.55,48.68,53.95,0.34,0.75,0.25,0.82,-14.73,12.59,100748.54,2004-11-30,2026-08-31,1.41,0.62,False
directional,PHO,Water infrastructure,trend_10m,2,61,2,3.28,9.84,8.2,57.38,62.3,2.45,2.42,1.25,1.09,-20.11,11.15,102421.33,2006-10-31,2026-03-02,0.9,0.31,False
relative_value,SIL/SLV,Silver miners / silver,rolling_3y_ratio_reversion,1,33,1,3.03,24.24,18.18,54.55,54.55,0.08,1.87,1.12,0.88,-5.86,10.93,101870.45,2012-05-18,2025-11-24,0.54,0.16,False
directional,WOOD,Timber and forestry,trend_10m,1,70,2,2.86,10.0,8.57,61.43,57.14,1.6,2.5,1.68,0.74,-6.99,11.29,102499.3,2009-08-31,2026-08-31,0.79,0.27,False
directional,DBA,Agricultural commodities,buy_hold,1,136,3,2.21,11.03,9.56,45.59,54.41,0.27,0.32,-0.5,0.15,-14.3,14.88,100322.99,2007-01-31,2026-08-31,0.75,0.29,False
directional,GLTR,Precious-metals basket,trend_10m,1,50,1,2.0,8.0,6.0,50.0,50.0,-0.05,1.19,0.98,-0.01,-19.33,10.3,101187.37,2011-08-31,2026-06-30,0.35,0.1,False
rotation,PALL+GLD,Top-2 resource rotation,top2_10m_momentum,5,1,0,0.0,0.0,0.0,100.0,100.0,9.9,5.52,3.21,9.9,9.9,9.9,105522.22,2020-03-31,2020-08-31,0.0,0.0,False
rotation,SLX+DBA,Top-2 resource rotation,top2_10m_momentum,2,1,0,0.0,0.0,0.0,100.0,100.0,9.72,8.84,5.88,9.72,9.72,9.72,108835.41,2008-04-30,2008-06-30,0.0,0.0,False
rotation,UNG+PHO,Top-2 resource rotation,top2_10m_momentum,2,1,0,0.0,100.0,100.0,100.0,100.0,9.6,13.45,11.36,9.6,9.6,9.6,113454.8,2013-01-31,2013-04-01,0.0,0.0,False
rotation,SLV+GLD,Top-2 resource rotation,top2_10m_momentum,6,1,0,0.0,0.0,0.0,0.0,100.0,9.36,-8.1,-13.58,9.36,9.36,9.36,91904.68,2024-10-31,2025-04-30,0.0,0.0,False
rotation,SLV+WOOD,Top-2 resource rotation,top2_10m_momentum,1,1,0,0.0,100.0,0.0,100.0,100.0,9.03,10.39,8.93,9.03,9.03,9.03,110391.08,2010-09-30,2010-11-01,0.0,0.0,False
rotation,PALL+ICLN,Top-2 resource rotation,top2_10m_momentum,2,1,0,0.0,0.0,0.0,100.0,100.0,8.91,6.19,5.48,8.91,8.91,8.91,106185.26,2019-04-30,2019-07-01,0.0,0.0,False
rotation,REMX+SLV,Top-2 resource rotation,top2_10m_momentum,1,1,0,0.0,0.0,0.0,0.0,100.0,8.62,0.05,-0.55,8.62,8.62,8.62,100046.58,2026-03-31,2026-04-30,0.0,0.0,False
rotation,PALL+PHO,Top-2 resource rotation,top2_10m_momentum,5,1,0,0.0,100.0,100.0,100.0,100.0,8.52,11.58,10.52,8.52,8.52,8.52,111576.72,2019-03-29,2019-09-03,0.0,0.0,False
rotation,PALL+GLD,Top-2 resource rotation,top2_10m_momentum,6,1,0,0.0,100.0,0.0,100.0,100.0,8.34,11.06,8.67,8.34,8.34,8.34,111060.03,2020-03-31,2020-09-30,0.0,0.0,False
rotation,SLX+PHO,Top-2 resource rotation,top2_10m_momentum,10,1,0,0.0,0.0,0.0,0.0,100.0,8.28,1.19,-11.27,8.28,8.28,8.28,101193.83,2007-09-28,2008-07-30,0.0,0.0,False
rotation,SLV+PPLT,Top-2 resource rotation,top2_10m_momentum,1,1,0,0.0,0.0,0.0,100.0,100.0,8.23,4.78,2.78,8.23,8.23,8.23,104776.23,2025-12-31,2026-02-02,0.0,0.0,False
rotation,GLD+PHO,Top-2 resource rotation,top2_10m_momentum,4,1,0,0.0,0.0,0.0,100.0,100.0,8.16,5.78,2.28,8.16,8.16,8.16,105778.35,2006-10-31,2007-02-28,0.0,0.0,False
rotation,PALL+TAN,Top-2 resource rotation,top2_10m_momentum,4,1,0,0.0,0.0,0.0,100.0,100.0,7.97,9.32,9.49,7.97,7.97,7.97,109318.26,2019-06-28,2019-10-30,0.0,0.0,False
rotation,SLX+DBB,Top-2 resource rotation,top2_10m_momentum,9,1,0,0.0,100.0,0.0,100.0,100.0,7.91,12.0,6.69,7.91,7.91,7.91,112000.3,2010-03-31,2010-12-31,0.0,0.0,False
rotation,SLX+GLD,Top-2 resource rotation,top2_10m_momentum,5,1,0,0.0,0.0,0.0,0.0,100.0,7.64,2.38,-4.97,7.64,7.64,7.64,102376.41,2007-10-31,2008-03-31,0.0,0.0,False
rotation,NLR+URA,Top-2 resource rotation,top2_10m_momentum,5,1,0,0.0,0.0,0.0,0.0,100.0,7.6,1.91,-2.46,7.6,7.6,7.6,101905.21,2023-09-29,2024-02-29,0.0,0.0,False
rotation,PHO+WOOD,Top-2 resource rotation,top2_10m_momentum,3,1,0,0.0,0.0,0.0,0.0,100.0,7.51,0.9,-1.84,7.51,7.51,7.51,100901.39,2012-06-29,2012-10-01,0.0,0.0,False
rotation,LIT+REMX,Top-2 resource rotation,top2_10m_momentum,5,1,0,0.0,0.0,0.0,0.0,100.0,7.08,2.03,1.02,7.08,7.08,7.08,102032.26,2017-09-29,2018-02-28,0.0,0.0,False
rotation,TAN+PALL,Top-2 resource rotation,top2_10m_momentum,2,2,0,0.0,0.0,0.0,100.0,100.0,6.95,6.14,5.94,6.95,5.01,8.89,106135.39,2019-07-31,2019-12-31,0.0,0.0,False
rotation,PHO+SLV,Top-2 resource rotation,top2_10m_momentum,2,1,0,0.0,0.0,0.0,100.0,100.0,6.9,4.18,2.38,6.9,6.9,6.9,104182.84,2007-07-31,2007-10-01,0.0,0.0,False
rotation,PALL+GLD,Top-2 resource rotation,top2_10m_momentum,4,1,0,0.0,0.0,0.0,0.0,100.0,6.86,0.85,-1.01,6.86,6.86,6.86,100850.58,2020-03-31,2020-07-31,0.0,0.0,False
rotation,SLV+PALL,Top-2 resource rotation,top2_10m_momentum,6,1,0,0.0,0.0,0.0,100.0,100.0,6.79,6.53,3.88,6.79,6.79,6.79,106532.05,2011-02-28,2011-08-29,0.0,0.0,False
rotation,PALL+GLD,Top-2 resource rotation,top2_10m_momentum,7,1,0,0.0,0.0,0.0,100.0,100.0,6.65,8.85,6.13,6.65,6.65,6.65,108847.97,2020-03-31,2020-11-02,0.0,0.0,False
rotation,GLD+NLR,Top-2 resource rotation,top2_10m_momentum,4,1,0,0.0,0.0,0.0,100.0,100.0,6.44,5.57,3.27,6.44,6.44,6.44,105568.49,2016-03-31,2016-08-01,0.0,0.0,False
rotation,TAN+PALL,Top-2 resource rotation,top2_10m_momentum,3,1,0,0.0,0.0,0.0,100.0,100.0,6.38,7.21,7.43,6.38,6.38,6.38,107214.26,2019-07-31,2019-10-31,0.0,0.0,False
rotation,UNG+GLD,Top-2 resource rotation,top2_10m_momentum,1,1,0,0.0,0.0,0.0,100.0,100.0,6.18,1.51,0.69,6.18,6.18,6.18,101505.99,2025-02-28,2025-03-28,0.0,0.0,False
rotation,WOOD+PHO,Top-2 resource rotation,top2_10m_momentum,8,1,0,0.0,100.0,0.0,100.0,100.0,6.18,14.2,9.48,6.18,6.18,6.18,114195.29,2013-03-28,2013-12-02,0.0,0.0,False
rotation,GLD+PHO,Top-2 resource rotation,top2_10m_momentum,3,2,0,0.0,50.0,50.0,100.0,100.0,6.03,12.1,10.15,6.03,4.78,7.27,112102.44,2006-10-31,2024-10-31,0.0,0.0,False
rotation,SLV+PHO,Top-2 resource rotation,top2_10m_momentum,5,2,0,0.0,50.0,50.0,100.0,100.0,5.97,17.15,13.83,5.97,4.07,7.87,117145.67,2007-04-30,2023-08-31,0.0,0.0,False
rotation,LIT+GLD,Top-2 resource rotation,top2_10m_momentum,1,1,0,0.0,0.0,0.0,100.0,100.0,5.79,2.87,2.45,5.79,5.79,5.79,102867.69,2016-05-31,2016-06-30,0.0,0.0,False
directional,GLD,Gold,oversold_recovery,4,3,0,0.0,33.33,33.33,66.67,66.67,5.69,3.91,0.32,-0.29,-13.85,7.3,103911.32,2008-08-31,2026-07-31,0.0,0.0,False
rotation,SLX+DBB,Top-2 resource rotation,top2_10m_momentum,7,1,0,0.0,0.0,0.0,100.0,100.0,5.38,7.34,3.57,5.38,5.38,5.38,107337.97,2010-02-26,2010-09-28,0.0,0.0,False
rotation,TAN+REMX,Top-2 resource rotation,top2_10m_momentum,3,1,0,0.0,0.0,0.0,0.0,100.0,5.12,0.49,-1.47,5.12,5.12,5.12,100494.2,2021-03-31,2021-06-30,0.0,0.0,False
rotation,PHO+WOOD,Top-2 resource rotation,top2_10m_momentum,2,3,0,0.0,0.0,0.0,66.67,100.0,5.06,2.56,1.89,5.75,2.91,9.29,102556.32,2012-06-29,2013-01-30,0.0,0.0,False
rotation,DBA+SLX,Top-2 resource rotation,top2_10m_momentum,2,1,0,0.0,0.0,0.0,0.0,100.0,4.95,0.83,-2.61,4.95,4.95,4.95,100834.79,2008-01-31,2008-03-31,0.0,0.0,False
directional,WOOD,Timber and forestry,dip_in_uptrend,7,4,0,0.0,0.0,0.0,25.0,75.0,4.86,4.01,-5.29,2.18,-8.56,7.55,104009.02,2010-01-31,2025-06-02,0.0,0.0,False
rotation,GLD+NLR,Top-2 resource rotation,top2_10m_momentum,3,1,0,0.0,0.0,0.0,0.0,100.0,4.86,-0.34,-1.63,4.86,4.86,4.86,99659.47,2016-03-31,2016-06-30,0.0,0.0,False
rotation,GLD+PHO,Top-2 resource rotation,top2_10m_momentum,5,2,0,0.0,0.0,0.0,50.0,100.0,4.82,0.58,-4.43,4.82,1.68,7.96,100581.5,2006-10-31,2025-02-28,0.0,0.0,False
rotation,SLX+PHO,Top-2 resource rotation,top2_10m_momentum,1,1,0,0.0,0.0,0.0,100.0,100.0,4.71,3.6,2.79,4.71,4.71,4.71,103601.63,2007-09-28,2007-10-30,0.0,0.0,False
rotation,URA+REMX,Top-2 resource rotation,top2_10m_momentum,4,1,0,0.0,100.0,100.0,100.0,100.0,4.65,20.43,15.8,4.65,4.65,4.65,120425.35,2021-11-30,2022-03-30,0.0,0.0,False
rotation,SLX+SLV,Top-2 resource rotation,top2_10m_momentum,4,2,0,0.0,0.0,0.0,50.0,50.0,4.55,4.51,2.64,4.55,-0.33,9.44,104510.27,2016-08-31,2023-10-30,0.0,0.0,False
rotation,PALL+UNG,Top-2 resource rotation,top2_10m_momentum,1,1,0,0.0,0.0,0.0,0.0,100.0,4.55,-0.52,-1.35,4.55,4.55,4.55,99478.03,2018-12-31,2019-01-31,0.0,0.0,False
rotation,URA+NLR,Top-2 resource rotation,top2_10m_momentum,6,1,0,0.0,0.0,0.0,0.0,100.0,4.46,4.59,0.9,4.46,4.46,4.46,104593.34,2024-03-28,2024-09-30,0.0,0.0,False
directional,CPER,Copper,oversold_recovery,1,3,0,0.0,0.0,0.0,100.0,66.67,4.07,4.95,4.42,3.0,-2.74,7.66,104953.1,2013-04-30,2020-04-30,0.0,0.0,False
rotation,SLV+GLD,Top-2 resource rotation,top2_10m_momentum,3,2,0,0.0,0.0,0.0,50.0,100.0,3.87,-6.88,-9.14,3.87,3.64,4.1,93116.11,2010-05-28,2025-02-28,0.0,0.0,False
directional,WOOD,Timber and forestry,dip_in_uptrend,1,7,0,0.0,14.29,0.0,71.43,85.71,3.86,3.51,1.09,2.44,-4.03,7.16,103509.7,2010-01-31,2024-12-02,0.0,0.0,False
rotation,REMX+SLX,Top-2 resource rotation,top2_10m_momentum,1,2,0,0.0,0.0,0.0,100.0,100.0,3.78,3.33,3.13,3.78,2.42,5.13,103329.06,2017-07-31,2021-08-31,0.0,0.0,False
rotation,TAN+ICLN,Top-2 resource rotation,top2_10m_momentum,12,1,0,0.0,100.0,100.0,100.0,100.0,3.66,40.31,29.88,3.66,3.66,3.66,140306.12,2013-10-31,2014-10-31,0.0,0.0,False
rotation,SLX+DBA,Top-2 resource rotation,top2_10m_momentum,1,1,0,0.0,0.0,0.0,100.0,100.0,3.65,3.74,2.28,3.65,3.65,3.65,103737.13,2008-04-30,2008-05-30,0.0,0.0,False
rotation,PHO+SLV,Top-2 resource rotation,top2_10m_momentum,6,1,0,0.0,0.0,0.0,0.0,100.0,3.62,-2.59,-7.29,3.62,3.62,3.62,97411.4,2007-05-31,2007-11-30,0.0,0.0,False
rotation,GLD+PHO,Top-2 resource rotation,top2_10m_momentum,2,3,0,0.0,33.33,33.33,66.67,100.0,3.61,2.0,0.29,2.72,0.44,4.12,102000.31,2006-10-31,2024-09-30,0.0,0.0,False
rotation,PPLT+SLV,Top-2 resource rotation,top2_10m_momentum,1,1,0,0.0,0.0,0.0,0.0,100.0,3.52,-0.72,-1.06,3.52,3.52,3.52,99275.16,2025-09-30,2025-10-30,0.0,0.0,False
rotation,SLX+PALL,Top-2 resource rotation,top2_10m_momentum,7,1,0,0.0,0.0,0.0,0.0,100.0,3.52,-5.82,-8.15,3.52,3.52,3.52,94182.42,2016-11-30,2017-06-30,0.0,0.0,False
rotation,SLX+PHO,Top-2 resource rotation,top2_10m_momentum,3,1,0,0.0,0.0,0.0,0.0,100.0,3.49,1.76,-1.87,3.49,3.49,3.49,101764.17,2007-09-28,2007-12-31,0.0,0.0,False
rotation,WOOD+ICLN,Top-2 resource rotation,top2_10m_momentum,1,1,0,0.0,0.0,0.0,0.0,100.0,3.48,-1.6,-3.74,3.48,3.48,3.48,98399.56,2015-02-27,2015-03-30,0.0,0.0,False
rotation,GLD+SLV,Top-2 resource rotation,top2_10m_momentum,1,2,0,0.0,0.0,0.0,50.0,50.0,3.44,1.71,0.73,3.44,-0.44,7.33,101705.29,2009-06-30,2025-01-31,0.0,0.0,False
rotation,LIT+REMX,Top-2 resource rotation,top2_10m_momentum,1,3,0,0.0,0.0,0.0,66.67,66.67,3.23,3.6,3.76,-1.08,-10.68,4.21,103603.49,2017-09-29,2026-06-30,0.0,0.0,False
rotation,GLD+NLR,Top-2 resource rotation,top2_10m_momentum,6,1,0,0.0,0.0,0.0,0.0,100.0,3.06,-3.73,-5.83,3.06,3.06,3.06,96274.11,2016-03-31,2016-09-30,0.0,0.0,False
rotation,GLD+NLR,Top-2 resource rotation,top2_10m_momentum,12,1,0,0.0,0.0,0.0,0.0,100.0,3.04,-14.07,-17.85,3.04,3.04,3.04,85925.62,2016-03-31,2017-03-31,0.0,0.0,False
rotation,PHO+SLV,Top-2 resource rotation,top2_10m_momentum,4,1,0,0.0,0.0,0.0,0.0,100.0,2.8,1.14,-1.59,2.8,2.8,2.8,101138.1,2007-03-30,2007-07-31,0.0,0.0,False
directional,PHO,Water infrastructure,dip_in_uptrend,1,10,0,0.0,0.0,0.0,60.0,60.0,2.67,2.85,0.87,-0.23,-10.86,5.72,102849.92,2008-01-31,2025-01-31,-0.0,0.0,False
directional,CPER,Copper,dip_in_uptrend,1,7,0,0.0,0.0,0.0,42.86,57.14,2.67,-1.18,-1.58,1.57,-5.61,8.55,98815.31,2016-12-31,2026-07-30,0.0,0.0,False
rotation,SLX+SLV,Top-2 resource rotation,top2_10m_momentum,6,2,0,0.0,0.0,0.0,0.0,100.0,2.52,-4.53,-7.92,2.52,0.05,5.0,95465.06,2016-10-31,2024-02-29,0.0,0.0,False
directional,WOOD,Timber and forestry,six_month_breakout,2,10,0,0.0,10.0,10.0,80.0,70.0,2.44,5.25,4.29,2.18,-7.01,9.82,105248.05,2009-07-31,2024-12-02,-0.0,0.0,False
rotation,WOOD+PHO,Top-2 resource rotation,top2_10m_momentum,3,1,0,0.0,0.0,0.0,100.0,100.0,2.39,4.68,3.21,2.39,2.39,2.39,104675.15,2013-02-28,2013-05-28,0.0,0.0,False
rotation,SLX+PALL,Top-2 resource rotation,top2_10m_momentum,3,2,0,0.0,0.0,0.0,50.0,100.0,2.36,-0.87,-1.97,2.36,0.27,4.45,99133.4,2016-11-30,2017-06-30,0.0,0.0,False
rotation,GLD+NLR,Top-2 resource rotation,top2_10m_momentum,5,1,0,0.0,0.0,0.0,0.0,100.0,2.35,-1.74,-3.88,2.35,2.35,2.35,98264.53,2016-03-31,2016-08-31,0.0,0.0,False
directional,PHO,Water infrastructure,six_month_breakout,3,17,0,0.0,17.65,5.88,52.94,58.82,2.08,2.62,1.43,-0.26,-12.99,8.81,102624.38,2007-01-31,2025-09-30,0.0,0.0,False
rotation,LIT+REMX,Top-2 resource rotation,top2_10m_momentum,4,1,0,0.0,0.0,0.0,0.0,100.0,2.05,-1.82,-2.95,2.05,2.05,2.05,98175.33,2017-10-31,2018-02-28,0.0,0.0,False
rotation,PALL+GLD,Top-2 resource rotation,top2_10m_momentum,2,1,0,0.0,0.0,0.0,0.0,100.0,1.99,-3.19,-4.24,1.99,1.99,1.99,96813.1,2020-04-30,2020-06-30,0.0,0.0,False
rotation,PHO+WOOD,Top-2 resource rotation,top2_10m_momentum,1,4,0,0.0,0.0,0.0,75.0,100.0,1.97,1.83,1.22,2.21,0.82,4.07,101832.51,2012-06-29,2012-12-31,0.0,0.0,False
rotation,GLD+PHO,Top-2 resource rotation,top2_10m_momentum,1,4,0,0.0,0.0,0.0,100.0,75.0,1.96,3.73,2.9,2.21,-0.19,5.12,103734.13,2006-10-31,2024-10-30,0.0,0.0,False
positioning,CPER,Copper,cftc_managed_capitulation_turn,7,6,0,0.0,0.0,0.0,16.67,50.0,1.93,1.71,-2.01,0.56,-10.53,7.96,101705.49,2012-07-10,2024-09-06,0.0,0.0,False
positioning,CPER,Copper,cftc_managed_capitulation_turn,6,6,0,0.0,0.0,0.0,16.67,66.67,1.86,-3.12,-5.82,1.95,-4.85,6.5,96881.64,2012-07-10,2024-08-06,0.0,0.0,False
rotation,GLD+GLTR,Top-2 resource rotation,top2_10m_momentum,1,5,0,0.0,0.0,0.0,40.0,60.0,1.86,0.74,0.25,-0.02,-11.45,7.41,100744.44,2011-09-30,2025-06-30,-0.0,0.0,False
positioning,GLD,Gold,cftc_producer_accumulation,4,12,0,0.0,16.67,8.33,16.67,66.67,1.85,-2.23,-6.27,-0.88,-20.04,9.55,97770.14,2010-11-16,2026-06-03,0.0,0.0,False
rotation,UNG+PHO,Top-2 resource rotation,top2_10m_momentum,1,1,0,0.0,0.0,0.0,100.0,100.0,1.8,3.81,2.81,1.8,1.8,1.8,103811.73,2013-01-31,2013-02-28,0.0,0.0,False
rotation,NLR+URA,Top-2 resource rotation,top2_10m_momentum,3,1,0,0.0,0.0,0.0,100.0,100.0,1.77,5.19,2.4,1.77,1.77,1.77,105191.76,2023-11-30,2024-02-29,0.0,0.0,False
rotation,GLD+NLR,Top-2 resource rotation,top2_10m_momentum,1,1,0,0.0,0.0,0.0,0.0,100.0,1.56,-3.35,-4.22,1.56,1.56,1.56,96646.15,2016-03-31,2016-05-02,0.0,0.0,False
rotation,SLX+CPER,Top-2 resource rotation,top2_10m_momentum,1,1,0,0.0,0.0,0.0,100.0,100.0,1.56,8.86,8.27,1.56,1.56,1.56,108859.34,2026-07-31,2026-08-31,0.0,0.0,False
rotation,SLX+GLD,Top-2 resource rotation,top2_10m_momentum,2,1,0,0.0,0.0,0.0,0.0,100.0,1.56,0.83,-2.0,1.56,1.56,1.56,100830.18,2007-10-31,2007-12-31,0.0,0.0,False
directional,PHO,Water infrastructure,dip_in_uptrend,2,10,0,0.0,20.0,0.0,60.0,60.0,1.46,6.82,4.49,2.61,-0.98,9.7,106815.94,2008-01-31,2025-02-28,-0.0,0.0,False
rotation,SLX+DBB,Top-2 resource rotation,top2_10m_momentum,3,2,0,0.0,50.0,50.0,50.0,50.0,1.37,4.68,2.54,1.37,-6.31,9.06,104681.89,2009-10-30,2010-05-28,0.0,0.0,False
rotation,SLX+PALL,Top-2 resource rotation,top2_10m_momentum,2,3,0,0.0,0.0,0.0,33.33,100.0,1.36,-4.83,-5.63,1.21,0.7,1.55,95167.65,2016-11-30,2017-06-30,0.0,0.0,False
directional,CPER,Copper,dip_in_uptrend,3,6,0,0.0,16.67,16.67,16.67,50.0,1.31,-2.99,-4.14,-1.03,-19.56,9.8,97014.97,2016-12-31,2025-07-30,0.0,0.0,False
rotation,SLV+PHO,Top-2 resource rotation,top2_10m_momentum,2,1,0,0.0,0.0,0.0,100.0,100.0,1.27,1.79,-0.37,1.27,1.27,1.27,101785.93,2007-04-30,2007-07-02,0.0,0.0,False
rotation,REMX+SLX,Top-2 resource rotation,top2_10m_momentum,10,1,0,0.0,0.0,0.0,0.0,100.0,1.18,-12.77,-24.91,1.18,1.18,1.18,87225.26,2021-07-30,2022-05-31,0.0,0.0,False
rotation,SLV+PHO,Top-2 resource rotation,top2_10m_momentum,1,1,0,0.0,0.0,0.0,100.0,100.0,1.14,5.63,4.84,1.14,1.14,1.14,105628.48,2023-03-31,2023-05-01,0.0,0.0,False
rotation,URA+UNG,Top-2 resource rotation,top2_10m_momentum,1,1,0,0.0,0.0,0.0,0.0,100.0,1.08,-2.03,-3.68,1.08,1.08,1.08,97971.56,2021-09-30,2021-11-01,0.0,0.0,False
rotation,GLD+NLR,Top-2 resource rotation,top2_10m_momentum,7,1,0,0.0,0.0,0.0,0.0,100.0,1.02,-6.01,-8.22,1.02,1.02,1.02,93993.81,2016-03-31,2016-10-31,0.0,0.0,False
rotation,TAN+PALL,Top-2 resource rotation,top2_10m_momentum,1,2,0,0.0,0.0,0.0,100.0,100.0,0.96,3.71,3.52,0.96,0.94,0.98,103706.61,2019-07-31,2019-12-02,0.0,0.0,False
rotation,SLX+UNG,Top-2 resource rotation,top2_10m_momentum,1,2,0,0.0,0.0,0.0,50.0,50.0,0.92,0.36,-0.52,0.92,-3.47,5.3,100363.68,2008-05-30,2017-01-31,0.0,0.0,False
directional,PHO,Water infrastructure,trend_10m,1,94,0,0.0,5.32,3.19,58.51,60.64,0.91,2.11,1.44,0.61,-13.14,9.51,102111.38,2006-10-31,2026-03-30,0.0,0.0,False
rotation,UNG+PHO,Top-2 resource rotation,top2_10m_momentum,5,1,0,0.0,0.0,0.0,100.0,100.0,0.91,9.93,6.2,0.91,0.91,0.91,109925.55,2013-01-31,2013-07-01,0.0,0.0,False
directional,GLD,Gold,oversold_recovery,1,3,0,0.0,0.0,0.0,66.67,66.67,0.77,1.39,-0.65,0.98,-1.74,3.91,101392.21,2008-08-31,2026-04-30,0.0,0.0,False
rotation,UNG+PHO,Top-2 resource rotation,top2_10m_momentum,6,1,0,0.0,100.0,0.0,100.0,100.0,0.7,10.3,6.56,0.7,0.7,0.7,110303.8,2013-01-31,2013-07-31,0.0,0.0,False
rotation,GLD+SLX,Top-2 resource rotation,top2_10m_momentum,1,1,0,0.0,0.0,0.0,100.0,100.0,0.67,2.16,1.8,0.67,0.67,0.67,102162.96,2010-07-30,2010-08-31,0.0,0.0,False
rotation,TAN+UNG,Top-2 resource rotation,top2_10m_momentum,2,1,0,0.0,0.0,0.0,0.0,100.0,0.64,-5.19,-6.87,0.64,0.64,0.64,94811.62,2014-04-30,2014-06-30,0.0,0.0,False
rotation,GLD+GLTR,Top-2 resource rotation,top2_10m_momentum,3,2,0,0.0,0.0,0.0,0.0,50.0,0.57,-4.3,-5.69,0.57,-4.9,6.05,95701.36,2012-01-31,2025-06-30,0.0,0.0,False
directional,DBA,Agricultural commodities,dip_in_uptrend,2,4,0,0.0,50.0,25.0,50.0,50.0,0.56,5.99,3.06,-2.99,-17.41,4.34,105986.0,2008-03-31,2024-08-30,0.0,0.0,False
rotation,SLV+PALL,Top-2 resource rotation,top2_10m_momentum,3,2,0,0.0,0.0,0.0,0.0,50.0,0.51,-2.82,-5.42,0.51,-7.3,8.32,97175.54,2010-12-31,2011-08-01,0.0,0.0,False
rotation,PHO+SLV,Top-2 resource rotation,top2_10m_momentum,3,3,0,0.0,0.0,0.0,0.0,66.67,0.49,-0.55,-2.77,0.52,-4.0,5.06,99448.54,2007-02-28,2013-01-31,0.0,0.0,False
directional,DBA,Agricultural commodities,six_month_breakout,2,10,0,0.0,0.0,0.0,40.0,50.0,0.46,-3.04,-3.69,0.72,-9.24,8.72,96964.55,2009-05-31,2026-06-01,-0.0,0.0,False
rotation,PALL+SLV,Top-2 resource rotation,top2_10m_momentum,9,1,0,0.0,0.0,0.0,0.0,100.0,0.45,1.23,-3.31,0.45,0.45,0.45,101227.8,2011-01-31,2011-10-31,0.0,0.0,False
rotation,PALL+PHO,Top-2 resource rotation,top2_10m_momentum,6,1,0,0.0,0.0,0.0,0.0,100.0,0.32,1.08,-0.55,0.32,0.32,0.32,101083.86,2019-02-28,2019-08-28,0.0,0.0,False
relative_value,GLD/SLV,Gold / silver ratio,rolling_3y_ratio_reversion,4,12,0,0.0,16.67,16.67,25.0,50.0,0.3,0.93,-0.97,-1.73,-15.96,6.12,100933.21,2008-08-15,2026-07-31,0.0,0.0,False
positioning,CPER,Copper,cftc_producer_accumulation,1,15,0,0.0,6.67,6.67,46.67,60.0,0.28,0.41,0.28,0.53,-15.64,8.03,100413.57,2012-07-03,2024-03-20,-0.0,0.0,False
directional,CPER,Copper,six_month_breakout,2,5,0,0.0,0.0,0.0,60.0,60.0,0.27,3.05,0.81,-0.98,-6.23,2.52,103050.02,2013-12-31,2021-02-01,-0.0,0.0,False
directional,TAN,Solar energy,six_month_breakout,1,11,0,0.0,0.0,0.0,54.55,63.64,0.19,1.29,0.32,-1.25,-20.19,6.8,101288.68,2013-07-31,2026-06-30,0.0,0.0,False
directional,DBB,Base metals,six_month_breakout,1,15,0,0.0,13.33,13.33,46.67,66.67,0.09,-2.48,-1.81,0.83,-5.79,8.11,97516.38,2009-07-31,2025-12-01,-0.0,0.0,False
rotation,PALL+NLR,Top-2 resource rotation,top2_10m_momentum,1,2,0,0.0,100.0,100.0,100.0,50.0,0.08,18.16,13.22,0.08,-0.56,0.73,118159.38,2014-10-31,2015-02-02,0.0,0.0,False
directional,WOOD,Timber and forestry,six_month_breakout,1,12,0,0.0,0.0,0.0,58.33,50.0,0.07,2.55,1.83,0.5,-6.79,7.49,102548.69,2009-07-31,2024-10-30,0.0,0.0,False
relative_value,GLD/SLV,Gold / silver ratio,rolling_3y_ratio_reversion,2,17,0,0.0,17.65,11.76,41.18,52.94,0.06,-0.96,-1.79,-3.55,-39.75,7.02,99040.57,2008-08-15,2026-07-01,0.0,0.0,False
rotation,SLV+PHO,Top-2 resource rotation,top2_10m_momentum,3,1,0,0.0,100.0,100.0,100.0,0.0,-0.02,12.88,11.69,-0.02,-0.02,-0.02,112881.19,2023-03-31,2023-06-30,0.0,0.0,False
directional,PHO,Water infrastructure,six_month_breakout,1,21,0,0.0,0.0,0.0,57.14,47.62,-0.04,2.26,2.22,-0.63,-13.14,6.16,102258.08,2007-01-31,2025-07-30,0.0,0.0,False
rotation,NLR+PPLT,Top-2 resource rotation,top2_10m_momentum,1,1,0,0.0,0.0,0.0,0.0,0.0,-0.08,-3.39,-4.14,-0.08,-0.08,-0.08,96611.8,2022-12-30,2023-01-31,0.0,0.0,False
directional,DBA,Agricultural commodities,dip_in_uptrend,4,3,0,0.0,66.67,66.67,66.67,33.33,-0.09,16.8,18.22,1.36,-2.9,7.07,116796.18,2008-03-31,2024-10-30,0.0,0.0,False
rotation,PALL+NLR,Top-2 resource rotation,top2_10m_momentum,2,1,0,0.0,100.0,100.0,100.0,0.0,-0.09,29.53,26.85,-0.09,-0.09,-0.09,129529.17,2014-10-31,2014-12-31,0.0,0.0,False
directional,NLR,Nuclear-energy chain,six_month_breakout,1,12,0,0.0,8.33,8.33,58.33,50.0,-0.18,1.93,1.39,-0.08,-3.32,4.06,101925.92,2010-12-31,2025-07-30,0.0,0.0,False
rotation,PALL+NLR,Top-2 resource rotation,top2_10m_momentum,4,1,0,0.0,100.0,100.0,100.0,0.0,-0.2,40.91,26.68,-0.2,-0.2,-0.2,140909.15,2014-10-31,2015-03-02,0.0,0.0,False
rotation,WOOD+LIT,Top-2 resource rotation,top2_10m_momentum,1,1,0,0.0,0.0,0.0,100.0,0.0,-0.22,4.31,3.93,-0.22,-0.22,-0.22,104313.4,2017-05-31,2017-06-30,0.0,0.0,False
positioning,CPER,Copper,cftc_managed_capitulation_turn,1,10,0,0.0,10.0,10.0,50.0,50.0,-0.23,1.1,0.69,0.83,-4.85,8.03,101099.46,2012-07-10,2024-03-06,-0.0,0.0,False
rotation,SLX+REMX,Top-2 resource rotation,top2_10m_momentum,1,1,0,0.0,0.0,0.0,0.0,0.0,-0.27,-1.75,-2.47,-0.27,-0.27,-0.27,98254.72,2021-05-28,2021-06-30,0.0,0.0,False
rotation,PALL+UNG,Top-2 resource rotation,top2_10m_momentum,2,1,0,0.0,0.0,0.0,0.0,0.0,-0.28,-2.33,-4.04,-0.28,-0.28,-0.28,97666.73,2019-01-31,2019-04-01,0.0,0.0,False
rotation,REMX+TAN,Top-2 resource rotation,top2_10m_momentum,2,2,0,0.0,0.0,0.0,50.0,50.0,-0.3,-0.94,-2.0,-0.3,-7.35,6.74,99056.75,2018-01-31,2021-06-30,0.0,0.0,False
positioning,GLD,Gold,cftc_managed_capitulation_turn,1,17,0,0.0,11.76,11.76,52.94,47.06,-0.36,0.96,0.6,0.32,-13.4,8.66,100955.61,2012-01-10,2022-12-08,0.0,0.0,False
directional,DBA,Agricultural commodities,six_month_breakout,1,10,0,0.0,0.0,0.0,40.0,40.0,-0.44,-0.7,-0.74,-0.58,-8.95,5.8,99304.41,2009-05-31,2026-04-30,-0.0,0.0,False
directional,NLR,Nuclear-energy chain,six_month_breakout,2,12,0,0.0,8.33,8.33,41.67,41.67,-0.46,-0.27,-0.61,-0.34,-6.39,6.33,99725.63,2010-12-31,2025-09-02,0.0,0.0,False
rotation,SLX+GLD,Top-2 resource rotation,top2_10m_momentum,1,2,0,0.0,0.0,0.0,0.0,50.0,-0.64,-1.52,-2.86,-0.64,-2.16,0.88,98480.46,2007-10-31,2008-01-31,0.0,0.0,False
rotation,PHO+GLD,Top-2 resource rotation,top2_10m_momentum,4,1,0,0.0,100.0,0.0,100.0,0.0,-0.66,10.45,7.35,-0.66,-0.66,-0.66,110449.94,2024-08-30,2024-12-31,0.0,0.0,False
positioning,GLD,Gold,cftc_producer_accumulation,3,12,0,0.0,16.67,8.33,16.67,41.67,-0.71,-2.88,-4.7,-2.03,-16.53,6.44,97119.62,2010-11-16,2026-05-04,0.0,0.0,False
directional,GLTR,Precious-metals basket,six_month_breakout,1,10,0,0.0,10.0,0.0,20.0,50.0,-0.72,-3.65,-3.98,-1.46,-10.54,5.65,96345.62,2011-04-30,2025-10-30,-0.0,0.0,False
relative_value,PPLT/PALL,Platinum / palladium ratio,rolling_3y_ratio_reversion,1,31,0,0.0,6.45,6.45,41.94,35.48,-0.74,0.08,-0.4,-0.79,-7.39,7.29,100083.03,2013-07-10,2026-06-12,-0.0,0.0,False
rotation,SLV+GLD,Top-2 resource rotation,top2_10m_momentum,1,4,0,0.0,0.0,0.0,100.0,50.0,-0.75,3.62,2.29,-0.97,-5.57,3.18,103616.4,2009-07-31,2024-12-02,0.0,0.0,False
relative_value,GLD/SLV,Gold / silver ratio,rolling_3y_ratio_reversion,3,13,0,0.0,15.38,15.38,30.77,38.46,-0.77,-3.21,-4.26,-1.72,-16.88,7.69,96789.13,2008-08-15,2026-06-23,0.0,0.0,False
rotation,GLD+NLR,Top-2 resource rotation,top2_10m_momentum,10,1,0,0.0,0.0,0.0,0.0,0.0,-0.77,-11.7,-14.87,-0.77,-0.77,-0.77,88299.9,2016-03-31,2017-01-31,0.0,0.0,False
relative_value,NLR/URA,Nuclear chain / uranium miners,rolling_3y_ratio_reversion,1,22,0,0.0,4.55,4.55,50.0,36.36,-0.81,1.39,-0.86,-0.96,-11.91,5.98,101394.74,2013-09-06,2026-05-22,0.0,0.0,False
relative_value,PPLT/PALL,Platinum / palladium ratio,rolling_3y_ratio_reversion,3,19,0,0.0,26.32,26.32,47.37,36.84,-0.84,2.1,0.44,-1.91,-11.42,9.51,102095.33,2013-07-10,2026-08-12,0.0,0.0,False
relative_value,NLR/URA,Nuclear chain / uranium miners,rolling_3y_ratio_reversion,2,15,0,0.0,33.33,26.67,40.0,40.0,-0.94,-0.47,-0.77,-1.9,-12.34,9.74,99533.51,2013-09-06,2026-06-22,-0.0,0.0,False
directional,PPLT,Platinum,dip_in_uptrend,1,13,0,0.0,0.0,0.0,38.46,46.15,-1.02,-0.24,-0.79,-1.36,-20.0,8.52,99761.73,2011-06-30,2026-07-30,0.0,0.0,False
directional,NLR,Nuclear-energy chain,dip_in_uptrend,1,11,0,0.0,0.0,0.0,18.18,36.36,-1.04,-3.46,-3.9,-1.79,-14.45,9.68,96536.43,2010-01-31,2026-06-30,0.0,0.0,False
rotation,PALL+NLR,Top-2 resource rotation,top2_10m_momentum,3,1,0,0.0,100.0,100.0,100.0,0.0,-1.09,27.15,15.24,-1.09,-1.09,-1.09,127149.83,2014-11-28,2015-03-02,0.0,0.0,False
directional,DBA,Agricultural commodities,dip_in_uptrend,1,4,0,0.0,25.0,25.0,50.0,25.0,-1.17,0.82,-0.1,-1.84,-5.24,0.21,100819.42,2008-03-31,2024-07-30,0.0,0.0,False
rotation,LIT+SLV,Top-2 resource rotation,top2_10m_momentum,2,1,0,0.0,0.0,0.0,0.0,0.0,-1.23,0.03,-0.86,-1.23,-1.23,-1.23,100033.65,2016-06-30,2016-08-30,0.0,0.0,False
directional,CPER,Copper,six_month_breakout,1,5,0,0.0,0.0,0.0,40.0,40.0,-1.27,0.7,0.19,-0.12,-6.49,6.02,100699.2,2013-12-31,2020-12-30,-0.0,0.0,False
relative_value,TAN/ICLN,Solar / clean-energy basket,rolling_3y_ratio_reversion,1,21,0,0.0,0.0,0.0,19.05,28.57,-1.35,-2.54,-2.89,-1.58,-6.07,3.36,97457.11,2011-09-20,2025-06-23,0.0,0.0,False
directional,PPLT,Platinum,oversold_recovery,1,3,0,0.0,0.0,0.0,66.67,33.33,-1.39,0.88,0.38,-4.19,-20.0,8.81,100877.74,2010-05-31,2026-03-30,0.0,0.0,False
relative_value,PPLT/PALL,Platinum / palladium ratio,rolling_3y_ratio_reversion,2,25,0,0.0,12.0,12.0,48.0,40.0,-1.45,1.08,0.3,-0.37,-7.7,9.48,101084.85,2013-07-10,2026-07-13,0.0,0.0,False
rotation,WOOD+PHO,Top-2 resource rotation,top2_10m_momentum,4,1,0,0.0,0.0,0.0,100.0,0.0,-1.49,4.57,2.09,-1.49,-1.49,-1.49,104571.32,2013-04-30,2013-08-30,0.0,0.0,False
rotation,LIT+REMX,Top-2 resource rotation,top2_10m_momentum,3,1,0,0.0,0.0,0.0,0.0,0.0,-1.5,-5.99,-6.88,-1.5,-1.5,-1.5,94007.63,2017-11-30,2018-02-28,0.0,0.0,False
relative_value,GLD/SLV,Gold / silver ratio,rolling_3y_ratio_reversion,1,21,0,0.0,9.52,9.52,47.62,33.33,-1.58,-1.86,-2.21,-1.84,-13.47,6.11,98144.2,2008-08-15,2026-06-01,0.0,0.0,False
rotation,SLX+PALL,Top-2 resource rotation,top2_10m_momentum,4,1,0,0.0,0.0,0.0,0.0,0.0,-1.69,-7.65,-8.84,-1.69,-1.69,-1.69,92352.37,2017-01-31,2017-05-31,0.0,0.0,False
positioning,CPER,Copper,cftc_producer_accumulation,4,9,0,0.0,0.0,0.0,11.11,44.44,-1.72,-0.44,-2.71,-1.41,-19.16,7.32,99562.36,2012-07-03,2024-02-26,0.0,0.0,False
rotation,URA+REMX,Top-2 resource rotation,top2_10m_momentum,3,1,0,0.0,0.0,0.0,100.0,0.0,-1.75,9.47,6.5,-1.75,-1.75,-1.75,109474.87,2021-11-30,2022-02-28,0.0,0.0,False
rotation,PALL+GLD,Top-2 resource rotation,top2_10m_momentum,1,2,0,0.0,0.0,0.0,0.0,50.0,-1.84,-5.13,-5.51,-1.84,-5.01,1.32,94866.35,2020-03-31,2020-06-30,0.0,0.0,False
rotation,PHO+SLV,Top-2 resource rotation,top2_10m_momentum,1,4,0,0.0,0.0,0.0,0.0,25.0,-1.91,-1.98,-3.17,-1.17,-2.63,1.8,98017.11,2007-02-28,2007-08-31,0.0,0.0,False
relative_value,TAN/ICLN,Solar / clean-energy basket,rolling_3y_ratio_reversion,2,15,0,0.0,0.0,0.0,20.0,33.33,-1.92,-2.98,-3.83,-0.91,-7.4,9.96,97020.56,2011-09-20,2025-08-18,-0.0,0.0,False
rotation,GLD+NLR,Top-2 resource rotation,top2_10m_momentum,2,1,0,0.0,0.0,0.0,0.0,0.0,-2.0,-4.21,-5.07,-2.0,-2.0,-2.0,95789.78,2016-03-31,2016-05-31,0.0,0.0,False
directional,NLR,Nuclear-energy chain,dip_in_uptrend,8,6,0,0.0,16.67,16.67,16.67,16.67,-2.09,-0.37,-5.85,-6.05,-23.45,6.38,99632.75,2010-01-31,2026-07-30,0.0,0.0,False
rotation,UNG+PALL,Top-2 resource rotation,top2_10m_momentum,10,1,0,0.0,0.0,0.0,0.0,0.0,-2.2,-5.46,-8.92,-2.2,-2.2,-2.2,94541.44,2018-11-30,2019-09-30,0.0,0.0,False
rotation,SLX+WOOD,Top-2 resource rotation,top2_10m_momentum,2,1,0,0.0,0.0,0.0,100.0,0.0,-2.31,2.06,1.61,-2.31,-2.31,-2.31,102058.86,2018-07-31,2018-10-01,0.0,0.0,False
directional,PALL,Palladium,six_month_breakout,1,9,0,0.0,0.0,0.0,33.33,44.44,-2.46,-2.61,-3.25,-3.53,-14.87,7.93,97386.14,2010-10-31,2022-03-28,0.0,0.0,False
positioning,PPLT,Platinum,cftc_managed_capitulation_turn,1,14,0,0.0,0.0,0.0,50.0,35.71,-2.48,-0.45,-0.88,-1.13,-8.04,7.06,99546.61,2012-01-17,2022-09-02,0.0,0.0,False
directional,NLR,Nuclear-energy chain,oversold_recovery,1,11,0,0.0,0.0,0.0,45.45,45.45,-2.53,-0.54,-2.25,-1.91,-14.27,7.7,99463.28,2007-11-30,2026-06-30,0.0,0.0,False
rotation,PALL+GLD,Top-2 resource rotation,top2_10m_momentum,3,1,0,0.0,0.0,0.0,0.0,0.0,-2.54,-12.3,-13.73,-2.54,-2.54,-2.54,87702.71,2020-03-31,2020-06-30,0.0,0.0,False
positioning,GLD,Gold,cftc_producer_accumulation,1,20,0,0.0,5.0,5.0,50.0,35.0,-2.62,0.64,-0.13,-2.2,-13.4,5.86,100637.78,2010-11-16,2026-04-10,-0.0,0.0,False
rotation,WOOD+PHO,Top-2 resource rotation,top2_10m_momentum,2,1,0,0.0,0.0,0.0,100.0,0.0,-2.66,1.87,0.27,-2.66,-2.66,-2.66,101869.11,2013-04-30,2013-07-01,0.0,0.0,False
relative_value,TAN/ICLN,Solar / clean-energy basket,rolling_3y_ratio_reversion,8,8,0,0.0,0.0,0.0,0.0,12.5,-2.86,-7.15,-10.9,-6.55,-31.28,4.0,92854.44,2011-09-20,2025-11-28,0.0,0.0,False
rotation,REMX+TAN,Top-2 resource rotation,top2_10m_momentum,1,2,0,0.0,0.0,0.0,50.0,0.0,-2.86,2.24,1.99,-2.86,-4.71,-1.01,102243.25,2018-02-28,2018-04-30,0.0,0.0,False
rotation,PALL+PHO,Top-2 resource rotation,top2_10m_momentum,1,2,0,0.0,0.0,0.0,0.0,50.0,-2.92,-3.83,-4.19,-2.92,-6.71,0.87,96167.47,2019-02-28,2019-04-30,0.0,0.0,False
rotation,PALL+NLR,Top-2 resource rotation,top2_10m_momentum,6,1,0,0.0,100.0,0.0,100.0,0.0,-2.96,15.62,2.69,-2.96,-2.96,-2.96,115615.78,2014-10-31,2015-04-30,0.0,0.0,False
rotation,GLD+NLR,Top-2 resource rotation,top2_10m_momentum,9,1,0,0.0,0.0,0.0,0.0,0.0,-2.96,-12.94,-16.06,-2.96,-2.96,-2.96,87060.81,2016-03-31,2017-01-03,0.0,0.0,False
directional,GLTR,Precious-metals basket,oversold_recovery,1,4,0,0.0,0.0,0.0,0.0,25.0,-2.98,-6.45,-6.97,-5.38,-18.98,3.41,93548.46,2013-04-30,2026-04-30,0.0,0.0,False
rotation,WOOD+PHO,Top-2 resource rotation,top2_10m_momentum,1,1,0,0.0,0.0,0.0,0.0,0.0,-3.03,-1.8,-2.13,-3.03,-3.03,-3.03,98199.42,2013-03-28,2013-04-30,0.0,0.0,False
rotation,SLX+SLV,Top-2 resource rotation,top2_10m_momentum,1,4,0,0.0,0.0,0.0,25.0,0.0,-3.04,-2.88,-2.95,-3.57,-8.14,-0.05,97124.47,2009-09-30,2023-08-31,0.0,0.0,False
rotation,WOOD+NLR,Top-2 resource rotation,top2_10m_momentum,3,1,0,0.0,0.0,0.0,100.0,0.0,-3.05,5.79,3.23,-3.05,-3.05,-3.05,105793.12,2015-07-31,2015-11-02,0.0,0.0,False
rotation,SLX+SLV,Top-2 resource rotation,top2_10m_momentum,7,1,0,0.0,0.0,0.0,0.0,0.0,-3.09,-2.14,-7.18,-3.09,-3.09,-3.09,97859.39,2023-07-31,2024-02-29,0.0,0.0,False
rotation,LIT+REMX,Top-2 resource rotation,top2_10m_momentum,8,1,0,0.0,0.0,0.0,0.0,0.0,-3.12,3.87,1.94,-3.12,-3.12,-3.12,103870.56,2017-09-29,2018-05-30,0.0,0.0,False
rotation,GLD+GLTR,Top-2 resource rotation,top2_10m_momentum,2,3,0,0.0,0.0,0.0,0.0,33.33,-3.18,-1.61,-2.53,-3.06,-8.27,2.27,98389.99,2011-10-31,2025-06-30,0.0,0.0,False
rotation,WOOD+NLR,Top-2 resource rotation,top2_10m_momentum,8,1,0,0.0,100.0,0.0,100.0,0.0,-3.29,10.83,4.85,-3.29,-3.29,-3.29,110833.94,2015-07-31,2016-03-31,0.0,0.0,False
relative_value,TAN/ICLN,Solar / clean-energy basket,rolling_3y_ratio_reversion,3,12,0,0.0,0.0,0.0,8.33,8.33,-3.4,-6.84,-8.64,-4.19,-10.66,4.37,93155.44,2011-09-20,2025-06-30,0.0,0.0,False
directional,URA,Uranium miners,six_month_breakout,1,4,0,0.0,0.0,0.0,25.0,25.0,-3.74,-4.08,-4.2,-3.89,-11.16,3.1,95916.25,2014-02-28,2025-07-30,0.0,0.0,False
rotation,GLD+GLTR,Top-2 resource rotation,top2_10m_momentum,7,1,0,0.0,0.0,0.0,0.0,0.0,-3.74,2.38,-2.01,-3.74,-3.74,-3.74,102376.06,2012-01-31,2012-08-31,0.0,0.0,False
rotation,URA+NLR,Top-2 resource rotation,top2_10m_momentum,10,1,0,0.0,0.0,0.0,0.0,0.0,-3.83,-8.11,-15.5,-3.83,-3.83,-3.83,91889.03,2024-04-30,2025-02-28,0.0,0.0,False
rotation,GLD+GLTR,Top-2 resource rotation,top2_10m_momentum,4,1,0,0.0,0.0,0.0,0.0,0.0,-3.86,-10.11,-11.65,-3.86,-3.86,-3.86,89887.37,2011-11-30,2012-03-30,0.0,0.0,False
relative_value,TAN/ICLN,Solar / clean-energy basket,rolling_3y_ratio_reversion,4,11,0,0.0,0.0,0.0,0.0,27.27,-3.98,-6.74,-7.48,-3.86,-9.38,1.85,93261.82,2011-09-20,2025-07-28,0.0,0.0,False
positioning,PPLT,Platinum,cftc_managed_capitulation_turn,11,6,0,0.0,33.33,33.33,33.33,50.0,-3.98,4.28,-0.83,-5.1,-18.97,4.92,104283.57,2012-01-17,2023-07-03,0.0,0.0,False
relative_value,TAN/ICLN,Solar / clean-energy basket,rolling_3y_ratio_reversion,6,10,0,0.0,0.0,0.0,10.0,30.0,-4.12,-12.31,-14.96,-4.13,-17.34,7.42,87692.07,2011-09-20,2025-11-24,-0.0,0.0,False
relative_value,TAN/ICLN,Solar / clean-energy basket,rolling_3y_ratio_reversion,7,9,0,0.0,11.11,0.0,11.11,22.22,-4.22,-8.83,-12.57,-6.76,-32.16,3.7,91168.3,2011-09-20,2025-10-28,0.0,0.0,False
rotation,UNG+NLR,Top-2 resource rotation,top2_10m_momentum,2,1,0,0.0,0.0,0.0,0.0,0.0,-4.29,1.09,0.24,-4.29,-4.29,-4.29,101089.12,2018-10-31,2018-12-31,0.0,0.0,False
rotation,NLR+URA,Top-2 resource rotation,top2_10m_momentum,1,1,0,0.0,0.0,0.0,0.0,0.0,-4.33,-8.06,-8.86,-4.33,-4.33,-4.33,91936.45,2023-09-29,2023-10-30,0.0,0.0,False
directional,DBB,Base metals,oversold_recovery,1,2,0,0.0,0.0,0.0,0.0,50.0,-4.43,-5.25,-6.32,-4.43,-9.72,0.85,94752.69,2008-10-31,2020-04-30,0.0,0.0,False
rotation,UNG+PALL,Top-2 resource rotation,top2_10m_momentum,1,3,0,0.0,0.0,0.0,66.67,33.33,-4.48,3.44,2.77,-4.78,-13.9,4.05,103436.72,2014-09-30,2022-10-31,0.0,0.0,False
rotation,TAN+SLX,Top-2 resource rotation,top2_10m_momentum,1,1,0,0.0,0.0,0.0,0.0,0.0,-4.56,-3.13,-3.57,-4.56,-4.56,-4.56,96874.29,2023-02-28,2023-03-28,0.0,0.0,False
rotation,GLD+GLTR,Top-2 resource rotation,top2_10m_momentum,8,1,0,0.0,0.0,0.0,0.0,0.0,-4.58,-3.94,-6.83,-4.58,-4.58,-4.58,96056.04,2011-09-30,2012-05-30,0.0,0.0,False
directional,URA,Uranium miners,six_month_breakout,2,4,0,0.0,0.0,0.0,50.0,50.0,-4.62,-0.4,-0.74,-4.73,-14.12,4.46,99600.64,2014-02-28,2025-09-02,0.0,0.0,False
directional,GLD,Gold,oversold_recovery,2,3,0,0.0,0.0,0.0,0.0,33.33,-4.62,-5.92,-7.0,-5.25,-12.89,1.78,94077.29,2008-08-31,2026-06-01,0.0,0.0,False
rotation,URA+REMX,Top-2 resource rotation,top2_10m_momentum,1,1,0,0.0,0.0,0.0,0.0,0.0,-4.75,-6.44,-7.33,-4.75,-4.75,-4.75,93556.98,2021-11-30,2021-12-30,0.0,0.0,False
rotation,SLX+PALL,Top-2 resource rotation,top2_10m_momentum,1,2,0,0.0,0.0,0.0,0.0,0.0,-4.8,-7.59,-8.0,-4.8,-7.88,-1.73,92411.3,2016-11-30,2017-05-01,0.0,0.0,False
rotation,REMX+LIT,Top-2 resource rotation,top2_10m_momentum,1,2,0,0.0,0.0,0.0,0.0,0.0,-4.82,-3.8,-4.39,-4.82,-8.58,-1.06,96202.01,2017-12-29,2022-01-31,0.0,0.0,False
rotation,DBA+SLX,Top-2 resource rotation,top2_10m_momentum,7,1,0,0.0,0.0,0.0,0.0,0.0,-5.13,-4.39,-12.84,-5.13,-5.13,-5.13,95611.66,2008-01-31,2008-09-02,0.0,0.0,False
relative_value,NLR/URA,Nuclear chain / uranium miners,rolling_3y_ratio_reversion,8,9,0,0.0,22.22,22.22,22.22,22.22,-5.25,-4.87,-8.85,-4.25,-11.13,8.5,95126.59,2013-09-06,2025-09-15,0.0,0.0,False
rotation,TAN+SLX,Top-2 resource rotation,top2_10m_momentum,2,1,0,0.0,0.0,0.0,100.0,0.0,-5.29,4.91,3.56,-5.29,-5.29,-5.29,104911.4,2023-01-31,2023-03-31,0.0,0.0,False
relative_value,TAN/ICLN,Solar / clean-energy basket,rolling_3y_ratio_reversion,5,11,0,0.0,0.0,0.0,0.0,27.27,-5.34,-8.27,-10.66,-4.4,-19.9,2.81,91733.98,2011-09-20,2025-08-28,0.0,0.0,False
directional,DBB,Base metals,dip_in_uptrend,10,4,0,0.0,50.0,0.0,50.0,50.0,-5.35,2.82,-3.49,-5.44,-19.3,8.23,102824.67,2010-01-31,2025-06-02,0.0,0.0,False
rotation,SLX+DBB,Top-2 resource rotation,top2_10m_momentum,8,1,0,0.0,0.0,0.0,0.0,0.0,-5.4,0.86,-3.14,-5.4,-5.4,-5.4,100857.82,2010-03-31,2010-11-30,0.0,0.0,False
rotation,WOOD+NLR,Top-2 resource rotation,top2_10m_momentum,1,1,0,0.0,0.0,0.0,100.0,0.0,-5.52,6.47,5.63,-5.52,-5.52,-5.52,106473.97,2015-07-31,2015-08-31,0.0,0.0,False
rotation,WOOD+NLR,Top-2 resource rotation,top2_10m_momentum,5,2,0,0.0,50.0,50.0,50.0,0.0,-5.53,-3.62,-8.4,-5.53,-6.2,-4.85,96376.85,2015-01-30,2015-12-31,0.0,0.0,False
directional,DBB,Base metals,oversold_recovery,2,2,0,0.0,0.0,0.0,0.0,50.0,-5.55,-5.78,-7.35,-5.55,-16.08,4.98,94223.07,2008-10-31,2020-06-01,0.0,0.0,False
directional,PPLT,Platinum,six_month_breakout,1,6,0,0.0,0.0,0.0,16.67,16.67,-5.61,-6.89,-7.45,-4.57,-9.42,4.41,93110.76,2011-04-30,2023-01-31,0.0,0.0,False
directional,LIT,Lithium and battery chain,dip_in_uptrend,2,7,0,0.0,0.0,0.0,57.14,14.29,-5.74,1.92,1.08,-5.52,-14.48,4.29,101921.2,2011-05-31,2026-08-31,0.0,0.0,False
rotation,PALL+TAN,Top-2 resource rotation,top2_10m_momentum,3,1,0,0.0,100.0,100.0,100.0,0.0,-6.01,14.16,12.6,-6.01,-6.01,-6.01,114164.96,2014-07-31,2014-10-31,0.0,0.0,False
rotation,WOOD+NLR,Top-2 resource rotation,top2_10m_momentum,2,2,0,0.0,0.0,0.0,0.0,0.0,-6.05,-7.82,-10.81,-6.05,-9.89,-2.2,92183.38,2015-01-30,2015-09-30,0.0,0.0,False
rotation,GLD+GLTR,Top-2 resource rotation,top2_10m_momentum,9,1,0,0.0,0.0,0.0,0.0,0.0,-6.06,-3.74,-8.66,-6.06,-6.06,-6.06,96256.99,2011-11-30,2012-08-30,0.0,0.0,False
positioning,UNG,Natural gas,cftc_managed_capitulation_turn,2,10,0,0.0,20.0,10.0,30.0,20.0,-6.49,-5.97,-6.46,-11.04,-40.17,7.98,94030.4,2008-06-17,2026-07-13,-0.0,0.0,False
directional,DBA,Agricultural commodities,oversold_recovery,1,2,0,0.0,0.0,0.0,0.0,0.0,-6.5,-2.18,-3.43,-6.5,-7.75,-5.24,97819.9,2008-07-31,2008-12-01,0.0,0.0,False
rotation,PALL+TAN,Top-2 resource rotation,top2_10m_momentum,2,2,0,0.0,50.0,50.0,100.0,0.0,-6.88,8.57,7.78,-6.88,-9.54,-4.22,108572.59,2014-07-31,2020-03-31,0.0,0.0,False
directional,DBA,Agricultural commodities,oversold_recovery,2,2,0,0.0,50.0,50.0,50.0,50.0,-6.9,1.81,0.44,-6.9,-17.41,3.61,101811.86,2008-07-31,2008-12-31,0.0,0.0,False
rotation,SLX+WOOD,Top-2 resource rotation,top2_10m_momentum,1,2,0,0.0,0.0,0.0,50.0,0.0,-6.95,-2.84,-3.06,-6.95,-11.43,-2.47,97156.04,2018-07-31,2018-10-30,0.0,0.0,False
relative_value,TAN/ICLN,Solar / clean-energy basket,rolling_3y_ratio_reversion,10,7,0,0.0,0.0,0.0,14.29,28.57,-6.97,-18.1,-21.03,-7.46,-30.57,6.37,81904.74,2011-09-20,2025-08-11,0.0,0.0,False
rotation,SLX+SLV,Top-2 resource rotation,top2_10m_momentum,3,2,0,0.0,0.0,0.0,0.0,0.0,-7.16,-8.35,-9.49,-7.16,-9.64,-4.69,91647.21,2016-07-29,2023-10-31,0.0,0.0,False
rotation,WOOD+NLR,Top-2 resource rotation,top2_10m_momentum,9,1,0,0.0,0.0,0.0,0.0,0.0,-7.18,-13.06,-21.83,-7.18,-7.18,-7.18,86937.88,2015-01-30,2015-11-02,0.0,0.0,False
directional,NLR,Nuclear-energy chain,dip_in_uptrend,9,6,0,0.0,16.67,16.67,16.67,33.33,-7.22,0.92,-5.06,-6.02,-25.41,6.77,100915.84,2010-01-31,2026-08-31,0.0,0.0,False
rotation,DBA+SLX,Top-2 resource rotation,top2_10m_momentum,1,1,0,0.0,0.0,0.0,0.0,0.0,-7.26,-9.57,-10.64,-7.26,-7.26,-7.26,90433.17,2008-02-29,2008-03-31,0.0,0.0,False
rotation,WOOD+REMX,Top-2 resource rotation,top2_10m_momentum,1,1,0,0.0,0.0,0.0,0.0,0.0,-7.56,-7.32,-8.12,-7.56,-7.56,-7.56,92681.12,2018-05-31,2018-07-02,0.0,0.0,False
directional,GLD,Gold,oversold_recovery,3,3,0,0.0,0.0,0.0,33.33,33.33,-7.62,-1.62,-4.43,-6.96,-14.59,1.33,98378.64,2008-08-31,2026-06-30,0.0,0.0,False
rotation,ICLN+TAN,Top-2 resource rotation,top2_10m_momentum,1,1,0,0.0,0.0,0.0,0.0,0.0,-7.68,-1.97,-2.31,-7.68,-7.68,-7.68,98031.92,2015-05-29,2015-06-30,0.0,0.0,False
rotation,SLX+UNG,Top-2 resource rotation,top2_10m_momentum,8,1,0,0.0,0.0,0.0,0.0,0.0,-7.81,-10.17,-12.6,-7.81,-7.81,-7.81,89831.56,2016-12-30,2017-08-31,0.0,0.0,False
relative_value,PPLT/PALL,Platinum / palladium ratio,rolling_3y_ratio_reversion,9,9,0,0.0,33.33,33.33,33.33,11.11,-8.15,4.54,0.13,-8.33,-15.12,1.05,104543.53,2013-07-10,2024-07-09,0.0,0.0,False
rotation,SLV+GLD,Top-2 resource rotation,top2_10m_momentum,2,1,0,0.0,0.0,0.0,0.0,0.0,-8.28,-3.91,-5.97,-8.28,-8.28,-8.28,96090.94,2024-10-31,2024-12-31,0.0,0.0,False
rotation,URA+UNG,Top-2 resource rotation,top2_10m_momentum,5,1,0,0.0,0.0,0.0,100.0,0.0,-8.28,5.32,0.73,-8.28,-8.28,-8.28,105319.88,2021-09-30,2022-02-28,0.0,0.0,False
rotation,UNG+PALL,Top-2 resource rotation,top2_10m_momentum,2,1,0,0.0,0.0,0.0,0.0,0.0,-8.31,-12.56,-11.76,-8.31,-8.31,-8.31,87443.05,2022-07-29,2022-09-30,0.0,0.0,False
rotation,SLV+PALL,Top-2 resource rotation,top2_10m_momentum,4,1,0,0.0,0.0,0.0,0.0,0.0,-8.31,-2.36,-2.31,-8.31,-8.31,-8.31,97635.49,2011-06-30,2011-10-31,0.0,0.0,False
rotation,TAN+REMX,Top-2 resource rotation,top2_10m_momentum,1,2,0,0.0,0.0,0.0,0.0,0.0,-8.49,-8.03,-8.68,-8.49,-15.29,-1.68,91971.45,2021-02-26,2021-04-30,0.0,0.0,False
relative_value,NLR/URA,Nuclear chain / uranium miners,rolling_3y_ratio_reversion,9,7,0,0.0,42.86,14.29,42.86,28.57,-8.93,-4.67,-8.52,-8.27,-38.73,8.5,95326.27,2013-09-06,2025-09-15,0.0,0.0,False
positioning,UNG,Natural gas,cftc_managed_capitulation_turn,1,11,0,0.0,0.0,0.0,18.18,18.18,-9.26,-2.43,-2.77,-8.62,-19.46,7.56,97570.06,2008-06-17,2026-06-12,0.0,0.0,False
directional,PPLT,Platinum,six_month_breakout,6,5,0,0.0,0.0,0.0,0.0,0.0,-9.45,-7.38,-8.34,-9.82,-15.94,-0.67,92621.54,2011-04-30,2023-06-30,-0.0,0.0,False
rotation,PALL+UNG,Top-2 resource rotation,top2_10m_momentum,4,1,0,0.0,0.0,0.0,0.0,0.0,-9.5,-10.93,-12.74,-9.5,-9.5,-9.5,89072.89,2019-01-31,2019-05-31,0.0,0.0,False
rotation,URA+REMX,Top-2 resource rotation,top2_10m_momentum,9,1,0,0.0,0.0,0.0,0.0,0.0,-9.53,-27.16,-35.52,-9.53,-9.53,-9.53,72836.11,2021-11-30,2022-08-30,0.0,0.0,False
rotation,REMX+WOOD,Top-2 resource rotation,top2_10m_momentum,2,1,0,0.0,0.0,0.0,0.0,0.0,-9.85,-8.75,-9.88,-9.85,-9.85,-9.85,91251.58,2018-04-30,2018-07-02,0.0,0.0,False
rotation,TAN+UNG,Top-2 resource rotation,top2_10m_momentum,1,2,0,0.0,0.0,0.0,0.0,50.0,-10.15,-4.84,-5.46,-10.15,-23.55,3.24,95155.1,2014-05-30,2022-12-30,0.0,0.0,False
directional,LIT,Lithium and battery chain,dip_in_uptrend,3,6,0,0.0,0.0,0.0,33.33,16.67,-10.6,-0.54,-2.04,-7.62,-16.07,9.15,99459.23,2011-05-31,2023-05-30,0.0,0.0,False
directional,PPLT,Platinum,six_month_breakout,9,5,0,0.0,20.0,0.0,20.0,0.0,-10.65,-5.72,-7.76,-12.09,-18.41,-8.06,94279.33,2011-04-30,2023-10-02,-0.0,0.0,False
rotation,URA+NLR,Top-2 resource rotation,top2_10m_momentum,5,1,0,0.0,0.0,0.0,0.0,0.0,-10.68,-13.18,-16.24,-10.68,-10.68,-10.68,86824.93,2024-03-28,2024-09-03,0.0,0.0,False
rotation,SLX+WOOD,Top-2 resource rotation,top2_10m_momentum,5,1,0,0.0,0.0,0.0,0.0,0.0,-10.88,-10.98,-13.48,-10.88,-10.88,-10.88,89017.13,2018-09-28,2019-02-28,0.0,0.0,False
directional,PPLT,Platinum,six_month_breakout,12,5,0,0.0,40.0,0.0,40.0,0.0,-10.95,-10.45,-14.6,-10.34,-17.05,-0.37,89551.01,2011-04-30,2024-01-02,-0.0,0.0,False
rotation,URA+SLV,Top-2 resource rotation,top2_10m_momentum,2,1,0,0.0,0.0,0.0,0.0,0.0,-11.0,-4.83,-7.03,-11.0,-11.0,-11.0,95166.66,2026-01-30,2026-03-31,0.0,0.0,False
directional,PPLT,Platinum,six_month_breakout,10,5,0,0.0,20.0,0.0,20.0,0.0,-11.09,-6.41,-9.32,-8.6,-13.54,-1.57,93586.51,2011-04-30,2023-10-31,-0.0,0.0,False
rotation,UNG+PALL,Top-2 resource rotation,top2_10m_momentum,3,2,0,0.0,0.0,0.0,0.0,0.0,-11.25,-11.02,-11.79,-11.25,-20.98,-1.51,88980.24,2018-11-30,2022-10-31,0.0,0.0,False
rotation,SLX+DBB,Top-2 resource rotation,top2_10m_momentum,2,2,0,0.0,0.0,0.0,0.0,0.0,-11.56,-10.13,-12.08,-11.56,-18.94,-4.18,89874.01,2009-12-31,2010-06-01,0.0,0.0,False
rotation,REMX+TAN,Top-2 resource rotation,top2_10m_momentum,3,1,0,0.0,0.0,0.0,0.0,0.0,-11.89,-3.93,-5.4,-11.89,-11.89,-11.89,96068.32,2018-03-29,2018-07-02,0.0,0.0,False
rotation,TAN+SLX,Top-2 resource rotation,top2_10m_momentum,6,1,0,0.0,100.0,0.0,100.0,0.0,-11.94,10.56,7.82,-11.94,-11.94,-11.94,110561.26,2023-02-28,2023-08-28,0.0,0.0,False
rotation,REMX+SLX,Top-2 resource rotation,top2_10m_momentum,12,1,0,0.0,0.0,0.0,0.0,0.0,-11.95,-27.75,-37.23,-11.95,-11.95,-11.95,72246.13,2021-08-31,2022-08-31,0.0,0.0,False
rotation,SLX+WOOD,Top-2 resource rotation,top2_10m_momentum,3,1,0,0.0,0.0,0.0,0.0,0.0,-11.96,-7.76,-8.17,-11.96,-11.96,-11.96,92235.88,2018-07-31,2018-10-31,0.0,0.0,False
rotation,SLX+WOOD,Top-2 resource rotation,top2_10m_momentum,6,1,0,0.0,0.0,0.0,0.0,0.0,-11.97,-7.32,-9.27,-11.97,-11.97,-11.97,92680.63,2018-07-31,2019-01-31,0.0,0.0,False
rotation,REMX+SLV,Top-2 resource rotation,top2_10m_momentum,5,1,0,0.0,0.0,0.0,0.0,0.0,-12.03,-7.37,-9.49,-12.03,-12.03,-12.03,92626.4,2026-03-31,2026-08-31,0.0,0.0,False
rotation,UNG+REMX,Top-2 resource rotation,top2_10m_momentum,7,1,0,0.0,0.0,0.0,0.0,0.0,-12.4,-35.89,-40.69,-12.4,-12.4,-12.4,64109.32,2022-03-31,2022-10-31,0.0,0.0,False
directional,PPLT,Platinum,six_month_breakout,11,5,0,0.0,0.0,0.0,0.0,0.0,-13.19,-7.56,-10.34,-11.3,-13.83,-3.36,92435.17,2011-04-30,2023-11-30,-0.0,0.0,False
rotation,REMX+LIT,Top-2 resource rotation,top2_10m_momentum,8,1,0,0.0,0.0,0.0,0.0,0.0,-13.6,-29.8,-37.25,-13.6,-13.6,-13.6,70202.56,2021-12-31,2022-08-31,0.0,0.0,False
rotation,REMX+LIT,Top-2 resource rotation,top2_10m_momentum,2,1,0,0.0,0.0,0.0,0.0,0.0,-13.68,-10.37,-10.65,-13.68,-13.68,-13.68,89630.12,2026-04-30,2026-06-30,0.0,0.0,False
rotation,UNG+PALL,Top-2 resource rotation,top2_10m_momentum,7,2,0,0.0,0.0,0.0,0.0,0.0,-14.17,-4.05,-11.84,-14.17,-19.7,-8.63,95948.37,2014-09-30,2019-07-01,0.0,0.0,False
rotation,REMX+TAN,Top-2 resource rotation,top2_10m_momentum,4,1,0,0.0,0.0,0.0,0.0,0.0,-14.29,-6.52,-7.95,-14.29,-14.29,-14.29,93480.2,2018-03-29,2018-07-31,0.0,0.0,False
rotation,SLX+DBB,Top-2 resource rotation,top2_10m_momentum,5,1,0,0.0,0.0,0.0,0.0,0.0,-14.48,-13.08,-16.75,-14.48,-14.48,-14.48,86916.99,2009-12-31,2010-06-01,0.0,0.0,False
rotation,SLV+GLTR,Top-2 resource rotation,top2_10m_momentum,6,1,0,0.0,0.0,0.0,0.0,0.0,-14.51,-14.23,-15.55,-14.51,-14.51,-14.51,85768.81,2011-08-31,2012-02-29,0.0,0.0,False
rotation,URA+NLR,Top-2 resource rotation,top2_10m_momentum,11,1,0,0.0,0.0,0.0,0.0,0.0,-14.52,-22.35,-29.28,-14.52,-14.52,-14.52,77648.21,2024-05-31,2025-04-30,0.0,0.0,False
positioning,UNG,Natural gas,cftc_managed_capitulation_turn,6,4,0,0.0,0.0,0.0,0.0,0.0,-14.69,-9.67,-11.59,-24.87,-61.57,-8.53,90328.47,2008-06-17,2020-08-18,0.0,0.0,False
rotation,TAN+UNG,Top-2 resource rotation,top2_10m_momentum,11,1,0,0.0,100.0,0.0,100.0,0.0,-14.79,27.15,9.72,-14.79,-14.79,-14.79,127150.45,2014-05-30,2015-04-30,0.0,0.0,False
rotation,UNG+REMX,Top-2 resource rotation,top2_10m_momentum,3,1,0,0.0,0.0,0.0,0.0,0.0,-15.31,-48.47,-52.91,-15.31,-15.31,-15.31,51527.48,2022-03-31,2022-06-30,0.0,0.0,False
rotation,SLX+GLD,Top-2 resource rotation,top2_10m_momentum,11,1,0,0.0,0.0,0.0,0.0,0.0,-15.62,-13.83,-24.51,-15.62,-15.62,-15.62,86166.99,2007-10-31,2008-09-30,0.0,0.0,False
rotation,SLV+DBA,Top-2 resource rotation,top2_10m_momentum,1,1,0,0.0,0.0,0.0,0.0,0.0,-15.81,-11.43,-12.19,-15.81,-15.81,-15.81,88572.64,2008-07-31,2008-09-02,0.0,0.0,False
directional,PPLT,Platinum,six_month_breakout,7,5,0,0.0,20.0,20.0,20.0,0.0,-15.84,-5.93,-8.38,-14.09,-23.08,-2.47,94070.95,2011-04-30,2023-07-31,-0.0,0.0,False
rotation,TAN+SLX,Top-2 resource rotation,top2_10m_momentum,4,1,0,0.0,0.0,0.0,0.0,0.0,-15.98,-2.58,-4.55,-15.98,-15.98,-15.98,97417.1,2023-01-31,2023-05-31,0.0,0.0,False
rotation,SLV+DBA,Top-2 resource rotation,top2_10m_momentum,10,1,0,0.0,100.0,0.0,100.0,0.0,-16.1,10.87,-0.3,-16.1,-16.1,-16.1,110872.95,2008-07-31,2009-06-01,0.0,0.0,False
directional,PPLT,Platinum,six_month_breakout,8,5,0,0.0,20.0,20.0,20.0,0.0,-16.12,-7.04,-11.27,-15.03,-26.05,-6.12,92957.7,2011-04-30,2023-08-31,-0.0,0.0,False
rotation,SLV+GLTR,Top-2 resource rotation,top2_10m_momentum,3,1,0,0.0,0.0,0.0,0.0,0.0,-16.96,-9.86,-10.04,-16.96,-16.96,-16.96,90137.66,2011-08-31,2011-11-30,0.0,0.0,False
rotation,WOOD+URA,Top-2 resource rotation,top2_10m_momentum,4,1,0,0.0,0.0,0.0,0.0,0.0,-17.05,-15.36,-16.22,-17.05,-17.05,-17.05,84640.2,2018-08-31,2018-12-31,0.0,0.0,False
rotation,UNG+DBA,Top-2 resource rotation,top2_10m_momentum,2,2,0,0.0,0.0,0.0,0.0,0.0,-17.18,-23.62,-24.72,-17.18,-18.35,-16.01,76383.68,2022-04-29,2023-01-03,0.0,0.0,False
positioning,UNG,Natural gas,cftc_managed_capitulation_turn,3,8,0,0.0,0.0,0.0,12.5,12.5,-17.32,-7.04,-8.26,-19.6,-40.79,1.39,92958.96,2008-06-17,2026-08-12,0.0,0.0,False
rotation,SLX+DBB,Top-2 resource rotation,top2_10m_momentum,6,1,0,0.0,0.0,0.0,0.0,0.0,-17.47,-14.87,-18.46,-17.47,-17.47,-17.47,85129.83,2009-12-31,2010-06-30,0.0,0.0,False
rotation,WOOD+URA,Top-2 resource rotation,top2_10m_momentum,9,1,0,0.0,0.0,0.0,0.0,0.0,-18.87,-22.47,-25.44,-18.87,-18.87,-18.87,77528.74,2018-08-31,2019-05-31,0.0,0.0,False
rotation,SLV+PALL,Top-2 resource rotation,top2_10m_momentum,7,1,0,0.0,0.0,0.0,0.0,0.0,-19.34,-7.48,-9.09,-19.34,-19.34,-19.34,92521.25,2011-05-31,2012-01-03,0.0,0.0,False
rotation,REMX+LIT,Top-2 resource rotation,top2_10m_momentum,6,2,0,0.0,0.0,0.0,0.0,0.0,-19.53,-28.69,-32.92,-19.53,-20.59,-18.48,71307.37,2017-12-29,2022-06-30,0.0,0.0,False
directional,DBA,Agricultural commodities,oversold_recovery,10,1,0,0.0,0.0,0.0,0.0,0.0,-19.57,6.29,-4.42,-19.57,-19.57,-19.57,106290.64,2008-07-31,2009-06-01,0.0,0.0,False
rotation,REMX+TAN,Top-2 resource rotation,top2_10m_momentum,5,1,0,0.0,0.0,0.0,0.0,0.0,-19.67,-4.98,-6.68,-19.67,-19.67,-19.67,95016.41,2018-03-29,2018-08-31,0.0,0.0,False
rotation,UNG+DBA,Top-2 resource rotation,top2_10m_momentum,1,1,0,0.0,0.0,0.0,0.0,0.0,-19.8,-34.98,-35.06,-19.8,-19.8,-19.8,65020.37,2022-05-31,2022-06-30,0.0,0.0,False
rotation,SLV+GLTR,Top-2 resource rotation,top2_10m_momentum,12,1,0,0.0,0.0,0.0,0.0,0.0,-19.93,-10.4,-15.14,-19.93,-19.93,-19.93,89601.29,2011-08-31,2012-08-31,0.0,0.0,False
directional,UNG,Natural gas,oversold_recovery,6,10,0,0.0,0.0,0.0,0.0,10.0,-20.0,-20.58,-24.12,-24.11,-67.03,2.82,79420.51,2007-07-31,2025-10-30,-0.0,0.0,False
rotation,SLV+REMX,Top-2 resource rotation,top2_10m_momentum,1,1,0,0.0,0.0,0.0,0.0,0.0,-20.03,-15.86,-16.47,-20.03,-20.03,-20.03,84140.03,2026-02-27,2026-03-30,0.0,0.0,False
rotation,SLV+PALL,Top-2 resource rotation,top2_10m_momentum,11,1,0,0.0,0.0,0.0,0.0,0.0,-20.38,-9.01,-11.73,-20.38,-20.38,-20.38,90991.66,2011-06-30,2012-05-30,0.0,0.0,False
rotation,SLV+PALL,Top-2 resource rotation,top2_10m_momentum,10,1,0,0.0,0.0,0.0,0.0,0.0,-20.59,-16.4,-18.61,-20.59,-20.59,-20.59,83602.88,2011-04-29,2012-02-29,0.0,0.0,False
rotation,SLV+PPLT,Top-2 resource rotation,top2_10m_momentum,6,1,0,0.0,0.0,0.0,0.0,0.0,-20.8,-21.28,-24.04,-20.8,-20.8,-20.8,78718.68,2025-12-31,2026-06-30,0.0,0.0,False
rotation,LIT+REMX,Top-2 resource rotation,top2_10m_momentum,9,1,0,0.0,0.0,0.0,0.0,0.0,-21.85,-8.71,-11.37,-21.85,-21.85,-21.85,91294.81,2017-11-30,2018-08-30,0.0,0.0,False
rotation,PALL+NLR,Top-2 resource rotation,top2_10m_momentum,12,1,0,0.0,0.0,0.0,0.0,0.0,-21.97,8.45,-6.18,-21.97,-21.97,-21.97,108446.59,2014-11-28,2015-11-30,0.0,0.0,False
directional,UNG,Natural gas,oversold_recovery,5,11,0,0.0,0.0,0.0,0.0,0.0,-22.12,-20.88,-21.82,-23.71,-66.15,-0.94,79123.45,2007-07-31,2025-09-30,0.0,0.0,False
rotation,ICLN+TAN,Top-2 resource rotation,top2_10m_momentum,7,1,0,0.0,0.0,0.0,100.0,0.0,-22.23,8.4,4.42,-22.23,-22.23,-22.23,108396.53,2015-05-29,2015-12-31,0.0,0.0,False
rotation,TAN+UNG,Top-2 resource rotation,top2_10m_momentum,3,2,0,0.0,0.0,0.0,0.0,0.0,-22.95,-15.33,-17.17,-22.95,-34.48,-11.41,84674.5,2014-04-30,2023-02-28,0.0,0.0,False
rotation,TAN+UNG,Top-2 resource rotation,top2_10m_momentum,10,1,0,0.0,100.0,100.0,100.0,0.0,-23.97,30.49,12.95,-23.97,-23.97,-23.97,130493.98,2014-04-30,2015-03-02,0.0,0.0,False
rotation,REMX+SLV,Top-2 resource rotation,top2_10m_momentum,4,1,0,0.0,0.0,0.0,0.0,0.0,-24.3,-25.64,-26.94,-24.3,-24.3,-24.3,74364.58,2026-03-31,2026-07-31,0.0,0.0,False
rotation,SLV+DBA,Top-2 resource rotation,top2_10m_momentum,2,1,0,0.0,0.0,0.0,0.0,0.0,-25.01,-19.25,-19.94,-25.01,-25.01,-25.01,80754.21,2008-07-31,2008-09-30,0.0,0.0,False
rotation,WOOD+REMX,Top-2 resource rotation,top2_10m_momentum,8,1,0,0.0,0.0,0.0,0.0,0.0,-26.69,-22.59,-24.87,-26.69,-26.69,-26.69,77414.04,2018-05-31,2019-01-31,0.0,0.0,False
directional,DBA,Agricultural commodities,oversold_recovery,5,1,0,0.0,0.0,0.0,0.0,0.0,-27.08,-8.63,-11.68,-27.08,-27.08,-27.08,91374.04,2008-07-31,2008-12-31,0.0,0.0,False
positioning,UNG,Natural gas,cftc_managed_capitulation_turn,7,4,0,0.0,0.0,0.0,0.0,0.0,-27.63,-23.91,-25.88,-34.87,-68.6,-15.63,76093.11,2008-06-17,2020-09-18,0.0,0.0,False
rotation,WOOD+REMX,Top-2 resource rotation,top2_10m_momentum,11,1,0,0.0,0.0,0.0,0.0,0.0,-28.42,-26.02,-29.46,-28.42,-28.42,-28.42,73978.99,2018-05-31,2019-04-30,0.0,0.0,False
directional,DBA,Agricultural commodities,oversold_recovery,11,1,0,0.0,0.0,0.0,0.0,0.0,-29.12,-5.41,-14.94,-29.12,-29.12,-29.12,94593.27,2008-07-31,2009-06-30,0.0,0.0,False
directional,UNG,Natural gas,six_month_breakout,1,3,0,0.0,0.0,0.0,33.33,33.33,-29.19,-27.75,-29.42,-18.5,-31.29,5.0,72246.58,2008-06-30,2026-03-02,0.0,0.0,False
directional,DBA,Agricultural commodities,oversold_recovery,12,1,0,0.0,0.0,0.0,0.0,0.0,-29.35,-4.3,-14.46,-29.35,-29.35,-29.35,95696.68,2008-07-31,2009-07-31,0.0,0.0,False
directional,DBA,Agricultural commodities,oversold_recovery,9,1,0,0.0,0.0,0.0,0.0,0.0,-29.57,-0.12,-9.05,-29.57,-29.57,-29.57,99880.87,2008-07-31,2009-04-30,0.0,0.0,False
rotation,ICLN+TAN,Top-2 resource rotation,top2_10m_momentum,6,1,0,0.0,0.0,0.0,0.0,0.0,-29.69,-10.93,-13.56,-29.69,-29.69,-29.69,89069.09,2015-05-29,2015-11-30,0.0,0.0,False
directional,DBA,Agricultural commodities,oversold_recovery,3,1,0,0.0,0.0,0.0,0.0,0.0,-29.77,-20.49,-21.8,-29.77,-29.77,-29.77,79508.37,2008-07-31,2008-10-31,0.0,0.0,False
rotation,REMX+TAN,Top-2 resource rotation,top2_10m_momentum,7,1,0,0.0,0.0,0.0,0.0,0.0,-30.6,-20.7,-22.25,-30.6,-30.6,-30.6,79301.77,2018-03-29,2018-10-31,0.0,0.0,False
rotation,SLV+DBA,Top-2 resource rotation,top2_10m_momentum,6,1,0,0.0,0.0,0.0,0.0,0.0,-30.8,4.53,-1.98,-30.8,-30.8,-30.8,104528.78,2008-07-31,2009-02-02,0.0,0.0,False
directional,DBA,Agricultural commodities,oversold_recovery,6,1,0,0.0,0.0,0.0,0.0,0.0,-31.05,4.15,-2.33,-31.05,-31.05,-31.05,104150.22,2008-07-31,2009-02-02,0.0,0.0,False
rotation,UNG+DBA,Top-2 resource rotation,top2_10m_momentum,10,1,0,0.0,0.0,0.0,0.0,0.0,-31.31,8.1,5.79,-31.31,-31.31,-31.31,108095.51,2022-06-30,2023-05-01,0.0,0.0,False
rotation,UNG+DBA,Top-2 resource rotation,top2_10m_momentum,4,1,0,0.0,0.0,0.0,0.0,0.0,-31.47,-20.15,-20.83,-31.47,-31.47,-31.47,79846.46,2022-08-31,2023-01-03,0.0,0.0,False
rotation,REMX+LIT,Top-2 resource rotation,top2_10m_momentum,10,1,0,0.0,0.0,0.0,0.0,0.0,-31.59,-21.93,-24.17,-31.59,-31.59,-31.59,78073.8,2017-12-29,2018-10-31,0.0,0.0,False
directional,DBA,Agricultural commodities,oversold_recovery,8,1,0,0.0,0.0,0.0,0.0,0.0,-31.8,-1.06,-8.73,-31.8,-31.8,-31.8,98935.49,2008-07-31,2009-03-31,0.0,0.0,False
rotation,SLX+DBA,Top-2 resource rotation,top2_10m_momentum,5,1,0,0.0,0.0,0.0,0.0,0.0,-31.98,-27.38,-30.64,-31.98,-31.98,-31.98,72616.1,2008-04-30,2008-09-30,0.0,0.0,False
rotation,TAN+UNG,Top-2 resource rotation,top2_10m_momentum,9,1,0,0.0,100.0,100.0,100.0,0.0,-32.3,30.35,19.78,-32.3,-32.3,-32.3,130350.93,2014-04-30,2015-01-30,0.0,0.0,False
positioning,UNG,Natural gas,cftc_managed_capitulation_turn,8,3,0,0.0,0.0,0.0,0.0,0.0,-32.35,-28.48,-29.4,-44.55,-72.05,-29.26,71517.4,2008-06-17,2020-03-09,0.0,0.0,False
rotation,WOOD+REMX,Top-2 resource rotation,top2_10m_momentum,12,1,0,0.0,0.0,0.0,0.0,0.0,-32.57,-29.92,-33.37,-32.57,-32.57,-32.57,70080.95,2018-05-31,2019-05-31,0.0,0.0,False
rotation,ICLN+TAN,Top-2 resource rotation,top2_10m_momentum,11,1,0,0.0,0.0,0.0,0.0,0.0,-33.96,-18.75,-24.24,-33.96,-33.96,-33.96,81245.86,2015-05-29,2016-05-02,0.0,0.0,False
positioning,UNG,Natural gas,cftc_managed_capitulation_turn,4,6,0,0.0,0.0,0.0,0.0,16.67,-34.27,-21.77,-24.13,-27.5,-49.92,0.04,78225.8,2008-06-17,2020-03-19,0.0,0.0,False
directional,DBA,Agricultural commodities,oversold_recovery,4,1,0,0.0,0.0,0.0,0.0,0.0,-35.09,-23.57,-26.12,-35.09,-35.09,-35.09,76432.61,2008-07-31,2008-12-01,0.0,0.0,False
positioning,UNG,Natural gas,cftc_managed_capitulation_turn,5,5,0,0.0,0.0,0.0,20.0,0.0,-35.49,-27.05,-29.33,-29.04,-54.56,-1.65,72948.89,2008-06-17,2020-07-20,-0.0,0.0,False
rotation,SLX+UNG,Top-2 resource rotation,top2_10m_momentum,3,1,0,0.0,0.0,0.0,0.0,0.0,-35.57,-32.85,-34.94,-35.57,-35.57,-35.57,67153.7,2008-05-30,2008-09-02,0.0,0.0,False
rotation,SLX+GLD,Top-2 resource rotation,top2_10m_momentum,12,1,0,0.0,0.0,0.0,0.0,0.0,-37.18,-28.78,-38.17,-37.18,-37.18,-37.18,71216.03,2007-11-30,2008-12-01,0.0,0.0,False
directional,DBA,Agricultural commodities,oversold_recovery,7,1,0,0.0,0.0,0.0,0.0,0.0,-37.36,-4.57,-11.96,-37.36,-37.36,-37.36,95433.47,2008-07-31,2009-03-02,0.0,0.0,False
rotation,UNG+PALL,Top-2 resource rotation,top2_10m_momentum,8,2,0,0.0,0.0,0.0,0.0,0.0,-37.84,-15.28,-22.94,-37.84,-54.39,-21.3,84722.05,2014-09-30,2023-05-30,0.0,0.0,False
positioning,UNG,Natural gas,cftc_managed_capitulation_turn,10,3,0,0.0,0.0,0.0,0.0,0.0,-38.65,-29.04,-30.91,-50.11,-75.54,-36.14,70957.46,2008-06-17,2020-05-11,0.0,0.0,False
rotation,TAN+UNG,Top-2 resource rotation,top2_10m_momentum,7,1,0,0.0,0.0,0.0,0.0,0.0,-40.19,-14.77,-17.71,-40.19,-40.19,-40.19,85226.18,2022-11-30,2023-06-30,0.0,0.0,False
rotation,UNG+DBA,Top-2 resource rotation,top2_10m_momentum,9,1,0,0.0,0.0,0.0,0.0,0.0,-40.58,-20.57,-22.84,-40.58,-40.58,-40.58,79426.79,2022-08-31,2023-05-31,0.0,0.0,False
directional,UNG,Natural gas,six_month_breakout,6,3,0,0.0,0.0,0.0,0.0,0.0,-40.67,-37.44,-39.96,-37.15,-61.72,-9.07,62557.71,2008-06-30,2026-07-31,0.0,0.0,False
rotation,UNG+DBA,Top-2 resource rotation,top2_10m_momentum,11,1,0,0.0,0.0,0.0,0.0,0.0,-40.72,-24.37,-26.07,-40.72,-40.72,-40.72,75632.66,2022-05-31,2023-05-01,0.0,0.0,False
positioning,UNG,Natural gas,cftc_managed_capitulation_turn,9,3,0,0.0,0.0,0.0,0.0,0.0,-43.46,-34.78,-38.21,-51.64,-74.44,-37.01,65215.2,2008-06-17,2020-04-09,0.0,0.0,False
rotation,UNG+PALL,Top-2 resource rotation,top2_10m_momentum,6,1,0,0.0,0.0,0.0,0.0,0.0,-45.02,-36.44,-36.74,-45.02,-45.02,-45.02,63557.87,2022-07-29,2023-01-31,0.0,0.0,False
positioning,UNG,Natural gas,cftc_managed_capitulation_turn,11,3,0,0.0,0.0,0.0,0.0,0.0,-47.75,-44.11,-45.73,-55.77,-73.7,-45.85,55888.77,2008-06-17,2020-06-09,0.0,0.0,False
rotation,UNG+PALL,Top-2 resource rotation,top2_10m_momentum,5,1,0,0.0,0.0,0.0,0.0,0.0,-48.04,-31.73,-33.23,-48.04,-48.04,-48.04,68268.07,2022-09-30,2023-02-28,0.0,0.0,False
rotation,SLX+DBA,Top-2 resource rotation,top2_10m_momentum,8,1,0,0.0,0.0,0.0,0.0,0.0,-49.25,-37.27,-41.58,-49.25,-49.25,-49.25,62731.62,2008-04-30,2008-12-30,0.0,0.0,False
positioning,UNG,Natural gas,cftc_managed_capitulation_turn,12,3,0,0.0,0.0,0.0,0.0,0.0,-53.68,-44.46,-48.28,-59.35,-74.18,-50.2,55544.9,2008-06-17,2020-07-09,0.0,0.0,False
rotation,UNG+PALL,Top-2 resource rotation,top2_10m_momentum,12,1,0,0.0,0.0,0.0,0.0,0.0,-58.27,-29.2,-33.24,-58.27,-58.27,-58.27,70803.41,2022-09-30,2023-10-02,0.0,0.0,False
rotation,UNG+SLX,Top-2 resource rotation,top2_10m_momentum,4,1,0,0.0,0.0,0.0,0.0,0.0,-61.85,-55.93,-57.08,-61.85,-61.85,-61.85,44068.14,2008-06-30,2008-10-30,0.0,0.0,False
rotation,UNG+SLX,Top-2 resource rotation,top2_10m_momentum,9,1,0,0.0,0.0,0.0,0.0,0.0,-74.78,-64.07,-67.18,-74.78,-74.78,-74.78,35926.02,2008-06-30,2009-03-30,0.0,0.0,False
