ticker,country,horizon_months,strategy,strategy_label,events,successes,probability_pct,confidence_95_low_pct,familywise_confidence_low_pct,median_return_pct,average_return_pct,quartile_25_return_pct,worst_return_pct,worst_drawdown_pct,qualifies
EWA,Australia,1,buy_hold,Buy & Hold Benchmark,265,15,5.66,3.46,1.9,1.41,0.88,-2.73,-19.57,-35.91,False
EWA,Australia,2,buy_hold,Buy & Hold Benchmark,139,18,12.95,8.35,4.8,1.31,1.33,-3.65,-32.11,-45.35,False
EWA,Australia,3,buy_hold,Buy & Hold Benchmark,106,23,21.7,14.92,9.12,3.24,2.47,-3.58,-43.95,-52.84,False
EWA,Australia,4,buy_hold,Buy & Hold Benchmark,77,21,27.27,18.58,11.15,4.19,3.41,-3.07,-32.14,-38.28,False
EWA,Australia,5,buy_hold,Buy & Hold Benchmark,63,18,28.57,18.9,10.91,4.67,3.9,-3.25,-46.43,-52.84,False
EWA,Australia,6,buy_hold,Buy & Hold Benchmark,53,19,35.85,24.3,14.26,6.02,5.65,-1.17,-48.54,-55.03,False
EWA,Australia,7,buy_hold,Buy & Hold Benchmark,46,18,39.13,26.39,15.28,6.77,5.39,-1.15,-55.39,-63.85,False
EWA,Australia,8,buy_hold,Buy & Hold Benchmark,40,15,37.5,24.22,13.34,7.29,6.72,-1.78,-56.85,-62.0,False
EWA,Australia,9,buy_hold,Buy & Hold Benchmark,36,16,44.44,29.54,16.58,9.19,7.43,0.56,-44.52,-58.11,False
EWA,Australia,10,buy_hold,Buy & Hold Benchmark,33,16,48.48,32.5,18.26,9.12,9.7,-2.01,-52.84,-63.85,False
EWA,Australia,11,buy_hold,Buy & Hold Benchmark,30,14,46.67,30.23,16.33,6.81,9.45,1.19,-53.6,-63.85,False
EWA,Australia,12,buy_hold,Buy & Hold Benchmark,28,12,42.86,26.51,13.67,8.93,9.82,-2.35,-56.79,-64.59,False
EWA,Australia,1,trend_price_sma100,Price above SMA 100,176,4,2.27,0.89,0.33,1.31,0.54,-2.06,-15.57,-22.17,False
EWA,Australia,2,trend_price_sma100,Price above SMA 100,105,7,6.67,3.27,1.44,0.87,1.02,-3.41,-20.49,-26.47,False
EWA,Australia,3,trend_price_sma100,Price above SMA 100,80,10,12.5,6.93,3.4,2.86,2.03,-2.61,-31.89,-45.54,False
EWA,Australia,4,trend_price_sma100,Price above SMA 100,63,11,17.46,10.04,5.05,1.95,1.97,-6.39,-16.98,-26.07,False
EWA,Australia,5,trend_price_sma100,Price above SMA 100,56,13,23.21,14.1,7.45,4.31,2.4,-5.91,-45.31,-55.96,False
EWA,Australia,6,trend_price_sma100,Price above SMA 100,47,15,31.91,20.4,11.22,3.83,5.59,-2.91,-30.39,-45.54,False
EWA,Australia,7,trend_price_sma100,Price above SMA 100,42,15,35.71,22.99,12.65,4.24,4.97,-3.21,-55.39,-63.85,False
EWA,Australia,8,trend_price_sma100,Price above SMA 100,36,12,33.33,20.21,10.43,3.62,4.56,-4.76,-56.85,-62.0,False
EWA,Australia,9,trend_price_sma100,Price above SMA 100,31,13,41.94,26.42,13.96,6.41,8.41,-1.38,-29.63,-45.54,False
EWA,Australia,10,trend_price_sma100,Price above SMA 100,30,11,36.67,21.87,10.99,6.89,4.64,-6.92,-59.58,-63.85,False
EWA,Australia,11,trend_price_sma100,Price above SMA 100,28,12,42.86,26.51,13.67,7.56,7.87,-4.52,-27.41,-45.54,False
EWA,Australia,12,trend_price_sma100,Price above SMA 100,26,10,38.46,22.43,10.94,4.11,7.71,-6.22,-43.44,-63.85,False
EWA,Australia,1,trend_price_sma200,Price above SMA 200,179,5,2.79,1.2,0.48,1.26,0.62,-1.98,-15.57,-22.17,False
EWA,Australia,2,trend_price_sma200,Price above SMA 200,103,7,6.8,3.33,1.47,1.11,0.55,-3.18,-28.02,-44.55,False
EWA,Australia,3,trend_price_sma200,Price above SMA 200,81,10,12.35,6.85,3.35,2.15,1.53,-2.16,-31.89,-45.54,False
EWA,Australia,4,trend_price_sma200,Price above SMA 200,63,11,17.46,10.04,5.05,1.95,1.36,-6.26,-32.14,-32.04,False
EWA,Australia,5,trend_price_sma200,Price above SMA 200,52,14,26.92,16.77,9.04,3.56,1.78,-4.55,-45.31,-55.96,False
EWA,Australia,6,trend_price_sma200,Price above SMA 200,44,11,25.0,14.57,7.33,2.47,4.4,-3.32,-22.12,-29.34,False
EWA,Australia,7,trend_price_sma200,Price above SMA 200,42,16,38.1,25.0,14.02,6.17,5.18,-4.63,-47.58,-62.0,False
EWA,Australia,8,trend_price_sma200,Price above SMA 200,35,13,37.14,23.17,12.24,7.17,5.62,-2.97,-20.58,-45.54,False
EWA,Australia,9,trend_price_sma200,Price above SMA 200,32,12,37.5,22.93,11.83,5.76,5.53,-4.17,-29.63,-45.54,False
EWA,Australia,10,trend_price_sma200,Price above SMA 200,30,10,33.33,19.23,9.39,8.13,5.27,-8.34,-46.1,-62.0,False
EWA,Australia,11,trend_price_sma200,Price above SMA 200,26,12,46.15,28.76,14.83,6.14,6.41,-7.14,-54.76,-63.85,False
EWA,Australia,12,trend_price_sma200,Price above SMA 200,25,10,40.0,23.4,11.41,1.46,5.75,-7.79,-35.38,-62.0,False
EWA,Australia,1,trend,SMA 50/200 + Momentum,75,1,1.33,0.24,0.06,1.22,-0.05,-3.38,-15.57,-22.17,False
EWA,Australia,2,trend,SMA 50/200 + Momentum,50,5,10.0,4.35,1.72,1.05,1.03,-3.67,-20.48,-22.17,False
EWA,Australia,3,trend,SMA 50/200 + Momentum,40,7,17.5,8.75,3.84,2.15,2.02,-3.34,-13.88,-22.17,False
EWA,Australia,4,trend,SMA 50/200 + Momentum,33,6,18.18,8.61,3.6,2.88,3.42,-3.6,-15.36,-25.1,False
EWA,Australia,5,trend,SMA 50/200 + Momentum,32,10,31.25,17.95,8.77,3.32,4.06,-2.64,-29.44,-29.34,False
EWA,Australia,6,trend,SMA 50/200 + Momentum,26,9,34.62,19.41,9.17,4.48,4.34,-7.45,-18.03,-26.47,False
EWA,Australia,7,trend,SMA 50/200 + Momentum,24,8,33.33,17.97,8.18,5.1,5.8,-3.97,-10.68,-26.48,False
EWA,Australia,8,trend,SMA 50/200 + Momentum,24,10,41.67,24.47,11.93,5.01,6.08,-7.47,-22.31,-30.39,False
EWA,Australia,9,trend,SMA 50/200 + Momentum,20,9,45.0,25.82,12.15,6.64,7.01,-7.62,-29.63,-45.54,False
EWA,Australia,10,trend,SMA 50/200 + Momentum,20,10,50.0,29.93,14.55,9.15,8.26,-6.15,-27.29,-45.54,False
EWA,Australia,11,trend,SMA 50/200 + Momentum,18,8,44.44,24.56,11.13,5.24,5.25,-6.43,-35.09,-45.54,False
EWA,Australia,12,trend,SMA 50/200 + Momentum,16,6,37.5,18.48,7.64,6.36,7.89,-2.23,-11.4,-45.54,False
EWA,Australia,1,trend_sma100_200,SMA 100/200,140,4,2.86,1.12,0.41,1.5,0.62,-2.27,-15.57,-22.17,False
EWA,Australia,2,trend_sma100_200,SMA 100/200,80,9,11.25,6.03,2.87,1.55,1.58,-2.48,-28.02,-44.55,False
EWA,Australia,3,trend_sma100_200,SMA 100/200,64,11,17.19,9.88,4.97,3.24,2.67,-1.53,-31.89,-45.54,False
EWA,Australia,4,trend_sma100_200,SMA 100/200,49,13,26.53,16.21,8.56,4.19,4.19,-3.07,-12.36,-26.47,False
EWA,Australia,5,trend_sma100_200,SMA 100/200,42,12,28.57,17.17,8.86,4.62,5.6,1.93,-29.44,-45.54,False
EWA,Australia,6,trend_sma100_200,SMA 100/200,36,13,36.11,22.48,11.87,6.71,6.65,-0.34,-18.03,-45.54,False
EWA,Australia,7,trend_sma100_200,SMA 100/200,32,12,37.5,22.93,11.83,5.96,6.59,-3.57,-15.76,-45.54,False
EWA,Australia,8,trend_sma100_200,SMA 100/200,29,12,41.38,25.51,13.16,7.19,9.18,0.87,-16.37,-44.55,False
EWA,Australia,9,trend_sma100_200,SMA 100/200,26,10,38.46,22.43,10.94,7.87,9.56,-1.04,-21.23,-30.39,False
EWA,Australia,10,trend_sma100_200,SMA 100/200,25,12,48.0,30.03,15.48,9.12,9.51,-6.54,-28.98,-45.54,False
EWA,Australia,11,trend_sma100_200,SMA 100/200,23,11,47.83,29.24,14.67,9.65,6.88,-4.46,-54.76,-63.85,False
EWA,Australia,12,trend_sma100_200,SMA 100/200,22,10,45.45,26.92,13.11,7.28,9.76,-0.37,-25.1,-45.54,False
EWA,Australia,1,trend_ema50_200,EMA 50/200,171,4,2.34,0.91,0.34,1.22,0.41,-2.3,-15.57,-22.17,False
EWA,Australia,2,trend_ema50_200,EMA 50/200,97,6,6.19,2.87,1.21,0.43,0.06,-3.44,-28.02,-44.55,False
EWA,Australia,3,trend_ema50_200,EMA 50/200,75,10,13.33,7.41,3.63,2.55,1.26,-4.04,-31.89,-45.54,False
EWA,Australia,4,trend_ema50_200,EMA 50/200,58,12,20.69,12.25,6.32,3.56,1.86,-5.98,-32.14,-45.54,False
EWA,Australia,5,trend_ema50_200,EMA 50/200,50,11,22.0,12.75,6.42,2.66,2.55,-2.85,-45.31,-55.96,False
EWA,Australia,6,trend_ema50_200,EMA 50/200,43,12,27.91,16.75,8.64,2.92,4.79,-2.18,-30.39,-45.54,False
EWA,Australia,7,trend_ema50_200,EMA 50/200,37,14,37.84,24.06,12.99,4.25,4.63,-4.22,-47.58,-62.0,False
EWA,Australia,8,trend_ema50_200,EMA 50/200,33,11,33.33,19.75,9.93,4.9,5.12,-3.25,-56.85,-62.0,False
EWA,Australia,9,trend_ema50_200,EMA 50/200,31,12,38.71,23.73,12.24,6.72,6.93,-1.48,-29.63,-45.54,False
EWA,Australia,10,trend_ema50_200,EMA 50/200,28,11,39.29,23.57,11.84,7.36,8.02,-0.76,-18.07,-44.55,False
EWA,Australia,11,trend_ema50_200,EMA 50/200,25,11,44.0,26.67,13.39,5.96,5.04,-1.53,-42.09,-62.0,False
EWA,Australia,12,trend_ema50_200,EMA 50/200,24,13,54.17,35.07,18.52,11.87,7.82,-3.6,-35.38,-62.0,False
EWA,Australia,1,trend_ema100_200,EMA 100/200,165,2,1.21,0.33,0.1,1.16,0.3,-2.39,-15.57,-22.17,False
EWA,Australia,2,trend_ema100_200,EMA 100/200,95,6,6.32,2.93,1.23,0.43,0.07,-3.31,-28.02,-44.55,False
EWA,Australia,3,trend_ema100_200,EMA 100/200,73,11,15.07,8.63,4.34,2.15,1.06,-4.5,-31.89,-45.54,False
EWA,Australia,4,trend_ema100_200,EMA 100/200,54,14,25.93,16.12,8.69,3.09,2.04,-5.24,-30.48,-45.54,False
EWA,Australia,5,trend_ema100_200,EMA 100/200,48,11,22.92,13.31,6.7,3.16,2.77,-4.69,-26.64,-44.55,False
EWA,Australia,6,trend_ema100_200,EMA 100/200,39,11,28.21,16.54,8.32,3.55,4.82,-1.36,-30.39,-45.54,False
EWA,Australia,7,trend_ema100_200,EMA 100/200,35,11,31.43,18.55,9.33,4.43,2.94,-5.68,-55.39,-63.85,False
EWA,Australia,8,trend_ema100_200,EMA 100/200,33,11,33.33,19.75,9.93,5.4,4.64,-2.88,-46.5,-63.85,False
EWA,Australia,9,trend_ema100_200,EMA 100/200,30,12,40.0,24.59,12.69,5.17,6.52,-2.33,-24.32,-45.54,False
EWA,Australia,10,trend_ema100_200,EMA 100/200,27,10,37.04,21.53,10.51,5.27,6.75,-5.43,-18.07,-26.47,False
EWA,Australia,11,trend_ema100_200,EMA 100/200,26,12,46.15,28.76,14.83,8.69,4.6,-6.18,-47.99,-63.85,False
EWA,Australia,12,trend_ema100_200,EMA 100/200,24,10,41.67,24.47,11.93,6.71,6.21,-4.37,-43.44,-63.85,False
EWA,Australia,1,trend_triple_ma,Triple Moving Average,91,1,1.1,0.19,0.05,1.26,0.53,-1.79,-11.44,-12.95,False
EWA,Australia,2,trend_triple_ma,Triple Moving Average,60,7,11.67,5.77,2.54,0.41,0.69,-3.39,-20.49,-26.47,False
EWA,Australia,3,trend_triple_ma,Triple Moving Average,52,9,17.31,9.38,4.45,2.69,2.1,-2.61,-21.74,-26.47,False
EWA,Australia,4,trend_triple_ma,Triple Moving Average,41,11,26.83,15.69,7.9,2.58,3.89,-2.93,-16.08,-26.47,False
EWA,Australia,5,trend_triple_ma,Triple Moving Average,35,11,31.43,18.55,9.33,5.66,4.32,-2.84,-32.81,-45.54,False
EWA,Australia,6,trend_triple_ma,Triple Moving Average,31,11,35.48,21.12,10.61,4.53,6.16,1.05,-25.86,-45.54,False
EWA,Australia,7,trend_triple_ma,Triple Moving Average,28,11,39.29,23.57,11.84,5.31,6.12,-5.98,-15.76,-45.54,False
EWA,Australia,8,trend_triple_ma,Triple Moving Average,26,9,34.62,19.41,9.17,5.05,6.15,-2.82,-15.79,-45.54,False
EWA,Australia,9,trend_triple_ma,Triple Moving Average,24,10,41.67,24.47,11.93,8.27,6.97,-5.33,-21.23,-45.54,False
EWA,Australia,10,trend_triple_ma,Triple Moving Average,22,9,40.91,23.26,10.96,6.89,7.87,-0.57,-26.68,-45.54,False
EWA,Australia,11,trend_triple_ma,Triple Moving Average,20,10,50.0,29.93,14.55,10.49,12.33,0.97,-18.63,-45.54,False
EWA,Australia,12,trend_triple_ma,Triple Moving Average,19,8,42.11,23.14,10.5,7.35,8.28,-0.69,-34.19,-45.54,False
EWA,Australia,1,trend_breakout_100,100-Day Range Breakout,24,0,0.0,0.0,0.0,-2.27,-1.8,-5.8,-11.72,-12.95,False
EWA,Australia,2,trend_breakout_100,100-Day Range Breakout,20,3,15.0,5.24,1.76,-1.0,-0.49,-5.29,-20.48,-20.68,False
EWA,Australia,3,trend_breakout_100,100-Day Range Breakout,19,3,15.79,5.52,1.86,-1.94,-0.41,-7.75,-14.02,-20.68,False
EWA,Australia,4,trend_breakout_100,100-Day Range Breakout,19,4,21.05,8.51,3.12,-2.93,-1.62,-12.12,-16.08,-25.1,False
EWA,Australia,5,trend_breakout_100,100-Day Range Breakout,16,4,25.0,10.18,3.72,-5.51,0.39,-9.68,-15.05,-26.48,False
EWA,Australia,6,trend_breakout_100,100-Day Range Breakout,15,3,20.0,7.05,2.36,-2.59,0.43,-10.14,-26.82,-30.39,False
EWA,Australia,7,trend_breakout_100,100-Day Range Breakout,15,3,20.0,7.05,2.36,-4.46,2.53,-7.85,-11.94,-30.39,False
EWA,Australia,8,trend_breakout_100,100-Day Range Breakout,15,4,26.67,10.9,3.98,-1.08,2.5,-7.34,-13.07,-30.39,False
EWA,Australia,9,trend_breakout_100,100-Day Range Breakout,15,5,33.33,15.18,5.93,1.72,2.69,-11.31,-21.23,-30.39,False
EWA,Australia,10,trend_breakout_100,100-Day Range Breakout,14,4,28.57,11.72,4.27,-1.58,2.47,-8.62,-22.48,-30.39,False
EWA,Australia,11,trend_breakout_100,100-Day Range Breakout,14,5,35.71,16.34,6.37,1.81,4.09,-7.54,-25.53,-31.46,False
EWA,Australia,12,trend_breakout_100,100-Day Range Breakout,14,5,35.71,16.34,6.37,4.98,2.19,-7.75,-34.19,-40.53,False
EWA,Australia,1,trend_breakout_200,200-Day Range Breakout,20,0,0.0,0.0,0.0,-1.95,-1.42,-5.97,-11.72,-12.95,False
EWA,Australia,2,trend_breakout_200,200-Day Range Breakout,16,2,12.5,3.5,1.05,-1.0,-1.2,-5.09,-20.48,-20.68,False
EWA,Australia,3,trend_breakout_200,200-Day Range Breakout,15,3,20.0,7.05,2.36,-1.94,-0.32,-8.78,-14.02,-20.68,False
EWA,Australia,4,trend_breakout_200,200-Day Range Breakout,15,4,26.67,10.9,3.98,-2.93,-0.74,-9.24,-16.08,-25.1,False
EWA,Australia,5,trend_breakout_200,200-Day Range Breakout,13,4,30.77,12.68,4.61,-2.85,1.77,-9.6,-15.05,-26.48,False
EWA,Australia,6,trend_breakout_200,200-Day Range Breakout,13,3,23.08,8.18,2.74,1.98,-0.79,-10.45,-26.82,-30.39,False
EWA,Australia,7,trend_breakout_200,200-Day Range Breakout,13,3,23.08,8.18,2.74,-4.46,2.24,-9.91,-11.94,-30.39,False
EWA,Australia,8,trend_breakout_200,200-Day Range Breakout,13,4,30.77,12.68,4.61,-0.99,3.64,-7.56,-13.07,-30.39,False
EWA,Australia,9,trend_breakout_200,200-Day Range Breakout,13,5,38.46,17.71,6.89,2.5,3.51,-8.54,-16.74,-30.39,False
EWA,Australia,10,trend_breakout_200,200-Day Range Breakout,12,3,25.0,8.89,2.97,0.78,0.39,-5.91,-22.48,-30.39,False
EWA,Australia,11,trend_breakout_200,200-Day Range Breakout,12,4,33.33,13.81,5.01,2.75,2.93,-6.77,-25.53,-31.46,False
EWA,Australia,12,trend_breakout_200,200-Day Range Breakout,12,5,41.67,19.33,7.5,5.97,3.15,-8.68,-34.19,-40.53,False
EWA,Australia,1,momentum_90,90-Day Absolute Momentum,178,6,3.37,1.55,0.65,0.94,0.3,-3.02,-15.57,-22.17,False
EWA,Australia,2,momentum_90,90-Day Absolute Momentum,106,9,8.49,4.53,2.15,0.4,0.12,-4.02,-28.02,-44.55,False
EWA,Australia,3,momentum_90,90-Day Absolute Momentum,81,10,12.35,6.85,3.35,2.17,1.46,-5.38,-31.89,-45.54,False
EWA,Australia,4,momentum_90,90-Day Absolute Momentum,63,11,17.46,10.04,5.05,0.9,1.21,-6.14,-32.14,-32.04,False
EWA,Australia,5,momentum_90,90-Day Absolute Momentum,53,15,28.3,17.97,9.88,3.73,2.21,-5.25,-45.31,-55.96,False
EWA,Australia,6,momentum_90,90-Day Absolute Momentum,46,12,26.09,15.6,8.05,2.9,4.76,-2.72,-23.23,-28.62,False
EWA,Australia,7,momentum_90,90-Day Absolute Momentum,44,17,38.64,25.72,14.66,4.24,5.08,-4.3,-47.58,-62.0,False
EWA,Australia,8,momentum_90,90-Day Absolute Momentum,36,12,33.33,20.21,10.43,2.81,6.22,-3.28,-20.58,-45.54,False
EWA,Australia,9,momentum_90,90-Day Absolute Momentum,31,13,41.94,26.42,13.96,5.97,7.64,-1.29,-32.0,-44.55,False
EWA,Australia,10,momentum_90,90-Day Absolute Momentum,30,10,33.33,19.23,9.39,5.61,6.54,-2.16,-46.1,-62.0,False
EWA,Australia,11,momentum_90,90-Day Absolute Momentum,27,11,40.74,24.51,12.31,5.02,6.82,-7.35,-54.76,-63.85,False
EWA,Australia,12,momentum_90,90-Day Absolute Momentum,26,11,42.31,25.54,12.83,4.62,5.34,-8.75,-35.38,-62.0,False
EWA,Australia,1,momentum_180,180-Day Absolute Momentum,178,3,1.69,0.57,0.2,1.5,0.47,-2.66,-15.57,-22.17,False
EWA,Australia,2,momentum_180,180-Day Absolute Momentum,100,8,8.0,4.11,1.89,0.69,0.67,-3.23,-28.02,-44.55,False
EWA,Australia,3,momentum_180,180-Day Absolute Momentum,79,10,12.66,7.02,3.44,3.23,2.14,-1.96,-31.89,-45.54,False
EWA,Australia,4,momentum_180,180-Day Absolute Momentum,61,11,18.03,10.38,5.22,3.08,2.28,-5.21,-32.14,-32.04,False
EWA,Australia,5,momentum_180,180-Day Absolute Momentum,51,12,23.53,14.0,7.23,3.72,3.4,-1.78,-29.44,-45.54,False
EWA,Australia,6,momentum_180,180-Day Absolute Momentum,43,13,30.23,18.6,9.83,3.25,4.45,-5.73,-22.12,-45.54,False
EWA,Australia,7,momentum_180,180-Day Absolute Momentum,41,12,29.27,17.61,9.09,4.25,3.64,-4.22,-55.39,-63.85,False
EWA,Australia,8,momentum_180,180-Day Absolute Momentum,35,12,34.29,20.83,10.75,5.58,6.03,-1.62,-46.5,-63.85,False
EWA,Australia,9,momentum_180,180-Day Absolute Momentum,31,11,35.48,21.12,10.61,7.06,5.27,-1.89,-55.68,-63.85,False
EWA,Australia,10,momentum_180,180-Day Absolute Momentum,27,11,40.74,24.51,12.31,5.27,5.62,-7.97,-28.98,-45.54,False
EWA,Australia,11,momentum_180,180-Day Absolute Momentum,26,12,46.15,28.76,14.83,7.89,4.77,-7.29,-54.76,-63.85,False
EWA,Australia,12,momentum_180,180-Day Absolute Momentum,24,10,41.67,24.47,11.93,8.03,8.28,-5.37,-19.33,-45.54,False
EWA,Australia,1,momentum_270,270-Day Absolute Momentum,191,4,2.09,0.82,0.3,1.26,0.55,-2.38,-19.57,-22.17,False
EWA,Australia,2,momentum_270,270-Day Absolute Momentum,102,8,7.84,4.03,1.85,0.52,0.43,-3.5,-28.02,-44.55,False
EWA,Australia,3,momentum_270,270-Day Absolute Momentum,82,12,14.63,8.57,4.43,3.03,1.58,-4.4,-31.89,-45.54,False
EWA,Australia,4,momentum_270,270-Day Absolute Momentum,63,14,22.22,13.72,7.4,1.94,1.37,-5.98,-32.14,-45.54,False
EWA,Australia,5,momentum_270,270-Day Absolute Momentum,51,11,21.57,12.49,6.29,3.73,2.27,-5.55,-17.9,-44.55,False
EWA,Australia,6,momentum_270,270-Day Absolute Momentum,43,17,39.53,26.37,15.03,4.3,5.39,-2.33,-30.39,-45.54,False
EWA,Australia,7,momentum_270,270-Day Absolute Momentum,40,14,35.0,22.13,11.95,2.97,2.79,-5.42,-55.39,-63.85,False
EWA,Australia,8,momentum_270,270-Day Absolute Momentum,35,14,40.0,25.55,13.8,3.3,5.9,-5.85,-19.99,-44.55,False
EWA,Australia,9,momentum_270,270-Day Absolute Momentum,30,13,43.33,27.38,14.46,7.64,6.03,-6.28,-24.32,-45.54,False
EWA,Australia,10,momentum_270,270-Day Absolute Momentum,29,9,31.03,17.28,8.17,7.33,6.47,-2.08,-46.1,-62.0,False
EWA,Australia,11,momentum_270,270-Day Absolute Momentum,26,9,34.62,19.41,9.17,6.62,4.05,0.11,-53.6,-63.85,False
EWA,Australia,12,momentum_270,270-Day Absolute Momentum,25,12,48.0,30.03,15.48,7.35,8.01,-3.72,-19.33,-45.54,False
EWA,Australia,1,momentum_365,365-Day Absolute Momentum,188,5,2.66,1.14,0.45,1.09,0.45,-3.08,-19.57,-22.17,False
EWA,Australia,2,momentum_365,365-Day Absolute Momentum,102,9,8.82,4.71,2.24,0.84,0.42,-4.21,-28.02,-44.55,False
EWA,Australia,3,momentum_365,365-Day Absolute Momentum,81,13,16.05,9.63,5.08,2.89,1.38,-4.46,-31.89,-45.54,False
EWA,Australia,4,momentum_365,365-Day Absolute Momentum,60,12,20.0,11.83,6.11,3.31,1.53,-6.08,-32.14,-45.54,False
EWA,Australia,5,momentum_365,365-Day Absolute Momentum,49,8,16.33,8.51,3.9,3.73,3.01,-3.7,-25.76,-45.54,False
EWA,Australia,6,momentum_365,365-Day Absolute Momentum,43,13,30.23,18.6,9.83,3.1,2.04,-4.82,-48.54,-55.03,False
EWA,Australia,7,momentum_365,365-Day Absolute Momentum,37,12,32.43,19.63,10.13,0.6,3.45,-5.54,-18.36,-45.54,False
EWA,Australia,8,momentum_365,365-Day Absolute Momentum,33,12,36.36,22.19,11.45,6.48,4.65,-3.53,-20.58,-45.54,False
EWA,Australia,9,momentum_365,365-Day Absolute Momentum,30,11,36.67,21.87,10.99,3.76,2.99,-11.32,-30.94,-55.03,False
EWA,Australia,10,momentum_365,365-Day Absolute Momentum,27,9,33.33,18.64,8.81,7.33,5.3,-3.09,-52.84,-63.85,False
EWA,Australia,11,momentum_365,365-Day Absolute Momentum,25,12,48.0,30.03,15.48,5.02,5.2,-7.22,-54.76,-63.85,False
EWA,Australia,12,momentum_365,365-Day Absolute Momentum,24,9,37.5,21.16,9.99,3.66,5.77,-9.09,-43.44,-63.85,False
EWA,Australia,1,momentum_dual_90_180,Dual Momentum 90/180,149,3,2.01,0.69,0.23,1.1,0.07,-3.11,-15.57,-22.17,False
EWA,Australia,2,momentum_dual_90_180,Dual Momentum 90/180,88,8,9.09,4.68,2.15,-0.2,-0.44,-3.8,-28.02,-44.55,False
EWA,Australia,3,momentum_dual_90_180,Dual Momentum 90/180,70,9,12.86,6.91,3.28,2.86,1.32,-5.16,-31.89,-45.54,False
EWA,Australia,4,momentum_dual_90_180,Dual Momentum 90/180,55,11,20.0,11.55,5.81,1.37,0.94,-6.14,-32.14,-32.04,False
EWA,Australia,5,momentum_dual_90_180,Dual Momentum 90/180,48,12,25.0,14.92,7.7,3.54,2.84,-2.3,-45.31,-55.96,False
EWA,Australia,6,momentum_dual_90_180,Dual Momentum 90/180,40,11,27.5,16.11,8.1,3.14,4.55,-3.05,-22.12,-45.54,False
EWA,Australia,7,momentum_dual_90_180,Dual Momentum 90/180,38,10,26.32,14.97,7.32,3.51,3.4,-4.02,-47.58,-62.0,False
EWA,Australia,8,momentum_dual_90_180,Dual Momentum 90/180,32,10,31.25,17.95,8.77,4.3,4.04,-2.45,-56.85,-62.0,False
EWA,Australia,9,momentum_dual_90_180,Dual Momentum 90/180,29,10,34.48,19.94,9.74,4.0,3.77,-5.6,-60.12,-62.0,False
EWA,Australia,10,momentum_dual_90_180,Dual Momentum 90/180,27,11,40.74,24.51,12.31,7.33,5.6,-8.42,-28.98,-45.54,False
EWA,Australia,11,momentum_dual_90_180,Dual Momentum 90/180,25,11,44.0,26.67,13.39,5.02,5.1,-4.18,-54.76,-63.85,False
EWA,Australia,12,momentum_dual_90_180,Dual Momentum 90/180,24,8,33.33,17.97,8.18,6.96,6.33,-6.46,-35.38,-62.0,False
EWA,Australia,1,momentum_dual_180_365,Dual Momentum 180/365,150,1,0.67,0.12,0.03,1.56,0.49,-2.66,-15.57,-22.17,False
EWA,Australia,2,momentum_dual_180_365,Dual Momentum 180/365,85,7,8.24,4.05,1.78,0.74,0.55,-3.61,-28.02,-44.55,False
EWA,Australia,3,momentum_dual_180_365,Dual Momentum 180/365,69,11,15.94,9.14,4.6,3.22,1.48,-4.5,-31.89,-45.54,False
EWA,Australia,4,momentum_dual_180_365,Dual Momentum 180/365,52,10,19.23,10.8,5.28,1.98,1.4,-7.08,-32.14,-32.04,False
EWA,Australia,5,momentum_dual_180_365,Dual Momentum 180/365,43,9,20.93,11.42,5.42,4.58,3.09,-3.46,-26.64,-45.54,False
EWA,Australia,6,momentum_dual_180_365,Dual Momentum 180/365,39,11,28.21,16.54,8.32,3.1,3.75,-4.82,-22.12,-45.54,False
EWA,Australia,7,momentum_dual_180_365,Dual Momentum 180/365,34,11,32.35,19.13,9.62,2.55,2.34,-5.15,-55.39,-63.85,False
EWA,Australia,8,momentum_dual_180_365,Dual Momentum 180/365,31,12,38.71,23.73,12.24,6.89,5.15,-3.27,-46.5,-63.85,False
EWA,Australia,9,momentum_dual_180_365,Dual Momentum 180/365,27,8,29.63,15.85,7.23,3.66,2.54,-6.81,-44.52,-58.11,False
EWA,Australia,10,momentum_dual_180_365,Dual Momentum 180/365,25,9,36.0,20.25,9.56,7.33,4.82,-7.1,-28.98,-45.54,False
EWA,Australia,11,momentum_dual_180_365,Dual Momentum 180/365,23,10,43.48,25.63,12.49,0.29,4.12,-7.15,-54.76,-63.85,False
EWA,Australia,12,momentum_dual_180_365,Dual Momentum 180/365,23,9,39.13,22.16,10.45,6.93,6.06,-7.34,-43.44,-63.85,False
EWA,Australia,1,momentum_rank_90,Top Relative Momentum 90,50,1,2.0,0.35,0.09,1.12,0.38,-1.76,-12.25,-18.28,False
EWA,Australia,2,momentum_rank_90,Top Relative Momentum 90,37,4,10.81,4.29,1.58,1.57,1.25,-1.73,-17.02,-19.55,False
EWA,Australia,3,momentum_rank_90,Top Relative Momentum 90,29,6,20.69,9.85,4.11,2.89,2.26,-1.64,-19.52,-21.91,False
EWA,Australia,4,momentum_rank_90,Top Relative Momentum 90,25,8,32.0,17.2,7.84,3.1,2.54,-6.29,-32.14,-32.04,False
EWA,Australia,5,momentum_rank_90,Top Relative Momentum 90,23,8,34.78,18.81,8.56,6.1,4.33,-4.05,-45.31,-55.96,False
EWA,Australia,6,momentum_rank_90,Top Relative Momentum 90,21,7,33.33,17.19,7.5,3.76,3.75,-1.61,-54.85,-62.0,False
EWA,Australia,7,momentum_rank_90,Top Relative Momentum 90,21,8,38.1,20.75,9.43,1.3,5.58,-4.46,-47.58,-62.0,False
EWA,Australia,8,momentum_rank_90,Top Relative Momentum 90,21,8,38.1,20.75,9.43,6.89,6.84,-5.51,-56.85,-62.0,False
EWA,Australia,9,momentum_rank_90,Top Relative Momentum 90,17,8,47.06,26.16,11.84,9.86,8.71,-3.13,-60.12,-62.0,False
EWA,Australia,10,momentum_rank_90,Top Relative Momentum 90,16,6,37.5,18.48,7.64,7.64,10.0,-3.0,-46.1,-62.0,False
EWA,Australia,11,momentum_rank_90,Top Relative Momentum 90,16,9,56.25,33.18,15.54,11.23,9.08,-6.58,-42.09,-62.0,False
EWA,Australia,12,momentum_rank_90,Top Relative Momentum 90,16,7,43.75,23.1,10.01,6.7,9.24,-6.64,-35.38,-62.0,False
EWA,Australia,1,momentum,Top Relative Momentum 180,47,2,4.26,1.17,0.36,1.98,1.13,-1.98,-11.72,-18.28,False
EWA,Australia,2,momentum,Top Relative Momentum 180,34,7,20.59,10.35,4.54,2.09,2.3,-0.94,-20.49,-26.47,False
EWA,Australia,3,momentum,Top Relative Momentum 180,27,6,22.22,10.61,4.43,3.11,3.13,-1.62,-18.61,-21.07,False
EWA,Australia,4,momentum,Top Relative Momentum 180,27,6,22.22,10.61,4.43,3.08,2.3,-5.38,-30.48,-45.54,False
EWA,Australia,5,momentum,Top Relative Momentum 180,22,7,31.82,16.36,7.14,5.45,4.8,-1.47,-25.76,-45.54,False
EWA,Australia,6,momentum,Top Relative Momentum 180,20,6,30.0,14.55,6.04,3.78,3.53,-5.54,-26.82,-30.39,False
EWA,Australia,7,momentum,Top Relative Momentum 180,20,6,30.0,14.55,6.04,4.63,5.58,-4.45,-20.03,-30.39,False
EWA,Australia,8,momentum,Top Relative Momentum 180,20,6,30.0,14.55,6.04,3.57,5.44,-1.4,-14.46,-30.39,False
EWA,Australia,9,momentum,Top Relative Momentum 180,19,6,31.58,15.36,6.38,4.68,5.91,-4.37,-15.36,-30.39,False
EWA,Australia,10,momentum,Top Relative Momentum 180,17,6,35.29,17.31,7.17,8.74,5.77,-5.57,-28.98,-45.54,False
EWA,Australia,11,momentum,Top Relative Momentum 180,16,8,50.0,28.0,12.65,5.52,6.81,-7.52,-20.69,-45.54,False
EWA,Australia,12,momentum,Top Relative Momentum 180,15,4,26.67,10.9,3.98,6.73,5.38,-7.81,-29.28,-45.54,False
EWA,Australia,1,momentum_rank_365,Top Relative Momentum 365,42,0,0.0,0.0,0.0,1.22,0.89,-1.35,-11.44,-13.64,False
EWA,Australia,2,momentum_rank_365,Top Relative Momentum 365,28,3,10.71,3.71,1.26,2.23,2.04,-0.37,-17.02,-17.24,False
EWA,Australia,3,momentum_rank_365,Top Relative Momentum 365,24,3,12.5,4.34,1.47,3.49,1.3,-1.25,-19.52,-26.47,False
EWA,Australia,4,momentum_rank_365,Top Relative Momentum 365,19,3,15.79,5.52,1.86,3.98,-1.27,-9.09,-32.14,-45.54,False
EWA,Australia,5,momentum_rank_365,Top Relative Momentum 365,17,3,17.65,6.19,2.08,3.21,1.05,-2.85,-45.31,-55.96,False
EWA,Australia,6,momentum_rank_365,Top Relative Momentum 365,16,3,18.75,6.59,2.21,2.25,-2.32,-9.68,-54.85,-62.0,False
EWA,Australia,7,momentum_rank_365,Top Relative Momentum 365,15,5,33.33,15.18,5.93,5.17,0.8,-10.01,-47.58,-62.0,False
EWA,Australia,8,momentum_rank_365,Top Relative Momentum 365,15,5,33.33,15.18,5.93,6.48,1.97,-5.82,-56.85,-62.0,False
EWA,Australia,9,momentum_rank_365,Top Relative Momentum 365,12,4,33.33,13.81,5.01,5.3,1.36,-3.41,-44.02,-58.58,False
EWA,Australia,10,momentum_rank_365,Top Relative Momentum 365,11,5,45.45,21.27,8.22,7.38,6.88,1.9,-22.48,-27.12,False
EWA,Australia,11,momentum_rank_365,Top Relative Momentum 365,11,6,54.55,28.01,11.43,10.56,9.97,0.06,-25.53,-31.46,False
EWA,Australia,12,momentum_rank_365,Top Relative Momentum 365,11,6,54.55,28.01,11.43,13.14,9.48,-1.17,-34.19,-45.54,False
EWA,Australia,1,momentum_composite,Composite Momentum,41,0,0.0,0.0,0.0,1.41,-0.07,-3.33,-11.72,-18.28,False
EWA,Australia,2,momentum_composite,Composite Momentum,30,2,6.67,1.85,0.56,1.69,0.18,-3.62,-20.48,-20.68,False
EWA,Australia,3,momentum_composite,Composite Momentum,24,3,12.5,4.34,1.47,1.86,0.25,-8.09,-19.52,-21.12,False
EWA,Australia,4,momentum_composite,Composite Momentum,20,5,25.0,11.19,4.4,-0.78,-1.07,-12.29,-32.14,-32.04,False
EWA,Australia,5,momentum_composite,Composite Momentum,18,7,38.89,20.3,8.83,1.48,-0.69,-10.65,-45.31,-55.96,False
EWA,Australia,6,momentum_composite,Composite Momentum,17,5,29.41,13.28,5.2,4.85,-1.46,-9.5,-54.85,-62.0,False
EWA,Australia,7,momentum_composite,Composite Momentum,17,6,35.29,17.31,7.17,1.3,1.95,-10.38,-47.58,-62.0,False
EWA,Australia,8,momentum_composite,Composite Momentum,16,5,31.25,14.16,5.54,1.85,0.29,-8.76,-56.85,-62.0,False
EWA,Australia,9,momentum_composite,Composite Momentum,14,4,28.57,11.72,4.27,3.19,4.54,-11.67,-16.74,-30.39,False
EWA,Australia,10,momentum_composite,Composite Momentum,14,5,35.71,16.34,6.37,1.97,3.51,-7.72,-28.98,-45.54,False
EWA,Australia,11,momentum_composite,Composite Momentum,11,5,45.45,21.27,8.22,3.41,4.25,-8.07,-25.53,-45.54,False
EWA,Australia,12,momentum_composite,Composite Momentum,11,5,45.45,21.27,8.22,6.66,8.83,-7.91,-34.19,-45.54,False
EWA,Australia,1,drawdown_recovery_20,20% Drawdown Recovery,36,2,5.56,1.54,0.46,1.58,0.64,-2.06,-17.76,-20.12,False
EWA,Australia,2,drawdown_recovery_20,20% Drawdown Recovery,25,3,12.0,4.17,1.41,2.22,1.91,-0.23,-20.79,-26.51,False
EWA,Australia,3,drawdown_recovery_20,20% Drawdown Recovery,21,4,19.05,7.67,2.82,3.06,4.61,0.72,-11.12,-27.06,False
EWA,Australia,4,drawdown_recovery_20,20% Drawdown Recovery,18,4,22.22,9.0,3.3,4.15,3.07,-0.06,-16.98,-27.06,False
EWA,Australia,5,drawdown_recovery_20,20% Drawdown Recovery,17,6,35.29,17.31,7.17,6.52,5.5,-1.7,-26.64,-34.89,False
EWA,Australia,6,drawdown_recovery_20,20% Drawdown Recovery,17,8,47.06,26.16,11.84,9.65,5.13,-2.59,-46.49,-58.11,False
EWA,Australia,7,drawdown_recovery_20,20% Drawdown Recovery,16,9,56.25,33.18,15.54,12.69,6.44,-5.84,-55.39,-63.85,False
EWA,Australia,8,drawdown_recovery_20,20% Drawdown Recovery,15,7,46.67,24.81,10.74,9.62,7.96,-4.97,-56.85,-62.0,False
EWA,Australia,9,drawdown_recovery_20,20% Drawdown Recovery,14,8,57.14,32.59,14.65,11.9,11.59,-2.08,-16.74,-28.62,False
EWA,Australia,10,drawdown_recovery_20,20% Drawdown Recovery,13,4,30.77,12.68,4.61,6.09,10.01,-4.77,-22.48,-28.62,False
EWA,Australia,11,drawdown_recovery_20,20% Drawdown Recovery,12,6,50.0,25.38,10.39,7.55,10.55,-2.09,-25.53,-31.46,False
EWA,Australia,12,drawdown_recovery_20,20% Drawdown Recovery,11,5,45.45,21.27,8.22,3.32,10.82,-1.3,-34.19,-40.53,False
EWA,Australia,1,drawdown_recovery,25% Drawdown Recovery,11,1,9.09,1.62,0.41,2.21,2.07,0.95,-17.76,-20.12,False
EWA,Australia,2,drawdown_recovery,25% Drawdown Recovery,8,3,37.5,13.68,4.51,5.39,5.28,0.43,-20.79,-26.51,False
EWA,Australia,3,drawdown_recovery,25% Drawdown Recovery,7,3,42.86,15.82,5.18,8.75,10.7,5.68,0.91,-27.06,False
EWA,Australia,4,drawdown_recovery,25% Drawdown Recovery,7,2,28.57,8.22,2.43,6.2,6.14,3.01,-13.16,-27.06,False
EWA,Australia,5,drawdown_recovery,25% Drawdown Recovery,6,3,50.0,18.76,6.09,9.88,11.05,7.14,-5.04,-27.06,False
EWA,Australia,6,drawdown_recovery,25% Drawdown Recovery,6,5,83.33,43.65,16.02,14.95,14.92,14.28,-0.55,-27.06,False
EWA,Australia,7,drawdown_recovery,25% Drawdown Recovery,6,5,83.33,43.65,16.02,20.48,20.1,14.89,-0.63,-27.06,False
EWA,Australia,8,drawdown_recovery,25% Drawdown Recovery,6,4,66.67,30.0,10.47,17.72,17.8,5.4,-5.38,-27.06,False
EWA,Australia,9,drawdown_recovery,25% Drawdown Recovery,5,4,80.0,37.55,12.81,18.1,25.55,12.12,5.97,-27.06,False
EWA,Australia,10,drawdown_recovery,25% Drawdown Recovery,5,3,60.0,23.07,7.39,13.23,24.31,7.74,6.34,-27.06,False
EWA,Australia,11,drawdown_recovery,25% Drawdown Recovery,5,4,80.0,37.55,12.81,13.86,27.69,11.18,4.64,-27.06,False
EWA,Australia,12,drawdown_recovery,25% Drawdown Recovery,5,3,60.0,23.07,7.39,16.68,25.28,7.77,-15.75,-30.39,False
EWA,Australia,1,drawdown_recovery_30,30% Drawdown Recovery,14,2,14.29,4.01,1.2,2.2,2.15,0.29,-17.76,-20.12,False
EWA,Australia,2,drawdown_recovery_30,30% Drawdown Recovery,10,3,30.0,10.78,3.58,2.98,4.54,0.09,-20.79,-26.51,False
EWA,Australia,3,drawdown_recovery_30,30% Drawdown Recovery,8,3,37.5,13.68,4.51,7.16,9.14,2.37,0.91,-27.06,False
EWA,Australia,4,drawdown_recovery_30,30% Drawdown Recovery,7,2,28.57,8.22,2.43,6.38,8.73,4.15,1.94,-27.06,False
EWA,Australia,5,drawdown_recovery_30,30% Drawdown Recovery,6,2,33.33,9.68,2.84,7.97,14.41,6.42,6.1,-27.06,False
EWA,Australia,6,drawdown_recovery_30,30% Drawdown Recovery,6,4,66.67,30.0,10.47,14.55,14.45,9.33,3.76,-27.06,False
EWA,Australia,7,drawdown_recovery_30,30% Drawdown Recovery,6,5,83.33,43.65,16.02,17.55,17.62,12.32,-8.19,-27.06,False
EWA,Australia,8,drawdown_recovery_30,30% Drawdown Recovery,6,4,66.67,30.0,10.47,18.14,17.6,4.08,-5.38,-27.06,False
EWA,Australia,9,drawdown_recovery_30,30% Drawdown Recovery,5,4,80.0,37.55,12.81,18.1,25.73,12.6,6.41,-27.06,False
EWA,Australia,10,drawdown_recovery_30,30% Drawdown Recovery,5,3,60.0,23.07,7.39,13.23,24.28,7.83,6.09,-27.06,False
EWA,Australia,11,drawdown_recovery_30,30% Drawdown Recovery,5,5,100.0,56.55,19.83,12.33,28.56,11.18,10.56,-27.06,False
EWA,Australia,12,drawdown_recovery_30,30% Drawdown Recovery,5,4,80.0,37.55,12.81,14.56,30.63,13.14,7.77,-27.06,False
EWA,Australia,1,drawdown_recovery_40,40% Drawdown Recovery,9,2,22.22,6.32,1.88,2.21,3.06,1.75,-17.76,-20.12,False
EWA,Australia,2,drawdown_recovery_40,40% Drawdown Recovery,5,3,60.0,23.07,7.39,12.4,7.81,8.04,-20.79,-26.51,False
EWA,Australia,3,drawdown_recovery_40,40% Drawdown Recovery,4,3,75.0,30.06,9.4,12.88,14.15,9.12,2.72,-27.06,False
EWA,Australia,4,drawdown_recovery_40,40% Drawdown Recovery,4,2,50.0,15.0,4.32,8.37,11.47,5.27,1.94,-27.06,False
EWA,Australia,5,drawdown_recovery_40,40% Drawdown Recovery,3,2,66.67,20.77,5.83,19.82,21.46,13.1,6.38,-27.06,False
EWA,Australia,6,drawdown_recovery_40,40% Drawdown Recovery,3,3,100.0,43.85,12.93,15.01,17.7,14.55,14.08,-27.06,False
EWA,Australia,7,drawdown_recovery_40,40% Drawdown Recovery,3,3,100.0,43.85,12.93,29.27,29.52,25.48,21.68,-27.06,False
EWA,Australia,8,drawdown_recovery_40,40% Drawdown Recovery,3,2,66.67,20.77,5.83,30.41,22.65,12.51,-5.38,-27.06,False
EWA,Australia,9,drawdown_recovery_40,40% Drawdown Recovery,2,2,100.0,34.24,9.01,45.77,45.77,41.25,36.73,-27.06,False
EWA,Australia,10,drawdown_recovery_40,40% Drawdown Recovery,2,2,100.0,34.24,9.01,47.12,47.12,42.36,37.59,-27.06,False
EWA,Australia,11,drawdown_recovery_40,40% Drawdown Recovery,2,2,100.0,34.24,9.01,54.37,54.37,47.95,41.53,-27.06,False
EWA,Australia,12,drawdown_recovery_40,40% Drawdown Recovery,2,2,100.0,34.24,9.01,58.84,58.84,51.92,44.99,-27.06,False
EWA,Australia,1,rsi14_recovery,RSI 14 Recovery,48,1,2.08,0.37,0.09,0.41,0.17,-3.5,-14.14,-19.55,False
EWA,Australia,2,rsi14_recovery,RSI 14 Recovery,40,4,10.0,3.96,1.46,1.48,0.94,-4.29,-18.25,-25.55,False
EWA,Australia,3,rsi14_recovery,RSI 14 Recovery,36,6,16.67,7.87,3.29,4.61,2.85,-2.46,-15.81,-25.55,False
EWA,Australia,4,rsi14_recovery,RSI 14 Recovery,33,8,24.24,12.83,5.86,4.3,4.77,-1.79,-16.08,-25.55,False
EWA,Australia,5,rsi14_recovery,RSI 14 Recovery,31,8,25.81,13.7,6.26,3.93,5.5,-1.12,-15.05,-25.55,False
EWA,Australia,6,rsi14_recovery,RSI 14 Recovery,30,11,36.67,21.87,10.99,7.83,6.43,0.74,-30.39,-45.54,False
EWA,Australia,7,rsi14_recovery,RSI 14 Recovery,28,12,42.86,26.51,13.67,7.34,8.19,-6.76,-24.91,-45.54,False
EWA,Australia,8,rsi14_recovery,RSI 14 Recovery,25,10,40.0,23.4,11.41,7.52,9.16,-6.81,-16.37,-45.54,False
EWA,Australia,9,rsi14_recovery,RSI 14 Recovery,21,8,38.1,20.75,9.43,7.93,9.0,-8.37,-15.24,-45.54,False
EWA,Australia,10,rsi14_recovery,RSI 14 Recovery,21,8,38.1,20.75,9.43,6.09,8.11,-6.54,-18.07,-45.54,False
EWA,Australia,11,rsi14_recovery,RSI 14 Recovery,19,9,47.37,27.33,12.85,4.29,11.42,-1.42,-27.41,-31.73,False
EWA,Australia,12,rsi14_recovery,RSI 14 Recovery,19,10,52.63,31.71,15.4,11.73,15.0,-1.06,-29.28,-32.93,False
EWA,Australia,1,rsi28_recovery,RSI 28 Recovery,26,1,3.85,0.68,0.17,1.57,0.75,-3.56,-14.14,-19.55,False
EWA,Australia,2,rsi28_recovery,RSI 28 Recovery,25,3,12.0,4.17,1.41,2.55,2.06,-0.47,-18.25,-25.55,False
EWA,Australia,3,rsi28_recovery,RSI 28 Recovery,25,5,20.0,8.86,3.49,5.58,4.35,-0.92,-15.81,-25.55,False
EWA,Australia,4,rsi28_recovery,RSI 28 Recovery,24,7,29.17,14.91,6.52,6.5,5.97,0.42,-13.85,-25.55,False
EWA,Australia,5,rsi28_recovery,RSI 28 Recovery,23,8,34.78,18.81,8.56,6.52,6.03,-2.83,-14.04,-25.55,False
EWA,Australia,6,rsi28_recovery,RSI 28 Recovery,22,9,40.91,23.26,10.96,8.26,5.66,-4.82,-30.39,-45.54,False
EWA,Australia,7,rsi28_recovery,RSI 28 Recovery,20,9,45.0,25.82,12.15,9.11,7.22,-6.94,-24.91,-45.54,False
EWA,Australia,8,rsi28_recovery,RSI 28 Recovery,18,7,38.89,20.3,8.83,6.22,6.2,-6.27,-16.37,-45.54,False
EWA,Australia,9,rsi28_recovery,RSI 28 Recovery,15,6,40.0,19.82,8.18,6.41,5.03,-9.5,-16.74,-45.54,False
EWA,Australia,10,rsi28_recovery,RSI 28 Recovery,15,7,46.67,24.81,10.74,9.18,8.56,-9.79,-25.7,-27.19,False
EWA,Australia,11,rsi28_recovery,RSI 28 Recovery,14,9,64.29,38.76,18.06,12.09,10.09,-1.34,-27.41,-31.73,False
EWA,Australia,12,rsi28_recovery,RSI 28 Recovery,14,8,57.14,32.59,14.65,12.44,11.01,-4.19,-34.19,-40.53,False
EWA,Australia,1,bollinger_recovery,Bollinger Recovery,31,1,3.23,0.57,0.15,3.25,0.55,-4.5,-14.14,-19.55,False
EWA,Australia,2,bollinger_recovery,Bollinger Recovery,28,4,14.29,5.7,2.1,0.57,1.07,-3.8,-18.25,-25.55,False
EWA,Australia,3,bollinger_recovery,Bollinger Recovery,26,4,15.38,6.15,2.27,1.84,1.93,-7.37,-15.81,-25.55,False
EWA,Australia,4,bollinger_recovery,Bollinger Recovery,26,4,15.38,6.15,2.27,3.78,4.22,-3.43,-13.85,-25.55,False
EWA,Australia,5,bollinger_recovery,Bollinger Recovery,25,4,16.0,6.4,2.36,2.55,4.08,-3.63,-14.04,-26.48,False
EWA,Australia,6,bollinger_recovery,Bollinger Recovery,24,8,33.33,17.97,8.18,7.91,6.18,-3.78,-26.82,-30.39,False
EWA,Australia,7,bollinger_recovery,Bollinger Recovery,22,6,27.27,13.15,5.47,4.66,6.46,-7.26,-15.76,-30.39,False
EWA,Australia,8,bollinger_recovery,Bollinger Recovery,19,6,31.58,15.36,6.38,4.48,8.11,-4.0,-16.37,-30.39,False
EWA,Australia,9,bollinger_recovery,Bollinger Recovery,15,6,40.0,19.82,8.18,4.9,9.75,-6.88,-16.74,-30.39,False
EWA,Australia,10,bollinger_recovery,Bollinger Recovery,15,5,33.33,15.18,5.93,5.09,9.59,-7.7,-22.48,-30.39,False
EWA,Australia,11,bollinger_recovery,Bollinger Recovery,15,7,46.67,24.81,10.74,6.56,9.25,-8.29,-27.41,-31.73,False
EWA,Australia,12,bollinger_recovery,Bollinger Recovery,15,7,46.67,24.81,10.74,7.6,11.35,-8.51,-34.19,-40.53,False
EWA,Australia,1,low_vol_trend,Low-Volatility Trend,94,2,2.13,0.59,0.18,1.5,0.46,-2.21,-14.14,-19.55,False
EWA,Australia,2,low_vol_trend,Low-Volatility Trend,61,3,4.92,1.69,0.57,1.72,0.77,-1.88,-28.02,-44.55,False
EWA,Australia,3,low_vol_trend,Low-Volatility Trend,47,6,12.77,5.98,2.51,1.86,1.25,-3.57,-25.87,-44.55,False
EWA,Australia,4,low_vol_trend,Low-Volatility Trend,38,5,13.16,5.75,2.28,0.25,1.6,-5.18,-12.36,-25.37,False
EWA,Australia,5,low_vol_trend,Low-Volatility Trend,35,9,25.71,14.16,6.71,3.16,2.56,-5.89,-29.44,-44.55,False
EWA,Australia,6,low_vol_trend,Low-Volatility Trend,28,8,28.57,15.25,6.96,2.19,3.27,-5.04,-22.12,-29.34,False
EWA,Australia,7,low_vol_trend,Low-Volatility Trend,27,8,29.63,15.85,7.23,4.13,5.24,-4.65,-24.91,-45.54,False
EWA,Australia,8,low_vol_trend,Low-Volatility Trend,26,9,34.62,19.41,9.17,3.55,5.19,-5.03,-17.15,-44.55,False
EWA,Australia,9,low_vol_trend,Low-Volatility Trend,24,9,37.5,21.16,9.99,5.74,5.78,-3.1,-29.63,-45.54,False
EWA,Australia,10,low_vol_trend,Low-Volatility Trend,23,7,30.43,15.6,6.81,7.13,5.94,-5.17,-18.07,-44.55,False
EWA,Australia,11,low_vol_trend,Low-Volatility Trend,22,9,40.91,23.26,10.96,6.62,7.04,-4.02,-27.41,-44.55,False
EWA,Australia,12,low_vol_trend,Low-Volatility Trend,20,8,40.0,21.88,9.93,4.69,7.53,-3.46,-25.1,-31.73,False
EWA,Australia,1,vol_contraction_trend,Volatility Contraction Trend,56,2,3.57,0.98,0.3,1.85,1.24,-0.27,-15.57,-22.17,False
EWA,Australia,2,vol_contraction_trend,Volatility Contraction Trend,43,5,11.63,5.07,2.01,1.94,2.02,-0.19,-20.49,-26.47,False
EWA,Australia,3,vol_contraction_trend,Volatility Contraction Trend,34,4,11.76,4.67,1.73,3.55,3.55,0.84,-21.74,-26.47,False
EWA,Australia,4,vol_contraction_trend,Volatility Contraction Trend,30,7,23.33,11.79,5.17,4.34,3.63,-0.94,-32.14,-32.04,False
EWA,Australia,5,vol_contraction_trend,Volatility Contraction Trend,29,11,37.93,22.69,11.4,5.66,5.32,-4.74,-45.31,-55.96,False
EWA,Australia,6,vol_contraction_trend,Volatility Contraction Trend,27,10,37.04,21.53,10.51,2.6,5.41,-0.72,-54.85,-62.0,False
EWA,Australia,7,vol_contraction_trend,Volatility Contraction Trend,26,11,42.31,25.54,12.83,4.41,6.46,-0.08,-47.58,-62.0,False
EWA,Australia,8,vol_contraction_trend,Volatility Contraction Trend,24,10,41.67,24.47,11.93,6.92,6.32,-0.37,-56.85,-62.0,False
EWA,Australia,9,vol_contraction_trend,Volatility Contraction Trend,21,9,42.86,24.47,11.53,7.54,8.85,0.93,-60.12,-62.0,False
EWA,Australia,10,vol_contraction_trend,Volatility Contraction Trend,17,7,41.18,21.61,9.38,9.0,13.76,5.18,-27.29,-29.49,False
EWA,Australia,11,vol_contraction_trend,Volatility Contraction Trend,17,9,52.94,30.96,14.52,10.16,10.65,2.96,-35.09,-38.82,False
EWA,Australia,12,vol_contraction_trend,Volatility Contraction Trend,16,9,56.25,33.18,15.54,13.31,11.76,0.57,-53.14,-60.64,False
EWA,Australia,1,breadth_trend,Broad-Market Trend,157,4,2.55,1.0,0.37,1.26,0.52,-2.01,-15.57,-22.17,False
EWA,Australia,2,breadth_trend,Broad-Market Trend,87,6,6.9,3.2,1.34,0.65,0.23,-3.52,-28.02,-44.55,False
EWA,Australia,3,breadth_trend,Broad-Market Trend,70,10,14.29,7.95,3.89,2.7,1.31,-2.97,-31.89,-45.54,False
EWA,Australia,4,breadth_trend,Broad-Market Trend,53,9,16.98,9.2,4.36,2.58,1.52,-5.99,-32.14,-45.54,False
EWA,Australia,5,breadth_trend,Broad-Market Trend,44,12,27.27,16.35,8.44,3.73,2.34,-2.42,-45.31,-55.96,False
EWA,Australia,6,breadth_trend,Broad-Market Trend,39,9,23.08,12.65,5.99,2.4,4.17,-2.83,-30.39,-45.54,False
EWA,Australia,7,breadth_trend,Broad-Market Trend,34,11,32.35,19.13,9.62,4.99,5.21,-3.85,-47.58,-62.0,False
EWA,Australia,8,breadth_trend,Broad-Market Trend,31,12,38.71,23.73,12.24,6.76,5.03,-1.69,-56.85,-62.0,False
EWA,Australia,9,breadth_trend,Broad-Market Trend,29,10,34.48,19.94,9.74,7.54,5.2,-2.78,-60.12,-62.0,False
EWA,Australia,10,breadth_trend,Broad-Market Trend,26,11,42.31,25.54,12.83,9.02,8.9,-1.14,-35.45,-44.55,False
EWA,Australia,11,breadth_trend,Broad-Market Trend,24,11,45.83,27.89,14.0,7.03,6.03,-5.98,-42.09,-62.0,False
EWA,Australia,12,breadth_trend,Broad-Market Trend,23,10,43.48,25.63,12.49,6.88,5.78,-6.35,-35.38,-62.0,False
EWC,Canada,1,buy_hold,Buy & Hold Benchmark,265,13,4.91,2.89,1.52,0.91,0.86,-2.21,-18.44,-31.36,False
EWC,Canada,2,buy_hold,Buy & Hold Benchmark,139,17,12.23,7.78,4.41,2.49,1.39,-2.45,-33.31,-46.11,False
EWC,Canada,3,buy_hold,Buy & Hold Benchmark,106,19,17.92,11.79,6.88,4.08,2.28,-3.57,-45.39,-50.61,False
EWC,Canada,4,buy_hold,Buy & Hold Benchmark,77,21,27.27,18.58,11.15,5.22,3.17,-2.74,-31.08,-37.72,False
EWC,Canada,5,buy_hold,Buy & Hold Benchmark,63,19,30.16,20.24,11.85,4.99,4.22,-1.66,-43.09,-50.61,False
EWC,Canada,6,buy_hold,Buy & Hold Benchmark,53,23,43.4,30.95,19.12,5.95,5.9,-2.99,-45.87,-53.02,False
EWC,Canada,7,buy_hold,Buy & Hold Benchmark,46,18,39.13,26.39,15.28,5.53,5.46,-2.05,-49.43,-59.38,False
EWC,Canada,8,buy_hold,Buy & Hold Benchmark,40,16,40.0,26.35,14.78,7.32,6.37,-1.12,-52.08,-58.52,False
EWC,Canada,9,buy_hold,Buy & Hold Benchmark,36,18,50.0,34.47,20.02,9.96,8.38,-0.16,-36.59,-55.68,False
EWC,Canada,10,buy_hold,Buy & Hold Benchmark,33,15,45.45,29.84,16.45,8.6,8.49,-2.31,-45.46,-59.38,False
EWC,Canada,11,buy_hold,Buy & Hold Benchmark,30,12,40.0,24.59,12.69,5.99,9.39,-0.37,-47.34,-59.38,False
EWC,Canada,12,buy_hold,Buy & Hold Benchmark,28,15,53.57,35.81,19.75,14.28,10.81,-3.88,-48.89,-59.38,False
EWC,Canada,1,trend_price_sma100,Price above SMA 100,191,6,3.14,1.45,0.61,1.05,1.11,-1.35,-9.58,-14.31,False
EWC,Canada,2,trend_price_sma100,Price above SMA 100,108,13,12.04,7.17,3.78,2.56,2.28,-1.44,-25.49,-42.66,False
EWC,Canada,3,trend_price_sma100,Price above SMA 100,82,14,17.07,10.45,5.63,4.51,3.22,-0.29,-29.92,-42.66,False
EWC,Canada,4,trend_price_sma100,Price above SMA 100,62,14,22.58,13.96,7.52,3.44,4.19,-0.46,-16.54,-22.18,False
EWC,Canada,5,trend_price_sma100,Price above SMA 100,53,17,32.08,21.09,12.01,4.42,4.91,-1.31,-25.53,-42.66,False
EWC,Canada,6,trend_price_sma100,Price above SMA 100,45,16,35.56,23.22,13.01,5.09,6.08,-1.24,-46.59,-56.47,False
EWC,Canada,7,trend_price_sma100,Price above SMA 100,41,15,36.59,23.59,12.99,6.44,7.16,0.5,-47.65,-58.52,False
EWC,Canada,8,trend_price_sma100,Price above SMA 100,36,15,41.67,27.14,14.95,8.91,6.49,-3.42,-38.29,-55.68,False
EWC,Canada,9,trend_price_sma100,Price above SMA 100,33,16,48.48,32.5,18.26,9.98,7.74,-0.22,-47.94,-57.67,False
EWC,Canada,10,trend_price_sma100,Price above SMA 100,30,15,50.0,33.15,18.28,9.65,7.09,-8.49,-55.89,-59.99,False
EWC,Canada,11,trend_price_sma100,Price above SMA 100,27,13,48.15,30.74,16.24,4.98,11.76,-1.6,-30.19,-42.66,False
EWC,Canada,12,trend_price_sma100,Price above SMA 100,25,14,56.0,37.07,20.02,15.37,11.53,-7.75,-55.04,-59.99,False
EWC,Canada,1,trend_price_sma200,Price above SMA 200,191,5,2.62,1.12,0.45,0.95,1.0,-1.91,-9.58,-14.31,False
EWC,Canada,2,trend_price_sma200,Price above SMA 200,106,11,10.38,5.89,2.97,2.23,1.88,-1.71,-25.49,-42.66,False
EWC,Canada,3,trend_price_sma200,Price above SMA 200,79,12,15.19,8.91,4.6,3.36,2.72,-1.76,-29.92,-42.66,False
EWC,Canada,4,trend_price_sma200,Price above SMA 200,59,15,25.42,16.06,8.82,4.27,4.03,-1.13,-22.76,-25.44,False
EWC,Canada,5,trend_price_sma200,Price above SMA 200,50,15,30.0,19.1,10.51,3.82,4.56,-1.32,-26.97,-42.66,False
EWC,Canada,6,trend_price_sma200,Price above SMA 200,43,16,37.21,24.38,13.66,5.95,5.98,0.37,-31.21,-32.77,False
EWC,Canada,7,trend_price_sma200,Price above SMA 200,38,15,39.47,25.6,14.1,7.23,5.57,-1.68,-49.43,-59.38,False
EWC,Canada,8,trend_price_sma200,Price above SMA 200,35,15,42.86,27.98,15.42,9.27,7.02,-5.16,-38.29,-55.68,False
EWC,Canada,9,trend_price_sma200,Price above SMA 200,32,16,50.0,33.63,18.89,8.1,7.24,-6.28,-22.92,-42.66,False
EWC,Canada,10,trend_price_sma200,Price above SMA 200,28,16,57.14,39.07,21.97,11.85,10.11,-0.7,-48.06,-59.67,False
EWC,Canada,11,trend_price_sma200,Price above SMA 200,25,12,48.0,30.03,15.48,5.89,9.29,-1.87,-50.45,-59.38,False
EWC,Canada,12,trend_price_sma200,Price above SMA 200,25,13,52.0,33.5,17.69,11.47,9.28,-2.65,-38.87,-60.5,False
EWC,Canada,1,trend,SMA 50/200 + Momentum,93,4,4.3,1.69,0.63,0.79,0.94,-2.21,-9.58,-14.31,False
EWC,Canada,2,trend,SMA 50/200 + Momentum,60,9,15.0,8.1,3.84,2.96,3.13,-0.85,-16.38,-19.77,False
EWC,Canada,3,trend,SMA 50/200 + Momentum,47,10,21.28,11.99,5.87,2.9,2.93,-2.73,-29.92,-30.39,False
EWC,Canada,4,trend,SMA 50/200 + Momentum,37,14,37.84,24.06,12.99,5.43,4.27,-2.87,-30.35,-30.83,False
EWC,Canada,5,trend,SMA 50/200 + Momentum,35,12,34.29,20.83,10.75,6.45,4.58,-1.21,-43.85,-54.74,False
EWC,Canada,6,trend,SMA 50/200 + Momentum,29,11,37.93,22.69,11.4,6.88,5.71,1.11,-40.62,-55.68,False
EWC,Canada,7,trend,SMA 50/200 + Momentum,27,13,48.15,30.74,16.24,7.99,6.22,3.55,-49.43,-59.38,False
EWC,Canada,8,trend,SMA 50/200 + Momentum,24,14,58.33,38.83,20.97,11.36,12.06,2.25,-22.11,-34.38,False
EWC,Canada,9,trend,SMA 50/200 + Momentum,20,12,60.0,38.66,19.88,11.95,12.49,5.19,-25.74,-32.6,False
EWC,Canada,10,trend,SMA 50/200 + Momentum,19,11,57.89,36.28,18.15,12.22,11.87,2.57,-39.49,-55.68,False
EWC,Canada,11,trend,SMA 50/200 + Momentum,18,8,44.44,24.56,11.13,9.04,10.38,-0.42,-46.34,-60.5,False
EWC,Canada,12,trend,SMA 50/200 + Momentum,17,9,52.94,30.96,14.52,13.57,10.04,-2.45,-38.87,-60.5,False
EWC,Canada,1,trend_sma100_200,SMA 100/200,164,5,3.05,1.31,0.52,0.93,0.91,-1.96,-11.32,-14.31,False
EWC,Canada,2,trend_sma100_200,SMA 100/200,94,11,11.7,6.66,3.35,2.7,1.7,-1.71,-27.19,-42.66,False
EWC,Canada,3,trend_sma100_200,SMA 100/200,73,12,16.44,9.66,4.99,4.49,3.34,0.37,-29.49,-42.66,False
EWC,Canada,4,trend_sma100_200,SMA 100/200,56,15,26.79,16.96,9.32,4.08,3.83,-0.12,-30.78,-32.07,False
EWC,Canada,5,trend_sma100_200,SMA 100/200,46,16,34.78,22.68,12.71,5.02,3.48,-2.17,-50.94,-56.47,False
EWC,Canada,6,trend_sma100_200,SMA 100/200,41,16,39.02,25.66,14.39,6.88,6.72,-1.14,-19.19,-42.66,False
EWC,Canada,7,trend_sma100_200,SMA 100/200,37,16,43.24,28.67,16.09,6.35,5.71,-3.35,-48.83,-56.47,False
EWC,Canada,8,trend_sma100_200,SMA 100/200,33,16,48.48,32.5,18.26,9.86,8.96,1.61,-38.29,-55.68,False
EWC,Canada,9,trend_sma100_200,SMA 100/200,30,16,53.33,36.14,20.31,11.07,8.39,1.82,-49.47,-59.38,False
EWC,Canada,10,trend_sma100_200,SMA 100/200,26,12,46.15,28.76,14.83,6.92,12.82,4.43,-15.52,-42.66,False
EWC,Canada,11,trend_sma100_200,SMA 100/200,25,10,40.0,23.4,11.41,8.15,11.08,-0.36,-50.45,-59.38,False
EWC,Canada,12,trend_sma100_200,SMA 100/200,24,14,58.33,38.83,20.97,12.16,10.67,-1.92,-33.1,-57.67,False
EWC,Canada,1,trend_ema50_200,EMA 50/200,186,4,2.15,0.84,0.31,0.76,0.78,-2.01,-9.58,-14.31,False
EWC,Canada,2,trend_ema50_200,EMA 50/200,98,10,10.2,5.64,2.76,1.99,1.44,-2.18,-25.49,-42.66,False
EWC,Canada,3,trend_ema50_200,EMA 50/200,76,12,15.79,9.27,4.78,4.22,2.67,-2.17,-29.49,-42.66,False
EWC,Canada,4,trend_ema50_200,EMA 50/200,60,19,31.67,21.31,12.48,4.13,2.76,-2.22,-31.08,-42.66,False
EWC,Canada,5,trend_ema50_200,EMA 50/200,49,15,30.61,19.52,10.73,4.23,4.22,-2.33,-26.97,-42.66,False
EWC,Canada,6,trend_ema50_200,EMA 50/200,41,14,34.15,21.56,11.64,5.36,3.92,-2.92,-40.62,-55.68,False
EWC,Canada,7,trend_ema50_200,EMA 50/200,38,14,36.84,23.38,12.62,5.14,5.04,-2.0,-49.43,-59.38,False
EWC,Canada,8,trend_ema50_200,EMA 50/200,34,12,35.29,21.49,11.09,6.56,5.92,-1.4,-52.08,-58.52,False
EWC,Canada,9,trend_ema50_200,EMA 50/200,32,16,50.0,33.63,18.89,10.18,6.44,-3.14,-36.59,-55.68,False
EWC,Canada,10,trend_ema50_200,EMA 50/200,27,13,48.15,30.74,16.24,8.27,12.14,4.08,-15.52,-42.66,False
EWC,Canada,11,trend_ema50_200,EMA 50/200,25,10,40.0,23.4,11.41,7.42,10.06,-0.09,-47.34,-59.38,False
EWC,Canada,12,trend_ema50_200,EMA 50/200,24,12,50.0,31.43,16.19,10.2,9.4,-6.37,-30.76,-59.67,False
EWC,Canada,1,trend_ema100_200,EMA 100/200,179,3,1.68,0.57,0.19,0.73,0.75,-1.95,-16.93,-17.18,False
EWC,Canada,2,trend_ema100_200,EMA 100/200,95,10,10.53,5.82,2.85,1.88,1.28,-2.17,-25.49,-42.66,False
EWC,Canada,3,trend_ema100_200,EMA 100/200,73,11,15.07,8.63,4.34,3.48,2.58,-0.1,-22.2,-42.66,False
EWC,Canada,4,trend_ema100_200,EMA 100/200,57,18,31.58,21.0,12.14,4.22,3.64,-2.07,-31.08,-42.66,False
EWC,Canada,5,trend_ema100_200,EMA 100/200,46,14,30.43,19.08,10.29,3.53,4.93,-0.43,-25.53,-26.85,False
EWC,Canada,6,trend_ema100_200,EMA 100/200,40,11,27.5,16.11,8.1,5.84,4.47,-0.1,-40.62,-55.68,False
EWC,Canada,7,trend_ema100_200,EMA 100/200,34,12,35.29,21.49,11.09,5.76,4.44,-2.16,-49.43,-59.38,False
EWC,Canada,8,trend_ema100_200,EMA 100/200,31,14,45.16,29.16,15.75,9.67,7.38,-0.9,-52.08,-58.52,False
EWC,Canada,9,trend_ema100_200,EMA 100/200,29,17,58.62,40.74,23.32,12.24,8.85,-2.55,-36.59,-55.68,False
EWC,Canada,10,trend_ema100_200,EMA 100/200,24,10,41.67,24.47,11.93,7.34,11.79,3.12,-17.64,-25.44,False
EWC,Canada,11,trend_ema100_200,EMA 100/200,24,11,45.83,27.89,14.0,8.94,8.36,-3.7,-47.34,-59.38,False
EWC,Canada,12,trend_ema100_200,EMA 100/200,23,12,52.17,32.96,16.98,10.37,10.23,-0.83,-30.76,-59.67,False
EWC,Canada,1,trend_triple_ma,Triple Moving Average,99,2,2.02,0.56,0.17,0.73,0.68,-1.84,-9.58,-14.31,False
EWC,Canada,2,trend_triple_ma,Triple Moving Average,65,7,10.77,5.32,2.34,1.83,1.61,-2.49,-9.21,-14.31,False
EWC,Canada,3,trend_triple_ma,Triple Moving Average,55,8,14.55,7.56,3.46,4.06,2.29,-2.01,-29.49,-42.66,False
EWC,Canada,4,trend_triple_ma,Triple Moving Average,43,11,25.58,14.93,7.51,3.4,2.77,-2.83,-22.68,-25.44,False
EWC,Canada,5,trend_triple_ma,Triple Moving Average,39,13,33.33,20.63,10.9,4.42,4.16,-3.1,-30.78,-32.34,False
EWC,Canada,6,trend_triple_ma,Triple Moving Average,35,9,25.71,14.16,6.71,3.21,1.51,-7.06,-54.02,-58.52,False
EWC,Canada,7,trend_triple_ma,Triple Moving Average,33,9,27.27,15.07,7.13,4.13,4.16,-3.12,-49.43,-59.38,False
EWC,Canada,8,trend_triple_ma,Triple Moving Average,28,11,39.29,23.57,11.84,8.31,6.23,-2.66,-44.95,-59.38,False
EWC,Canada,9,trend_triple_ma,Triple Moving Average,25,14,56.0,37.07,20.02,12.06,10.25,5.49,-47.26,-59.38,False
EWC,Canada,10,trend_triple_ma,Triple Moving Average,23,9,39.13,22.16,10.45,8.01,9.27,1.12,-16.24,-42.66,False
EWC,Canada,11,trend_triple_ma,Triple Moving Average,22,8,36.36,19.73,8.97,6.47,8.35,-5.52,-20.01,-42.66,False
EWC,Canada,12,trend_triple_ma,Triple Moving Average,22,8,36.36,19.73,8.97,6.53,7.57,-5.0,-44.64,-55.96,False
EWC,Canada,1,trend_breakout_100,100-Day Range Breakout,42,1,2.38,0.42,0.11,-0.36,0.14,-2.63,-9.58,-14.31,False
EWC,Canada,2,trend_breakout_100,100-Day Range Breakout,35,3,8.57,2.96,1.0,0.76,0.86,-2.97,-14.23,-17.33,False
EWC,Canada,3,trend_breakout_100,100-Day Range Breakout,31,5,16.13,7.09,2.8,3.17,1.17,-2.29,-29.49,-42.66,False
EWC,Canada,4,trend_breakout_100,100-Day Range Breakout,28,5,17.86,7.88,3.11,2.58,2.1,-4.26,-22.68,-42.66,False
EWC,Canada,5,trend_breakout_100,100-Day Range Breakout,25,9,36.0,20.25,9.56,3.25,3.42,-0.86,-16.53,-42.66,False
EWC,Canada,6,trend_breakout_100,100-Day Range Breakout,20,8,40.0,21.88,9.93,5.4,5.91,-2.35,-30.4,-42.66,False
EWC,Canada,7,trend_breakout_100,100-Day Range Breakout,20,8,40.0,21.88,9.93,6.58,6.78,-1.41,-35.79,-42.66,False
EWC,Canada,8,trend_breakout_100,100-Day Range Breakout,20,9,45.0,25.82,12.15,6.92,8.19,-0.62,-29.27,-42.66,False
EWC,Canada,9,trend_breakout_100,100-Day Range Breakout,18,8,44.44,24.56,11.13,8.62,9.75,-0.58,-27.2,-42.66,False
EWC,Canada,10,trend_breakout_100,100-Day Range Breakout,17,8,47.06,26.16,11.84,8.5,10.62,-0.55,-31.4,-42.66,False
EWC,Canada,11,trend_breakout_100,100-Day Range Breakout,17,7,41.18,21.61,9.38,7.87,10.87,-0.25,-32.23,-42.66,False
EWC,Canada,12,trend_breakout_100,100-Day Range Breakout,17,6,35.29,17.31,7.17,5.61,8.67,0.78,-44.64,-55.96,False
EWC,Canada,1,trend_breakout_200,200-Day Range Breakout,36,1,2.78,0.49,0.13,-0.01,0.34,-1.65,-9.58,-14.31,False
EWC,Canada,2,trend_breakout_200,200-Day Range Breakout,29,3,10.34,3.58,1.21,0.76,0.71,-3.33,-14.23,-17.33,False
EWC,Canada,3,trend_breakout_200,200-Day Range Breakout,26,4,15.38,6.15,2.27,3.25,1.13,-2.43,-29.49,-42.66,False
EWC,Canada,4,trend_breakout_200,200-Day Range Breakout,23,4,17.39,6.98,2.57,4.05,2.77,-1.95,-22.68,-42.66,False
EWC,Canada,5,trend_breakout_200,200-Day Range Breakout,21,8,38.1,20.75,9.43,4.5,3.75,-0.83,-16.53,-42.66,False
EWC,Canada,6,trend_breakout_200,200-Day Range Breakout,17,5,29.41,13.28,5.2,3.32,4.79,0.5,-30.4,-42.66,False
EWC,Canada,7,trend_breakout_200,200-Day Range Breakout,17,5,29.41,13.28,5.2,6.65,5.47,1.39,-35.79,-42.66,False
EWC,Canada,8,trend_breakout_200,200-Day Range Breakout,17,8,47.06,26.16,11.84,8.64,7.92,-0.31,-29.27,-42.66,False
EWC,Canada,9,trend_breakout_200,200-Day Range Breakout,15,7,46.67,24.81,10.74,5.49,7.87,-0.34,-27.2,-42.66,False
EWC,Canada,10,trend_breakout_200,200-Day Range Breakout,15,6,40.0,19.82,8.18,7.85,8.71,-2.44,-31.4,-42.66,False
EWC,Canada,11,trend_breakout_200,200-Day Range Breakout,15,6,40.0,19.82,8.18,5.96,9.4,-0.79,-32.23,-42.66,False
EWC,Canada,12,trend_breakout_200,200-Day Range Breakout,14,7,50.0,26.8,11.57,9.04,10.46,1.01,-34.75,-42.66,False
EWC,Canada,1,momentum_90,90-Day Absolute Momentum,183,6,3.28,1.51,0.64,0.95,1.02,-1.69,-9.58,-14.31,False
EWC,Canada,2,momentum_90,90-Day Absolute Momentum,106,11,10.38,5.89,2.97,2.36,1.76,-1.75,-25.49,-42.66,False
EWC,Canada,3,momentum_90,90-Day Absolute Momentum,79,12,15.19,8.91,4.6,3.32,1.81,-1.55,-37.83,-48.73,False
EWC,Canada,4,momentum_90,90-Day Absolute Momentum,60,18,30.0,19.9,11.49,3.44,4.37,-1.79,-22.57,-24.93,False
EWC,Canada,5,momentum_90,90-Day Absolute Momentum,54,19,35.19,23.82,13.97,3.3,3.85,-3.12,-25.53,-42.66,False
EWC,Canada,6,momentum_90,90-Day Absolute Momentum,46,16,34.78,22.68,12.71,5.44,3.79,-1.84,-46.59,-56.47,False
EWC,Canada,7,momentum_90,90-Day Absolute Momentum,41,14,34.15,21.56,11.64,5.28,5.23,-2.14,-49.43,-59.38,False
EWC,Canada,8,momentum_90,90-Day Absolute Momentum,36,15,41.67,27.14,14.95,8.62,6.34,-3.36,-44.95,-59.38,False
EWC,Canada,9,momentum_90,90-Day Absolute Momentum,33,17,51.52,35.22,20.13,10.88,5.61,-6.14,-47.26,-59.38,False
EWC,Canada,10,momentum_90,90-Day Absolute Momentum,30,16,53.33,36.14,20.31,10.9,9.3,-7.85,-26.87,-54.31,False
EWC,Canada,11,momentum_90,90-Day Absolute Momentum,26,12,46.15,28.76,14.83,5.43,10.78,-1.87,-16.99,-42.66,False
EWC,Canada,12,momentum_90,90-Day Absolute Momentum,25,13,52.0,33.5,17.69,11.39,10.18,-1.1,-38.87,-60.5,False
EWC,Canada,1,momentum_180,180-Day Absolute Momentum,186,4,2.15,0.84,0.31,0.72,0.7,-1.95,-16.93,-20.59,False
EWC,Canada,2,momentum_180,180-Day Absolute Momentum,100,11,11.0,6.25,3.15,2.7,1.4,-1.85,-27.19,-42.66,False
EWC,Canada,3,momentum_180,180-Day Absolute Momentum,78,14,17.95,11.0,5.93,5.06,2.48,-3.57,-29.49,-42.66,False
EWC,Canada,4,momentum_180,180-Day Absolute Momentum,59,17,28.81,18.84,10.71,4.05,2.62,-3.87,-31.08,-37.72,False
EWC,Canada,5,momentum_180,180-Day Absolute Momentum,50,13,26.0,15.87,8.38,3.52,4.04,-1.21,-26.97,-42.66,False
EWC,Canada,6,momentum_180,180-Day Absolute Momentum,41,11,26.83,15.69,7.9,5.05,3.99,-2.92,-40.62,-55.68,False
EWC,Canada,7,momentum_180,180-Day Absolute Momentum,38,16,42.11,27.85,15.63,6.15,4.6,-1.68,-49.43,-59.38,False
EWC,Canada,8,momentum_180,180-Day Absolute Momentum,34,14,41.18,26.37,14.24,7.96,6.92,-2.12,-52.08,-58.52,False
EWC,Canada,9,momentum_180,180-Day Absolute Momentum,30,16,53.33,36.14,20.31,11.07,6.1,-5.01,-36.59,-55.68,False
EWC,Canada,10,momentum_180,180-Day Absolute Momentum,27,14,51.85,33.99,18.36,10.32,9.26,-4.73,-16.24,-42.66,False
EWC,Canada,11,momentum_180,180-Day Absolute Momentum,26,11,42.31,25.54,12.83,5.44,7.96,-4.68,-47.34,-59.38,False
EWC,Canada,12,momentum_180,180-Day Absolute Momentum,23,11,47.83,29.24,14.67,7.53,10.03,0.25,-17.71,-42.66,False
EWC,Canada,1,momentum_270,270-Day Absolute Momentum,189,3,1.59,0.54,0.18,0.73,0.4,-2.22,-18.15,-20.59,False
EWC,Canada,2,momentum_270,270-Day Absolute Momentum,98,10,10.2,5.64,2.76,1.87,0.72,-2.84,-33.31,-46.11,False
EWC,Canada,3,momentum_270,270-Day Absolute Momentum,79,11,13.92,7.96,4.01,4.49,1.55,-3.5,-45.39,-50.61,False
EWC,Canada,4,momentum_270,270-Day Absolute Momentum,58,16,27.59,17.75,9.93,3.29,1.9,-3.69,-31.08,-42.66,False
EWC,Canada,5,momentum_270,270-Day Absolute Momentum,48,12,25.0,14.92,7.7,4.59,3.49,-1.47,-43.09,-50.61,False
EWC,Canada,6,momentum_270,270-Day Absolute Momentum,40,13,32.5,20.08,10.61,4.67,2.84,-1.66,-46.59,-56.47,False
EWC,Canada,7,momentum_270,270-Day Absolute Momentum,37,14,37.84,24.06,12.99,5.48,4.74,-3.12,-49.43,-59.38,False
EWC,Canada,8,momentum_270,270-Day Absolute Momentum,33,13,39.39,24.68,13.04,7.84,5.15,-4.53,-52.08,-58.52,False
EWC,Canada,9,momentum_270,270-Day Absolute Momentum,30,14,46.67,30.23,16.33,7.04,6.9,-1.62,-41.93,-59.38,False
EWC,Canada,10,momentum_270,270-Day Absolute Momentum,28,10,35.71,20.71,10.11,7.68,8.83,-3.52,-24.93,-37.72,False
EWC,Canada,11,momentum_270,270-Day Absolute Momentum,25,12,48.0,30.03,15.48,5.96,8.47,-1.87,-47.34,-59.38,False
EWC,Canada,12,momentum_270,270-Day Absolute Momentum,24,12,50.0,31.43,16.19,10.48,8.83,-3.05,-30.76,-59.67,False
EWC,Canada,1,momentum_365,365-Day Absolute Momentum,192,3,1.56,0.53,0.18,0.72,0.4,-2.36,-18.15,-20.59,False
EWC,Canada,2,momentum_365,365-Day Absolute Momentum,103,11,10.68,6.07,3.06,2.42,0.98,-2.73,-33.31,-46.11,False
EWC,Canada,3,momentum_365,365-Day Absolute Momentum,81,15,18.52,11.56,6.34,3.88,1.93,-3.78,-45.39,-50.61,False
EWC,Canada,4,momentum_365,365-Day Absolute Momentum,60,16,26.67,17.13,9.58,2.04,1.55,-4.82,-31.08,-42.66,False
EWC,Canada,5,momentum_365,365-Day Absolute Momentum,51,14,27.45,17.11,9.23,3.17,3.11,-4.54,-43.09,-50.61,False
EWC,Canada,6,momentum_365,365-Day Absolute Momentum,42,12,28.57,17.17,8.86,4.92,4.67,-1.42,-31.21,-42.66,False
EWC,Canada,7,momentum_365,365-Day Absolute Momentum,37,13,35.14,21.83,11.53,4.41,3.25,-2.56,-49.43,-59.38,False
EWC,Canada,8,momentum_365,365-Day Absolute Momentum,33,14,42.42,27.24,14.71,7.72,5.59,-2.39,-52.08,-58.52,False
EWC,Canada,9,momentum_365,365-Day Absolute Momentum,29,17,58.62,40.74,23.32,11.49,5.83,-6.14,-36.59,-55.68,False
EWC,Canada,10,momentum_365,365-Day Absolute Momentum,28,12,42.86,26.51,13.67,6.86,8.32,-0.77,-21.78,-54.31,False
EWC,Canada,11,momentum_365,365-Day Absolute Momentum,25,12,48.0,30.03,15.48,4.78,7.39,-6.87,-47.34,-59.38,False
EWC,Canada,12,momentum_365,365-Day Absolute Momentum,24,13,54.17,35.07,18.52,12.03,8.32,-6.88,-30.76,-59.67,False
EWC,Canada,1,momentum_dual_90_180,Dual Momentum 90/180,156,4,2.56,1.0,0.37,0.67,0.84,-1.34,-9.58,-14.31,False
EWC,Canada,2,momentum_dual_90_180,Dual Momentum 90/180,87,10,11.49,6.36,3.12,2.7,2.09,-1.63,-25.49,-42.66,False
EWC,Canada,3,momentum_dual_90_180,Dual Momentum 90/180,68,12,17.65,10.39,5.36,3.34,2.12,-3.28,-29.92,-42.66,False
EWC,Canada,4,momentum_dual_90_180,Dual Momentum 90/180,50,15,30.0,19.1,10.51,2.19,3.91,-1.86,-22.57,-24.93,False
EWC,Canada,5,momentum_dual_90_180,Dual Momentum 90/180,46,13,28.26,17.32,9.15,3.02,3.43,-1.63,-26.97,-42.66,False
EWC,Canada,6,momentum_dual_90_180,Dual Momentum 90/180,37,11,29.73,17.49,8.8,5.09,5.14,-2.16,-31.21,-42.66,False
EWC,Canada,7,momentum_dual_90_180,Dual Momentum 90/180,35,13,37.14,23.17,12.24,5.58,4.1,-2.42,-49.43,-59.38,False
EWC,Canada,8,momentum_dual_90_180,Dual Momentum 90/180,31,14,45.16,29.16,15.75,8.54,6.74,-1.37,-52.08,-58.52,False
EWC,Canada,9,momentum_dual_90_180,Dual Momentum 90/180,29,16,55.17,37.55,21.11,11.26,6.32,-6.14,-47.26,-59.38,False
EWC,Canada,10,momentum_dual_90_180,Dual Momentum 90/180,26,14,53.85,35.46,19.15,11.27,9.82,-1.27,-17.64,-42.66,False
EWC,Canada,11,momentum_dual_90_180,Dual Momentum 90/180,24,11,45.83,27.89,14.0,6.89,8.36,-2.81,-40.73,-59.67,False
EWC,Canada,12,momentum_dual_90_180,Dual Momentum 90/180,22,9,40.91,23.26,10.96,5.04,8.24,-0.96,-44.64,-55.96,False
EWC,Canada,1,momentum_dual_180_365,Dual Momentum 180/365,162,2,1.23,0.34,0.1,0.93,0.75,-1.4,-16.93,-20.59,False
EWC,Canada,2,momentum_dual_180_365,Dual Momentum 180/365,88,10,11.36,6.29,3.08,2.7,1.43,-1.88,-27.19,-42.66,False
EWC,Canada,3,momentum_dual_180_365,Dual Momentum 180/365,69,13,18.84,11.35,5.99,4.65,2.66,-3.36,-22.2,-42.66,False
EWC,Canada,4,momentum_dual_180_365,Dual Momentum 180/365,51,15,29.41,18.71,10.29,4.15,2.13,-4.28,-31.08,-42.66,False
EWC,Canada,5,momentum_dual_180_365,Dual Momentum 180/365,45,13,28.89,17.73,9.37,3.36,4.19,-2.87,-25.53,-42.66,False
EWC,Canada,6,momentum_dual_180_365,Dual Momentum 180/365,37,11,29.73,17.49,8.8,5.71,4.4,-2.19,-40.62,-55.68,False
EWC,Canada,7,momentum_dual_180_365,Dual Momentum 180/365,33,13,39.39,24.68,13.04,5.95,4.11,-2.21,-49.43,-59.38,False
EWC,Canada,8,momentum_dual_180_365,Dual Momentum 180/365,30,14,46.67,30.23,16.33,9.62,6.27,-2.25,-52.08,-58.52,False
EWC,Canada,9,momentum_dual_180_365,Dual Momentum 180/365,27,16,59.26,40.73,22.9,11.49,6.26,-3.18,-36.59,-55.68,False
EWC,Canada,10,momentum_dual_180_365,Dual Momentum 180/365,24,12,50.0,31.43,16.19,10.26,9.02,-0.33,-19.03,-42.66,False
EWC,Canada,11,momentum_dual_180_365,Dual Momentum 180/365,22,11,50.0,30.72,15.4,8.32,8.73,-5.07,-47.34,-59.38,False
EWC,Canada,12,momentum_dual_180_365,Dual Momentum 180/365,21,11,52.38,32.37,16.22,15.1,9.87,-2.86,-30.76,-59.67,False
EWC,Canada,1,momentum_rank_90,Top Relative Momentum 90,52,2,3.85,1.06,0.32,0.39,0.54,-2.7,-8.24,-12.93,False
EWC,Canada,2,momentum_rank_90,Top Relative Momentum 90,37,4,10.81,4.29,1.58,0.1,0.47,-2.41,-16.38,-19.77,False
EWC,Canada,3,momentum_rank_90,Top Relative Momentum 90,32,5,15.62,6.86,2.71,1.8,0.81,-3.35,-37.83,-48.73,False
EWC,Canada,4,momentum_rank_90,Top Relative Momentum 90,26,4,15.38,6.15,2.27,2.99,2.36,-4.49,-22.68,-25.44,False
EWC,Canada,5,momentum_rank_90,Top Relative Momentum 90,25,7,28.0,14.28,6.24,2.25,2.41,-5.21,-25.53,-27.58,False
EWC,Canada,6,momentum_rank_90,Top Relative Momentum 90,21,4,19.05,7.67,2.82,2.34,1.43,-6.25,-40.62,-55.68,False
EWC,Canada,7,momentum_rank_90,Top Relative Momentum 90,21,7,33.33,17.19,7.5,4.69,2.87,-2.14,-49.43,-59.38,False
EWC,Canada,8,momentum_rank_90,Top Relative Momentum 90,21,8,38.1,20.75,9.43,6.81,4.05,-2.85,-44.95,-59.38,False
EWC,Canada,9,momentum_rank_90,Top Relative Momentum 90,19,8,42.11,23.14,10.5,8.66,3.47,-8.18,-47.26,-59.38,False
EWC,Canada,10,momentum_rank_90,Top Relative Momentum 90,19,8,42.11,23.14,10.5,6.43,5.29,-6.22,-48.06,-59.67,False
EWC,Canada,11,momentum_rank_90,Top Relative Momentum 90,16,8,50.0,28.0,12.65,10.63,7.98,-0.74,-40.73,-59.67,False
EWC,Canada,12,momentum_rank_90,Top Relative Momentum 90,15,7,46.67,24.81,10.74,7.77,7.25,-14.38,-33.1,-57.67,False
EWC,Canada,1,momentum,Top Relative Momentum 180,41,1,2.44,0.43,0.11,0.6,0.3,-4.3,-8.24,-12.93,False
EWC,Canada,2,momentum,Top Relative Momentum 180,31,3,9.68,3.35,1.13,-0.53,0.41,-3.75,-16.38,-19.77,False
EWC,Canada,3,momentum,Top Relative Momentum 180,25,2,8.0,2.22,0.67,1.5,0.78,-3.25,-22.2,-23.83,False
EWC,Canada,4,momentum,Top Relative Momentum 180,20,4,20.0,8.07,2.96,1.14,2.76,-4.14,-9.24,-21.17,False
EWC,Canada,5,momentum,Top Relative Momentum 180,19,5,26.32,11.81,4.63,4.76,4.09,-2.12,-18.42,-27.58,False
EWC,Canada,6,momentum,Top Relative Momentum 180,19,5,26.32,11.81,4.63,2.51,0.12,-7.72,-40.62,-55.68,False
EWC,Canada,7,momentum,Top Relative Momentum 180,19,6,31.58,15.36,6.38,4.96,0.27,-16.04,-49.43,-59.38,False
EWC,Canada,8,momentum,Top Relative Momentum 180,16,8,50.0,28.0,12.65,8.48,3.93,0.43,-52.08,-58.52,False
EWC,Canada,9,momentum,Top Relative Momentum 180,14,7,50.0,26.8,11.57,12.19,6.89,1.75,-47.94,-57.67,False
EWC,Canada,10,momentum,Top Relative Momentum 180,12,7,58.33,31.95,13.71,10.58,14.23,4.64,-8.21,-23.83,False
EWC,Canada,11,momentum,Top Relative Momentum 180,12,7,58.33,31.95,13.71,13.1,14.73,0.68,-13.35,-25.44,False
EWC,Canada,12,momentum,Top Relative Momentum 180,11,6,54.55,28.01,11.43,11.39,10.55,-0.54,-19.38,-28.04,False
EWC,Canada,1,momentum_rank_365,Top Relative Momentum 365,52,0,0.0,0.0,0.0,0.25,-1.04,-4.88,-18.15,-18.05,False
EWC,Canada,2,momentum_rank_365,Top Relative Momentum 365,32,4,12.5,4.97,1.83,1.52,-0.46,-5.26,-33.31,-46.11,False
EWC,Canada,3,momentum_rank_365,Top Relative Momentum 365,25,1,4.0,0.71,0.18,2.56,-1.96,-5.0,-45.39,-50.61,False
EWC,Canada,4,momentum_rank_365,Top Relative Momentum 365,20,5,25.0,11.19,4.4,0.88,-2.07,-5.6,-47.05,-53.02,False
EWC,Canada,5,momentum_rank_365,Top Relative Momentum 365,18,3,16.67,5.84,1.96,1.48,-0.3,-4.69,-43.09,-50.61,False
EWC,Canada,6,momentum_rank_365,Top Relative Momentum 365,17,4,23.53,9.55,3.5,5.9,0.35,-7.55,-49.6,-51.35,False
EWC,Canada,7,momentum_rank_365,Top Relative Momentum 365,15,3,20.0,7.05,2.36,3.89,1.33,-4.44,-24.26,-32.6,False
EWC,Canada,8,momentum_rank_365,Top Relative Momentum 365,14,5,35.71,16.34,6.37,6.08,-0.41,-14.67,-38.29,-55.68,False
EWC,Canada,9,momentum_rank_365,Top Relative Momentum 365,13,4,30.77,12.68,4.61,3.44,-0.79,-15.33,-49.47,-59.38,False
EWC,Canada,10,momentum_rank_365,Top Relative Momentum 365,13,5,38.46,17.71,6.89,7.09,2.78,-9.05,-42.47,-59.38,False
EWC,Canada,11,momentum_rank_365,Top Relative Momentum 365,12,6,50.0,25.38,10.39,9.65,4.16,-6.52,-47.34,-59.38,False
EWC,Canada,12,momentum_rank_365,Top Relative Momentum 365,12,6,50.0,25.38,10.39,8.79,2.33,-9.48,-55.04,-59.99,False
EWC,Canada,1,momentum_composite,Composite Momentum,37,1,2.7,0.48,0.12,0.47,0.25,-4.3,-8.24,-12.93,False
EWC,Canada,2,momentum_composite,Composite Momentum,27,3,11.11,3.85,1.3,0.93,1.36,-1.76,-16.38,-19.77,False
EWC,Canada,3,momentum_composite,Composite Momentum,19,4,21.05,8.51,3.12,1.81,1.71,-3.07,-22.2,-23.83,False
EWC,Canada,4,momentum_composite,Composite Momentum,17,4,23.53,9.55,3.5,3.49,3.57,-3.99,-11.2,-18.68,False
EWC,Canada,5,momentum_composite,Composite Momentum,16,5,31.25,14.16,5.54,3.73,2.39,-7.87,-18.42,-27.58,False
EWC,Canada,6,momentum_composite,Composite Momentum,15,5,33.33,15.18,5.93,6.38,1.71,-7.3,-40.62,-55.68,False
EWC,Canada,7,momentum_composite,Composite Momentum,15,6,40.0,19.82,8.18,9.3,1.9,-7.59,-49.43,-59.38,False
EWC,Canada,8,momentum_composite,Composite Momentum,14,6,42.86,21.38,8.81,7.69,1.78,-13.68,-44.95,-59.38,False
EWC,Canada,9,momentum_composite,Composite Momentum,13,7,53.85,29.14,12.55,12.95,4.08,-13.81,-47.26,-59.38,False
EWC,Canada,10,momentum_composite,Composite Momentum,12,6,50.0,25.38,10.39,9.4,6.2,-8.65,-55.89,-59.99,False
EWC,Canada,11,momentum_composite,Composite Momentum,12,6,50.0,25.38,10.39,10.23,6.99,-7.79,-46.34,-60.5,False
EWC,Canada,12,momentum_composite,Composite Momentum,12,7,58.33,31.95,13.71,11.31,7.47,-3.74,-38.87,-60.5,False
EWC,Canada,1,drawdown_recovery_20,20% Drawdown Recovery,29,2,6.9,1.91,0.58,0.32,0.83,-2.91,-16.93,-17.18,False
EWC,Canada,2,drawdown_recovery_20,20% Drawdown Recovery,23,4,17.39,6.98,2.57,1.45,1.69,-2.48,-25.49,-25.7,False
EWC,Canada,3,drawdown_recovery_20,20% Drawdown Recovery,18,4,22.22,9.0,3.3,2.05,2.33,-2.03,-15.88,-25.7,False
EWC,Canada,4,drawdown_recovery_20,20% Drawdown Recovery,16,3,18.75,6.59,2.21,2.21,4.93,-0.44,-13.11,-25.7,False
EWC,Canada,5,drawdown_recovery_20,20% Drawdown Recovery,15,5,33.33,15.18,5.93,6.35,5.32,-3.49,-18.13,-25.7,False
EWC,Canada,6,drawdown_recovery_20,20% Drawdown Recovery,14,7,50.0,26.8,11.57,9.37,9.14,-0.48,-18.42,-25.7,False
EWC,Canada,7,drawdown_recovery_20,20% Drawdown Recovery,14,6,42.86,21.38,8.81,3.37,7.68,-1.35,-24.26,-32.6,False
EWC,Canada,8,drawdown_recovery_20,20% Drawdown Recovery,12,5,41.67,19.33,7.5,5.33,6.6,-3.34,-38.29,-55.68,False
EWC,Canada,9,drawdown_recovery_20,20% Drawdown Recovery,12,6,50.0,25.38,10.39,9.77,7.15,-2.5,-49.47,-59.38,False
EWC,Canada,10,drawdown_recovery_20,20% Drawdown Recovery,12,6,50.0,25.38,10.39,10.25,7.58,-9.38,-42.47,-59.38,False
EWC,Canada,11,drawdown_recovery_20,20% Drawdown Recovery,11,7,63.64,35.38,15.1,20.29,13.72,-1.66,-47.34,-59.38,False
EWC,Canada,12,drawdown_recovery_20,20% Drawdown Recovery,11,7,63.64,35.38,15.1,21.36,16.35,3.27,-55.04,-59.99,False
EWC,Canada,1,drawdown_recovery,25% Drawdown Recovery,9,1,11.11,1.99,0.5,2.33,3.51,-2.02,-7.23,-13.03,False
EWC,Canada,2,drawdown_recovery,25% Drawdown Recovery,5,3,60.0,23.07,7.39,10.19,7.66,1.45,-0.14,-13.03,False
EWC,Canada,3,drawdown_recovery,25% Drawdown Recovery,5,3,60.0,23.07,7.39,10.62,9.62,-0.45,-3.68,-15.58,False
EWC,Canada,4,drawdown_recovery,25% Drawdown Recovery,5,3,60.0,23.07,7.39,13.09,9.73,2.83,-12.65,-15.58,False
EWC,Canada,5,drawdown_recovery,25% Drawdown Recovery,5,4,80.0,37.55,12.81,13.55,13.04,10.8,-7.84,-15.58,False
EWC,Canada,6,drawdown_recovery,25% Drawdown Recovery,4,3,75.0,30.06,9.4,14.63,11.36,8.48,-8.02,-15.58,False
EWC,Canada,7,drawdown_recovery,25% Drawdown Recovery,4,3,75.0,30.06,9.4,22.88,19.48,12.2,-2.22,-15.58,False
EWC,Canada,8,drawdown_recovery,25% Drawdown Recovery,4,3,75.0,30.06,9.4,24.11,22.03,12.11,2.04,-15.58,False
EWC,Canada,9,drawdown_recovery,25% Drawdown Recovery,4,3,75.0,30.06,9.4,24.42,20.98,14.33,1.9,-15.58,False
EWC,Canada,10,drawdown_recovery,25% Drawdown Recovery,4,3,75.0,30.06,9.4,30.73,26.05,15.65,-0.38,-15.58,False
EWC,Canada,11,drawdown_recovery,25% Drawdown Recovery,4,3,75.0,30.06,9.4,36.53,31.53,19.18,3.95,-15.58,False
EWC,Canada,12,drawdown_recovery,25% Drawdown Recovery,4,3,75.0,30.06,9.4,36.34,32.69,18.72,3.91,-15.58,False
EWC,Canada,1,drawdown_recovery_30,30% Drawdown Recovery,17,2,11.76,3.29,0.99,1.98,2.82,-2.02,-7.23,-13.03,False
EWC,Canada,2,drawdown_recovery_30,30% Drawdown Recovery,12,4,33.33,13.81,5.01,1.7,6.54,0.38,-3.31,-15.58,False
EWC,Canada,3,drawdown_recovery_30,30% Drawdown Recovery,10,4,40.0,16.82,6.07,5.02,6.79,-1.01,-4.24,-13.03,False
EWC,Canada,4,drawdown_recovery_30,30% Drawdown Recovery,8,3,37.5,13.68,4.51,4.24,10.45,1.83,-9.1,-15.58,False
EWC,Canada,5,drawdown_recovery_30,30% Drawdown Recovery,8,5,62.5,30.57,11.6,10.74,10.57,6.39,-18.53,-24.34,False
EWC,Canada,6,drawdown_recovery_30,30% Drawdown Recovery,8,6,75.0,40.93,16.3,16.06,14.42,11.68,-18.36,-24.34,False
EWC,Canada,7,drawdown_recovery_30,30% Drawdown Recovery,7,5,71.43,35.89,13.45,17.01,15.94,5.51,-10.03,-24.34,False
EWC,Canada,8,drawdown_recovery_30,30% Drawdown Recovery,6,5,83.33,43.65,16.02,21.94,23.37,16.5,-9.78,-24.34,False
EWC,Canada,9,drawdown_recovery_30,30% Drawdown Recovery,6,5,83.33,43.65,16.02,23.6,24.45,18.86,-9.18,-24.34,False
EWC,Canada,10,drawdown_recovery_30,30% Drawdown Recovery,6,5,83.33,43.65,16.02,26.36,26.36,19.92,-5.7,-24.34,False
EWC,Canada,11,drawdown_recovery_30,30% Drawdown Recovery,6,5,83.33,43.65,16.02,30.84,30.91,21.98,-6.55,-24.34,False
EWC,Canada,12,drawdown_recovery_30,30% Drawdown Recovery,6,5,83.33,43.65,16.02,36.18,35.71,24.85,-5.44,-24.34,False
EWC,Canada,1,drawdown_recovery_40,40% Drawdown Recovery,12,2,16.67,4.7,1.4,3.62,3.81,-2.25,-7.23,-13.03,False
EWC,Canada,2,drawdown_recovery_40,40% Drawdown Recovery,8,4,50.0,21.52,7.68,8.13,9.71,0.38,-1.98,-15.58,False
EWC,Canada,3,drawdown_recovery_40,40% Drawdown Recovery,5,3,60.0,23.07,7.39,10.62,11.05,3.83,-3.68,-13.03,False
EWC,Canada,4,drawdown_recovery_40,40% Drawdown Recovery,5,3,60.0,23.07,7.39,13.09,18.07,5.58,2.89,-15.58,False
EWC,Canada,5,drawdown_recovery_40,40% Drawdown Recovery,5,4,80.0,37.55,12.81,13.55,17.02,10.8,3.74,-15.58,False
EWC,Canada,6,drawdown_recovery_40,40% Drawdown Recovery,5,4,80.0,37.55,12.81,15.28,19.31,13.98,4.77,-15.58,False
EWC,Canada,7,drawdown_recovery_40,40% Drawdown Recovery,4,3,75.0,30.06,9.4,22.88,21.15,12.1,-2.63,-15.58,False
EWC,Canada,8,drawdown_recovery_40,40% Drawdown Recovery,4,3,75.0,30.06,9.4,24.11,22.48,7.54,-16.21,-21.75,False
EWC,Canada,9,drawdown_recovery_40,40% Drawdown Recovery,4,3,75.0,30.06,9.4,25.83,23.91,10.6,-13.02,-21.75,False
EWC,Canada,10,drawdown_recovery_40,40% Drawdown Recovery,4,3,75.0,30.06,9.4,32.04,22.87,10.47,-21.08,-26.29,False
EWC,Canada,11,drawdown_recovery_40,40% Drawdown Recovery,4,3,75.0,30.06,9.4,36.69,30.56,15.41,-11.15,-29.17,False
EWC,Canada,12,drawdown_recovery_40,40% Drawdown Recovery,4,3,75.0,30.06,9.4,38.91,34.6,15.52,-8.9,-29.17,False
EWC,Canada,1,rsi14_recovery,RSI 14 Recovery,56,1,1.79,0.32,0.08,0.55,0.19,-2.65,-16.93,-17.18,False
EWC,Canada,2,rsi14_recovery,RSI 14 Recovery,48,5,10.42,4.53,1.8,2.51,1.53,-1.86,-25.49,-26.01,False
EWC,Canada,3,rsi14_recovery,RSI 14 Recovery,42,9,21.43,11.71,5.55,3.51,2.1,-3.68,-16.44,-26.96,False
EWC,Canada,4,rsi14_recovery,RSI 14 Recovery,38,14,36.84,23.38,12.62,5.11,5.86,-0.1,-13.11,-26.96,False
EWC,Canada,5,rsi14_recovery,RSI 14 Recovery,34,11,32.35,19.13,9.62,7.25,6.77,-0.28,-18.13,-26.96,False
EWC,Canada,6,rsi14_recovery,RSI 14 Recovery,30,11,36.67,21.87,10.99,6.62,7.28,0.49,-18.42,-26.96,False
EWC,Canada,7,rsi14_recovery,RSI 14 Recovery,28,10,35.71,20.71,10.11,7.55,8.36,-0.67,-22.13,-26.96,False
EWC,Canada,8,rsi14_recovery,RSI 14 Recovery,24,11,45.83,27.89,14.0,9.55,9.01,-0.43,-29.96,-33.35,False
EWC,Canada,9,rsi14_recovery,RSI 14 Recovery,23,12,52.17,32.96,16.98,11.04,8.76,1.31,-29.96,-33.35,False
EWC,Canada,10,rsi14_recovery,RSI 14 Recovery,23,11,47.83,29.24,14.67,9.28,7.51,-3.71,-39.49,-55.68,False
EWC,Canada,11,rsi14_recovery,RSI 14 Recovery,22,10,45.45,26.92,13.11,6.62,7.25,-5.52,-50.45,-59.38,False
EWC,Canada,12,rsi14_recovery,RSI 14 Recovery,21,10,47.62,28.34,13.79,6.53,10.75,-2.28,-43.59,-59.38,False
EWC,Canada,1,rsi28_recovery,RSI 28 Recovery,27,1,3.7,0.66,0.17,0.59,1.1,-2.94,-6.74,-13.29,False
EWC,Canada,2,rsi28_recovery,RSI 28 Recovery,26,4,15.38,6.15,2.27,1.83,1.72,-2.53,-20.87,-20.77,False
EWC,Canada,3,rsi28_recovery,RSI 28 Recovery,25,5,20.0,8.86,3.49,4.24,3.18,-3.68,-15.28,-21.42,False
EWC,Canada,4,rsi28_recovery,RSI 28 Recovery,22,7,31.82,16.36,7.14,3.9,6.23,-0.23,-11.71,-21.42,False
EWC,Canada,5,rsi28_recovery,RSI 28 Recovery,20,6,30.0,14.55,6.04,6.0,5.26,-3.75,-18.53,-24.34,False
EWC,Canada,6,rsi28_recovery,RSI 28 Recovery,19,7,36.84,19.15,8.34,4.23,6.11,-5.72,-18.36,-24.34,False
EWC,Canada,7,rsi28_recovery,RSI 28 Recovery,17,6,35.29,17.31,7.17,6.44,9.02,-0.32,-10.03,-24.34,False
EWC,Canada,8,rsi28_recovery,RSI 28 Recovery,16,6,37.5,18.48,7.64,7.81,12.17,2.99,-13.69,-24.34,False
EWC,Canada,9,rsi28_recovery,RSI 28 Recovery,16,10,62.5,38.64,18.69,12.12,13.97,1.39,-19.64,-24.34,False
EWC,Canada,10,rsi28_recovery,RSI 28 Recovery,16,9,56.25,33.18,15.54,15.48,13.51,-1.53,-20.16,-24.34,False
EWC,Canada,11,rsi28_recovery,RSI 28 Recovery,16,10,62.5,38.64,18.69,18.17,16.69,0.68,-18.03,-24.34,False
EWC,Canada,12,rsi28_recovery,RSI 28 Recovery,14,8,57.14,32.59,14.65,17.61,15.74,-3.39,-19.38,-28.04,False
EWC,Canada,1,bollinger_recovery,Bollinger Recovery,27,1,3.7,0.66,0.17,0.59,0.84,-2.42,-9.06,-12.14,False
EWC,Canada,2,bollinger_recovery,Bollinger Recovery,25,4,16.0,6.4,2.36,3.9,4.92,1.08,-8.8,-15.28,False
EWC,Canada,3,bollinger_recovery,Bollinger Recovery,24,7,29.17,14.91,6.52,4.95,5.44,-0.38,-16.44,-19.35,False
EWC,Canada,4,bollinger_recovery,Bollinger Recovery,24,9,37.5,21.16,9.99,5.11,8.93,1.53,-5.65,-19.35,False
EWC,Canada,5,bollinger_recovery,Bollinger Recovery,22,8,36.36,19.73,8.97,6.37,6.8,-3.45,-13.64,-19.35,False
EWC,Canada,6,bollinger_recovery,Bollinger Recovery,21,8,38.1,20.75,9.43,6.58,7.61,2.12,-22.92,-32.34,False
EWC,Canada,7,bollinger_recovery,Bollinger Recovery,20,7,35.0,18.12,7.89,6.79,7.82,-0.67,-25.73,-32.77,False
EWC,Canada,8,bollinger_recovery,Bollinger Recovery,18,6,33.33,16.28,6.75,2.77,8.4,-2.02,-38.29,-55.68,False
EWC,Canada,9,bollinger_recovery,Bollinger Recovery,17,8,47.06,26.16,11.84,3.87,10.49,0.26,-49.47,-59.38,False
EWC,Canada,10,bollinger_recovery,Bollinger Recovery,17,8,47.06,26.16,11.84,2.93,11.0,-1.24,-42.47,-59.38,False
EWC,Canada,11,bollinger_recovery,Bollinger Recovery,16,8,50.0,28.0,12.65,9.28,12.38,-5.07,-47.34,-59.38,False
EWC,Canada,12,bollinger_recovery,Bollinger Recovery,16,7,43.75,23.1,10.01,6.99,13.31,-4.1,-55.04,-59.99,False
EWC,Canada,1,low_vol_trend,Low-Volatility Trend,168,2,1.19,0.33,0.1,0.85,0.87,-1.89,-9.58,-14.31,False
EWC,Canada,2,low_vol_trend,Low-Volatility Trend,96,9,9.38,5.01,2.38,2.15,1.85,-1.78,-25.49,-42.66,False
EWC,Canada,3,low_vol_trend,Low-Volatility Trend,74,11,14.86,8.51,4.28,3.26,2.32,-1.22,-29.92,-42.66,False
EWC,Canada,4,low_vol_trend,Low-Volatility Trend,55,16,29.09,18.77,10.51,4.27,3.5,-3.09,-22.76,-25.44,False
EWC,Canada,5,low_vol_trend,Low-Volatility Trend,49,15,30.61,19.52,10.73,3.7,3.89,-1.33,-43.85,-54.74,False
EWC,Canada,6,low_vol_trend,Low-Volatility Trend,41,14,34.15,21.56,11.64,6.31,4.24,-1.14,-40.62,-55.68,False
EWC,Canada,7,low_vol_trend,Low-Volatility Trend,37,14,37.84,24.06,12.99,8.49,5.27,-1.79,-49.43,-59.38,False
EWC,Canada,8,low_vol_trend,Low-Volatility Trend,33,15,45.45,29.84,16.45,9.58,8.77,-4.37,-20.64,-42.66,False
EWC,Canada,9,low_vol_trend,Low-Volatility Trend,31,16,51.61,34.84,19.58,10.88,7.45,-2.99,-49.47,-59.38,False
EWC,Canada,10,low_vol_trend,Low-Volatility Trend,26,12,46.15,28.76,14.83,6.57,9.12,0.28,-55.89,-59.99,False
EWC,Canada,11,low_vol_trend,Low-Volatility Trend,25,11,44.0,26.67,13.39,7.08,9.04,-1.87,-40.73,-59.67,False
EWC,Canada,12,low_vol_trend,Low-Volatility Trend,24,11,45.83,27.89,14.0,8.47,10.24,-0.7,-22.91,-42.66,False
EWC,Canada,1,vol_contraction_trend,Volatility Contraction Trend,54,0,0.0,0.0,0.0,1.55,1.83,-0.28,-6.59,-11.01,False
EWC,Canada,2,vol_contraction_trend,Volatility Contraction Trend,40,2,5.0,1.38,0.42,2.15,2.26,-0.69,-14.44,-14.58,False
EWC,Canada,3,vol_contraction_trend,Volatility Contraction Trend,35,5,14.29,6.26,2.48,3.88,3.36,-0.24,-16.9,-21.37,False
EWC,Canada,4,vol_contraction_trend,Volatility Contraction Trend,32,9,28.12,15.56,7.37,4.79,3.24,-0.18,-31.08,-42.66,False
EWC,Canada,5,vol_contraction_trend,Volatility Contraction Trend,30,9,30.0,16.66,7.88,3.61,3.45,-0.85,-43.85,-54.74,False
EWC,Canada,6,vol_contraction_trend,Volatility Contraction Trend,28,8,28.57,15.25,6.96,2.49,2.9,-2.27,-54.02,-58.52,False
EWC,Canada,7,vol_contraction_trend,Volatility Contraction Trend,27,9,33.33,18.64,8.81,6.35,4.59,-2.38,-47.65,-58.52,False
EWC,Canada,8,vol_contraction_trend,Volatility Contraction Trend,24,12,50.0,31.43,16.19,9.09,7.35,-1.69,-52.08,-58.52,False
EWC,Canada,9,vol_contraction_trend,Volatility Contraction Trend,22,11,50.0,30.72,15.4,9.81,7.35,1.06,-59.09,-59.14,False
EWC,Canada,10,vol_contraction_trend,Volatility Contraction Trend,20,9,45.0,25.82,12.15,8.63,8.5,-2.53,-48.06,-59.67,False
EWC,Canada,11,vol_contraction_trend,Volatility Contraction Trend,19,10,52.63,31.71,15.4,11.13,9.47,1.18,-40.73,-59.67,False
EWC,Canada,12,vol_contraction_trend,Volatility Contraction Trend,19,9,47.37,27.33,12.85,5.4,8.81,-3.7,-30.76,-59.67,False
EWC,Canada,1,breadth_trend,Broad-Market Trend,161,3,1.86,0.64,0.22,0.73,0.67,-2.02,-9.58,-14.31,False
EWC,Canada,2,breadth_trend,Broad-Market Trend,88,9,10.23,5.47,2.6,2.21,1.56,-1.85,-25.49,-42.66,False
EWC,Canada,3,breadth_trend,Broad-Market Trend,68,10,14.71,8.19,4.01,3.13,2.5,-2.48,-29.49,-42.66,False
EWC,Canada,4,breadth_trend,Broad-Market Trend,53,12,22.64,13.45,6.94,3.3,2.64,-3.44,-31.08,-42.66,False
EWC,Canada,5,breadth_trend,Broad-Market Trend,44,14,31.82,20.0,10.79,4.59,3.72,-0.47,-43.85,-54.74,False
EWC,Canada,6,breadth_trend,Broad-Market Trend,39,14,35.9,22.74,12.28,6.3,5.36,-1.6,-26.25,-42.66,False
EWC,Canada,7,breadth_trend,Broad-Market Trend,33,12,36.36,22.19,11.45,6.35,6.24,-1.41,-47.65,-58.52,False
EWC,Canada,8,breadth_trend,Broad-Market Trend,31,13,41.94,26.42,13.96,9.58,7.61,3.16,-52.08,-58.52,False
EWC,Canada,9,breadth_trend,Broad-Market Trend,29,14,48.28,31.39,16.95,9.48,7.53,-1.64,-59.09,-59.14,False
EWC,Canada,10,breadth_trend,Broad-Market Trend,25,13,52.0,33.5,17.69,10.32,11.07,2.75,-39.49,-55.68,False
EWC,Canada,11,breadth_trend,Broad-Market Trend,24,10,41.67,24.47,11.93,6.67,7.99,-1.28,-40.73,-59.67,False
EWC,Canada,12,breadth_trend,Broad-Market Trend,22,11,50.0,30.72,15.4,9.32,9.42,-2.08,-25.98,-42.66,False
EWG,Germany,1,buy_hold,Buy & Hold Benchmark,265,15,5.66,3.46,1.9,1.07,0.87,-3.18,-21.21,-27.34,False
EWG,Germany,2,buy_hold,Buy & Hold Benchmark,139,20,14.39,9.51,5.61,0.98,0.82,-3.55,-33.64,-44.18,False
EWG,Germany,3,buy_hold,Buy & Hold Benchmark,106,20,18.87,12.56,7.42,1.89,1.5,-3.37,-41.06,-47.52,False
EWG,Germany,4,buy_hold,Buy & Hold Benchmark,77,19,24.68,16.4,9.59,4.52,2.67,-4.63,-36.31,-37.17,False
EWG,Germany,5,buy_hold,Buy & Hold Benchmark,63,19,30.16,20.24,11.85,3.83,3.02,-4.77,-43.85,-47.52,False
EWG,Germany,6,buy_hold,Buy & Hold Benchmark,53,19,35.85,24.3,14.26,4.75,5.05,-4.76,-46.84,-51.23,False
EWG,Germany,7,buy_hold,Buy & Hold Benchmark,46,17,36.96,24.52,13.98,3.38,4.51,-4.33,-52.36,-56.59,False
EWG,Germany,8,buy_hold,Buy & Hold Benchmark,40,13,32.5,20.08,10.61,3.25,5.04,-3.79,-51.94,-55.22,False
EWG,Germany,9,buy_hold,Buy & Hold Benchmark,36,16,44.44,29.54,16.58,4.67,7.56,-5.28,-40.37,-53.83,False
EWG,Germany,10,buy_hold,Buy & Hold Benchmark,33,15,45.45,29.84,16.45,8.88,7.63,-7.55,-50.85,-56.59,False
EWG,Germany,11,buy_hold,Buy & Hold Benchmark,30,15,50.0,33.15,18.28,9.93,6.93,-8.87,-48.85,-56.59,False
EWG,Germany,12,buy_hold,Buy & Hold Benchmark,28,14,50.0,32.63,17.63,11.15,7.25,-3.55,-52.38,-58.71,False
EWG,Germany,1,trend_price_sma100,Price above SMA 100,171,4,2.34,0.91,0.34,1.15,0.95,-2.82,-11.23,-17.98,False
EWG,Germany,2,trend_price_sma100,Price above SMA 100,102,8,7.84,4.03,1.85,1.55,1.45,-2.69,-23.62,-23.52,False
EWG,Germany,3,trend_price_sma100,Price above SMA 100,78,16,20.51,13.04,7.28,2.1,2.05,-3.31,-19.93,-39.29,False
EWG,Germany,4,trend_price_sma100,Price above SMA 100,62,19,30.65,20.58,12.06,4.29,3.39,-4.13,-32.29,-35.7,False
EWG,Germany,5,trend_price_sma100,Price above SMA 100,49,13,26.53,16.21,8.56,3.83,3.52,-2.81,-43.21,-52.37,False
EWG,Germany,6,trend_price_sma100,Price above SMA 100,43,19,44.19,30.43,17.9,3.83,4.78,-4.39,-49.56,-55.22,False
EWG,Germany,7,trend_price_sma100,Price above SMA 100,40,14,35.0,22.13,11.95,5.22,4.37,-5.9,-52.36,-56.59,False
EWG,Germany,8,trend_price_sma100,Price above SMA 100,36,15,41.67,27.14,14.95,7.66,4.86,-8.66,-39.64,-56.59,False
EWG,Germany,9,trend_price_sma100,Price above SMA 100,32,16,50.0,33.63,18.89,9.99,7.27,-4.78,-34.23,-44.94,False
EWG,Germany,10,trend_price_sma100,Price above SMA 100,29,13,44.83,28.41,15.01,8.3,4.61,-1.83,-59.9,-61.05,False
EWG,Germany,11,trend_price_sma100,Price above SMA 100,26,15,57.69,38.95,21.48,14.47,9.51,0.12,-25.9,-45.68,False
EWG,Germany,12,trend_price_sma100,Price above SMA 100,24,15,62.5,42.71,23.56,13.63,9.48,-1.77,-30.41,-45.68,False
EWG,Germany,1,trend_price_sma200,Price above SMA 200,174,3,1.72,0.59,0.2,1.08,0.84,-2.58,-16.35,-21.46,False
EWG,Germany,2,trend_price_sma200,Price above SMA 200,99,9,9.09,4.86,2.31,0.88,0.61,-3.1,-30.24,-39.29,False
EWG,Germany,3,trend_price_sma200,Price above SMA 200,78,14,17.95,11.0,5.93,2.26,1.73,-3.74,-36.04,-39.29,False
EWG,Germany,4,trend_price_sma200,Price above SMA 200,59,16,27.12,17.44,9.75,4.26,2.93,-2.92,-29.53,-39.29,False
EWG,Germany,5,trend_price_sma200,Price above SMA 200,50,16,32.0,20.76,11.62,5.77,3.5,-4.72,-43.21,-52.37,False
EWG,Germany,6,trend_price_sma200,Price above SMA 200,42,18,42.86,29.12,16.88,7.89,3.01,-6.08,-49.56,-55.22,False
EWG,Germany,7,trend_price_sma200,Price above SMA 200,38,15,39.47,25.6,14.1,5.35,4.5,-2.47,-39.06,-55.22,False
EWG,Germany,8,trend_price_sma200,Price above SMA 200,34,12,35.29,21.49,11.09,6.47,5.22,-0.66,-51.94,-55.22,False
EWG,Germany,9,trend_price_sma200,Price above SMA 200,32,13,40.62,25.52,13.48,6.4,3.54,-8.14,-59.46,-59.81,False
EWG,Germany,10,trend_price_sma200,Price above SMA 200,27,13,48.15,30.74,16.24,9.4,7.98,-7.99,-35.58,-44.59,False
EWG,Germany,11,trend_price_sma200,Price above SMA 200,25,14,56.0,37.07,20.02,10.8,5.19,-6.04,-42.85,-59.97,False
EWG,Germany,12,trend_price_sma200,Price above SMA 200,25,12,48.0,30.03,15.48,8.47,5.09,-13.13,-42.28,-59.97,False
EWG,Germany,1,trend,SMA 50/200 + Momentum,87,1,1.15,0.2,0.05,1.19,1.11,-1.26,-11.23,-17.98,False
EWG,Germany,2,trend,SMA 50/200 + Momentum,53,4,7.55,2.97,1.1,0.68,1.5,-2.66,-23.62,-23.52,False
EWG,Germany,3,trend,SMA 50/200 + Momentum,42,7,16.67,8.32,3.65,1.89,2.6,-1.75,-18.8,-27.71,False
EWG,Germany,4,trend,SMA 50/200 + Momentum,35,13,37.14,23.17,12.24,4.54,4.96,-1.85,-15.73,-24.04,False
EWG,Germany,5,trend,SMA 50/200 + Momentum,31,9,29.03,16.1,7.62,7.72,4.27,-0.85,-37.81,-37.71,False
EWG,Germany,6,trend,SMA 50/200 + Momentum,26,10,38.46,22.43,10.94,3.72,6.53,-1.69,-20.67,-35.7,False
EWG,Germany,7,trend,SMA 50/200 + Momentum,23,11,47.83,29.24,14.67,7.82,7.19,-2.44,-21.54,-35.7,False
EWG,Germany,8,trend,SMA 50/200 + Momentum,20,11,55.0,34.21,17.13,12.48,12.31,0.72,-22.27,-32.4,False
EWG,Germany,9,trend,SMA 50/200 + Momentum,20,10,50.0,29.93,14.55,12.59,9.96,-2.44,-17.62,-29.55,False
EWG,Germany,10,trend,SMA 50/200 + Momentum,18,8,44.44,24.56,11.13,9.09,8.96,-7.49,-18.56,-30.09,False
EWG,Germany,11,trend,SMA 50/200 + Momentum,18,7,38.89,20.3,8.83,4.8,4.89,-6.02,-52.94,-58.04,False
EWG,Germany,12,trend,SMA 50/200 + Momentum,16,8,50.0,28.0,12.65,11.51,13.73,3.64,-21.0,-37.82,False
EWG,Germany,1,trend_sma100_200,SMA 100/200,145,2,1.38,0.38,0.11,1.09,0.71,-2.48,-16.35,-21.46,False
EWG,Germany,2,trend_sma100_200,SMA 100/200,83,7,8.43,4.15,1.83,0.84,0.65,-2.94,-30.24,-39.29,False
EWG,Germany,3,trend_sma100_200,SMA 100/200,64,13,20.31,12.27,6.48,2.4,2.32,-3.42,-30.72,-39.66,False
EWG,Germany,4,trend_sma100_200,SMA 100/200,49,14,28.57,17.85,9.63,4.97,3.66,-2.99,-25.6,-30.14,False
EWG,Germany,5,trend_sma100_200,SMA 100/200,42,13,30.95,19.07,10.07,4.05,3.07,-3.29,-38.79,-39.82,False
EWG,Germany,6,trend_sma100_200,SMA 100/200,35,13,37.14,23.17,12.24,4.45,5.66,-1.27,-30.35,-43.82,False
EWG,Germany,7,trend_sma100_200,SMA 100/200,33,11,33.33,19.75,9.93,3.95,4.93,-5.48,-25.2,-43.82,False
EWG,Germany,8,trend_sma100_200,SMA 100/200,30,13,43.33,27.38,14.46,7.08,6.74,-5.87,-33.45,-43.82,False
EWG,Germany,9,trend_sma100_200,SMA 100/200,25,11,44.0,26.67,13.39,6.07,7.26,-2.17,-34.88,-43.82,False
EWG,Germany,10,trend_sma100_200,SMA 100/200,25,12,48.0,30.03,15.48,9.56,6.2,-14.49,-39.01,-43.82,False
EWG,Germany,11,trend_sma100_200,SMA 100/200,23,12,52.17,32.96,16.98,10.57,7.05,-5.91,-40.5,-45.15,False
EWG,Germany,12,trend_sma100_200,SMA 100/200,21,12,57.14,36.55,18.81,13.63,11.08,-2.67,-27.02,-45.15,False
EWG,Germany,1,trend_ema50_200,EMA 50/200,159,2,1.26,0.35,0.1,1.09,0.84,-1.65,-16.35,-21.46,False
EWG,Germany,2,trend_ema50_200,EMA 50/200,88,7,7.95,3.91,1.72,1.95,1.48,-2.27,-30.24,-30.14,False
EWG,Germany,3,trend_ema50_200,EMA 50/200,69,9,13.04,7.02,3.33,2.28,2.02,-4.7,-19.93,-39.29,False
EWG,Germany,4,trend_ema50_200,EMA 50/200,51,13,25.49,15.55,8.21,5.51,3.07,-4.4,-21.99,-35.7,False
EWG,Germany,5,trend_ema50_200,EMA 50/200,43,12,27.91,16.75,8.64,4.43,3.66,-2.05,-29.29,-39.66,False
EWG,Germany,6,trend_ema50_200,EMA 50/200,36,13,36.11,22.48,11.87,5.6,4.79,-2.42,-28.42,-39.66,False
EWG,Germany,7,trend_ema50_200,EMA 50/200,34,15,44.12,28.88,15.91,8.96,5.13,-3.96,-52.36,-56.59,False
EWG,Germany,8,trend_ema50_200,EMA 50/200,31,12,38.71,23.73,12.24,6.56,6.03,-2.56,-51.94,-55.22,False
EWG,Germany,9,trend_ema50_200,EMA 50/200,28,13,46.43,29.53,15.6,4.94,6.36,-6.84,-51.34,-56.59,False
EWG,Germany,10,trend_ema50_200,EMA 50/200,25,14,56.0,37.07,20.02,13.1,8.53,-3.07,-33.91,-39.66,False
EWG,Germany,11,trend_ema50_200,EMA 50/200,23,11,47.83,29.24,14.67,7.92,7.59,-1.42,-52.29,-61.2,False
EWG,Germany,12,trend_ema50_200,EMA 50/200,21,10,47.62,28.34,13.79,7.68,10.81,-3.62,-19.53,-39.66,False
EWG,Germany,1,trend_ema100_200,EMA 100/200,156,2,1.28,0.35,0.11,1.08,0.72,-2.5,-16.35,-21.46,False
EWG,Germany,2,trend_ema100_200,EMA 100/200,87,7,8.05,3.95,1.74,1.94,1.14,-2.8,-30.24,-39.29,False
EWG,Germany,3,trend_ema100_200,EMA 100/200,71,9,12.68,6.81,3.24,3.47,2.11,-4.34,-15.23,-30.14,False
EWG,Germany,4,trend_ema100_200,EMA 100/200,51,12,23.53,14.0,7.23,5.4,2.63,-3.51,-27.79,-39.66,False
EWG,Germany,5,trend_ema100_200,EMA 100/200,43,12,27.91,16.75,8.64,4.43,3.34,-3.75,-25.23,-39.66,False
EWG,Germany,6,trend_ema100_200,EMA 100/200,37,15,40.54,26.35,14.51,7.64,5.19,-1.89,-26.15,-39.66,False
EWG,Germany,7,trend_ema100_200,EMA 100/200,34,14,41.18,26.37,14.24,5.63,5.12,-3.66,-52.36,-56.59,False
EWG,Germany,8,trend_ema100_200,EMA 100/200,30,12,40.0,24.59,12.69,7.62,8.12,-2.75,-14.54,-39.66,False
EWG,Germany,9,trend_ema100_200,EMA 100/200,28,13,46.43,29.53,15.6,6.32,6.68,-8.42,-51.34,-56.59,False
EWG,Germany,10,trend_ema100_200,EMA 100/200,26,13,50.0,32.06,16.93,9.93,6.17,-8.17,-47.02,-55.37,False
EWG,Germany,11,trend_ema100_200,EMA 100/200,23,10,43.48,25.63,12.49,9.56,6.53,-5.58,-52.29,-61.2,False
EWG,Germany,12,trend_ema100_200,EMA 100/200,21,10,47.62,28.34,13.79,9.77,10.01,-3.62,-19.53,-39.66,False
EWG,Germany,1,trend_triple_ma,Triple Moving Average,86,1,1.16,0.21,0.05,1.01,0.58,-2.46,-11.23,-16.3,False
EWG,Germany,2,trend_triple_ma,Triple Moving Average,56,4,7.14,2.81,1.04,0.31,0.83,-3.15,-20.37,-20.36,False
EWG,Germany,3,trend_triple_ma,Triple Moving Average,47,10,21.28,11.99,5.87,2.28,2.47,-1.91,-18.8,-27.71,False
EWG,Germany,4,trend_triple_ma,Triple Moving Average,40,10,25.0,14.19,6.94,3.25,4.02,-2.76,-19.41,-29.06,False
EWG,Germany,5,trend_triple_ma,Triple Moving Average,36,10,27.78,15.85,7.75,5.0,3.77,-2.46,-37.81,-39.66,False
EWG,Germany,6,trend_triple_ma,Triple Moving Average,30,10,33.33,19.23,9.39,1.74,4.38,-1.91,-28.42,-39.66,False
EWG,Germany,7,trend_triple_ma,Triple Moving Average,28,11,39.29,23.57,11.84,5.85,6.7,-5.85,-27.14,-39.66,False
EWG,Germany,8,trend_triple_ma,Triple Moving Average,24,12,50.0,31.43,16.19,10.66,10.25,0.65,-9.15,-39.66,False
EWG,Germany,9,trend_triple_ma,Triple Moving Average,21,10,47.62,28.34,13.79,8.77,10.99,0.38,-20.39,-39.66,False
EWG,Germany,10,trend_triple_ma,Triple Moving Average,21,11,52.38,32.37,16.22,10.3,9.42,-0.23,-34.58,-39.66,False
EWG,Germany,11,trend_triple_ma,Triple Moving Average,19,11,57.89,36.28,18.15,12.83,12.22,1.45,-18.17,-39.66,False
EWG,Germany,12,trend_triple_ma,Triple Moving Average,19,9,47.37,27.33,12.85,9.44,8.97,-0.84,-28.26,-39.66,False
EWG,Germany,1,trend_breakout_100,100-Day Range Breakout,29,0,0.0,0.0,0.0,0.29,0.68,-2.13,-8.24,-12.04,False
EWG,Germany,2,trend_breakout_100,100-Day Range Breakout,25,3,12.0,4.17,1.41,2.09,4.15,-0.06,-3.94,-13.86,False
EWG,Germany,3,trend_breakout_100,100-Day Range Breakout,21,4,19.05,7.67,2.82,3.97,4.04,0.49,-10.93,-17.65,False
EWG,Germany,4,trend_breakout_100,100-Day Range Breakout,21,6,28.57,13.81,5.74,5.75,4.33,-2.64,-27.28,-29.97,False
EWG,Germany,5,trend_breakout_100,100-Day Range Breakout,20,5,25.0,11.19,4.4,5.3,4.9,-2.94,-37.81,-37.71,False
EWG,Germany,6,trend_breakout_100,100-Day Range Breakout,18,6,33.33,16.28,6.75,6.4,6.27,1.41,-28.42,-37.71,False
EWG,Germany,7,trend_breakout_100,100-Day Range Breakout,17,6,35.29,17.31,7.17,8.13,6.16,-4.85,-27.14,-37.71,False
EWG,Germany,8,trend_breakout_100,100-Day Range Breakout,16,5,31.25,14.16,5.54,7.23,6.35,0.6,-28.46,-37.71,False
EWG,Germany,9,trend_breakout_100,100-Day Range Breakout,16,5,31.25,14.16,5.54,7.3,6.15,-3.39,-23.96,-37.71,False
EWG,Germany,10,trend_breakout_100,100-Day Range Breakout,15,6,40.0,19.82,8.18,5.8,7.88,-2.92,-18.14,-37.71,False
EWG,Germany,11,trend_breakout_100,100-Day Range Breakout,15,7,46.67,24.81,10.74,7.0,6.64,-5.08,-22.97,-39.66,False
EWG,Germany,12,trend_breakout_100,100-Day Range Breakout,15,6,40.0,19.82,8.18,4.25,5.44,-2.89,-19.25,-39.66,False
EWG,Germany,1,trend_breakout_200,200-Day Range Breakout,22,0,0.0,0.0,0.0,0.21,0.52,-1.93,-8.24,-10.44,False
EWG,Germany,2,trend_breakout_200,200-Day Range Breakout,18,1,5.56,0.99,0.25,1.66,2.48,-1.24,-3.94,-11.52,False
EWG,Germany,3,trend_breakout_200,200-Day Range Breakout,16,3,18.75,6.59,2.21,2.01,2.91,0.54,-10.93,-17.65,False
EWG,Germany,4,trend_breakout_200,200-Day Range Breakout,16,2,12.5,3.5,1.05,3.11,1.89,-2.03,-27.28,-29.97,False
EWG,Germany,5,trend_breakout_200,200-Day Range Breakout,16,3,18.75,6.59,2.21,3.86,2.5,-2.42,-37.81,-37.71,False
EWG,Germany,6,trend_breakout_200,200-Day Range Breakout,14,2,14.29,4.01,1.2,3.55,3.21,1.0,-28.42,-37.71,False
EWG,Germany,7,trend_breakout_200,200-Day Range Breakout,13,2,15.38,4.33,1.29,2.52,1.8,-4.85,-27.14,-37.71,False
EWG,Germany,8,trend_breakout_200,200-Day Range Breakout,13,3,23.08,8.18,2.74,2.04,1.07,-8.28,-28.46,-37.71,False
EWG,Germany,9,trend_breakout_200,200-Day Range Breakout,13,2,15.38,4.33,1.29,-1.0,-0.63,-6.77,-23.96,-37.71,False
EWG,Germany,10,trend_breakout_200,200-Day Range Breakout,12,3,25.0,8.89,2.97,3.25,3.16,-9.89,-18.14,-37.71,False
EWG,Germany,11,trend_breakout_200,200-Day Range Breakout,12,5,41.67,19.33,7.5,6.3,5.33,-6.93,-20.45,-37.71,False
EWG,Germany,12,trend_breakout_200,200-Day Range Breakout,12,4,33.33,13.81,5.01,4.74,5.47,-1.02,-19.25,-37.71,False
EWG,Germany,1,momentum_90,90-Day Absolute Momentum,165,3,1.82,0.62,0.21,0.84,0.68,-2.77,-16.35,-21.46,False
EWG,Germany,2,momentum_90,90-Day Absolute Momentum,96,7,7.29,3.58,1.58,1.2,0.31,-3.27,-30.24,-32.17,False
EWG,Germany,3,momentum_90,90-Day Absolute Momentum,76,10,13.16,7.31,3.58,2.21,1.26,-3.48,-23.76,-39.29,False
EWG,Germany,4,momentum_90,90-Day Absolute Momentum,57,16,28.07,18.08,10.12,4.54,2.32,-4.47,-36.31,-37.17,False
EWG,Germany,5,momentum_90,90-Day Absolute Momentum,50,13,26.0,15.87,8.38,4.77,3.03,-4.96,-43.21,-52.37,False
EWG,Germany,6,momentum_90,90-Day Absolute Momentum,43,17,39.53,26.37,15.03,7.5,2.6,-8.43,-49.56,-55.22,False
EWG,Germany,7,momentum_90,90-Day Absolute Momentum,40,16,40.0,26.35,14.78,3.98,4.24,-4.25,-39.06,-55.22,False
EWG,Germany,8,momentum_90,90-Day Absolute Momentum,34,13,38.24,23.9,12.63,6.93,5.07,-1.56,-51.94,-55.22,False
EWG,Germany,9,momentum_90,90-Day Absolute Momentum,31,14,45.16,29.16,15.75,6.63,5.92,-7.02,-34.25,-45.68,False
EWG,Germany,10,momentum_90,90-Day Absolute Momentum,27,14,51.85,33.99,18.36,10.3,7.65,-8.8,-35.63,-42.74,False
EWG,Germany,11,momentum_90,90-Day Absolute Momentum,26,14,53.85,35.46,19.15,10.96,6.72,-6.0,-52.94,-58.04,False
EWG,Germany,12,momentum_90,90-Day Absolute Momentum,26,13,50.0,32.06,16.93,8.82,5.27,-11.05,-36.24,-59.97,False
EWG,Germany,1,momentum_180,180-Day Absolute Momentum,169,3,1.78,0.61,0.21,0.92,0.78,-2.48,-16.35,-21.46,False
EWG,Germany,2,momentum_180,180-Day Absolute Momentum,96,11,11.46,6.52,3.28,1.05,0.94,-2.76,-30.24,-39.29,False
EWG,Germany,3,momentum_180,180-Day Absolute Momentum,74,15,20.27,12.69,6.97,3.01,2.29,-3.57,-30.72,-39.66,False
EWG,Germany,4,momentum_180,180-Day Absolute Momentum,57,14,24.56,15.23,8.21,4.06,2.88,-2.64,-36.31,-37.17,False
EWG,Germany,5,momentum_180,180-Day Absolute Momentum,48,14,29.17,18.24,9.84,3.51,2.55,-3.84,-37.81,-41.36,False
EWG,Germany,6,momentum_180,180-Day Absolute Momentum,40,14,35.0,22.13,11.95,4.64,4.87,-3.22,-24.93,-41.36,False
EWG,Germany,7,momentum_180,180-Day Absolute Momentum,36,14,38.89,24.78,13.38,5.35,4.82,-3.1,-52.36,-56.59,False
EWG,Germany,8,momentum_180,180-Day Absolute Momentum,32,12,37.5,22.93,11.83,6.9,6.61,-5.05,-31.74,-41.36,False
EWG,Germany,9,momentum_180,180-Day Absolute Momentum,29,13,44.83,28.41,15.01,5.02,4.74,-14.59,-51.34,-56.59,False
EWG,Germany,10,momentum_180,180-Day Absolute Momentum,27,15,55.56,37.31,20.58,13.1,7.74,-15.12,-35.63,-42.74,False
EWG,Germany,11,momentum_180,180-Day Absolute Momentum,25,12,48.0,30.03,15.48,7.92,5.56,-6.04,-52.29,-61.2,False
EWG,Germany,12,momentum_180,180-Day Absolute Momentum,23,12,52.17,32.96,16.98,11.44,10.55,-3.15,-31.11,-42.74,False
EWG,Germany,1,momentum_270,270-Day Absolute Momentum,173,5,2.89,1.24,0.49,1.09,1.0,-2.48,-16.35,-21.46,False
EWG,Germany,2,momentum_270,270-Day Absolute Momentum,96,13,13.54,8.09,4.27,0.91,1.01,-2.9,-30.24,-39.29,False
EWG,Germany,3,momentum_270,270-Day Absolute Momentum,76,12,15.79,9.27,4.78,2.72,2.29,-2.79,-19.24,-33.52,False
EWG,Germany,4,momentum_270,270-Day Absolute Momentum,56,16,28.57,18.42,10.31,4.65,2.61,-2.07,-32.29,-39.66,False
EWG,Germany,5,momentum_270,270-Day Absolute Momentum,46,15,32.61,20.87,11.48,4.06,4.74,-4.22,-37.81,-39.66,False
EWG,Germany,6,momentum_270,270-Day Absolute Momentum,40,16,40.0,26.35,14.78,7.97,5.67,-5.6,-26.15,-39.66,False
EWG,Germany,7,momentum_270,270-Day Absolute Momentum,35,13,37.14,23.17,12.24,3.91,5.26,-5.62,-18.39,-39.66,False
EWG,Germany,8,momentum_270,270-Day Absolute Momentum,31,13,41.94,26.42,13.96,6.7,5.61,-4.63,-33.35,-39.66,False
EWG,Germany,9,momentum_270,270-Day Absolute Momentum,29,14,48.28,31.39,16.95,6.07,8.78,-7.06,-17.24,-39.66,False
EWG,Germany,10,momentum_270,270-Day Absolute Momentum,26,12,46.15,28.76,14.83,9.36,8.09,-1.76,-47.04,-56.59,False
EWG,Germany,11,momentum_270,270-Day Absolute Momentum,25,13,52.0,33.5,17.69,10.56,5.72,-6.04,-42.85,-59.97,False
EWG,Germany,12,momentum_270,270-Day Absolute Momentum,23,11,47.83,29.24,14.67,9.77,8.95,-6.64,-30.52,-44.94,False
EWG,Germany,1,momentum_365,365-Day Absolute Momentum,175,5,2.86,1.23,0.49,0.95,0.57,-2.78,-17.66,-21.46,False
EWG,Germany,2,momentum_365,365-Day Absolute Momentum,94,8,8.51,4.38,2.01,0.91,0.21,-3.11,-33.64,-44.18,False
EWG,Germany,3,momentum_365,365-Day Absolute Momentum,73,12,16.44,9.66,4.99,2.14,1.21,-3.99,-35.82,-48.12,False
EWG,Germany,4,momentum_365,365-Day Absolute Momentum,56,14,25.0,15.52,8.37,4.83,2.04,-3.99,-32.29,-35.7,False
EWG,Germany,5,momentum_365,365-Day Absolute Momentum,44,10,22.73,12.84,6.28,3.83,1.97,-5.02,-43.85,-47.52,False
EWG,Germany,6,momentum_365,365-Day Absolute Momentum,38,15,39.47,25.6,14.1,4.8,3.35,-3.75,-31.45,-37.71,False
EWG,Germany,7,momentum_365,365-Day Absolute Momentum,34,13,38.24,23.9,12.63,4.08,4.61,-0.91,-52.36,-56.59,False
EWG,Germany,8,momentum_365,365-Day Absolute Momentum,30,10,33.33,19.23,9.39,5.98,4.73,-5.04,-39.56,-53.83,False
EWG,Germany,9,momentum_365,365-Day Absolute Momentum,28,12,42.86,26.51,13.67,4.6,4.75,-9.39,-36.78,-56.4,False
EWG,Germany,10,momentum_365,365-Day Absolute Momentum,25,13,52.0,33.5,17.69,10.37,6.27,-10.72,-50.85,-56.59,False
EWG,Germany,11,momentum_365,365-Day Absolute Momentum,24,14,58.33,38.83,20.97,11.94,9.37,-6.42,-21.19,-53.09,False
EWG,Germany,12,momentum_365,365-Day Absolute Momentum,21,11,52.38,32.37,16.22,17.11,7.65,-10.13,-52.38,-58.71,False
EWG,Germany,1,momentum_dual_90_180,Dual Momentum 90/180,137,2,1.46,0.4,0.12,0.82,0.6,-2.56,-16.35,-21.46,False
EWG,Germany,2,momentum_dual_90_180,Dual Momentum 90/180,81,6,7.41,3.44,1.45,0.84,0.44,-3.08,-30.24,-30.14,False
EWG,Germany,3,momentum_dual_90_180,Dual Momentum 90/180,63,10,15.87,8.86,4.34,2.35,2.12,-3.03,-23.76,-39.29,False
EWG,Germany,4,momentum_dual_90_180,Dual Momentum 90/180,50,13,26.0,15.87,8.38,4.65,2.67,-3.88,-36.31,-37.17,False
EWG,Germany,5,momentum_dual_90_180,Dual Momentum 90/180,45,12,26.67,15.96,8.24,5.97,3.14,-3.41,-43.21,-52.37,False
EWG,Germany,6,momentum_dual_90_180,Dual Momentum 90/180,36,13,36.11,22.48,11.87,5.41,5.56,-4.2,-24.93,-41.36,False
EWG,Germany,7,momentum_dual_90_180,Dual Momentum 90/180,35,12,34.29,20.83,10.75,5.08,3.78,-7.1,-39.06,-55.22,False
EWG,Germany,8,momentum_dual_90_180,Dual Momentum 90/180,30,14,46.67,30.23,16.33,8.37,7.3,-4.79,-31.74,-41.36,False
EWG,Germany,9,momentum_dual_90_180,Dual Momentum 90/180,27,13,48.15,30.74,16.24,5.02,5.8,-10.96,-59.46,-59.81,False
EWG,Germany,10,momentum_dual_90_180,Dual Momentum 90/180,25,13,52.0,33.5,17.69,11.48,5.56,-14.64,-48.03,-59.97,False
EWG,Germany,11,momentum_dual_90_180,Dual Momentum 90/180,24,12,50.0,31.43,16.19,8.08,6.46,-5.9,-42.85,-59.97,False
EWG,Germany,12,momentum_dual_90_180,Dual Momentum 90/180,23,11,47.83,29.24,14.67,7.47,7.49,-6.73,-44.74,-56.09,False
EWG,Germany,1,momentum_dual_180_365,Dual Momentum 180/365,134,2,1.49,0.41,0.12,0.93,0.7,-2.37,-16.35,-21.46,False
EWG,Germany,2,momentum_dual_180_365,Dual Momentum 180/365,75,5,6.67,2.88,1.14,0.84,0.64,-2.8,-30.24,-30.14,False
EWG,Germany,3,momentum_dual_180_365,Dual Momentum 180/365,58,10,17.24,9.64,4.72,2.18,1.87,-3.83,-18.8,-27.71,False
EWG,Germany,4,momentum_dual_180_365,Dual Momentum 180/365,47,11,23.4,13.6,6.85,4.76,3.05,-2.2,-29.53,-30.14,False
EWG,Germany,5,momentum_dual_180_365,Dual Momentum 180/365,38,11,28.95,17.0,8.55,3.83,1.9,-4.71,-37.81,-37.71,False
EWG,Germany,6,momentum_dual_180_365,Dual Momentum 180/365,33,13,39.39,24.68,13.04,4.83,4.62,-3.72,-42.21,-53.83,False
EWG,Germany,7,momentum_dual_180_365,Dual Momentum 180/365,30,13,43.33,27.38,14.46,7.67,5.87,0.53,-52.36,-56.59,False
EWG,Germany,8,momentum_dual_180_365,Dual Momentum 180/365,25,10,40.0,23.4,11.41,6.68,7.24,-2.17,-39.64,-56.59,False
EWG,Germany,9,momentum_dual_180_365,Dual Momentum 180/365,22,10,45.45,26.92,13.11,8.36,5.56,-6.0,-40.37,-53.83,False
EWG,Germany,10,momentum_dual_180_365,Dual Momentum 180/365,22,10,45.45,26.92,13.11,7.79,5.31,-14.82,-48.03,-59.97,False
EWG,Germany,11,momentum_dual_180_365,Dual Momentum 180/365,21,11,52.38,32.37,16.22,11.32,9.16,-7.56,-26.34,-37.82,False
EWG,Germany,12,momentum_dual_180_365,Dual Momentum 180/365,19,11,57.89,36.28,18.15,17.11,7.97,-9.18,-52.38,-58.71,False
EWG,Germany,1,momentum_rank_90,Top Relative Momentum 90,54,2,3.7,1.02,0.31,1.09,0.68,-3.04,-11.23,-17.98,False
EWG,Germany,2,momentum_rank_90,Top Relative Momentum 90,36,1,2.78,0.49,0.13,1.2,-0.41,-2.76,-23.85,-39.29,False
EWG,Germany,3,momentum_rank_90,Top Relative Momentum 90,29,5,17.24,7.6,3.0,0.82,-0.24,-6.43,-19.93,-39.29,False
EWG,Germany,4,momentum_rank_90,Top Relative Momentum 90,24,5,20.83,9.24,3.64,1.63,-0.11,-7.67,-27.28,-29.97,False
EWG,Germany,5,momentum_rank_90,Top Relative Momentum 90,22,8,36.36,19.73,8.97,3.28,1.71,-3.98,-37.81,-39.66,False
EWG,Germany,6,momentum_rank_90,Top Relative Momentum 90,22,9,40.91,23.26,10.96,3.87,3.1,-7.37,-20.67,-39.66,False
EWG,Germany,7,momentum_rank_90,Top Relative Momentum 90,21,10,47.62,28.34,13.79,7.82,3.9,-7.18,-26.25,-39.66,False
EWG,Germany,8,momentum_rank_90,Top Relative Momentum 90,20,9,45.0,25.82,12.15,7.65,6.14,-3.66,-36.5,-44.29,False
EWG,Germany,9,momentum_rank_90,Top Relative Momentum 90,18,8,44.44,24.56,11.13,8.42,6.13,-5.42,-33.65,-44.29,False
EWG,Germany,10,momentum_rank_90,Top Relative Momentum 90,17,7,41.18,21.61,9.38,5.66,4.16,-9.51,-28.45,-44.29,False
EWG,Germany,11,momentum_rank_90,Top Relative Momentum 90,17,8,47.06,26.16,11.84,2.85,4.96,-5.32,-24.66,-44.29,False
EWG,Germany,12,momentum_rank_90,Top Relative Momentum 90,15,8,53.33,30.12,13.58,13.63,6.71,-12.2,-28.15,-44.29,False
EWG,Germany,1,momentum,Top Relative Momentum 180,39,2,5.13,1.42,0.43,1.09,0.99,-0.58,-16.35,-21.46,False
EWG,Germany,2,momentum,Top Relative Momentum 180,28,1,3.57,0.63,0.16,2.7,0.16,-2.74,-30.24,-30.14,False
EWG,Germany,3,momentum,Top Relative Momentum 180,24,5,20.83,9.24,3.64,2.18,1.97,-2.74,-18.8,-27.71,False
EWG,Germany,4,momentum,Top Relative Momentum 180,21,5,23.81,10.63,4.18,3.16,3.68,-3.15,-21.99,-35.7,False
EWG,Germany,5,momentum,Top Relative Momentum 180,20,5,25.0,11.19,4.4,5.82,5.1,-2.44,-19.76,-30.14,False
EWG,Germany,6,momentum,Top Relative Momentum 180,17,7,41.18,21.61,9.38,4.89,7.35,-3.89,-8.31,-24.04,False
EWG,Germany,7,momentum,Top Relative Momentum 180,16,8,50.0,28.0,12.65,5.88,4.82,-7.23,-21.29,-30.09,False
EWG,Germany,8,momentum,Top Relative Momentum 180,14,8,57.14,32.59,14.65,13.33,6.41,-3.99,-30.47,-37.82,False
EWG,Germany,9,momentum,Top Relative Momentum 180,14,7,50.0,26.8,11.57,12.54,7.66,-4.94,-18.14,-37.82,False
EWG,Germany,10,momentum,Top Relative Momentum 180,13,5,38.46,17.71,6.89,7.88,4.27,-14.49,-33.91,-37.82,False
EWG,Germany,11,momentum,Top Relative Momentum 180,13,7,53.85,29.14,12.55,10.56,5.87,-6.04,-46.38,-56.09,False
EWG,Germany,12,momentum,Top Relative Momentum 180,13,6,46.15,23.21,9.54,4.87,5.72,-9.85,-52.38,-58.71,False
EWG,Germany,1,momentum_rank_365,Top Relative Momentum 365,32,2,6.25,1.73,0.52,1.11,1.1,-3.68,-17.66,-17.98,False
EWG,Germany,2,momentum_rank_365,Top Relative Momentum 365,22,3,13.64,4.75,1.6,1.89,0.65,-5.09,-18.71,-23.92,False
EWG,Germany,3,momentum_rank_365,Top Relative Momentum 365,17,3,17.65,6.19,2.08,-0.79,-0.34,-5.12,-35.82,-48.12,False
EWG,Germany,4,momentum_rank_365,Top Relative Momentum 365,15,1,6.67,1.19,0.3,1.96,-0.52,-2.45,-47.09,-51.23,False
EWG,Germany,5,momentum_rank_365,Top Relative Momentum 365,13,5,38.46,17.71,6.89,5.11,1.15,-8.43,-43.85,-47.52,False
EWG,Germany,6,momentum_rank_365,Top Relative Momentum 365,12,6,50.0,25.38,10.39,7.83,6.46,1.31,-24.33,-29.7,False
EWG,Germany,7,momentum_rank_365,Top Relative Momentum 365,11,6,54.55,28.01,11.43,11.61,4.6,-2.59,-40.67,-53.83,False
EWG,Germany,8,momentum_rank_365,Top Relative Momentum 365,11,6,54.55,28.01,11.43,10.65,4.71,2.33,-51.09,-56.59,False
EWG,Germany,9,momentum_rank_365,Top Relative Momentum 365,11,5,45.45,21.27,8.22,6.31,3.77,-1.88,-38.03,-56.59,False
EWG,Germany,10,momentum_rank_365,Top Relative Momentum 365,10,5,50.0,23.66,9.1,9.89,3.27,-7.15,-50.85,-56.59,False
EWG,Germany,11,momentum_rank_365,Top Relative Momentum 365,10,5,50.0,23.66,9.1,10.47,3.66,-3.71,-58.83,-61.05,False
EWG,Germany,12,momentum_rank_365,Top Relative Momentum 365,10,6,60.0,31.27,12.69,12.89,9.56,2.34,-25.2,-56.4,False
EWG,Germany,1,momentum_composite,Composite Momentum,33,1,3.03,0.54,0.14,0.34,-0.48,-4.31,-16.35,-21.46,False
EWG,Germany,2,momentum_composite,Composite Momentum,21,1,4.76,0.85,0.22,-2.41,-3.23,-6.06,-30.24,-30.14,False
EWG,Germany,3,momentum_composite,Composite Momentum,17,2,11.76,3.29,0.99,-0.79,-1.41,-10.93,-15.23,-30.14,False
EWG,Germany,4,momentum_composite,Composite Momentum,15,1,6.67,1.19,0.3,1.13,-1.66,-6.45,-27.28,-29.97,False
EWG,Germany,5,momentum_composite,Composite Momentum,13,3,23.08,8.18,2.74,-0.76,-0.1,-4.97,-37.81,-37.71,False
EWG,Germany,6,momentum_composite,Composite Momentum,13,3,23.08,8.18,2.74,-2.77,0.23,-6.34,-28.42,-37.71,False
EWG,Germany,7,momentum_composite,Composite Momentum,12,5,41.67,19.33,7.5,-0.17,0.71,-8.89,-27.14,-37.71,False
EWG,Germany,8,momentum_composite,Composite Momentum,12,4,33.33,13.81,5.01,3.86,0.28,-9.95,-28.46,-37.71,False
EWG,Germany,9,momentum_composite,Composite Momentum,11,3,27.27,9.75,3.25,-1.14,-0.81,-8.53,-27.51,-37.71,False
EWG,Germany,10,momentum_composite,Composite Momentum,11,3,27.27,9.75,3.25,-0.45,-0.22,-10.12,-22.02,-37.71,False
EWG,Germany,11,momentum_composite,Composite Momentum,11,5,45.45,21.27,8.22,1.09,3.31,-9.72,-20.11,-37.71,False
EWG,Germany,12,momentum_composite,Composite Momentum,11,5,45.45,21.27,8.22,4.85,1.93,-13.15,-25.46,-37.71,False
EWG,Germany,1,drawdown_recovery_20,20% Drawdown Recovery,37,2,5.41,1.5,0.45,1.69,0.87,-3.38,-21.21,-22.66,False
EWG,Germany,2,drawdown_recovery_20,20% Drawdown Recovery,30,4,13.33,5.31,1.96,1.96,0.51,-1.82,-30.05,-33.89,False
EWG,Germany,3,drawdown_recovery_20,20% Drawdown Recovery,25,6,24.0,11.5,4.79,2.14,1.81,-6.27,-14.79,-34.14,False
EWG,Germany,4,drawdown_recovery_20,20% Drawdown Recovery,23,7,30.43,15.6,6.81,2.46,3.18,-3.43,-16.83,-34.14,False
EWG,Germany,5,drawdown_recovery_20,20% Drawdown Recovery,20,7,35.0,18.12,7.89,4.35,4.39,-2.08,-18.02,-34.14,False
EWG,Germany,6,drawdown_recovery_20,20% Drawdown Recovery,18,6,33.33,16.28,6.75,1.11,3.69,-5.11,-23.63,-39.66,False
EWG,Germany,7,drawdown_recovery_20,20% Drawdown Recovery,17,6,35.29,17.31,7.17,0.46,4.73,-6.37,-26.25,-39.66,False
EWG,Germany,8,drawdown_recovery_20,20% Drawdown Recovery,15,6,40.0,19.82,8.18,2.28,3.23,-7.43,-36.5,-44.29,False
EWG,Germany,9,drawdown_recovery_20,20% Drawdown Recovery,14,7,50.0,26.8,11.57,9.99,6.22,-4.27,-33.65,-44.29,False
EWG,Germany,10,drawdown_recovery_20,20% Drawdown Recovery,13,6,46.15,23.21,9.54,8.53,5.37,-1.31,-37.48,-44.29,False
EWG,Germany,11,drawdown_recovery_20,20% Drawdown Recovery,12,7,58.33,31.95,13.71,14.9,10.78,0.48,-27.52,-45.68,False
EWG,Germany,12,drawdown_recovery_20,20% Drawdown Recovery,12,7,58.33,31.95,13.71,16.42,11.85,4.5,-42.28,-45.9,False
EWG,Germany,1,drawdown_recovery,25% Drawdown Recovery,16,2,12.5,3.5,1.05,2.45,1.24,-2.39,-21.21,-22.66,False
EWG,Germany,2,drawdown_recovery,25% Drawdown Recovery,12,3,25.0,8.89,2.97,5.9,1.5,-0.47,-30.05,-33.89,False
EWG,Germany,3,drawdown_recovery,25% Drawdown Recovery,10,3,30.0,10.78,3.58,4.76,5.13,1.83,-14.79,-34.14,False
EWG,Germany,4,drawdown_recovery,25% Drawdown Recovery,9,5,55.56,26.66,10.2,10.6,7.08,-3.36,-16.83,-34.14,False
EWG,Germany,5,drawdown_recovery,25% Drawdown Recovery,8,5,62.5,30.57,11.6,11.79,8.75,2.26,-18.02,-34.14,False
EWG,Germany,6,drawdown_recovery,25% Drawdown Recovery,8,4,50.0,21.52,7.68,6.06,5.51,-1.23,-18.81,-34.14,False
EWG,Germany,7,drawdown_recovery,25% Drawdown Recovery,8,4,50.0,21.52,7.68,5.65,8.28,-1.62,-26.25,-34.14,False
EWG,Germany,8,drawdown_recovery,25% Drawdown Recovery,8,3,37.5,13.68,4.51,5.09,5.75,-13.23,-36.5,-44.29,False
EWG,Germany,9,drawdown_recovery,25% Drawdown Recovery,7,4,57.14,25.05,8.86,10.83,9.68,-9.8,-33.65,-44.29,False
EWG,Germany,10,drawdown_recovery,25% Drawdown Recovery,7,3,42.86,15.82,5.18,8.53,8.12,-12.57,-37.48,-44.29,False
EWG,Germany,11,drawdown_recovery,25% Drawdown Recovery,6,4,66.67,30.0,10.47,18.57,18.46,5.45,-24.66,-44.29,False
EWG,Germany,12,drawdown_recovery,25% Drawdown Recovery,6,5,83.33,43.65,16.02,19.84,21.1,15.87,-28.15,-44.29,False
EWG,Germany,1,drawdown_recovery_30,30% Drawdown Recovery,23,2,8.7,2.42,0.73,1.69,0.87,-3.96,-21.21,-22.66,False
EWG,Germany,2,drawdown_recovery_30,30% Drawdown Recovery,18,4,22.22,9.0,3.3,3.76,1.53,-1.25,-30.05,-33.89,False
EWG,Germany,3,drawdown_recovery_30,30% Drawdown Recovery,13,4,30.77,12.68,4.61,3.39,3.99,-6.27,-14.79,-34.14,False
EWG,Germany,4,drawdown_recovery_30,30% Drawdown Recovery,11,6,54.55,28.01,11.43,10.6,6.11,-4.83,-16.83,-34.14,False
EWG,Germany,5,drawdown_recovery_30,30% Drawdown Recovery,10,6,60.0,31.27,12.69,11.79,7.93,1.69,-18.02,-34.14,False
EWG,Germany,6,drawdown_recovery_30,30% Drawdown Recovery,10,5,50.0,23.66,9.1,8.46,7.89,0.74,-18.81,-34.14,False
EWG,Germany,7,drawdown_recovery_30,30% Drawdown Recovery,10,6,60.0,31.27,12.69,10.84,10.18,0.09,-26.25,-34.14,False
EWG,Germany,8,drawdown_recovery_30,30% Drawdown Recovery,9,4,44.44,18.88,6.78,7.9,3.68,-9.43,-36.5,-44.29,False
EWG,Germany,9,drawdown_recovery_30,30% Drawdown Recovery,8,5,62.5,30.57,11.6,12.97,7.42,-3.45,-33.65,-44.29,False
EWG,Germany,10,drawdown_recovery_30,30% Drawdown Recovery,8,4,50.0,21.52,7.68,10.41,5.27,-4.63,-37.48,-44.29,False
EWG,Germany,11,drawdown_recovery_30,30% Drawdown Recovery,8,5,62.5,30.57,11.6,15.92,12.33,-4.82,-27.52,-45.68,False
EWG,Germany,12,drawdown_recovery_30,30% Drawdown Recovery,7,5,71.43,35.89,13.45,17.5,12.05,-6.41,-42.28,-45.9,False
EWG,Germany,1,drawdown_recovery_40,40% Drawdown Recovery,13,1,7.69,1.37,0.35,-1.75,-0.51,-4.74,-21.21,-22.66,False
EWG,Germany,2,drawdown_recovery_40,40% Drawdown Recovery,9,1,11.11,1.99,0.5,3.75,0.79,-0.73,-30.05,-33.89,False
EWG,Germany,3,drawdown_recovery_40,40% Drawdown Recovery,7,2,28.57,8.22,2.43,3.39,3.97,-2.27,-14.79,-34.14,False
EWG,Germany,4,drawdown_recovery_40,40% Drawdown Recovery,7,3,42.86,15.82,5.18,4.01,2.95,-4.83,-13.91,-34.14,False
EWG,Germany,5,drawdown_recovery_40,40% Drawdown Recovery,6,3,50.0,18.76,6.09,6.33,4.9,1.69,-13.53,-34.14,False
EWG,Germany,6,drawdown_recovery_40,40% Drawdown Recovery,6,2,33.33,9.68,2.84,3.37,7.01,0.74,-6.93,-34.14,False
EWG,Germany,7,drawdown_recovery_40,40% Drawdown Recovery,6,4,66.67,30.0,10.47,10.84,13.1,3.05,-0.04,-34.14,False
EWG,Germany,8,drawdown_recovery_40,40% Drawdown Recovery,5,2,40.0,11.76,3.43,7.9,0.7,-9.43,-24.65,-34.14,False
EWG,Germany,9,drawdown_recovery_40,40% Drawdown Recovery,4,3,75.0,30.06,9.4,12.97,5.82,2.5,-22.48,-34.14,False
EWG,Germany,10,drawdown_recovery_40,40% Drawdown Recovery,4,2,50.0,15.0,4.32,7.8,-0.02,-6.88,-37.48,-42.95,False
EWG,Germany,11,drawdown_recovery_40,40% Drawdown Recovery,4,2,50.0,15.0,4.32,11.25,6.4,-4.73,-24.3,-45.68,False
EWG,Germany,12,drawdown_recovery_40,40% Drawdown Recovery,4,3,75.0,30.06,9.4,18.75,14.6,5.58,-23.67,-45.68,False
EWG,Germany,1,rsi14_recovery,RSI 14 Recovery,45,4,8.89,3.51,1.3,2.03,1.33,-2.48,-12.28,-14.41,False
EWG,Germany,2,rsi14_recovery,RSI 14 Recovery,42,6,14.29,6.72,2.81,2.49,2.19,-3.63,-23.95,-32.17,False
EWG,Germany,3,rsi14_recovery,RSI 14 Recovery,39,10,25.64,14.57,7.12,3.88,3.41,-2.83,-19.86,-32.17,False
EWG,Germany,4,rsi14_recovery,RSI 14 Recovery,35,12,34.29,20.83,10.75,5.75,4.81,-6.16,-32.29,-35.7,False
EWG,Germany,5,rsi14_recovery,RSI 14 Recovery,32,12,37.5,22.93,11.83,8.68,4.95,-7.96,-29.29,-39.66,False
EWG,Germany,6,rsi14_recovery,RSI 14 Recovery,30,12,40.0,24.59,12.69,3.86,4.69,-7.39,-20.67,-39.66,False
EWG,Germany,7,rsi14_recovery,RSI 14 Recovery,26,11,42.31,25.54,12.83,7.59,6.47,-6.53,-22.11,-39.66,False
EWG,Germany,8,rsi14_recovery,RSI 14 Recovery,24,11,45.83,27.89,14.0,8.75,8.54,-3.78,-15.36,-39.66,False
EWG,Germany,9,rsi14_recovery,RSI 14 Recovery,22,11,50.0,30.72,15.4,9.58,10.93,2.34,-15.31,-39.66,False
EWG,Germany,10,rsi14_recovery,RSI 14 Recovery,21,10,47.62,28.34,13.79,9.09,11.35,5.16,-23.86,-39.66,False
EWG,Germany,11,rsi14_recovery,RSI 14 Recovery,20,12,60.0,38.66,19.88,13.0,11.24,-0.94,-35.32,-44.94,False
EWG,Germany,12,rsi14_recovery,RSI 14 Recovery,19,8,42.11,23.14,10.5,8.36,11.12,-5.48,-30.52,-44.94,False
EWG,Germany,1,rsi28_recovery,RSI 28 Recovery,28,3,10.71,3.71,1.26,1.24,1.05,-3.11,-12.28,-14.41,False
EWG,Germany,2,rsi28_recovery,RSI 28 Recovery,28,4,14.29,5.7,2.1,0.34,2.0,-2.58,-14.63,-20.17,False
EWG,Germany,3,rsi28_recovery,RSI 28 Recovery,27,5,18.52,8.18,3.23,3.37,2.77,-6.76,-16.81,-20.17,False
EWG,Germany,4,rsi28_recovery,RSI 28 Recovery,25,7,28.0,14.28,6.24,5.14,3.4,-9.79,-24.13,-27.35,False
EWG,Germany,5,rsi28_recovery,RSI 28 Recovery,23,8,34.78,18.81,8.56,3.92,3.37,-11.14,-29.13,-36.59,False
EWG,Germany,6,rsi28_recovery,RSI 28 Recovery,22,8,36.36,19.73,8.97,1.82,4.01,-6.35,-25.32,-39.66,False
EWG,Germany,7,rsi28_recovery,RSI 28 Recovery,21,8,38.1,20.75,9.43,3.87,5.25,-5.62,-32.44,-44.59,False
EWG,Germany,8,rsi28_recovery,RSI 28 Recovery,18,6,33.33,16.28,6.75,4.1,4.95,-9.9,-27.44,-44.59,False
EWG,Germany,9,rsi28_recovery,RSI 28 Recovery,17,6,35.29,17.31,7.17,4.39,4.58,-9.37,-35.45,-44.59,False
EWG,Germany,10,rsi28_recovery,RSI 28 Recovery,17,7,41.18,21.61,9.38,8.74,9.53,-12.34,-17.59,-39.66,False
EWG,Germany,11,rsi28_recovery,RSI 28 Recovery,17,11,64.71,41.3,20.61,14.04,11.3,-2.95,-30.72,-41.8,False
EWG,Germany,12,rsi28_recovery,RSI 28 Recovery,16,9,56.25,33.18,15.54,13.02,11.97,-5.74,-28.26,-45.68,False
EWG,Germany,1,bollinger_recovery,Bollinger Recovery,33,3,9.09,3.14,1.06,2.06,1.45,-2.77,-12.28,-14.41,False
EWG,Germany,2,bollinger_recovery,Bollinger Recovery,31,6,19.35,9.19,3.84,1.09,2.33,-1.87,-23.95,-32.17,False
EWG,Germany,3,bollinger_recovery,Bollinger Recovery,31,5,16.13,7.09,2.8,3.88,2.64,-5.95,-19.86,-32.17,False
EWG,Germany,4,bollinger_recovery,Bollinger Recovery,28,8,28.57,15.25,6.96,3.03,3.6,-5.4,-24.13,-27.35,False
EWG,Germany,5,bollinger_recovery,Bollinger Recovery,27,10,37.04,21.53,10.51,7.1,5.9,-3.64,-29.13,-36.59,False
EWG,Germany,6,bollinger_recovery,Bollinger Recovery,24,10,41.67,24.47,11.93,5.3,5.36,-3.28,-37.76,-40.64,False
EWG,Germany,7,bollinger_recovery,Bollinger Recovery,22,9,40.91,23.26,10.96,7.59,7.46,-5.71,-32.44,-44.59,False
EWG,Germany,8,bollinger_recovery,Bollinger Recovery,18,10,55.56,33.72,16.36,13.73,13.54,3.17,-15.36,-32.17,False
EWG,Germany,9,bollinger_recovery,Bollinger Recovery,17,10,58.82,36.01,17.45,22.38,15.82,-2.25,-15.31,-27.35,False
EWG,Germany,10,bollinger_recovery,Bollinger Recovery,17,10,58.82,36.01,17.45,21.82,16.79,2.88,-23.86,-31.26,False
EWG,Germany,11,bollinger_recovery,Bollinger Recovery,17,11,64.71,41.3,20.61,20.96,15.95,2.58,-35.32,-44.94,False
EWG,Germany,12,bollinger_recovery,Bollinger Recovery,16,9,56.25,33.18,15.54,17.36,16.47,1.25,-30.52,-45.68,False
EWG,Germany,1,low_vol_trend,Low-Volatility Trend,91,2,2.2,0.6,0.18,1.19,1.03,-2.82,-11.23,-17.98,False
EWG,Germany,2,low_vol_trend,Low-Volatility Trend,56,6,10.71,5.0,2.1,0.66,0.91,-3.81,-22.41,-23.92,False
EWG,Germany,3,low_vol_trend,Low-Volatility Trend,45,10,22.22,12.54,6.14,2.35,1.63,-4.7,-30.72,-39.66,False
EWG,Germany,4,low_vol_trend,Low-Volatility Trend,37,8,21.62,11.39,5.21,3.65,1.74,-2.31,-29.53,-39.66,False
EWG,Germany,5,low_vol_trend,Low-Volatility Trend,33,11,33.33,19.75,9.93,3.04,2.48,-3.82,-43.21,-52.37,False
EWG,Germany,6,low_vol_trend,Low-Volatility Trend,27,8,29.63,15.85,7.23,3.71,4.58,-3.09,-30.35,-43.82,False
EWG,Germany,7,low_vol_trend,Low-Volatility Trend,27,8,29.63,15.85,7.23,3.67,2.91,-4.49,-39.06,-55.22,False
EWG,Germany,8,low_vol_trend,Low-Volatility Trend,25,7,28.0,14.28,6.24,4.73,3.4,0.25,-51.94,-55.22,False
EWG,Germany,9,low_vol_trend,Low-Volatility Trend,22,10,45.45,26.92,13.11,9.2,8.35,0.0,-34.88,-43.82,False
EWG,Germany,10,low_vol_trend,Low-Volatility Trend,19,9,47.37,27.33,12.85,9.09,5.41,-4.08,-39.01,-44.29,False
EWG,Germany,11,low_vol_trend,Low-Volatility Trend,19,10,52.63,31.71,15.4,10.4,6.26,0.26,-52.94,-58.04,False
EWG,Germany,12,low_vol_trend,Low-Volatility Trend,17,8,47.06,26.16,11.84,9.88,6.82,-0.65,-44.74,-56.09,False
EWG,Germany,1,vol_contraction_trend,Volatility Contraction Trend,58,1,1.72,0.3,0.08,0.87,0.64,-2.56,-8.9,-13.55,False
EWG,Germany,2,vol_contraction_trend,Volatility Contraction Trend,44,6,13.64,6.4,2.68,2.72,1.56,-2.4,-22.41,-22.75,False
EWG,Germany,3,vol_contraction_trend,Volatility Contraction Trend,37,10,27.03,15.4,7.53,2.45,1.56,-4.92,-30.72,-39.66,False
EWG,Germany,4,vol_contraction_trend,Volatility Contraction Trend,35,10,28.57,16.33,7.98,2.38,2.93,-4.7,-29.53,-29.72,False
EWG,Germany,5,vol_contraction_trend,Volatility Contraction Trend,32,9,28.12,15.56,7.37,6.81,3.59,-4.47,-43.21,-52.37,False
EWG,Germany,6,vol_contraction_trend,Volatility Contraction Trend,30,12,40.0,24.59,12.69,8.18,5.15,-5.8,-49.56,-55.22,False
EWG,Germany,7,vol_contraction_trend,Volatility Contraction Trend,27,10,37.04,21.53,10.51,5.14,3.93,-4.83,-39.06,-55.22,False
EWG,Germany,8,vol_contraction_trend,Volatility Contraction Trend,25,11,44.0,26.67,13.39,6.99,6.05,-0.8,-36.5,-44.29,False
EWG,Germany,9,vol_contraction_trend,Volatility Contraction Trend,23,8,34.78,18.81,8.56,6.16,6.29,-3.65,-33.65,-44.29,False
EWG,Germany,10,vol_contraction_trend,Volatility Contraction Trend,20,9,45.0,25.82,12.15,8.71,6.84,-4.26,-34.58,-37.82,False
EWG,Germany,11,vol_contraction_trend,Volatility Contraction Trend,20,12,60.0,38.66,19.88,12.2,5.73,-8.6,-31.2,-39.66,False
EWG,Germany,12,vol_contraction_trend,Volatility Contraction Trend,19,9,47.37,27.33,12.85,8.47,6.68,-11.01,-44.74,-56.09,False
EWG,Germany,1,breadth_trend,Broad-Market Trend,157,3,1.91,0.65,0.22,0.92,0.66,-2.8,-16.35,-21.46,False
EWG,Germany,2,breadth_trend,Broad-Market Trend,90,5,5.56,2.4,0.95,0.86,0.55,-3.11,-30.24,-39.29,False
EWG,Germany,3,breadth_trend,Broad-Market Trend,71,11,15.49,8.88,4.47,2.06,1.44,-3.7,-36.04,-39.29,False
EWG,Germany,4,breadth_trend,Broad-Market Trend,54,15,27.78,17.62,9.69,4.65,3.13,-2.44,-29.53,-39.29,False
EWG,Germany,5,breadth_trend,Broad-Market Trend,45,14,31.11,19.53,10.54,5.85,3.39,-0.18,-43.21,-52.37,False
EWG,Germany,6,breadth_trend,Broad-Market Trend,39,16,41.03,27.08,15.19,7.72,4.83,-5.02,-37.76,-40.64,False
EWG,Germany,7,breadth_trend,Broad-Market Trend,36,15,41.67,27.14,14.95,5.35,4.96,-4.25,-39.06,-55.22,False
EWG,Germany,8,breadth_trend,Broad-Market Trend,32,12,37.5,22.93,11.83,6.47,5.96,1.0,-51.94,-55.22,False
EWG,Germany,9,breadth_trend,Broad-Market Trend,29,14,48.28,31.39,16.95,9.14,5.85,-2.17,-59.46,-59.81,False
EWG,Germany,10,breadth_trend,Broad-Market Trend,26,13,50.0,32.06,16.93,9.85,7.4,-2.53,-35.58,-44.59,False
EWG,Germany,11,breadth_trend,Broad-Market Trend,24,13,54.17,35.07,18.52,10.96,4.46,-5.46,-42.85,-59.97,False
EWG,Germany,12,breadth_trend,Broad-Market Trend,24,11,45.83,27.89,14.0,6.79,4.53,-10.31,-42.28,-59.97,False
EWH,Hong Kong,1,buy_hold,Buy & Hold Benchmark,265,16,6.04,3.75,2.09,0.6,0.62,-3.8,-20.72,-24.02,False
EWH,Hong Kong,2,buy_hold,Buy & Hold Benchmark,139,21,15.11,10.1,6.03,1.2,0.95,-5.0,-33.48,-44.63,False
EWH,Hong Kong,3,buy_hold,Buy & Hold Benchmark,106,17,16.04,10.26,5.82,1.21,1.84,-4.82,-35.96,-45.9,False
EWH,Hong Kong,4,buy_hold,Buy & Hold Benchmark,77,18,23.38,15.33,8.84,0.41,2.28,-4.84,-33.34,-37.15,False
EWH,Hong Kong,5,buy_hold,Buy & Hold Benchmark,63,17,26.98,17.58,10.0,1.49,2.79,-4.6,-34.11,-45.9,False
EWH,Hong Kong,6,buy_hold,Buy & Hold Benchmark,53,17,32.08,21.09,12.01,4.9,3.72,-6.18,-38.06,-49.13,False
EWH,Hong Kong,7,buy_hold,Buy & Hold Benchmark,46,16,34.78,22.68,12.71,2.24,4.37,-7.02,-51.7,-57.06,False
EWH,Hong Kong,8,buy_hold,Buy & Hold Benchmark,40,15,37.5,24.22,13.34,7.73,5.44,-7.86,-45.02,-55.67,False
EWH,Hong Kong,9,buy_hold,Buy & Hold Benchmark,36,17,47.22,31.99,18.27,8.91,7.13,-8.92,-47.22,-56.05,False
EWH,Hong Kong,10,buy_hold,Buy & Hold Benchmark,33,15,45.45,29.84,16.45,8.34,7.99,-6.9,-44.74,-57.06,False
EWH,Hong Kong,11,buy_hold,Buy & Hold Benchmark,30,14,46.67,30.23,16.33,8.87,7.52,-5.58,-52.4,-57.06,False
EWH,Hong Kong,12,buy_hold,Buy & Hold Benchmark,28,14,50.0,32.63,17.63,10.35,8.03,-10.04,-56.5,-63.26,False
EWH,Hong Kong,1,trend_price_sma100,Price above SMA 100,158,10,6.33,3.47,1.7,0.65,0.9,-3.24,-13.76,-16.13,False
EWH,Hong Kong,2,trend_price_sma100,Price above SMA 100,94,10,10.64,5.88,2.88,0.77,0.41,-5.3,-26.44,-26.34,False
EWH,Hong Kong,3,trend_price_sma100,Price above SMA 100,72,15,20.83,13.05,7.17,3.4,2.27,-3.74,-29.54,-30.22,False
EWH,Hong Kong,4,trend_price_sma100,Price above SMA 100,60,15,25.0,15.78,8.67,0.85,1.09,-8.51,-33.34,-40.66,False
EWH,Hong Kong,5,trend_price_sma100,Price above SMA 100,51,16,31.37,20.33,11.38,2.91,2.99,-2.29,-44.48,-54.63,False
EWH,Hong Kong,6,trend_price_sma100,Price above SMA 100,43,17,39.53,26.37,15.03,5.21,5.66,-3.97,-42.63,-48.91,False
EWH,Hong Kong,7,trend_price_sma100,Price above SMA 100,39,12,30.77,18.57,9.58,3.84,4.44,-6.08,-37.41,-48.91,False
EWH,Hong Kong,8,trend_price_sma100,Price above SMA 100,35,10,28.57,16.33,7.98,3.86,3.54,-7.04,-45.02,-55.67,False
EWH,Hong Kong,9,trend_price_sma100,Price above SMA 100,30,12,40.0,24.59,12.69,8.63,6.97,-3.93,-24.87,-48.91,False
EWH,Hong Kong,10,trend_price_sma100,Price above SMA 100,29,13,44.83,28.41,15.01,5.57,4.93,-11.18,-38.92,-55.67,False
EWH,Hong Kong,11,trend_price_sma100,Price above SMA 100,27,14,51.85,33.99,18.36,10.85,5.52,-12.5,-29.84,-55.67,False
EWH,Hong Kong,12,trend_price_sma100,Price above SMA 100,25,13,52.0,33.5,17.69,11.31,9.29,-14.32,-22.2,-48.91,False
EWH,Hong Kong,1,trend_price_sma200,Price above SMA 200,168,11,6.55,3.7,1.86,0.65,0.65,-2.82,-29.07,-33.33,False
EWH,Hong Kong,2,trend_price_sma200,Price above SMA 200,93,10,10.75,5.95,2.91,0.78,0.19,-4.82,-27.88,-36.9,False
EWH,Hong Kong,3,trend_price_sma200,Price above SMA 200,73,11,15.07,8.63,4.34,2.94,2.55,-3.13,-30.41,-36.9,False
EWH,Hong Kong,4,trend_price_sma200,Price above SMA 200,57,16,28.07,18.08,10.12,1.4,2.2,-5.63,-30.81,-45.53,False
EWH,Hong Kong,5,trend_price_sma200,Price above SMA 200,48,13,27.08,16.57,8.75,4.68,3.18,-2.19,-28.01,-45.53,False
EWH,Hong Kong,6,trend_price_sma200,Price above SMA 200,41,14,34.15,21.56,11.64,5.21,4.77,-4.56,-32.01,-45.53,False
EWH,Hong Kong,7,trend_price_sma200,Price above SMA 200,36,12,33.33,20.21,10.43,4.03,4.04,-5.86,-37.62,-45.53,False
EWH,Hong Kong,8,trend_price_sma200,Price above SMA 200,33,11,33.33,19.75,9.93,6.25,4.6,-5.83,-49.64,-49.54,False
EWH,Hong Kong,9,trend_price_sma200,Price above SMA 200,28,12,42.86,26.51,13.67,9.7,6.54,-3.1,-47.63,-56.75,False
EWH,Hong Kong,10,trend_price_sma200,Price above SMA 200,27,13,48.15,30.74,16.24,9.24,6.04,-5.43,-55.24,-56.75,False
EWH,Hong Kong,11,trend_price_sma200,Price above SMA 200,26,12,46.15,28.76,14.83,7.37,4.77,-9.65,-58.67,-62.76,False
EWH,Hong Kong,12,trend_price_sma200,Price above SMA 200,24,13,54.17,35.07,18.52,11.07,4.52,-14.55,-54.91,-62.76,False
EWH,Hong Kong,1,trend,SMA 50/200 + Momentum,69,2,2.9,0.8,0.24,0.95,0.52,-2.12,-10.34,-13.66,False
EWH,Hong Kong,2,trend,SMA 50/200 + Momentum,45,2,4.44,1.23,0.37,3.01,1.8,-1.07,-10.36,-17.96,False
EWH,Hong Kong,3,trend,SMA 50/200 + Momentum,34,4,11.76,4.67,1.73,1.85,3.11,-1.71,-11.53,-22.22,False
EWH,Hong Kong,4,trend,SMA 50/200 + Momentum,27,7,25.93,13.17,5.76,1.65,3.23,-2.33,-11.84,-20.76,False
EWH,Hong Kong,5,trend,SMA 50/200 + Momentum,23,7,30.43,15.6,6.81,3.77,4.41,-1.59,-11.52,-21.78,False
EWH,Hong Kong,6,trend,SMA 50/200 + Momentum,21,7,33.33,17.19,7.5,5.93,6.86,0.73,-7.73,-23.58,False
EWH,Hong Kong,7,trend,SMA 50/200 + Momentum,19,7,36.84,19.15,8.34,6.83,7.2,2.06,-4.92,-23.77,False
EWH,Hong Kong,8,trend,SMA 50/200 + Momentum,16,8,50.0,28.0,12.65,9.72,10.6,6.62,-3.46,-29.05,False
EWH,Hong Kong,9,trend,SMA 50/200 + Momentum,16,7,43.75,23.1,10.01,9.77,9.45,4.63,-11.56,-29.05,False
EWH,Hong Kong,10,trend,SMA 50/200 + Momentum,15,8,53.33,30.12,13.58,10.19,9.38,4.24,-9.15,-30.36,False
EWH,Hong Kong,11,trend,SMA 50/200 + Momentum,15,7,46.67,24.81,10.74,8.06,6.92,5.16,-53.14,-61.33,False
EWH,Hong Kong,12,trend,SMA 50/200 + Momentum,13,7,53.85,29.14,12.55,10.33,8.54,1.59,-22.35,-29.59,False
EWH,Hong Kong,1,trend_sma100_200,SMA 100/200,141,6,4.26,1.96,0.83,0.62,0.32,-2.71,-29.07,-33.33,False
EWH,Hong Kong,2,trend_sma100_200,SMA 100/200,76,7,9.21,4.53,2.0,1.43,0.72,-4.48,-27.88,-36.9,False
EWH,Hong Kong,3,trend_sma100_200,SMA 100/200,61,8,13.11,6.8,3.12,2.94,2.94,-1.97,-30.41,-36.9,False
EWH,Hong Kong,4,trend_sma100_200,SMA 100/200,49,13,26.53,16.21,8.56,0.52,2.84,-3.42,-30.81,-45.53,False
EWH,Hong Kong,5,trend_sma100_200,SMA 100/200,38,11,28.95,17.0,8.55,3.69,2.6,-6.71,-28.01,-45.53,False
EWH,Hong Kong,6,trend_sma100_200,SMA 100/200,35,12,34.29,20.83,10.75,6.48,4.27,-4.81,-32.01,-45.53,False
EWH,Hong Kong,7,trend_sma100_200,SMA 100/200,31,13,41.94,26.42,13.96,6.83,3.22,-7.06,-37.62,-45.53,False
EWH,Hong Kong,8,trend_sma100_200,SMA 100/200,27,12,44.44,27.59,14.22,8.26,3.99,-3.47,-49.64,-49.54,False
EWH,Hong Kong,9,trend_sma100_200,SMA 100/200,26,11,42.31,25.54,12.83,9.77,3.37,-7.78,-47.63,-56.75,False
EWH,Hong Kong,10,trend_sma100_200,SMA 100/200,24,9,37.5,21.16,9.99,6.08,4.54,-6.75,-55.24,-56.75,False
EWH,Hong Kong,11,trend_sma100_200,SMA 100/200,22,11,50.0,30.72,15.4,9.95,5.31,-9.65,-58.67,-62.76,False
EWH,Hong Kong,12,trend_sma100_200,SMA 100/200,21,11,52.38,32.37,16.22,10.33,4.0,-15.68,-54.91,-62.76,False
EWH,Hong Kong,1,trend_ema50_200,EMA 50/200,157,7,4.46,2.18,0.96,0.54,0.06,-3.34,-29.07,-33.33,False
EWH,Hong Kong,2,trend_ema50_200,EMA 50/200,85,8,9.41,4.85,2.22,1.15,0.12,-4.82,-27.88,-36.9,False
EWH,Hong Kong,3,trend_ema50_200,EMA 50/200,67,12,17.91,10.55,5.45,1.08,1.08,-6.64,-30.41,-36.9,False
EWH,Hong Kong,4,trend_ema50_200,EMA 50/200,52,10,19.23,10.8,5.28,0.91,0.71,-4.49,-33.34,-45.53,False
EWH,Hong Kong,5,trend_ema50_200,EMA 50/200,44,13,29.55,18.16,9.59,3.39,2.29,-5.88,-44.48,-54.63,False
EWH,Hong Kong,6,trend_ema50_200,EMA 50/200,37,14,37.84,24.06,12.99,4.77,4.28,-5.14,-32.01,-45.53,False
EWH,Hong Kong,7,trend_ema50_200,EMA 50/200,35,12,34.29,20.83,10.75,5.66,2.92,-7.06,-40.78,-55.67,False
EWH,Hong Kong,8,trend_ema50_200,EMA 50/200,30,13,43.33,27.38,14.46,6.42,3.92,-6.46,-49.64,-49.54,False
EWH,Hong Kong,9,trend_ema50_200,EMA 50/200,28,12,42.86,26.51,13.67,9.31,2.65,-9.47,-47.63,-56.75,False
EWH,Hong Kong,10,trend_ema50_200,EMA 50/200,26,12,46.15,28.76,14.83,7.61,2.41,-10.93,-55.24,-60.43,False
EWH,Hong Kong,11,trend_ema50_200,EMA 50/200,25,15,60.0,40.74,22.47,12.81,5.63,-7.04,-58.67,-62.76,False
EWH,Hong Kong,12,trend_ema50_200,EMA 50/200,22,10,45.45,26.92,13.11,3.16,4.25,-10.09,-54.91,-62.76,False
EWH,Hong Kong,1,trend_ema100_200,EMA 100/200,149,5,3.36,1.44,0.57,0.62,0.1,-2.77,-29.07,-33.33,False
EWH,Hong Kong,2,trend_ema100_200,EMA 100/200,79,8,10.13,5.22,2.39,1.68,0.41,-4.41,-27.88,-36.9,False
EWH,Hong Kong,3,trend_ema100_200,EMA 100/200,62,11,17.74,10.21,5.14,1.46,1.2,-4.87,-30.41,-36.9,False
EWH,Hong Kong,4,trend_ema100_200,EMA 100/200,49,11,22.45,13.02,6.55,1.75,1.09,-3.97,-33.34,-45.53,False
EWH,Hong Kong,5,trend_ema100_200,EMA 100/200,43,14,32.56,20.49,11.06,1.53,2.57,-4.51,-32.44,-45.53,False
EWH,Hong Kong,6,trend_ema100_200,EMA 100/200,34,11,32.35,19.13,9.62,5.0,3.45,-2.45,-32.01,-45.53,False
EWH,Hong Kong,7,trend_ema100_200,EMA 100/200,33,11,33.33,19.75,9.93,6.4,3.95,0.11,-37.62,-45.53,False
EWH,Hong Kong,8,trend_ema100_200,EMA 100/200,28,11,39.29,23.57,11.84,6.45,3.94,-6.92,-49.64,-49.54,False
EWH,Hong Kong,9,trend_ema100_200,EMA 100/200,26,13,50.0,32.06,16.93,10.11,4.86,-6.73,-47.63,-56.75,False
EWH,Hong Kong,10,trend_ema100_200,EMA 100/200,24,10,41.67,24.47,11.93,6.08,2.73,-6.22,-55.24,-57.06,False
EWH,Hong Kong,11,trend_ema100_200,EMA 100/200,23,12,52.17,32.96,16.98,10.55,4.03,-7.0,-58.67,-62.76,False
EWH,Hong Kong,12,trend_ema100_200,EMA 100/200,21,9,42.86,24.47,11.53,6.16,5.08,-10.42,-54.91,-62.76,False
EWH,Hong Kong,1,trend_triple_ma,Triple Moving Average,77,4,5.19,2.04,0.76,0.39,0.6,-2.69,-12.14,-16.13,False
EWH,Hong Kong,2,trend_triple_ma,Triple Moving Average,54,3,5.56,1.91,0.65,1.78,1.08,-4.29,-14.91,-22.12,False
EWH,Hong Kong,3,trend_triple_ma,Triple Moving Average,43,7,16.28,8.12,3.57,2.84,2.65,-3.88,-18.62,-24.69,False
EWH,Hong Kong,4,trend_triple_ma,Triple Moving Average,39,9,23.08,12.65,5.99,2.26,3.13,-2.94,-18.78,-24.55,False
EWH,Hong Kong,5,trend_triple_ma,Triple Moving Average,32,11,34.38,20.41,10.26,3.24,4.54,-2.55,-16.71,-24.69,False
EWH,Hong Kong,6,trend_triple_ma,Triple Moving Average,28,8,28.57,15.25,6.96,3.19,3.54,-3.83,-24.1,-29.89,False
EWH,Hong Kong,7,trend_triple_ma,Triple Moving Average,26,10,38.46,22.43,10.94,3.89,4.54,-4.3,-22.42,-32.25,False
EWH,Hong Kong,8,trend_triple_ma,Triple Moving Average,23,9,39.13,22.16,10.45,6.45,6.92,-3.14,-21.23,-32.25,False
EWH,Hong Kong,9,trend_triple_ma,Triple Moving Average,21,10,47.62,28.34,13.79,9.97,8.45,2.69,-20.85,-32.25,False
EWH,Hong Kong,10,trend_triple_ma,Triple Moving Average,20,10,50.0,29.93,14.55,9.72,6.07,-3.87,-19.53,-32.25,False
EWH,Hong Kong,11,trend_triple_ma,Triple Moving Average,20,9,45.0,25.82,12.15,8.55,5.7,-3.63,-53.14,-61.33,False
EWH,Hong Kong,12,trend_triple_ma,Triple Moving Average,18,6,33.33,16.28,6.75,2.5,3.71,-7.89,-24.04,-32.25,False
EWH,Hong Kong,1,trend_breakout_100,100-Day Range Breakout,21,1,4.76,0.85,0.22,0.68,0.72,-2.98,-10.34,-11.87,False
EWH,Hong Kong,2,trend_breakout_100,100-Day Range Breakout,18,2,11.11,3.1,0.93,-0.88,0.07,-4.96,-12.47,-14.95,False
EWH,Hong Kong,3,trend_breakout_100,100-Day Range Breakout,18,3,16.67,5.84,1.96,0.09,1.32,-3.82,-15.89,-21.34,False
EWH,Hong Kong,4,trend_breakout_100,100-Day Range Breakout,15,3,20.0,7.05,2.36,0.68,-0.12,-9.06,-22.94,-24.58,False
EWH,Hong Kong,5,trend_breakout_100,100-Day Range Breakout,15,3,20.0,7.05,2.36,2.91,2.63,-1.38,-28.37,-29.89,False
EWH,Hong Kong,6,trend_breakout_100,100-Day Range Breakout,15,3,20.0,7.05,2.36,2.88,3.27,-5.37,-23.54,-32.25,False
EWH,Hong Kong,7,trend_breakout_100,100-Day Range Breakout,14,4,28.57,11.72,4.27,4.62,4.53,-4.21,-18.41,-32.25,False
EWH,Hong Kong,8,trend_breakout_100,100-Day Range Breakout,14,5,35.71,16.34,6.37,6.5,6.42,-3.53,-23.93,-32.25,False
EWH,Hong Kong,9,trend_breakout_100,100-Day Range Breakout,13,5,38.46,17.71,6.89,6.71,7.92,4.17,-24.55,-32.25,False
EWH,Hong Kong,10,trend_breakout_100,100-Day Range Breakout,13,5,38.46,17.71,6.89,9.19,9.14,3.72,-23.93,-32.25,False
EWH,Hong Kong,11,trend_breakout_100,100-Day Range Breakout,13,8,61.54,35.52,15.92,13.77,10.54,3.22,-29.78,-32.25,False
EWH,Hong Kong,12,trend_breakout_100,100-Day Range Breakout,13,8,61.54,35.52,15.92,14.98,8.92,-2.85,-28.85,-34.17,False
EWH,Hong Kong,1,trend_breakout_200,200-Day Range Breakout,15,0,0.0,0.0,0.0,0.68,-0.0,-2.69,-10.34,-10.24,False
EWH,Hong Kong,2,trend_breakout_200,200-Day Range Breakout,14,0,0.0,0.0,0.0,-1.88,-1.75,-7.04,-12.47,-14.95,False
EWH,Hong Kong,3,trend_breakout_200,200-Day Range Breakout,14,0,0.0,0.0,0.0,-0.35,-0.36,-2.98,-15.89,-21.34,False
EWH,Hong Kong,4,trend_breakout_200,200-Day Range Breakout,12,1,8.33,1.49,0.38,1.04,-1.82,-8.53,-22.94,-24.58,False
EWH,Hong Kong,5,trend_breakout_200,200-Day Range Breakout,12,1,8.33,1.49,0.38,1.95,-1.31,-4.7,-28.37,-29.89,False
EWH,Hong Kong,6,trend_breakout_200,200-Day Range Breakout,12,1,8.33,1.49,0.38,-3.58,-2.16,-8.16,-23.54,-32.25,False
EWH,Hong Kong,7,trend_breakout_200,200-Day Range Breakout,11,2,18.18,5.14,1.53,0.23,-0.18,-7.34,-18.41,-32.25,False
EWH,Hong Kong,8,trend_breakout_200,200-Day Range Breakout,11,2,18.18,5.14,1.53,6.45,0.7,-7.69,-23.93,-32.25,False
EWH,Hong Kong,9,trend_breakout_200,200-Day Range Breakout,10,2,20.0,5.67,1.69,4.26,2.08,-5.31,-24.55,-32.25,False
EWH,Hong Kong,10,trend_breakout_200,200-Day Range Breakout,10,2,20.0,5.67,1.69,4.6,1.93,-10.64,-23.93,-32.25,False
EWH,Hong Kong,11,trend_breakout_200,200-Day Range Breakout,10,4,40.0,16.82,6.07,2.08,2.04,-9.87,-29.78,-32.25,False
EWH,Hong Kong,12,trend_breakout_200,200-Day Range Breakout,10,4,40.0,16.82,6.07,5.99,0.8,-21.46,-28.85,-34.17,False
EWH,Hong Kong,1,momentum_90,90-Day Absolute Momentum,158,10,6.33,3.47,1.7,0.37,0.63,-3.22,-14.05,-17.78,False
EWH,Hong Kong,2,momentum_90,90-Day Absolute Momentum,94,8,8.51,4.38,2.01,0.0,-0.42,-4.74,-27.11,-33.6,False
EWH,Hong Kong,3,momentum_90,90-Day Absolute Momentum,75,10,13.33,7.41,3.63,2.59,1.51,-3.63,-23.09,-37.93,False
EWH,Hong Kong,4,momentum_90,90-Day Absolute Momentum,60,15,25.0,15.78,8.67,0.54,1.76,-4.6,-35.73,-37.93,False
EWH,Hong Kong,5,momentum_90,90-Day Absolute Momentum,51,10,19.61,11.02,5.39,2.99,1.26,-4.35,-46.66,-46.56,False
EWH,Hong Kong,6,momentum_90,90-Day Absolute Momentum,43,14,32.56,20.49,11.06,2.88,4.36,-3.41,-35.25,-46.56,False
EWH,Hong Kong,7,momentum_90,90-Day Absolute Momentum,36,10,27.78,15.85,7.75,3.53,4.03,-7.21,-28.98,-45.75,False
EWH,Hong Kong,8,momentum_90,90-Day Absolute Momentum,34,13,38.24,23.9,12.63,6.1,5.38,-4.62,-33.67,-45.75,False
EWH,Hong Kong,9,momentum_90,90-Day Absolute Momentum,30,15,50.0,33.15,18.28,10.11,6.45,-1.18,-44.74,-49.74,False
EWH,Hong Kong,10,momentum_90,90-Day Absolute Momentum,29,14,48.28,31.39,16.95,9.24,5.82,-3.01,-44.74,-56.92,False
EWH,Hong Kong,11,momentum_90,90-Day Absolute Momentum,27,13,48.15,30.74,16.24,7.82,5.05,-12.0,-53.14,-61.33,False
EWH,Hong Kong,12,momentum_90,90-Day Absolute Momentum,25,13,52.0,33.5,17.69,10.84,6.31,-10.71,-56.5,-62.9,False
EWH,Hong Kong,1,momentum_180,180-Day Absolute Momentum,168,7,4.17,2.03,0.9,0.69,0.41,-2.86,-29.07,-33.33,False
EWH,Hong Kong,2,momentum_180,180-Day Absolute Momentum,90,9,10.0,5.35,2.54,1.68,0.91,-4.45,-27.88,-36.9,False
EWH,Hong Kong,3,momentum_180,180-Day Absolute Momentum,73,8,10.96,5.66,2.59,2.01,1.82,-3.68,-30.41,-36.9,False
EWH,Hong Kong,4,momentum_180,180-Day Absolute Momentum,55,15,27.27,17.28,9.5,1.65,1.86,-4.72,-33.34,-45.53,False
EWH,Hong Kong,5,momentum_180,180-Day Absolute Momentum,46,14,30.43,19.08,10.29,3.1,2.21,-7.1,-28.37,-45.53,False
EWH,Hong Kong,6,momentum_180,180-Day Absolute Momentum,39,17,43.59,29.3,16.73,5.21,5.08,-5.37,-32.01,-45.53,False
EWH,Hong Kong,7,momentum_180,180-Day Absolute Momentum,36,11,30.56,18.0,9.06,5.27,1.82,-11.5,-51.7,-57.06,False
EWH,Hong Kong,8,momentum_180,180-Day Absolute Momentum,30,14,46.67,30.23,16.33,5.4,4.84,-3.95,-49.64,-49.54,False
EWH,Hong Kong,9,momentum_180,180-Day Absolute Momentum,29,13,44.83,28.41,15.01,9.74,3.02,-8.87,-47.63,-57.06,False
EWH,Hong Kong,10,momentum_180,180-Day Absolute Momentum,26,12,46.15,28.76,14.83,7.34,3.94,-11.11,-55.24,-56.75,False
EWH,Hong Kong,11,momentum_180,180-Day Absolute Momentum,25,11,44.0,26.67,13.39,6.92,3.76,-13.45,-58.67,-62.76,False
EWH,Hong Kong,12,momentum_180,180-Day Absolute Momentum,23,12,52.17,32.96,16.98,10.33,5.24,-7.57,-54.91,-62.76,False
EWH,Hong Kong,1,momentum_270,270-Day Absolute Momentum,163,6,3.68,1.7,0.71,0.34,0.15,-3.19,-20.55,-20.45,False
EWH,Hong Kong,2,momentum_270,270-Day Absolute Momentum,86,9,10.47,5.6,2.66,1.19,0.43,-4.8,-26.44,-33.6,False
EWH,Hong Kong,3,momentum_270,270-Day Absolute Momentum,70,5,7.14,3.09,1.23,1.32,1.12,-4.55,-22.04,-37.15,False
EWH,Hong Kong,4,momentum_270,270-Day Absolute Momentum,53,9,16.98,9.2,4.36,0.29,0.77,-4.66,-33.34,-37.15,False
EWH,Hong Kong,5,momentum_270,270-Day Absolute Momentum,44,13,29.55,18.16,9.59,3.73,2.43,-4.22,-26.43,-45.75,False
EWH,Hong Kong,6,momentum_270,270-Day Absolute Momentum,36,12,33.33,20.21,10.43,5.0,3.24,-7.57,-25.57,-45.75,False
EWH,Hong Kong,7,momentum_270,270-Day Absolute Momentum,34,12,35.29,21.49,11.09,5.44,3.26,-5.1,-28.98,-45.75,False
EWH,Hong Kong,8,momentum_270,270-Day Absolute Momentum,29,11,37.93,22.69,11.4,2.5,3.86,-7.13,-33.67,-45.75,False
EWH,Hong Kong,9,momentum_270,270-Day Absolute Momentum,29,8,27.59,14.7,6.71,4.5,1.66,-2.55,-44.74,-50.61,False
EWH,Hong Kong,10,momentum_270,270-Day Absolute Momentum,25,13,52.0,33.5,17.69,10.26,3.15,-4.23,-49.19,-57.06,False
EWH,Hong Kong,11,momentum_270,270-Day Absolute Momentum,23,12,52.17,32.96,16.98,10.25,4.18,-2.9,-52.4,-56.92,False
EWH,Hong Kong,12,momentum_270,270-Day Absolute Momentum,21,9,42.86,24.47,11.53,7.14,2.69,-14.32,-56.5,-62.9,False
EWH,Hong Kong,1,momentum_365,365-Day Absolute Momentum,165,5,3.03,1.3,0.52,0.62,0.16,-3.26,-20.55,-21.11,False
EWH,Hong Kong,2,momentum_365,365-Day Absolute Momentum,87,7,8.05,3.95,1.74,1.67,0.49,-4.08,-33.48,-44.63,False
EWH,Hong Kong,3,momentum_365,365-Day Absolute Momentum,69,10,14.49,8.07,3.95,2.75,1.14,-3.09,-35.96,-45.9,False
EWH,Hong Kong,4,momentum_365,365-Day Absolute Momentum,52,12,23.08,13.72,7.08,0.41,1.38,-4.78,-33.34,-37.15,False
EWH,Hong Kong,5,momentum_365,365-Day Absolute Momentum,44,14,31.82,20.0,10.79,2.65,2.36,-4.07,-34.11,-45.9,False
EWH,Hong Kong,6,momentum_365,365-Day Absolute Momentum,37,10,27.03,15.4,7.53,4.8,1.4,-6.47,-38.06,-49.13,False
EWH,Hong Kong,7,momentum_365,365-Day Absolute Momentum,33,10,30.3,17.38,8.49,5.66,1.43,-10.89,-28.98,-45.9,False
EWH,Hong Kong,8,momentum_365,365-Day Absolute Momentum,29,8,27.59,14.7,6.71,0.17,2.34,-6.39,-33.67,-45.9,False
EWH,Hong Kong,9,momentum_365,365-Day Absolute Momentum,26,9,34.62,19.41,9.17,4.92,1.46,-9.65,-44.74,-50.61,False
EWH,Hong Kong,10,momentum_365,365-Day Absolute Momentum,25,12,48.0,30.03,15.48,9.68,2.77,-11.18,-49.19,-57.06,False
EWH,Hong Kong,11,momentum_365,365-Day Absolute Momentum,24,11,45.83,27.89,14.0,7.22,3.92,-7.33,-52.4,-56.92,False
EWH,Hong Kong,12,momentum_365,365-Day Absolute Momentum,21,10,47.62,28.34,13.79,2.96,5.29,-4.1,-56.5,-62.9,False
EWH,Hong Kong,1,momentum_dual_90_180,Dual Momentum 90/180,134,6,4.48,2.07,0.87,0.5,0.31,-3.03,-29.07,-33.33,False
EWH,Hong Kong,2,momentum_dual_90_180,Dual Momentum 90/180,79,5,6.33,2.73,1.09,0.78,0.08,-4.24,-27.88,-36.9,False
EWH,Hong Kong,3,momentum_dual_90_180,Dual Momentum 90/180,64,8,12.5,6.47,2.97,3.68,1.76,-3.36,-30.41,-36.9,False
EWH,Hong Kong,4,momentum_dual_90_180,Dual Momentum 90/180,51,12,23.53,14.0,7.23,1.16,2.26,-3.57,-30.81,-45.53,False
EWH,Hong Kong,5,momentum_dual_90_180,Dual Momentum 90/180,43,12,27.91,16.75,8.64,3.26,2.31,-8.46,-28.37,-45.53,False
EWH,Hong Kong,6,momentum_dual_90_180,Dual Momentum 90/180,36,15,41.67,27.14,14.95,6.85,3.98,-6.0,-32.01,-45.53,False
EWH,Hong Kong,7,momentum_dual_90_180,Dual Momentum 90/180,31,10,32.26,18.57,9.07,5.64,4.65,-6.2,-37.62,-45.53,False
EWH,Hong Kong,8,momentum_dual_90_180,Dual Momentum 90/180,29,13,44.83,28.41,15.01,5.76,3.61,-6.67,-49.64,-49.54,False
EWH,Hong Kong,9,momentum_dual_90_180,Dual Momentum 90/180,27,14,51.85,33.99,18.36,11.08,5.29,-7.99,-47.63,-56.75,False
EWH,Hong Kong,10,momentum_dual_90_180,Dual Momentum 90/180,25,12,48.0,30.03,15.48,8.34,4.93,-9.5,-55.24,-56.75,False
EWH,Hong Kong,11,momentum_dual_90_180,Dual Momentum 90/180,23,10,43.48,25.63,12.49,6.92,4.72,-9.63,-58.67,-62.76,False
EWH,Hong Kong,12,momentum_dual_90_180,Dual Momentum 90/180,22,10,45.45,26.92,13.11,8.08,4.28,-10.51,-54.91,-62.76,False
EWH,Hong Kong,1,momentum_dual_180_365,Dual Momentum 180/365,137,3,2.19,0.75,0.25,0.71,0.24,-2.12,-29.07,-33.33,False
EWH,Hong Kong,2,momentum_dual_180_365,Dual Momentum 180/365,72,5,6.94,3.0,1.19,1.19,0.7,-3.24,-27.88,-36.9,False
EWH,Hong Kong,3,momentum_dual_180_365,Dual Momentum 180/365,58,7,12.07,5.97,2.63,1.85,1.28,-3.12,-30.41,-36.9,False
EWH,Hong Kong,4,momentum_dual_180_365,Dual Momentum 180/365,46,11,23.91,13.91,7.0,1.63,1.2,-4.69,-33.34,-45.53,False
EWH,Hong Kong,5,momentum_dual_180_365,Dual Momentum 180/365,39,12,30.77,18.57,9.58,3.77,3.36,-2.47,-28.01,-45.53,False
EWH,Hong Kong,6,momentum_dual_180_365,Dual Momentum 180/365,32,9,28.12,15.56,7.37,4.85,2.21,-5.79,-32.01,-45.53,False
EWH,Hong Kong,7,momentum_dual_180_365,Dual Momentum 180/365,29,10,34.48,19.94,9.74,5.91,3.08,-4.92,-37.62,-45.53,False
EWH,Hong Kong,8,momentum_dual_180_365,Dual Momentum 180/365,26,10,38.46,22.43,10.94,3.88,3.59,-2.88,-49.64,-49.54,False
EWH,Hong Kong,9,momentum_dual_180_365,Dual Momentum 180/365,23,9,39.13,22.16,10.45,7.13,3.48,-7.9,-47.63,-56.75,False
EWH,Hong Kong,10,momentum_dual_180_365,Dual Momentum 180/365,21,9,42.86,24.47,11.53,9.19,3.18,-8.49,-55.24,-57.06,False
EWH,Hong Kong,11,momentum_dual_180_365,Dual Momentum 180/365,21,10,47.62,28.34,13.79,6.92,4.11,-5.83,-58.67,-62.76,False
EWH,Hong Kong,12,momentum_dual_180_365,Dual Momentum 180/365,20,10,50.0,29.93,14.55,7.14,5.45,-4.91,-54.91,-62.76,False
EWH,Hong Kong,1,momentum_rank_90,Top Relative Momentum 90,49,2,4.08,1.13,0.34,-1.59,-1.86,-4.32,-15.39,-20.13,False
EWH,Hong Kong,2,momentum_rank_90,Top Relative Momentum 90,38,3,7.89,2.72,0.92,-0.61,-0.27,-5.3,-14.91,-22.12,False
EWH,Hong Kong,3,momentum_rank_90,Top Relative Momentum 90,31,5,16.13,7.09,2.8,0.69,0.12,-5.07,-18.62,-24.69,False
EWH,Hong Kong,4,momentum_rank_90,Top Relative Momentum 90,24,6,25.0,12.0,5.0,0.31,0.79,-4.15,-18.78,-24.55,False
EWH,Hong Kong,5,momentum_rank_90,Top Relative Momentum 90,24,5,20.83,9.24,3.64,2.16,1.29,-5.75,-15.91,-22.58,False
EWH,Hong Kong,6,momentum_rank_90,Top Relative Momentum 90,22,5,22.73,10.12,3.98,2.04,4.46,0.13,-12.89,-23.14,False
EWH,Hong Kong,7,momentum_rank_90,Top Relative Momentum 90,21,5,23.81,10.63,4.18,3.46,3.83,0.23,-22.42,-29.05,False
EWH,Hong Kong,8,momentum_rank_90,Top Relative Momentum 90,21,8,38.1,20.75,9.43,8.01,6.07,1.78,-21.23,-29.05,False
EWH,Hong Kong,9,momentum_rank_90,Top Relative Momentum 90,19,8,42.11,23.14,10.5,8.14,5.69,2.6,-20.86,-29.05,False
EWH,Hong Kong,10,momentum_rank_90,Top Relative Momentum 90,19,6,31.58,15.36,6.38,4.48,3.98,-5.11,-25.47,-30.36,False
EWH,Hong Kong,11,momentum_rank_90,Top Relative Momentum 90,17,8,47.06,26.16,11.84,6.52,5.57,-2.26,-26.66,-32.25,False
EWH,Hong Kong,12,momentum_rank_90,Top Relative Momentum 90,17,7,41.18,21.61,9.38,6.16,5.28,-2.85,-32.0,-34.73,False
EWH,Hong Kong,1,momentum,Top Relative Momentum 180,36,3,8.33,2.87,0.97,-0.78,1.27,-2.32,-10.34,-14.56,False
EWH,Hong Kong,2,momentum,Top Relative Momentum 180,26,3,11.54,4.0,1.35,1.23,0.53,-4.23,-14.75,-20.33,False
EWH,Hong Kong,3,momentum,Top Relative Momentum 180,20,4,20.0,8.07,2.96,-0.8,2.84,-2.78,-17.61,-23.43,False
EWH,Hong Kong,4,momentum,Top Relative Momentum 180,18,3,16.67,5.84,1.96,0.98,1.52,-4.2,-18.78,-24.55,False
EWH,Hong Kong,5,momentum,Top Relative Momentum 180,15,4,26.67,10.9,3.98,4.61,5.16,-3.94,-17.19,-28.43,False
EWH,Hong Kong,6,momentum,Top Relative Momentum 180,15,4,26.67,10.9,3.98,1.44,4.84,-4.73,-11.24,-28.43,False
EWH,Hong Kong,7,momentum,Top Relative Momentum 180,14,5,35.71,16.34,6.37,5.22,5.78,-5.29,-15.37,-28.43,False
EWH,Hong Kong,8,momentum,Top Relative Momentum 180,14,4,28.57,11.72,4.27,4.17,5.45,-3.68,-26.94,-29.75,False
EWH,Hong Kong,9,momentum,Top Relative Momentum 180,13,5,38.46,17.71,6.89,6.12,7.56,2.28,-24.87,-31.65,False
EWH,Hong Kong,10,momentum,Top Relative Momentum 180,13,7,53.85,29.14,12.55,10.19,8.62,-3.01,-29.37,-34.15,False
EWH,Hong Kong,11,momentum,Top Relative Momentum 180,11,5,45.45,21.27,8.22,8.06,9.61,1.2,-40.03,-46.42,False
EWH,Hong Kong,12,momentum,Top Relative Momentum 180,11,6,54.55,28.01,11.43,10.95,5.98,-10.59,-53.25,-62.39,False
EWH,Hong Kong,1,momentum_rank_365,Top Relative Momentum 365,44,1,2.27,0.4,0.1,-0.81,-0.57,-3.32,-20.13,-21.11,False
EWH,Hong Kong,2,momentum_rank_365,Top Relative Momentum 365,29,2,6.9,1.91,0.58,0.15,-1.09,-5.3,-33.48,-44.63,False
EWH,Hong Kong,3,momentum_rank_365,Top Relative Momentum 365,25,2,8.0,2.22,0.67,-0.4,-1.52,-6.34,-35.96,-45.9,False
EWH,Hong Kong,4,momentum_rank_365,Top Relative Momentum 365,21,5,23.81,10.63,4.18,-3.24,-1.91,-13.77,-29.04,-45.9,False
EWH,Hong Kong,5,momentum_rank_365,Top Relative Momentum 365,18,5,27.78,12.5,4.9,1.34,-1.22,-11.29,-32.44,-37.39,False
EWH,Hong Kong,6,momentum_rank_365,Top Relative Momentum 365,15,4,26.67,10.9,3.98,4.9,-1.55,-9.38,-37.14,-45.9,False
EWH,Hong Kong,7,momentum_rank_365,Top Relative Momentum 365,14,2,14.29,4.01,1.2,3.97,-2.22,-12.56,-26.8,-45.9,False
EWH,Hong Kong,8,momentum_rank_365,Top Relative Momentum 365,14,1,7.14,1.27,0.32,-2.38,-3.88,-13.13,-26.94,-45.9,False
EWH,Hong Kong,9,momentum_rank_365,Top Relative Momentum 365,13,2,15.38,4.33,1.29,2.19,-0.05,-6.26,-24.87,-45.9,False
EWH,Hong Kong,10,momentum_rank_365,Top Relative Momentum 365,11,4,36.36,15.17,5.49,6.71,2.63,-4.14,-29.37,-45.9,False
EWH,Hong Kong,11,momentum_rank_365,Top Relative Momentum 365,10,4,40.0,16.82,6.07,7.53,1.71,0.03,-40.03,-46.42,False
EWH,Hong Kong,12,momentum_rank_365,Top Relative Momentum 365,9,5,55.56,26.66,10.2,11.89,0.59,-3.32,-53.25,-62.39,False
EWH,Hong Kong,1,momentum_composite,Composite Momentum,43,2,4.65,1.28,0.39,-0.5,-0.12,-2.17,-14.05,-17.78,False
EWH,Hong Kong,2,momentum_composite,Composite Momentum,30,1,3.33,0.59,0.15,0.64,-0.6,-5.46,-14.91,-22.12,False
EWH,Hong Kong,3,momentum_composite,Composite Momentum,26,2,7.69,2.14,0.64,-0.28,-0.53,-4.59,-18.62,-24.69,False
EWH,Hong Kong,4,momentum_composite,Composite Momentum,20,3,15.0,5.24,1.76,-0.69,0.03,-5.2,-18.78,-24.55,False
EWH,Hong Kong,5,momentum_composite,Composite Momentum,19,3,15.79,5.52,1.86,1.53,1.11,-5.35,-11.73,-22.58,False
EWH,Hong Kong,6,momentum_composite,Composite Momentum,17,4,23.53,9.55,3.5,2.85,3.09,-2.78,-12.89,-29.05,False
EWH,Hong Kong,7,momentum_composite,Composite Momentum,14,3,21.43,7.57,2.54,3.41,2.28,-4.5,-22.42,-29.05,False
EWH,Hong Kong,8,momentum_composite,Composite Momentum,13,3,23.08,8.18,2.74,6.01,2.15,-6.67,-21.23,-29.05,False
EWH,Hong Kong,9,momentum_composite,Composite Momentum,13,4,30.77,12.68,4.61,6.12,1.41,-8.12,-20.86,-29.05,False
EWH,Hong Kong,10,momentum_composite,Composite Momentum,13,5,38.46,17.71,6.89,1.47,1.58,-7.2,-25.47,-32.25,False
EWH,Hong Kong,11,momentum_composite,Composite Momentum,13,3,23.08,8.18,2.74,0.74,-0.53,-7.5,-26.66,-34.73,False
EWH,Hong Kong,12,momentum_composite,Composite Momentum,13,4,30.77,12.68,4.61,1.59,-0.04,-2.11,-36.48,-46.88,False
EWH,Hong Kong,1,drawdown_recovery_20,20% Drawdown Recovery,39,5,12.82,5.6,2.22,0.77,2.2,-4.54,-13.76,-15.26,False
EWH,Hong Kong,2,drawdown_recovery_20,20% Drawdown Recovery,31,5,16.13,7.09,2.8,2.79,2.57,-6.52,-17.7,-17.6,False
EWH,Hong Kong,3,drawdown_recovery_20,20% Drawdown Recovery,26,9,34.62,19.41,9.17,4.6,4.43,-3.53,-29.54,-30.22,False
EWH,Hong Kong,4,drawdown_recovery_20,20% Drawdown Recovery,23,10,43.48,25.63,12.49,8.21,5.22,-3.36,-27.32,-40.66,False
EWH,Hong Kong,5,drawdown_recovery_20,20% Drawdown Recovery,19,10,52.63,31.71,15.4,10.7,7.52,0.45,-37.88,-40.66,False
EWH,Hong Kong,6,drawdown_recovery_20,20% Drawdown Recovery,18,7,38.89,20.3,8.83,7.07,4.44,-2.54,-46.73,-56.05,False
EWH,Hong Kong,7,drawdown_recovery_20,20% Drawdown Recovery,18,9,50.0,29.03,13.64,9.81,9.07,0.14,-51.7,-57.06,False
EWH,Hong Kong,8,drawdown_recovery_20,20% Drawdown Recovery,14,7,50.0,26.8,11.57,9.47,9.53,-3.8,-45.08,-57.06,False
EWH,Hong Kong,9,drawdown_recovery_20,20% Drawdown Recovery,14,7,50.0,26.8,11.57,11.61,9.67,-10.0,-46.94,-57.06,False
EWH,Hong Kong,10,drawdown_recovery_20,20% Drawdown Recovery,14,8,57.14,32.59,14.65,12.17,8.97,-12.97,-51.82,-57.06,False
EWH,Hong Kong,11,drawdown_recovery_20,20% Drawdown Recovery,14,9,64.29,38.76,18.06,16.94,11.18,-12.14,-45.03,-57.06,False
EWH,Hong Kong,12,drawdown_recovery_20,20% Drawdown Recovery,14,9,64.29,38.76,18.06,19.42,10.64,-12.42,-36.54,-57.06,False
EWH,Hong Kong,1,drawdown_recovery,25% Drawdown Recovery,19,2,10.53,2.94,0.88,-3.58,0.6,-6.46,-10.34,-13.83,False
EWH,Hong Kong,2,drawdown_recovery,25% Drawdown Recovery,17,3,17.65,6.19,2.08,-4.34,-1.69,-9.64,-17.7,-17.6,False
EWH,Hong Kong,3,drawdown_recovery,25% Drawdown Recovery,17,3,17.65,6.19,2.08,2.39,0.93,-10.33,-29.54,-30.22,False
EWH,Hong Kong,4,drawdown_recovery,25% Drawdown Recovery,13,4,30.77,12.68,4.61,4.09,2.48,-9.96,-27.32,-40.66,False
EWH,Hong Kong,5,drawdown_recovery,25% Drawdown Recovery,13,4,30.77,12.68,4.61,2.79,1.01,-5.73,-37.88,-40.66,False
EWH,Hong Kong,6,drawdown_recovery,25% Drawdown Recovery,13,6,46.15,23.21,9.54,6.41,1.09,-2.78,-46.73,-56.05,False
EWH,Hong Kong,7,drawdown_recovery,25% Drawdown Recovery,13,4,30.77,12.68,4.61,2.48,1.03,-1.3,-51.7,-57.06,False
EWH,Hong Kong,8,drawdown_recovery,25% Drawdown Recovery,11,4,36.36,15.17,5.49,1.92,2.94,-9.65,-45.08,-57.06,False
EWH,Hong Kong,9,drawdown_recovery,25% Drawdown Recovery,11,4,36.36,15.17,5.49,3.86,3.73,-11.8,-46.94,-57.06,False
EWH,Hong Kong,10,drawdown_recovery,25% Drawdown Recovery,11,5,45.45,21.27,8.22,2.35,1.19,-16.79,-51.82,-57.06,False
EWH,Hong Kong,11,drawdown_recovery,25% Drawdown Recovery,10,6,60.0,31.27,12.69,12.49,5.55,-17.17,-45.03,-57.06,False
EWH,Hong Kong,12,drawdown_recovery,25% Drawdown Recovery,10,6,60.0,31.27,12.69,19.42,7.43,-17.97,-36.54,-57.06,False
EWH,Hong Kong,1,drawdown_recovery_30,30% Drawdown Recovery,21,5,23.81,10.63,4.18,-0.44,3.76,-6.47,-10.34,-13.83,False
EWH,Hong Kong,2,drawdown_recovery_30,30% Drawdown Recovery,17,4,23.53,9.55,3.5,-0.37,4.04,-6.64,-13.43,-17.2,False
EWH,Hong Kong,3,drawdown_recovery_30,30% Drawdown Recovery,14,4,28.57,11.72,4.27,3.97,6.22,-2.78,-29.54,-30.22,False
EWH,Hong Kong,4,drawdown_recovery_30,30% Drawdown Recovery,11,6,54.55,28.01,11.43,12.49,8.72,4.01,-27.32,-40.66,False
EWH,Hong Kong,5,drawdown_recovery_30,30% Drawdown Recovery,10,7,70.0,39.68,16.82,15.45,13.04,9.14,-37.88,-40.66,False
EWH,Hong Kong,6,drawdown_recovery_30,30% Drawdown Recovery,10,4,40.0,16.82,6.07,7.07,8.4,-1.76,-42.63,-48.91,False
EWH,Hong Kong,7,drawdown_recovery_30,30% Drawdown Recovery,10,5,50.0,23.66,9.1,10.26,17.14,0.79,-37.41,-48.91,False
EWH,Hong Kong,8,drawdown_recovery_30,30% Drawdown Recovery,8,4,50.0,21.52,7.68,12.57,14.32,-3.6,-10.34,-48.91,False
EWH,Hong Kong,9,drawdown_recovery_30,30% Drawdown Recovery,8,4,50.0,21.52,7.68,18.13,15.5,-7.69,-12.45,-48.91,False
EWH,Hong Kong,10,drawdown_recovery_30,30% Drawdown Recovery,8,4,50.0,21.52,7.68,16.97,13.97,-13.5,-19.73,-48.91,False
EWH,Hong Kong,11,drawdown_recovery_30,30% Drawdown Recovery,8,5,62.5,30.57,11.6,21.68,15.62,-10.41,-17.96,-48.91,False
EWH,Hong Kong,12,drawdown_recovery_30,30% Drawdown Recovery,8,5,62.5,30.57,11.6,26.13,17.98,-8.25,-19.13,-48.91,False
EWH,Hong Kong,1,drawdown_recovery_40,40% Drawdown Recovery,16,5,31.25,14.16,5.54,-0.6,5.04,-7.26,-10.34,-13.83,False
EWH,Hong Kong,2,drawdown_recovery_40,40% Drawdown Recovery,12,4,33.33,13.81,5.01,-2.35,5.49,-6.51,-13.43,-17.2,False
EWH,Hong Kong,3,drawdown_recovery_40,40% Drawdown Recovery,9,3,33.33,12.06,3.99,3.34,7.93,-1.49,-29.54,-30.22,False
EWH,Hong Kong,4,drawdown_recovery_40,40% Drawdown Recovery,7,3,42.86,15.82,5.18,4.78,8.02,4.01,-27.32,-40.66,False
EWH,Hong Kong,5,drawdown_recovery_40,40% Drawdown Recovery,7,5,71.43,35.89,13.45,16.33,11.17,8.33,-37.88,-40.66,False
EWH,Hong Kong,6,drawdown_recovery_40,40% Drawdown Recovery,7,3,42.86,15.82,5.18,-1.61,5.38,-2.29,-42.63,-48.91,False
EWH,Hong Kong,7,drawdown_recovery_40,40% Drawdown Recovery,7,3,42.86,15.82,5.18,8.21,16.53,-0.53,-37.41,-48.91,False
EWH,Hong Kong,8,drawdown_recovery_40,40% Drawdown Recovery,5,2,40.0,11.76,3.43,-1.81,9.77,-8.97,-10.34,-48.91,False
EWH,Hong Kong,9,drawdown_recovery_40,40% Drawdown Recovery,5,2,40.0,11.76,3.43,-6.53,8.23,-11.15,-12.45,-48.91,False
EWH,Hong Kong,10,drawdown_recovery_40,40% Drawdown Recovery,5,2,40.0,11.76,3.43,-13.38,7.06,-13.85,-19.73,-48.91,False
EWH,Hong Kong,11,drawdown_recovery_40,40% Drawdown Recovery,5,2,40.0,11.76,3.43,-8.95,9.55,-14.81,-17.96,-48.91,False
EWH,Hong Kong,12,drawdown_recovery_40,40% Drawdown Recovery,5,2,40.0,11.76,3.43,-6.17,11.15,-14.5,-19.13,-48.91,False
EWH,Hong Kong,1,rsi14_recovery,RSI 14 Recovery,55,4,7.27,2.86,1.06,0.8,1.39,-2.88,-10.5,-15.49,False
EWH,Hong Kong,2,rsi14_recovery,RSI 14 Recovery,45,5,11.11,4.84,1.92,1.68,0.83,-4.39,-26.44,-26.34,False
EWH,Hong Kong,3,rsi14_recovery,RSI 14 Recovery,41,11,26.83,15.69,7.9,4.48,3.62,-2.23,-14.92,-26.71,False
EWH,Hong Kong,4,rsi14_recovery,RSI 14 Recovery,38,11,28.95,17.0,8.55,2.48,3.99,-3.94,-15.7,-26.71,False
EWH,Hong Kong,5,rsi14_recovery,RSI 14 Recovery,33,12,36.36,22.19,11.45,5.19,4.82,-4.0,-26.09,-27.48,False
EWH,Hong Kong,6,rsi14_recovery,RSI 14 Recovery,29,11,37.93,22.69,11.4,1.33,4.15,-5.61,-26.13,-27.95,False
EWH,Hong Kong,7,rsi14_recovery,RSI 14 Recovery,28,11,39.29,23.57,11.84,7.07,6.29,-2.5,-33.19,-40.04,False
EWH,Hong Kong,8,rsi14_recovery,RSI 14 Recovery,24,8,33.33,17.97,8.18,8.13,6.08,-1.96,-29.78,-40.04,False
EWH,Hong Kong,9,rsi14_recovery,RSI 14 Recovery,23,10,43.48,25.63,12.49,8.34,8.27,-3.99,-22.6,-40.04,False
EWH,Hong Kong,10,rsi14_recovery,RSI 14 Recovery,22,12,54.55,34.66,17.85,10.27,8.73,-3.23,-19.26,-40.04,False
EWH,Hong Kong,11,rsi14_recovery,RSI 14 Recovery,20,11,55.0,34.21,17.13,11.9,10.42,-5.25,-23.01,-40.04,False
EWH,Hong Kong,12,rsi14_recovery,RSI 14 Recovery,18,11,61.11,38.62,19.3,12.92,11.75,1.46,-30.54,-40.04,False
EWH,Hong Kong,1,rsi28_recovery,RSI 28 Recovery,33,2,6.06,1.68,0.51,0.8,1.16,-3.27,-11.24,-11.6,False
EWH,Hong Kong,2,rsi28_recovery,RSI 28 Recovery,30,4,13.33,5.31,1.96,1.88,1.94,-2.91,-13.43,-17.35,False
EWH,Hong Kong,3,rsi28_recovery,RSI 28 Recovery,29,9,31.03,17.28,8.17,4.6,3.68,-2.41,-29.54,-30.22,False
EWH,Hong Kong,4,rsi28_recovery,RSI 28 Recovery,26,11,42.31,25.54,12.83,8.76,5.89,-0.34,-27.32,-40.66,False
EWH,Hong Kong,5,rsi28_recovery,RSI 28 Recovery,24,10,41.67,24.47,11.93,8.86,5.79,0.23,-37.88,-40.66,False
EWH,Hong Kong,6,rsi28_recovery,RSI 28 Recovery,24,11,45.83,27.89,14.0,7.11,5.38,-5.85,-42.63,-48.91,False
EWH,Hong Kong,7,rsi28_recovery,RSI 28 Recovery,23,11,47.83,29.24,14.67,7.58,6.76,-2.4,-37.41,-48.91,False
EWH,Hong Kong,8,rsi28_recovery,RSI 28 Recovery,20,6,30.0,14.55,6.04,5.21,7.07,-1.61,-15.35,-48.91,False
EWH,Hong Kong,9,rsi28_recovery,RSI 28 Recovery,17,8,47.06,26.16,11.84,9.67,9.4,-1.9,-15.11,-48.91,False
EWH,Hong Kong,10,rsi28_recovery,RSI 28 Recovery,17,9,52.94,30.96,14.52,10.26,8.99,-5.83,-16.3,-48.91,False
EWH,Hong Kong,11,rsi28_recovery,RSI 28 Recovery,16,10,62.5,38.64,18.69,14.2,10.04,-6.63,-23.01,-48.91,False
EWH,Hong Kong,12,rsi28_recovery,RSI 28 Recovery,16,10,62.5,38.64,18.69,18.44,11.79,-4.46,-30.54,-48.91,False
EWH,Hong Kong,1,bollinger_recovery,Bollinger Recovery,31,3,9.68,3.35,1.13,0.8,2.08,-3.64,-11.24,-13.86,False
EWH,Hong Kong,2,bollinger_recovery,Bollinger Recovery,31,5,16.13,7.09,2.8,1.68,3.22,-2.68,-26.44,-26.34,False
EWH,Hong Kong,3,bollinger_recovery,Bollinger Recovery,30,7,23.33,11.79,5.17,2.85,3.21,-3.56,-29.54,-30.22,False
EWH,Hong Kong,4,bollinger_recovery,Bollinger Recovery,25,8,32.0,17.2,7.84,3.15,4.52,-4.1,-27.32,-40.66,False
EWH,Hong Kong,5,bollinger_recovery,Bollinger Recovery,24,9,37.5,21.16,9.99,8.7,5.15,-5.4,-37.88,-40.66,False
EWH,Hong Kong,6,bollinger_recovery,Bollinger Recovery,24,11,45.83,27.89,14.0,8.19,7.22,-6.03,-42.63,-48.91,False
EWH,Hong Kong,7,bollinger_recovery,Bollinger Recovery,22,13,59.09,38.73,20.44,12.68,12.53,0.37,-37.41,-48.91,False
EWH,Hong Kong,8,bollinger_recovery,Bollinger Recovery,18,7,38.89,20.3,8.83,6.41,9.64,-1.07,-15.35,-48.91,False
EWH,Hong Kong,9,bollinger_recovery,Bollinger Recovery,18,8,44.44,24.56,11.13,8.05,8.25,-5.46,-17.53,-48.91,False
EWH,Hong Kong,10,bollinger_recovery,Bollinger Recovery,18,9,50.0,29.03,13.64,8.5,8.35,-11.71,-16.58,-48.91,False
EWH,Hong Kong,11,bollinger_recovery,Bollinger Recovery,18,9,50.0,29.03,13.64,9.95,9.05,-11.5,-23.01,-48.91,False
EWH,Hong Kong,12,bollinger_recovery,Bollinger Recovery,17,8,47.06,26.16,11.84,3.73,8.95,-8.44,-30.54,-48.91,False
EWH,Hong Kong,1,low_vol_trend,Low-Volatility Trend,91,3,3.3,1.13,0.38,0.62,0.66,-1.79,-10.34,-13.86,False
EWH,Hong Kong,2,low_vol_trend,Low-Volatility Trend,53,5,9.43,4.1,1.63,1.68,0.8,-4.48,-26.44,-26.34,False
EWH,Hong Kong,3,low_vol_trend,Low-Volatility Trend,42,6,14.29,6.72,2.81,3.78,3.83,-1.73,-17.61,-23.43,False
EWH,Hong Kong,4,low_vol_trend,Low-Volatility Trend,33,10,30.3,17.38,8.49,1.65,4.13,-0.56,-26.7,-27.1,False
EWH,Hong Kong,5,low_vol_trend,Low-Volatility Trend,29,10,34.48,19.94,9.74,5.2,4.66,-1.01,-27.38,-27.43,False
EWH,Hong Kong,6,low_vol_trend,Low-Volatility Trend,24,9,37.5,21.16,9.99,7.11,6.55,-1.55,-18.18,-23.43,False
EWH,Hong Kong,7,low_vol_trend,Low-Volatility Trend,23,9,39.13,22.16,10.45,6.88,5.64,-4.94,-20.36,-28.32,False
EWH,Hong Kong,8,low_vol_trend,Low-Volatility Trend,19,7,36.84,19.15,8.34,6.39,7.09,1.51,-15.34,-29.05,False
EWH,Hong Kong,9,low_vol_trend,Low-Volatility Trend,18,9,50.0,29.03,13.64,11.17,9.65,-3.6,-20.85,-29.05,False
EWH,Hong Kong,10,low_vol_trend,Low-Volatility Trend,18,11,61.11,38.62,19.3,11.81,8.48,-11.11,-18.7,-29.05,False
EWH,Hong Kong,11,low_vol_trend,Low-Volatility Trend,18,9,50.0,29.03,13.64,10.65,9.27,-2.41,-21.75,-29.05,False
EWH,Hong Kong,12,low_vol_trend,Low-Volatility Trend,15,10,66.67,41.71,20.13,14.54,12.1,-2.48,-19.8,-32.25,False
EWH,Hong Kong,1,vol_contraction_trend,Volatility Contraction Trend,46,3,6.52,2.24,0.76,1.67,1.34,-2.29,-12.14,-16.13,False
EWH,Hong Kong,2,vol_contraction_trend,Volatility Contraction Trend,33,4,12.12,4.82,1.78,1.67,1.59,-3.96,-14.91,-22.12,False
EWH,Hong Kong,3,vol_contraction_trend,Volatility Contraction Trend,30,9,30.0,16.66,7.88,5.42,4.05,-2.64,-18.62,-22.58,False
EWH,Hong Kong,4,vol_contraction_trend,Volatility Contraction Trend,28,8,28.57,15.25,6.96,3.18,3.66,-6.39,-16.31,-22.58,False
EWH,Hong Kong,5,vol_contraction_trend,Volatility Contraction Trend,27,11,40.74,24.51,12.31,4.2,5.45,-2.6,-27.38,-27.43,False
EWH,Hong Kong,6,vol_contraction_trend,Volatility Contraction Trend,26,12,46.15,28.76,14.83,7.38,6.32,-4.03,-15.62,-27.8,False
EWH,Hong Kong,7,vol_contraction_trend,Volatility Contraction Trend,24,11,45.83,27.89,14.0,8.95,7.0,-10.9,-22.42,-27.8,False
EWH,Hong Kong,8,vol_contraction_trend,Volatility Contraction Trend,21,11,52.38,32.37,16.22,10.06,6.77,-6.67,-23.16,-27.8,False
EWH,Hong Kong,9,vol_contraction_trend,Volatility Contraction Trend,21,12,57.14,36.55,18.81,11.23,8.91,-5.02,-21.88,-27.8,False
EWH,Hong Kong,10,vol_contraction_trend,Volatility Contraction Trend,16,12,75.0,50.5,25.82,16.23,13.93,11.15,-25.47,-26.16,False
EWH,Hong Kong,11,vol_contraction_trend,Volatility Contraction Trend,16,11,68.75,44.4,22.11,16.79,12.91,6.56,-26.66,-30.02,False
EWH,Hong Kong,12,vol_contraction_trend,Volatility Contraction Trend,16,12,75.0,50.5,25.82,18.19,13.8,8.3,-32.0,-32.91,False
EWH,Hong Kong,1,breadth_trend,Broad-Market Trend,149,9,6.04,3.21,1.53,0.67,0.62,-2.71,-29.07,-33.33,False
EWH,Hong Kong,2,breadth_trend,Broad-Market Trend,83,7,8.43,4.15,1.83,0.02,0.06,-4.83,-27.88,-36.9,False
EWH,Hong Kong,3,breadth_trend,Broad-Market Trend,67,9,13.43,7.23,3.43,1.35,1.43,-3.54,-30.41,-36.9,False
EWH,Hong Kong,4,breadth_trend,Broad-Market Trend,52,11,21.15,12.24,6.16,0.91,1.86,-4.3,-30.81,-45.53,False
EWH,Hong Kong,5,breadth_trend,Broad-Market Trend,44,12,27.27,16.35,8.44,5.17,3.13,-5.92,-28.01,-45.53,False
EWH,Hong Kong,6,breadth_trend,Broad-Market Trend,37,12,32.43,19.63,10.13,5.37,3.53,-8.56,-32.01,-45.53,False
EWH,Hong Kong,7,breadth_trend,Broad-Market Trend,34,12,35.29,21.49,11.09,6.64,4.61,-7.02,-37.62,-45.53,False
EWH,Hong Kong,8,breadth_trend,Broad-Market Trend,32,11,34.38,20.41,10.26,6.04,4.66,-5.97,-49.64,-49.54,False
EWH,Hong Kong,9,breadth_trend,Broad-Market Trend,26,11,42.31,25.54,12.83,9.7,5.93,-0.24,-47.63,-56.75,False
EWH,Hong Kong,10,breadth_trend,Broad-Market Trend,25,12,48.0,30.03,15.48,9.19,5.72,-9.5,-55.24,-56.75,False
EWH,Hong Kong,11,breadth_trend,Broad-Market Trend,25,13,52.0,33.5,17.69,10.85,5.47,-9.59,-58.67,-62.76,False
EWH,Hong Kong,12,breadth_trend,Broad-Market Trend,22,12,54.55,34.66,17.85,11.07,2.91,-17.67,-54.91,-62.76,False
EWI,Italy,1,buy_hold,Buy & Hold Benchmark,265,22,8.3,5.55,3.34,0.85,0.73,-2.88,-18.52,-29.17,False
EWI,Italy,2,buy_hold,Buy & Hold Benchmark,139,20,14.39,9.51,5.61,1.34,1.02,-4.14,-33.42,-42.72,False
EWI,Italy,3,buy_hold,Buy & Hold Benchmark,106,20,18.87,12.56,7.42,2.41,1.49,-4.94,-39.71,-44.09,False
EWI,Italy,4,buy_hold,Buy & Hold Benchmark,77,21,27.27,18.58,11.15,4.38,2.98,-5.16,-36.29,-41.62,False
EWI,Italy,5,buy_hold,Buy & Hold Benchmark,63,22,34.92,24.33,14.81,5.32,3.25,-4.86,-44.08,-44.09,False
EWI,Italy,6,buy_hold,Buy & Hold Benchmark,53,22,41.51,29.26,17.86,8.44,5.09,-7.58,-46.34,-47.68,False
EWI,Italy,7,buy_hold,Buy & Hold Benchmark,46,16,34.78,22.68,12.71,3.34,4.96,-6.0,-53.53,-55.12,False
EWI,Italy,8,buy_hold,Buy & Hold Benchmark,40,16,40.0,26.35,14.78,4.5,4.82,-4.63,-53.48,-53.74,False
EWI,Italy,9,buy_hold,Buy & Hold Benchmark,36,15,41.67,27.14,14.95,6.59,6.09,-12.01,-43.56,-54.02,False
EWI,Italy,10,buy_hold,Buy & Hold Benchmark,33,15,45.45,29.84,16.45,6.43,7.87,-8.45,-52.34,-55.12,False
EWI,Italy,11,buy_hold,Buy & Hold Benchmark,30,14,46.67,30.23,16.33,4.79,7.58,-8.42,-51.76,-55.12,False
EWI,Italy,12,buy_hold,Buy & Hold Benchmark,28,12,42.86,26.51,13.67,7.6,7.2,-5.08,-53.94,-58.25,False
EWI,Italy,1,trend_price_sma100,Price above SMA 100,169,8,4.73,2.42,1.11,0.62,0.7,-1.99,-14.52,-17.75,False
EWI,Italy,2,trend_price_sma100,Price above SMA 100,101,11,10.89,6.19,3.12,1.49,1.11,-2.65,-28.35,-40.55,False
EWI,Italy,3,trend_price_sma100,Price above SMA 100,77,11,14.29,8.17,4.11,2.18,1.96,-4.18,-31.97,-40.55,False
EWI,Italy,4,trend_price_sma100,Price above SMA 100,58,15,25.86,16.35,8.98,4.47,3.9,-4.11,-22.47,-28.65,False
EWI,Italy,5,trend_price_sma100,Price above SMA 100,52,24,46.15,33.34,20.84,8.07,4.78,-4.75,-44.6,-52.6,False
EWI,Italy,6,trend_price_sma100,Price above SMA 100,43,16,37.21,24.38,13.66,5.72,5.14,-2.99,-23.29,-31.96,False
EWI,Italy,7,trend_price_sma100,Price above SMA 100,40,16,40.0,26.35,14.78,6.01,4.25,-8.98,-53.53,-55.12,False
EWI,Italy,8,trend_price_sma100,Price above SMA 100,35,15,42.86,27.98,15.42,6.14,7.55,-4.49,-34.96,-42.91,False
EWI,Italy,9,trend_price_sma100,Price above SMA 100,32,15,46.88,30.87,17.01,8.25,8.47,-6.57,-53.73,-55.12,False
EWI,Italy,10,trend_price_sma100,Price above SMA 100,28,16,57.14,39.07,21.97,10.97,8.94,-5.43,-30.07,-40.55,False
EWI,Italy,11,trend_price_sma100,Price above SMA 100,26,11,42.31,25.54,12.83,6.35,9.24,-4.15,-56.48,-67.97,False
EWI,Italy,12,trend_price_sma100,Price above SMA 100,24,12,50.0,31.43,16.19,10.12,8.35,-2.55,-34.21,-44.65,False
EWI,Italy,1,trend_price_sma200,Price above SMA 200,167,7,4.19,2.04,0.9,0.73,0.78,-1.95,-15.02,-17.75,False
EWI,Italy,2,trend_price_sma200,Price above SMA 200,94,10,10.64,5.88,2.88,2.23,1.52,-2.49,-28.35,-40.55,False
EWI,Italy,3,trend_price_sma200,Price above SMA 200,72,14,19.44,11.95,6.44,3.77,2.74,-2.97,-31.97,-40.55,False
EWI,Italy,4,trend_price_sma200,Price above SMA 200,57,14,24.56,15.23,8.21,5.0,3.62,-5.35,-24.64,-37.9,False
EWI,Italy,5,trend_price_sma200,Price above SMA 200,47,21,44.68,31.41,18.97,9.51,5.48,-2.08,-25.72,-40.55,False
EWI,Italy,6,trend_price_sma200,Price above SMA 200,39,15,38.46,24.89,13.71,6.69,4.24,-2.39,-35.56,-42.91,False
EWI,Italy,7,trend_price_sma200,Price above SMA 200,37,16,43.24,28.67,16.09,4.33,5.59,-5.61,-34.89,-42.91,False
EWI,Italy,8,trend_price_sma200,Price above SMA 200,32,14,43.75,28.17,15.21,9.16,8.49,-3.44,-29.87,-40.55,False
EWI,Italy,9,trend_price_sma200,Price above SMA 200,28,12,42.86,26.51,13.67,7.93,9.71,-5.68,-20.86,-40.55,False
EWI,Italy,10,trend_price_sma200,Price above SMA 200,27,13,48.15,30.74,16.24,8.93,6.58,-11.07,-31.43,-44.65,False
EWI,Italy,11,trend_price_sma200,Price above SMA 200,24,11,45.83,27.89,14.0,7.75,9.8,-5.86,-28.44,-44.65,False
EWI,Italy,12,trend_price_sma200,Price above SMA 200,23,11,47.83,29.24,14.67,9.02,6.96,-15.6,-30.26,-44.65,False
EWI,Italy,1,trend,SMA 50/200 + Momentum,90,1,1.11,0.2,0.05,1.08,1.12,-0.96,-14.52,-15.81,False
EWI,Italy,2,trend,SMA 50/200 + Momentum,53,4,7.55,2.97,1.1,1.49,1.51,-1.67,-28.35,-40.55,False
EWI,Italy,3,trend,SMA 50/200 + Momentum,42,8,19.05,9.98,4.57,4.25,3.19,-2.56,-29.01,-40.55,False
EWI,Italy,4,trend,SMA 50/200 + Momentum,33,8,24.24,12.83,5.86,4.47,5.02,-1.54,-17.48,-40.55,False
EWI,Italy,5,trend,SMA 50/200 + Momentum,29,13,44.83,28.41,15.01,6.69,7.58,0.28,-11.81,-22.51,False
EWI,Italy,6,trend,SMA 50/200 + Momentum,25,10,40.0,23.4,11.41,4.88,5.52,2.12,-26.78,-40.55,False
EWI,Italy,7,trend,SMA 50/200 + Momentum,25,10,40.0,23.4,11.41,2.69,5.92,-3.54,-29.96,-40.55,False
EWI,Italy,8,trend,SMA 50/200 + Momentum,21,10,47.62,28.34,13.79,6.84,7.4,-1.87,-37.28,-43.62,False
EWI,Italy,9,trend,SMA 50/200 + Momentum,19,8,42.11,23.14,10.5,8.45,9.12,-3.24,-30.18,-43.62,False
EWI,Italy,10,trend,SMA 50/200 + Momentum,18,10,55.56,33.72,16.36,10.77,9.65,-5.86,-28.43,-43.62,False
EWI,Italy,11,trend,SMA 50/200 + Momentum,18,10,55.56,33.72,16.36,10.4,9.83,-4.58,-30.85,-43.62,False
EWI,Italy,12,trend,SMA 50/200 + Momentum,17,9,52.94,30.96,14.52,14.69,9.19,-9.18,-26.81,-43.62,False
EWI,Italy,1,trend_sma100_200,SMA 100/200,139,7,5.04,2.46,1.09,1.1,1.29,-1.46,-15.02,-15.81,False
EWI,Italy,2,trend_sma100_200,SMA 100/200,79,11,13.92,7.96,4.01,2.48,2.15,-2.0,-28.35,-40.55,False
EWI,Italy,3,trend_sma100_200,SMA 100/200,60,9,15.0,8.1,3.84,3.72,2.92,-2.71,-31.97,-40.55,False
EWI,Italy,4,trend_sma100_200,SMA 100/200,49,16,32.65,21.21,11.88,4.03,3.36,-3.32,-35.27,-39.02,False
EWI,Italy,5,trend_sma100_200,SMA 100/200,41,16,39.02,25.66,14.39,5.97,4.77,-2.26,-33.65,-40.55,False
EWI,Italy,6,trend_sma100_200,SMA 100/200,34,13,38.24,23.9,12.63,6.78,5.55,-3.82,-28.23,-40.55,False
EWI,Italy,7,trend_sma100_200,SMA 100/200,30,11,36.67,21.87,10.99,6.38,7.8,-5.05,-20.13,-40.55,False
EWI,Italy,8,trend_sma100_200,SMA 100/200,28,12,42.86,26.51,13.67,3.93,7.65,-4.26,-24.4,-38.24,False
EWI,Italy,9,trend_sma100_200,SMA 100/200,26,10,38.46,22.43,10.94,6.29,6.59,-10.58,-26.46,-43.62,False
EWI,Italy,10,trend_sma100_200,SMA 100/200,23,10,43.48,25.63,12.49,5.41,5.34,-15.09,-30.07,-43.62,False
EWI,Italy,11,trend_sma100_200,SMA 100/200,22,11,50.0,30.72,15.4,7.27,7.72,-11.76,-32.18,-43.62,False
EWI,Italy,12,trend_sma100_200,SMA 100/200,22,11,50.0,30.72,15.4,12.23,7.91,-13.25,-34.21,-43.62,False
EWI,Italy,1,trend_ema50_200,EMA 50/200,157,6,3.82,1.76,0.74,0.64,0.68,-1.91,-15.02,-17.75,False
EWI,Italy,2,trend_ema50_200,EMA 50/200,84,12,14.29,8.36,4.32,2.23,2.14,-2.18,-28.35,-40.55,False
EWI,Italy,3,trend_ema50_200,EMA 50/200,71,15,21.13,13.24,7.27,3.59,2.51,-3.19,-29.01,-40.55,False
EWI,Italy,4,trend_ema50_200,EMA 50/200,54,16,29.63,19.14,10.71,4.62,3.72,-4.57,-29.33,-40.55,False
EWI,Italy,5,trend_ema50_200,EMA 50/200,42,15,35.71,22.99,12.65,6.02,5.34,-1.13,-41.01,-42.91,False
EWI,Italy,6,trend_ema50_200,EMA 50/200,37,14,37.84,24.06,12.99,4.88,4.55,-3.72,-29.24,-40.55,False
EWI,Italy,7,trend_ema50_200,EMA 50/200,33,14,42.42,27.24,14.71,6.52,8.5,-0.33,-27.42,-40.55,False
EWI,Italy,8,trend_ema50_200,EMA 50/200,29,13,44.83,28.41,15.01,4.1,9.28,-2.57,-32.83,-44.33,False
EWI,Italy,9,trend_ema50_200,EMA 50/200,27,12,44.44,27.59,14.22,8.39,6.4,-12.14,-31.51,-44.33,False
EWI,Italy,10,trend_ema50_200,EMA 50/200,25,13,52.0,33.5,17.69,10.96,8.69,-11.15,-30.36,-44.33,False
EWI,Italy,11,trend_ema50_200,EMA 50/200,22,11,50.0,30.72,15.4,9.33,7.78,-11.76,-32.84,-44.33,False
EWI,Italy,12,trend_ema50_200,EMA 50/200,22,11,50.0,30.72,15.4,13.56,8.52,-16.16,-30.62,-44.33,False
EWI,Italy,1,trend_ema100_200,EMA 100/200,149,4,2.68,1.05,0.39,0.64,0.7,-1.86,-15.02,-16.53,False
EWI,Italy,2,trend_ema100_200,EMA 100/200,79,11,13.92,7.96,4.01,2.19,1.95,-2.77,-28.35,-40.55,False
EWI,Italy,3,trend_ema100_200,EMA 100/200,65,12,18.46,10.89,5.62,2.71,2.59,-2.92,-31.97,-40.55,False
EWI,Italy,4,trend_ema100_200,EMA 100/200,48,13,27.08,16.57,8.75,3.04,3.08,-5.95,-24.64,-37.9,False
EWI,Italy,5,trend_ema100_200,EMA 100/200,39,11,28.21,16.54,8.32,3.92,4.51,-1.54,-27.38,-40.55,False
EWI,Italy,6,trend_ema100_200,EMA 100/200,35,11,31.43,18.55,9.33,5.61,4.41,-2.9,-28.23,-40.55,False
EWI,Italy,7,trend_ema100_200,EMA 100/200,30,10,33.33,19.23,9.39,2.02,6.59,-5.15,-29.96,-40.55,False
EWI,Italy,8,trend_ema100_200,EMA 100/200,28,11,39.29,23.57,11.84,5.07,4.87,-4.37,-37.28,-44.33,False
EWI,Italy,9,trend_ema100_200,EMA 100/200,26,11,42.31,25.54,12.83,5.45,5.23,-11.62,-31.51,-44.33,False
EWI,Italy,10,trend_ema100_200,EMA 100/200,24,11,45.83,27.89,14.0,6.36,4.65,-15.78,-37.02,-44.33,False
EWI,Italy,11,trend_ema100_200,EMA 100/200,22,11,50.0,30.72,15.4,4.34,5.54,-16.46,-32.18,-44.33,False
EWI,Italy,12,trend_ema100_200,EMA 100/200,22,10,45.45,26.92,13.11,4.51,6.39,-10.43,-30.62,-44.33,False
EWI,Italy,1,trend_triple_ma,Triple Moving Average,83,3,3.61,1.24,0.42,-0.1,-0.11,-2.65,-14.52,-17.75,False
EWI,Italy,2,trend_triple_ma,Triple Moving Average,59,5,8.47,3.67,1.46,0.69,0.97,-2.92,-17.46,-22.58,False
EWI,Italy,3,trend_triple_ma,Triple Moving Average,46,7,15.22,7.57,3.33,3.51,3.52,-1.54,-15.25,-22.58,False
EWI,Italy,4,trend_triple_ma,Triple Moving Average,40,12,30.0,18.07,9.33,0.84,2.25,-5.02,-31.3,-35.46,False
EWI,Italy,5,trend_triple_ma,Triple Moving Average,37,13,35.14,21.83,11.53,5.02,2.85,-0.98,-41.01,-42.91,False
EWI,Italy,6,trend_triple_ma,Triple Moving Average,31,10,32.26,18.57,9.07,4.37,5.12,-4.22,-29.24,-40.55,False
EWI,Italy,7,trend_triple_ma,Triple Moving Average,28,12,42.86,26.51,13.67,5.95,6.12,-4.12,-21.51,-40.55,False
EWI,Italy,8,trend_triple_ma,Triple Moving Average,26,11,42.31,25.54,12.83,3.13,4.43,-7.67,-32.83,-44.33,False
EWI,Italy,9,trend_triple_ma,Triple Moving Average,25,9,36.0,20.25,9.56,5.72,3.15,-16.28,-31.51,-44.33,False
EWI,Italy,10,trend_triple_ma,Triple Moving Average,22,11,50.0,30.72,15.4,8.56,4.14,-22.39,-30.36,-44.33,False
EWI,Italy,11,trend_triple_ma,Triple Moving Average,22,11,50.0,30.72,15.4,5.63,1.82,-17.11,-33.04,-44.33,False
EWI,Italy,12,trend_triple_ma,Triple Moving Average,20,10,50.0,29.93,14.55,12.23,3.3,-13.43,-49.13,-57.22,False
EWI,Italy,1,trend_breakout_100,100-Day Range Breakout,26,1,3.85,0.68,0.17,0.39,1.16,-1.5,-8.94,-15.81,False
EWI,Italy,2,trend_breakout_100,100-Day Range Breakout,22,3,13.64,4.75,1.6,1.85,2.69,-1.22,-10.57,-16.5,False
EWI,Italy,3,trend_breakout_100,100-Day Range Breakout,19,2,10.53,2.94,0.88,0.48,2.39,-3.06,-21.89,-21.79,False
EWI,Italy,4,trend_breakout_100,100-Day Range Breakout,19,4,21.05,8.51,3.12,1.66,1.17,-5.39,-31.3,-35.46,False
EWI,Italy,5,trend_breakout_100,100-Day Range Breakout,19,5,26.32,11.81,4.63,3.31,1.76,0.2,-41.01,-42.91,False
EWI,Italy,6,trend_breakout_100,100-Day Range Breakout,19,8,42.11,23.14,10.5,6.69,3.18,-6.47,-35.56,-42.91,False
EWI,Italy,7,trend_breakout_100,100-Day Range Breakout,19,7,36.84,19.15,8.34,5.9,3.85,-3.1,-34.89,-42.91,False
EWI,Italy,8,trend_breakout_100,100-Day Range Breakout,17,6,35.29,17.31,7.17,3.77,3.55,-1.83,-34.96,-42.91,False
EWI,Italy,9,trend_breakout_100,100-Day Range Breakout,16,7,43.75,23.1,10.01,9.06,2.75,-11.56,-32.61,-42.91,False
EWI,Italy,10,trend_breakout_100,100-Day Range Breakout,15,7,46.67,24.81,10.74,1.86,2.25,-15.99,-28.86,-42.91,False
EWI,Italy,11,trend_breakout_100,100-Day Range Breakout,15,7,46.67,24.81,10.74,-1.02,1.4,-16.09,-33.04,-42.91,False
EWI,Italy,12,trend_breakout_100,100-Day Range Breakout,15,7,46.67,24.81,10.74,1.09,4.21,-14.58,-49.13,-57.22,False
EWI,Italy,1,trend_breakout_200,200-Day Range Breakout,22,1,4.55,0.81,0.21,0.39,1.14,-1.79,-8.94,-15.81,False
EWI,Italy,2,trend_breakout_200,200-Day Range Breakout,18,2,11.11,3.1,0.93,1.85,2.85,-1.13,-9.97,-16.04,False
EWI,Italy,3,trend_breakout_200,200-Day Range Breakout,16,2,12.5,3.5,1.05,1.37,3.51,-1.82,-21.89,-21.79,False
EWI,Italy,4,trend_breakout_200,200-Day Range Breakout,16,2,12.5,3.5,1.05,0.5,0.9,-5.15,-31.3,-35.46,False
EWI,Italy,5,trend_breakout_200,200-Day Range Breakout,16,3,18.75,6.59,2.21,3.76,1.74,1.49,-41.01,-42.91,False
EWI,Italy,6,trend_breakout_200,200-Day Range Breakout,15,7,46.67,24.81,10.74,7.93,4.27,-1.2,-35.56,-42.91,False
EWI,Italy,7,trend_breakout_200,200-Day Range Breakout,15,6,40.0,19.82,8.18,5.9,4.29,-2.15,-34.89,-42.91,False
EWI,Italy,8,trend_breakout_200,200-Day Range Breakout,14,5,35.71,16.34,6.37,4.07,3.71,-1.86,-34.96,-42.91,False
EWI,Italy,9,trend_breakout_200,200-Day Range Breakout,13,6,46.15,23.21,9.54,9.08,3.96,-10.95,-32.61,-42.91,False
EWI,Italy,10,trend_breakout_200,200-Day Range Breakout,12,6,50.0,25.38,10.39,6.1,5.54,-10.0,-28.86,-42.91,False
EWI,Italy,11,trend_breakout_200,200-Day Range Breakout,12,6,50.0,25.38,10.39,6.46,5.3,-14.9,-31.72,-42.91,False
EWI,Italy,12,trend_breakout_200,200-Day Range Breakout,12,6,50.0,25.38,10.39,6.18,7.74,-14.43,-37.25,-42.91,False
EWI,Italy,1,momentum_90,90-Day Absolute Momentum,170,10,5.88,3.23,1.58,0.73,0.8,-2.1,-15.02,-17.75,False
EWI,Italy,2,momentum_90,90-Day Absolute Momentum,99,9,9.09,4.86,2.31,1.55,0.9,-2.7,-28.35,-40.55,False
EWI,Italy,3,momentum_90,90-Day Absolute Momentum,77,15,19.48,12.18,6.69,0.89,1.42,-5.98,-31.97,-40.55,False
EWI,Italy,4,momentum_90,90-Day Absolute Momentum,61,17,27.87,18.19,10.34,4.03,2.58,-6.15,-31.27,-37.9,False
EWI,Italy,5,momentum_90,90-Day Absolute Momentum,52,21,40.38,28.16,16.98,6.85,3.48,-3.61,-44.6,-52.6,False
EWI,Italy,6,momentum_90,90-Day Absolute Momentum,42,14,33.33,21.01,11.34,5.87,2.86,-10.96,-35.56,-42.91,False
EWI,Italy,7,momentum_90,90-Day Absolute Momentum,40,15,37.5,24.22,13.34,4.82,3.48,-10.54,-43.06,-53.74,False
EWI,Italy,8,momentum_90,90-Day Absolute Momentum,35,14,40.0,25.55,13.8,5.94,7.28,-6.37,-29.87,-40.55,False
EWI,Italy,9,momentum_90,90-Day Absolute Momentum,31,11,35.48,21.12,10.61,6.42,8.32,-5.92,-30.99,-44.65,False
EWI,Italy,10,momentum_90,90-Day Absolute Momentum,29,13,44.83,28.41,15.01,8.93,6.04,-4.74,-52.79,-66.98,False
EWI,Italy,11,momentum_90,90-Day Absolute Momentum,26,11,42.31,25.54,12.83,7.36,7.73,-2.16,-53.13,-56.6,False
EWI,Italy,12,momentum_90,90-Day Absolute Momentum,25,10,40.0,23.4,11.41,8.01,5.97,-9.24,-38.65,-66.98,False
EWI,Italy,1,momentum_180,180-Day Absolute Momentum,166,7,4.22,2.06,0.91,0.69,0.79,-1.97,-15.02,-17.75,False
EWI,Italy,2,momentum_180,180-Day Absolute Momentum,94,13,13.83,8.26,4.36,2.23,1.59,-3.02,-28.35,-40.55,False
EWI,Italy,3,momentum_180,180-Day Absolute Momentum,74,12,16.22,9.53,4.92,3.63,2.48,-3.35,-31.97,-40.55,False
EWI,Italy,4,momentum_180,180-Day Absolute Momentum,58,17,29.31,19.18,10.91,4.42,3.45,-5.75,-19.76,-34.58,False
EWI,Italy,5,momentum_180,180-Day Absolute Momentum,48,18,37.5,25.22,14.59,3.65,3.84,-5.09,-41.01,-42.91,False
EWI,Italy,6,momentum_180,180-Day Absolute Momentum,41,17,41.46,27.76,15.83,8.44,4.55,-8.73,-28.57,-40.55,False
EWI,Italy,7,momentum_180,180-Day Absolute Momentum,37,17,45.95,31.04,17.72,7.39,7.24,-5.36,-27.42,-40.55,False
EWI,Italy,8,momentum_180,180-Day Absolute Momentum,32,14,43.75,28.17,15.21,3.22,6.04,-5.98,-37.28,-43.62,False
EWI,Italy,9,momentum_180,180-Day Absolute Momentum,29,13,44.83,28.41,15.01,8.39,6.8,-10.1,-30.99,-44.65,False
EWI,Italy,10,momentum_180,180-Day Absolute Momentum,26,11,42.31,25.54,12.83,5.47,7.29,-10.36,-30.07,-40.55,False
EWI,Italy,11,momentum_180,180-Day Absolute Momentum,25,14,56.0,37.07,20.02,14.38,8.29,-9.22,-32.84,-43.62,False
EWI,Italy,12,momentum_180,180-Day Absolute Momentum,24,11,45.83,27.89,14.0,9.4,8.01,-10.81,-26.64,-44.65,False
EWI,Italy,1,momentum_270,270-Day Absolute Momentum,164,6,3.66,1.69,0.71,1.06,0.73,-2.09,-15.26,-19.76,False
EWI,Italy,2,momentum_270,270-Day Absolute Momentum,88,11,12.5,7.13,3.59,1.77,0.6,-4.47,-28.35,-40.55,False
EWI,Italy,3,momentum_270,270-Day Absolute Momentum,69,14,20.29,12.49,6.73,2.71,2.03,-4.15,-31.97,-40.55,False
EWI,Italy,4,momentum_270,270-Day Absolute Momentum,52,10,19.23,10.8,5.28,3.58,2.94,-4.74,-24.64,-40.55,False
EWI,Italy,5,momentum_270,270-Day Absolute Momentum,44,13,29.55,18.16,9.59,3.16,3.5,-6.57,-20.39,-34.58,False
EWI,Italy,6,momentum_270,270-Day Absolute Momentum,36,14,38.89,24.78,13.38,4.12,4.16,-8.21,-26.78,-40.55,False
EWI,Italy,7,momentum_270,270-Day Absolute Momentum,33,11,33.33,19.75,9.93,4.64,5.22,-3.68,-26.32,-43.62,False
EWI,Italy,8,momentum_270,270-Day Absolute Momentum,29,12,41.38,25.51,13.16,6.84,4.97,-5.78,-34.96,-42.91,False
EWI,Italy,9,momentum_270,270-Day Absolute Momentum,26,11,42.31,25.54,12.83,6.59,6.58,-10.49,-28.35,-43.62,False
EWI,Italy,10,momentum_270,270-Day Absolute Momentum,25,11,44.0,26.67,13.39,7.19,6.56,-14.11,-37.02,-43.62,False
EWI,Italy,11,momentum_270,270-Day Absolute Momentum,23,10,43.48,25.63,12.49,9.56,7.11,-10.59,-26.93,-43.62,False
EWI,Italy,12,momentum_270,270-Day Absolute Momentum,23,12,52.17,32.96,16.98,15.82,9.12,-6.88,-28.4,-44.65,False
EWI,Italy,1,momentum_365,365-Day Absolute Momentum,166,6,3.61,1.67,0.7,0.79,0.54,-1.97,-15.26,-19.76,False
EWI,Italy,2,momentum_365,365-Day Absolute Momentum,89,11,12.36,7.04,3.55,1.34,0.68,-4.39,-28.35,-40.55,False
EWI,Italy,3,momentum_365,365-Day Absolute Momentum,72,12,16.67,9.8,5.06,2.64,1.58,-6.19,-22.55,-34.58,False
EWI,Italy,4,momentum_365,365-Day Absolute Momentum,52,14,26.92,16.77,9.04,2.52,2.35,-4.6,-31.27,-40.55,False
EWI,Italy,5,momentum_365,365-Day Absolute Momentum,44,15,34.09,21.88,12.04,2.43,3.07,-6.55,-27.38,-40.55,False
EWI,Italy,6,momentum_365,365-Day Absolute Momentum,36,13,36.11,22.48,11.87,5.45,4.29,-6.06,-28.23,-40.55,False
EWI,Italy,7,momentum_365,365-Day Absolute Momentum,33,14,42.42,27.24,14.71,4.31,5.45,-4.03,-53.53,-55.12,False
EWI,Italy,8,momentum_365,365-Day Absolute Momentum,29,12,41.38,25.51,13.16,4.23,4.59,-9.6,-42.56,-54.02,False
EWI,Italy,9,momentum_365,365-Day Absolute Momentum,26,12,46.15,28.76,14.83,8.27,5.59,-9.66,-43.56,-54.02,False
EWI,Italy,10,momentum_365,365-Day Absolute Momentum,25,9,36.0,20.25,9.56,2.54,3.13,-4.74,-52.79,-66.98,False
EWI,Italy,11,momentum_365,365-Day Absolute Momentum,22,11,50.0,30.72,15.4,8.43,8.07,-4.03,-53.13,-56.6,False
EWI,Italy,12,momentum_365,365-Day Absolute Momentum,22,9,40.91,23.26,10.96,8.89,7.96,-5.67,-48.06,-67.97,False
EWI,Italy,1,momentum_dual_90_180,Dual Momentum 90/180,139,5,3.6,1.55,0.62,0.64,0.71,-1.95,-15.02,-17.75,False
EWI,Italy,2,momentum_dual_90_180,Dual Momentum 90/180,82,8,9.76,5.03,2.31,2.17,1.54,-2.49,-28.35,-40.55,False
EWI,Italy,3,momentum_dual_90_180,Dual Momentum 90/180,65,9,13.85,7.46,3.54,3.48,2.17,-3.75,-31.97,-40.55,False
EWI,Italy,4,momentum_dual_90_180,Dual Momentum 90/180,50,15,30.0,19.1,10.51,5.36,4.02,-5.0,-19.76,-26.64,False
EWI,Italy,5,momentum_dual_90_180,Dual Momentum 90/180,44,18,40.91,27.69,16.04,8.35,4.24,-2.83,-41.01,-42.91,False
EWI,Italy,6,momentum_dual_90_180,Dual Momentum 90/180,37,13,35.14,21.83,11.53,6.61,3.53,-8.77,-28.57,-40.55,False
EWI,Italy,7,momentum_dual_90_180,Dual Momentum 90/180,34,14,41.18,26.37,14.24,4.78,5.67,-5.97,-27.42,-40.55,False
EWI,Italy,8,momentum_dual_90_180,Dual Momentum 90/180,29,13,44.83,28.41,15.01,4.1,8.13,-2.67,-23.03,-32.03,False
EWI,Italy,9,momentum_dual_90_180,Dual Momentum 90/180,27,13,48.15,30.74,16.24,9.98,7.85,-10.2,-30.99,-44.65,False
EWI,Italy,10,momentum_dual_90_180,Dual Momentum 90/180,26,11,42.31,25.54,12.83,4.22,5.36,-12.38,-30.07,-44.65,False
EWI,Italy,11,momentum_dual_90_180,Dual Momentum 90/180,23,12,52.17,32.96,16.98,12.01,6.18,-13.8,-32.84,-44.65,False
EWI,Italy,12,momentum_dual_90_180,Dual Momentum 90/180,23,10,43.48,25.63,12.49,9.02,5.42,-12.86,-30.62,-44.33,False
EWI,Italy,1,momentum_dual_180_365,Dual Momentum 180/365,136,6,4.41,2.04,0.86,0.69,0.82,-1.87,-14.52,-17.75,False
EWI,Italy,2,momentum_dual_180_365,Dual Momentum 180/365,77,9,11.69,6.27,2.98,2.26,1.27,-3.74,-28.35,-40.55,False
EWI,Italy,3,momentum_dual_180_365,Dual Momentum 180/365,61,9,14.75,7.96,3.78,3.59,2.27,-3.68,-22.55,-34.58,False
EWI,Italy,4,momentum_dual_180_365,Dual Momentum 180/365,46,15,32.61,20.87,11.48,2.46,3.27,-5.3,-28.05,-40.55,False
EWI,Italy,5,momentum_dual_180_365,Dual Momentum 180/365,38,13,34.21,21.21,11.21,2.99,3.55,-5.73,-27.38,-40.55,False
EWI,Italy,6,momentum_dual_180_365,Dual Momentum 180/365,33,13,39.39,24.68,13.04,6.69,4.64,-7.58,-28.23,-40.55,False
EWI,Italy,7,momentum_dual_180_365,Dual Momentum 180/365,29,13,44.83,28.41,15.01,5.02,7.97,-3.23,-21.95,-40.55,False
EWI,Italy,8,momentum_dual_180_365,Dual Momentum 180/365,26,11,42.31,25.54,12.83,3.22,5.83,-6.29,-37.28,-43.62,False
EWI,Italy,9,momentum_dual_180_365,Dual Momentum 180/365,25,12,48.0,30.03,15.48,8.43,6.96,-8.34,-30.99,-44.65,False
EWI,Italy,10,momentum_dual_180_365,Dual Momentum 180/365,22,8,36.36,19.73,8.97,4.17,5.48,-4.57,-30.07,-43.62,False
EWI,Italy,11,momentum_dual_180_365,Dual Momentum 180/365,20,11,55.0,34.21,17.13,12.23,10.11,-2.98,-32.18,-40.55,False
EWI,Italy,12,momentum_dual_180_365,Dual Momentum 180/365,20,9,45.0,25.82,12.15,9.86,12.23,-1.44,-25.53,-44.65,False
EWI,Italy,1,momentum_rank_90,Top Relative Momentum 90,67,3,4.48,1.53,0.52,-0.1,0.33,-2.65,-13.49,-18.15,False
EWI,Italy,2,momentum_rank_90,Top Relative Momentum 90,47,4,8.51,3.36,1.24,0.29,0.85,-3.2,-21.25,-22.39,False
EWI,Italy,3,momentum_rank_90,Top Relative Momentum 90,40,9,22.5,12.32,5.84,1.77,2.53,-3.33,-21.89,-23.82,False
EWI,Italy,4,momentum_rank_90,Top Relative Momentum 90,30,10,33.33,19.23,9.39,3.96,3.54,-6.34,-31.3,-35.46,False
EWI,Italy,5,momentum_rank_90,Top Relative Momentum 90,27,10,37.04,21.53,10.51,6.98,3.07,-1.17,-41.01,-42.91,False
EWI,Italy,6,momentum_rank_90,Top Relative Momentum 90,25,10,40.0,23.4,11.41,2.4,3.23,-6.57,-35.56,-42.91,False
EWI,Italy,7,momentum_rank_90,Top Relative Momentum 90,25,10,40.0,23.4,11.41,6.37,4.7,-9.6,-34.89,-42.91,False
EWI,Italy,8,momentum_rank_90,Top Relative Momentum 90,23,11,47.83,29.24,14.67,4.9,6.59,-5.76,-34.96,-42.91,False
EWI,Italy,9,momentum_rank_90,Top Relative Momentum 90,21,10,47.62,28.34,13.79,9.98,7.93,-4.5,-32.61,-44.65,False
EWI,Italy,10,momentum_rank_90,Top Relative Momentum 90,19,11,57.89,36.28,18.15,16.51,9.6,-9.08,-28.86,-44.65,False
EWI,Italy,11,momentum_rank_90,Top Relative Momentum 90,18,11,61.11,38.62,19.3,15.97,10.34,-7.93,-31.72,-44.65,False
EWI,Italy,12,momentum_rank_90,Top Relative Momentum 90,17,9,52.94,30.96,14.52,14.69,7.28,-8.0,-37.25,-44.65,False
EWI,Italy,1,momentum,Top Relative Momentum 180,59,3,5.08,1.74,0.59,1.01,1.09,-1.81,-14.52,-15.81,False
EWI,Italy,2,momentum,Top Relative Momentum 180,36,3,8.33,2.87,0.97,1.88,1.71,-1.27,-28.35,-40.55,False
EWI,Italy,3,momentum,Top Relative Momentum 180,31,8,25.81,13.7,6.26,5.47,2.85,-3.64,-29.01,-40.55,False
EWI,Italy,4,momentum,Top Relative Momentum 180,23,10,43.48,25.63,12.49,7.51,7.51,2.5,-10.78,-23.03,False
EWI,Italy,5,momentum,Top Relative Momentum 180,21,10,47.62,28.34,13.79,9.17,5.81,-0.98,-31.62,-40.55,False
EWI,Italy,6,momentum,Top Relative Momentum 180,21,11,52.38,32.37,16.22,10.39,6.34,-4.62,-29.24,-40.55,False
EWI,Italy,7,momentum,Top Relative Momentum 180,18,10,55.56,33.72,16.36,12.02,6.71,-3.8,-22.21,-40.55,False
EWI,Italy,8,momentum,Top Relative Momentum 180,17,10,58.82,36.01,17.45,17.14,10.06,-0.74,-23.12,-40.55,False
EWI,Italy,9,momentum,Top Relative Momentum 180,16,9,56.25,33.18,15.54,16.9,10.97,4.42,-30.99,-44.65,False
EWI,Italy,10,momentum,Top Relative Momentum 180,15,10,66.67,41.71,20.13,16.29,9.65,-4.09,-27.71,-44.65,False
EWI,Italy,11,momentum,Top Relative Momentum 180,14,10,71.43,45.35,21.81,15.42,10.59,0.87,-30.87,-44.65,False
EWI,Italy,12,momentum,Top Relative Momentum 180,14,9,64.29,38.76,18.06,14.24,11.59,-4.54,-28.41,-44.65,False
EWI,Italy,1,momentum_rank_365,Top Relative Momentum 365,65,5,7.69,3.33,1.32,0.62,0.6,-2.88,-13.38,-16.53,False
EWI,Italy,2,momentum_rank_365,Top Relative Momentum 365,38,4,10.53,4.17,1.54,-0.81,-0.22,-4.65,-28.35,-40.55,False
EWI,Italy,3,momentum_rank_365,Top Relative Momentum 365,31,6,19.35,9.19,3.84,1.14,0.91,-7.31,-29.01,-40.55,False
EWI,Italy,4,momentum_rank_365,Top Relative Momentum 365,25,3,12.0,4.17,1.41,0.45,-0.04,-10.96,-15.24,-40.55,False
EWI,Italy,5,momentum_rank_365,Top Relative Momentum 365,19,6,31.58,15.36,6.38,1.31,3.27,-9.11,-17.02,-40.55,False
EWI,Italy,6,momentum_rank_365,Top Relative Momentum 365,17,5,29.41,13.28,5.2,6.69,2.92,-10.85,-23.04,-40.55,False
EWI,Italy,7,momentum_rank_365,Top Relative Momentum 365,17,7,41.18,21.61,9.38,7.39,4.04,-7.58,-21.95,-40.55,False
EWI,Italy,8,momentum_rank_365,Top Relative Momentum 365,15,5,33.33,15.18,5.93,-1.27,3.62,-5.36,-28.65,-40.55,False
EWI,Italy,9,momentum_rank_365,Top Relative Momentum 365,15,6,40.0,19.82,8.18,5.72,5.46,-4.03,-25.77,-40.55,False
EWI,Italy,10,momentum_rank_365,Top Relative Momentum 365,13,4,30.77,12.68,4.61,2.54,2.52,-9.22,-31.43,-44.65,False
EWI,Italy,11,momentum_rank_365,Top Relative Momentum 365,13,5,38.46,17.71,6.89,4.94,5.83,-9.22,-32.18,-44.65,False
EWI,Italy,12,momentum_rank_365,Top Relative Momentum 365,13,7,53.85,29.14,12.55,11.82,9.35,-4.17,-27.76,-44.65,False
EWI,Italy,1,momentum_composite,Composite Momentum,54,3,5.56,1.91,0.65,0.54,0.6,-2.57,-13.38,-16.53,False
EWI,Italy,2,momentum_composite,Composite Momentum,35,3,8.57,2.96,1.0,-0.1,0.47,-3.35,-28.35,-40.55,False
EWI,Italy,3,momentum_composite,Composite Momentum,27,4,14.81,5.92,2.18,3.48,2.66,-2.38,-29.01,-40.55,False
EWI,Italy,4,momentum_composite,Composite Momentum,22,5,22.73,10.12,3.98,3.81,4.09,-3.44,-11.66,-23.03,False
EWI,Italy,5,momentum_composite,Composite Momentum,19,7,36.84,19.15,8.34,2.94,3.22,-12.65,-31.62,-40.55,False
EWI,Italy,6,momentum_composite,Composite Momentum,18,7,38.89,20.3,8.83,7.47,3.56,-15.44,-29.24,-40.55,False
EWI,Italy,7,momentum_composite,Composite Momentum,16,7,43.75,23.1,10.01,6.65,6.54,-17.42,-22.21,-40.55,False
EWI,Italy,8,momentum_composite,Composite Momentum,15,7,46.67,24.81,10.74,6.44,9.4,-7.88,-23.12,-40.55,False
EWI,Italy,9,momentum_composite,Composite Momentum,14,7,50.0,26.8,11.57,11.61,10.39,-7.89,-30.99,-44.65,False
EWI,Italy,10,momentum_composite,Composite Momentum,12,6,50.0,25.38,10.39,7.87,7.65,-13.03,-27.71,-44.65,False
EWI,Italy,11,momentum_composite,Composite Momentum,12,6,50.0,25.38,10.39,5.83,5.49,-13.97,-30.87,-44.65,False
EWI,Italy,12,momentum_composite,Composite Momentum,12,6,50.0,25.38,10.39,7.2,8.34,-11.65,-28.41,-44.65,False
EWI,Italy,1,drawdown_recovery_20,20% Drawdown Recovery,46,2,4.35,1.2,0.36,-0.1,-1.28,-6.32,-18.36,-20.19,False
EWI,Italy,2,drawdown_recovery_20,20% Drawdown Recovery,34,3,8.82,3.05,1.03,0.26,-0.21,-5.62,-33.41,-36.19,False
EWI,Italy,3,drawdown_recovery_20,20% Drawdown Recovery,29,3,10.34,3.58,1.21,3.92,1.85,-2.36,-17.15,-43.15,False
EWI,Italy,4,drawdown_recovery_20,20% Drawdown Recovery,27,8,29.63,15.85,7.23,0.75,1.32,-6.16,-14.15,-43.15,False
EWI,Italy,5,drawdown_recovery_20,20% Drawdown Recovery,22,8,36.36,19.73,8.97,4.76,4.64,-0.61,-12.47,-43.15,False
EWI,Italy,6,drawdown_recovery_20,20% Drawdown Recovery,20,7,35.0,18.12,7.89,4.86,1.98,-7.71,-26.78,-43.15,False
EWI,Italy,7,drawdown_recovery_20,20% Drawdown Recovery,20,8,40.0,21.88,9.93,4.48,2.25,-4.95,-34.89,-43.15,False
EWI,Italy,8,drawdown_recovery_20,20% Drawdown Recovery,17,6,35.29,17.31,7.17,4.37,1.94,-6.24,-34.96,-43.15,False
EWI,Italy,9,drawdown_recovery_20,20% Drawdown Recovery,15,8,53.33,30.12,13.58,12.93,9.52,-3.41,-18.58,-43.15,False
EWI,Italy,10,drawdown_recovery_20,20% Drawdown Recovery,15,7,46.67,24.81,10.74,4.51,8.79,0.07,-31.43,-44.65,False
EWI,Italy,11,drawdown_recovery_20,20% Drawdown Recovery,15,7,46.67,24.81,10.74,6.61,9.66,2.33,-27.52,-44.33,False
EWI,Italy,12,drawdown_recovery_20,20% Drawdown Recovery,15,7,46.67,24.81,10.74,9.84,9.6,-0.91,-30.62,-44.33,False
EWI,Italy,1,drawdown_recovery,25% Drawdown Recovery,20,1,5.0,0.89,0.23,0.38,0.35,-2.15,-13.38,-18.67,False
EWI,Italy,2,drawdown_recovery,25% Drawdown Recovery,16,2,12.5,3.5,1.05,2.04,2.3,-0.83,-10.57,-18.67,False
EWI,Italy,3,drawdown_recovery,25% Drawdown Recovery,14,2,14.29,4.01,1.2,4.27,3.35,0.66,-15.25,-21.07,False
EWI,Italy,4,drawdown_recovery,25% Drawdown Recovery,12,5,41.67,19.33,7.5,7.95,7.87,4.63,-6.45,-21.07,False
EWI,Italy,5,drawdown_recovery,25% Drawdown Recovery,12,4,33.33,13.81,5.01,6.41,7.68,2.76,-12.42,-22.8,False
EWI,Italy,6,drawdown_recovery,25% Drawdown Recovery,11,7,63.64,35.38,15.1,13.54,10.17,-2.32,-10.83,-21.07,False
EWI,Italy,7,drawdown_recovery,25% Drawdown Recovery,10,6,60.0,31.27,12.69,15.69,12.38,-0.69,-19.67,-28.65,False
EWI,Italy,8,drawdown_recovery,25% Drawdown Recovery,10,5,50.0,23.66,9.1,11.15,11.74,1.98,-6.7,-28.65,False
EWI,Italy,9,drawdown_recovery,25% Drawdown Recovery,10,6,60.0,31.27,12.69,11.48,9.22,-2.81,-14.54,-31.96,False
EWI,Italy,10,drawdown_recovery,25% Drawdown Recovery,10,5,50.0,23.66,9.1,7.42,8.38,-1.98,-25.01,-36.26,False
EWI,Italy,11,drawdown_recovery,25% Drawdown Recovery,10,6,60.0,31.27,12.69,11.35,8.26,-3.28,-32.84,-43.62,False
EWI,Italy,12,drawdown_recovery,25% Drawdown Recovery,10,6,60.0,31.27,12.69,14.22,11.48,-1.21,-26.64,-43.62,False
EWI,Italy,1,drawdown_recovery_30,30% Drawdown Recovery,23,1,4.35,0.77,0.2,0.73,-0.73,-3.48,-18.36,-20.19,False
EWI,Italy,2,drawdown_recovery_30,30% Drawdown Recovery,18,2,11.11,3.1,0.93,0.26,0.02,-1.81,-33.41,-36.19,False
EWI,Italy,3,drawdown_recovery_30,30% Drawdown Recovery,15,2,13.33,3.74,1.12,3.92,1.07,-4.62,-17.15,-43.15,False
EWI,Italy,4,drawdown_recovery_30,30% Drawdown Recovery,13,5,38.46,17.71,6.89,-3.67,1.93,-6.45,-12.7,-43.15,False
EWI,Italy,5,drawdown_recovery_30,30% Drawdown Recovery,12,4,33.33,13.81,5.01,5.02,4.2,-1.31,-12.47,-43.15,False
EWI,Italy,6,drawdown_recovery_30,30% Drawdown Recovery,12,6,50.0,25.38,10.39,7.24,4.87,-6.07,-21.32,-43.15,False
EWI,Italy,7,drawdown_recovery_30,30% Drawdown Recovery,12,7,58.33,31.95,13.71,11.0,7.26,-4.1,-19.67,-43.15,False
EWI,Italy,8,drawdown_recovery_30,30% Drawdown Recovery,11,6,54.55,28.01,11.43,11.87,6.71,-6.47,-26.76,-43.15,False
EWI,Italy,9,drawdown_recovery_30,30% Drawdown Recovery,9,6,66.67,35.42,14.26,18.11,12.84,5.45,-12.98,-43.15,False
EWI,Italy,10,drawdown_recovery_30,30% Drawdown Recovery,9,5,55.56,26.66,10.2,10.34,12.11,2.22,-10.88,-43.15,False
EWI,Italy,11,drawdown_recovery_30,30% Drawdown Recovery,9,5,55.56,26.66,10.2,10.69,12.94,3.34,-9.23,-43.15,False
EWI,Italy,12,drawdown_recovery_30,30% Drawdown Recovery,9,5,55.56,26.66,10.2,15.18,14.18,2.97,-14.35,-43.15,False
EWI,Italy,1,drawdown_recovery_40,40% Drawdown Recovery,11,1,9.09,1.62,0.41,0.95,0.11,-3.48,-18.36,-20.19,False
EWI,Italy,2,drawdown_recovery_40,40% Drawdown Recovery,8,2,25.0,7.15,2.12,4.19,0.52,0.39,-33.41,-36.19,False
EWI,Italy,3,drawdown_recovery_40,40% Drawdown Recovery,7,2,28.57,8.22,2.43,6.9,2.84,-3.71,-17.15,-43.15,False
EWI,Italy,4,drawdown_recovery_40,40% Drawdown Recovery,6,3,50.0,18.76,6.09,8.78,5.54,-0.93,-7.63,-43.15,False
EWI,Italy,5,drawdown_recovery_40,40% Drawdown Recovery,5,2,40.0,11.76,3.43,5.84,7.22,4.19,2.15,-43.15,False
EWI,Italy,6,drawdown_recovery_40,40% Drawdown Recovery,5,2,40.0,11.76,3.43,3.21,8.67,-2.71,-5.87,-43.15,False
EWI,Italy,7,drawdown_recovery_40,40% Drawdown Recovery,5,3,60.0,23.07,7.39,11.15,9.02,-2.58,-19.67,-43.15,False
EWI,Italy,8,drawdown_recovery_40,40% Drawdown Recovery,5,2,40.0,11.76,3.43,8.64,3.25,-6.7,-26.76,-43.15,False
EWI,Italy,9,drawdown_recovery_40,40% Drawdown Recovery,4,3,75.0,30.06,9.4,17.74,14.24,6.46,-12.98,-43.15,False
EWI,Italy,10,drawdown_recovery_40,40% Drawdown Recovery,4,2,50.0,15.0,4.32,11.26,15.86,2.82,-2.24,-43.15,False
EWI,Italy,11,drawdown_recovery_40,40% Drawdown Recovery,3,2,66.67,20.77,5.83,23.47,22.36,12.39,1.32,-43.15,False
EWI,Italy,12,drawdown_recovery_40,40% Drawdown Recovery,3,2,66.67,20.77,5.83,23.33,25.31,13.15,2.97,-43.15,False
EWI,Italy,1,rsi14_recovery,RSI 14 Recovery,44,6,13.64,6.4,2.68,1.0,0.92,-2.84,-13.49,-18.67,False
EWI,Italy,2,rsi14_recovery,RSI 14 Recovery,41,7,17.07,8.53,3.74,0.84,0.92,-2.65,-25.32,-31.45,False
EWI,Italy,3,rsi14_recovery,RSI 14 Recovery,37,7,18.92,9.48,4.16,3.72,2.94,-2.82,-22.55,-31.45,False
EWI,Italy,4,rsi14_recovery,RSI 14 Recovery,33,12,36.36,22.19,11.45,5.38,4.07,-6.15,-15.24,-30.33,False
EWI,Italy,5,rsi14_recovery,RSI 14 Recovery,29,10,34.48,19.94,9.74,5.84,3.54,-4.19,-26.47,-40.55,False
EWI,Italy,6,rsi14_recovery,RSI 14 Recovery,29,13,44.83,28.41,15.01,8.44,5.15,-5.87,-21.32,-40.55,False
EWI,Italy,7,rsi14_recovery,RSI 14 Recovery,26,12,46.15,28.76,14.83,8.02,8.24,-3.67,-19.67,-31.45,False
EWI,Italy,8,rsi14_recovery,RSI 14 Recovery,22,11,50.0,30.72,15.4,9.72,10.88,0.26,-28.65,-31.45,False
EWI,Italy,9,rsi14_recovery,RSI 14 Recovery,21,10,47.62,28.34,13.79,6.42,8.84,-7.44,-25.77,-40.55,False
EWI,Italy,10,rsi14_recovery,RSI 14 Recovery,21,8,38.1,20.75,9.43,2.21,6.41,-6.81,-30.07,-40.55,False
EWI,Italy,11,rsi14_recovery,RSI 14 Recovery,20,8,40.0,21.88,9.93,5.35,6.12,-15.4,-32.18,-44.65,False
EWI,Italy,12,rsi14_recovery,RSI 14 Recovery,18,6,33.33,16.28,6.75,3.74,4.75,-3.85,-30.26,-44.65,False
EWI,Italy,1,rsi28_recovery,RSI 28 Recovery,31,3,9.68,3.35,1.13,0.95,0.49,-4.24,-8.98,-18.67,False
EWI,Italy,2,rsi28_recovery,RSI 28 Recovery,31,6,19.35,9.19,3.84,2.59,1.76,-3.62,-25.32,-31.45,False
EWI,Italy,3,rsi28_recovery,RSI 28 Recovery,30,4,13.33,5.31,1.96,3.52,2.94,-1.33,-22.55,-31.45,False
EWI,Italy,4,rsi28_recovery,RSI 28 Recovery,26,7,26.92,13.7,5.99,3.8,2.81,-7.54,-15.24,-30.33,False
EWI,Italy,5,rsi28_recovery,RSI 28 Recovery,22,9,40.91,23.26,10.96,5.77,2.95,-9.46,-26.47,-37.72,False
EWI,Italy,6,rsi28_recovery,RSI 28 Recovery,20,9,45.0,25.82,12.15,8.94,6.51,-3.59,-22.29,-37.72,False
EWI,Italy,7,rsi28_recovery,RSI 28 Recovery,20,9,45.0,25.82,12.15,6.78,7.49,-4.59,-21.0,-37.72,False
EWI,Italy,8,rsi28_recovery,RSI 28 Recovery,18,6,33.33,16.28,6.75,5.96,6.99,-2.3,-28.65,-37.72,False
EWI,Italy,9,rsi28_recovery,RSI 28 Recovery,18,7,38.89,20.3,8.83,-0.66,3.64,-11.22,-25.77,-40.55,False
EWI,Italy,10,rsi28_recovery,RSI 28 Recovery,18,8,44.44,24.56,11.13,1.75,4.65,-19.04,-30.07,-40.55,False
EWI,Italy,11,rsi28_recovery,RSI 28 Recovery,17,8,47.06,26.16,11.84,4.22,6.7,-9.38,-32.18,-40.55,False
EWI,Italy,12,rsi28_recovery,RSI 28 Recovery,17,7,41.18,21.61,9.38,0.17,3.82,-9.18,-34.21,-40.55,False
EWI,Italy,1,bollinger_recovery,Bollinger Recovery,31,5,16.13,7.09,2.8,1.19,2.13,-1.6,-8.71,-11.02,False
EWI,Italy,2,bollinger_recovery,Bollinger Recovery,30,6,20.0,9.5,3.97,3.73,3.36,-0.75,-18.04,-31.45,False
EWI,Italy,3,bollinger_recovery,Bollinger Recovery,29,7,24.14,12.22,5.35,4.06,5.15,-0.52,-19.38,-31.45,False
EWI,Italy,4,bollinger_recovery,Bollinger Recovery,27,11,40.74,24.51,12.31,5.38,6.21,0.55,-12.7,-19.59,False
EWI,Italy,5,bollinger_recovery,Bollinger Recovery,24,12,50.0,31.43,16.19,10.64,8.04,3.65,-26.47,-37.72,False
EWI,Italy,6,bollinger_recovery,Bollinger Recovery,20,12,60.0,38.66,19.88,13.47,10.24,5.24,-25.13,-37.72,False
EWI,Italy,7,bollinger_recovery,Bollinger Recovery,20,12,60.0,38.66,19.88,14.97,10.01,0.93,-22.21,-32.03,False
EWI,Italy,8,bollinger_recovery,Bollinger Recovery,16,10,62.5,38.64,18.69,15.13,13.51,4.2,-23.12,-32.03,False
EWI,Italy,9,bollinger_recovery,Bollinger Recovery,16,11,68.75,44.4,22.11,24.01,15.47,-1.73,-25.86,-30.59,False
EWI,Italy,10,bollinger_recovery,Bollinger Recovery,16,10,62.5,38.64,18.69,23.0,15.96,-0.27,-20.97,-30.59,False
EWI,Italy,11,bollinger_recovery,Bollinger Recovery,15,10,66.67,41.71,20.13,27.16,16.02,6.24,-30.25,-44.65,False
EWI,Italy,12,bollinger_recovery,Bollinger Recovery,14,11,78.57,52.41,25.92,27.37,22.27,13.75,-15.72,-37.72,False
EWI,Italy,1,low_vol_trend,Low-Volatility Trend,74,3,4.05,1.39,0.47,0.69,1.17,-1.77,-13.38,-16.53,False
EWI,Italy,2,low_vol_trend,Low-Volatility Trend,45,3,6.67,2.29,0.78,2.91,2.14,-2.67,-22.84,-23.72,False
EWI,Italy,3,low_vol_trend,Low-Volatility Trend,37,6,16.22,7.65,3.2,0.89,3.24,-2.86,-21.65,-23.82,False
EWI,Italy,4,low_vol_trend,Low-Volatility Trend,29,7,24.14,12.22,5.35,5.0,4.76,-1.63,-18.34,-23.72,False
EWI,Italy,5,low_vol_trend,Low-Volatility Trend,26,9,34.62,19.41,9.17,3.85,6.55,-0.95,-17.42,-23.72,False
EWI,Italy,6,low_vol_trend,Low-Volatility Trend,24,8,33.33,17.97,8.18,6.21,4.15,-3.26,-28.23,-29.04,False
EWI,Italy,7,low_vol_trend,Low-Volatility Trend,20,8,40.0,21.88,9.93,3.46,6.9,-2.85,-23.84,-32.86,False
EWI,Italy,8,low_vol_trend,Low-Volatility Trend,19,9,47.37,27.33,12.85,9.49,8.77,-6.7,-29.87,-32.86,False
EWI,Italy,9,low_vol_trend,Low-Volatility Trend,18,9,50.0,29.03,13.64,10.06,7.79,-9.63,-28.51,-36.79,False
EWI,Italy,10,low_vol_trend,Low-Volatility Trend,17,7,41.18,21.61,9.38,7.53,7.84,-10.88,-31.43,-44.65,False
EWI,Italy,11,low_vol_trend,Low-Volatility Trend,15,6,40.0,19.82,8.18,5.53,12.39,-5.01,-28.44,-44.65,False
EWI,Italy,12,low_vol_trend,Low-Volatility Trend,15,8,53.33,30.12,13.58,19.51,10.42,-6.16,-25.53,-44.65,False
EWI,Italy,1,vol_contraction_trend,Volatility Contraction Trend,42,2,4.76,1.32,0.4,0.54,0.54,-2.1,-13.38,-16.53,False
EWI,Italy,2,vol_contraction_trend,Volatility Contraction Trend,29,3,10.34,3.58,1.21,2.95,2.05,-1.47,-21.25,-21.32,False
EWI,Italy,3,vol_contraction_trend,Volatility Contraction Trend,25,9,36.0,20.25,9.56,6.04,3.76,-5.15,-9.71,-22.51,False
EWI,Italy,4,vol_contraction_trend,Volatility Contraction Trend,23,10,43.48,25.63,12.49,8.97,4.52,-5.1,-16.74,-22.51,False
EWI,Italy,5,vol_contraction_trend,Volatility Contraction Trend,22,9,40.91,23.26,10.96,9.34,4.17,-1.02,-31.62,-40.55,False
EWI,Italy,6,vol_contraction_trend,Volatility Contraction Trend,21,9,42.86,24.47,11.53,4.37,4.44,-1.93,-29.24,-40.55,False
EWI,Italy,7,vol_contraction_trend,Volatility Contraction Trend,18,9,50.0,29.03,13.64,10.99,7.73,-2.35,-22.0,-40.55,False
EWI,Italy,8,vol_contraction_trend,Volatility Contraction Trend,18,10,55.56,33.72,16.36,11.0,8.25,-2.92,-24.66,-40.55,False
EWI,Italy,9,vol_contraction_trend,Volatility Contraction Trend,17,8,47.06,26.16,11.84,7.74,6.17,-3.15,-20.86,-40.55,False
EWI,Italy,10,vol_contraction_trend,Volatility Contraction Trend,16,9,56.25,33.18,15.54,13.51,7.37,-12.35,-23.38,-32.03,False
EWI,Italy,11,vol_contraction_trend,Volatility Contraction Trend,16,9,56.25,33.18,15.54,10.57,6.21,-3.89,-33.04,-36.35,False
EWI,Italy,12,vol_contraction_trend,Volatility Contraction Trend,15,8,53.33,30.12,13.58,12.69,3.73,-17.79,-49.13,-57.22,False
EWI,Italy,1,breadth_trend,Broad-Market Trend,145,6,4.14,1.91,0.8,0.73,0.75,-1.99,-15.02,-17.75,False
EWI,Italy,2,breadth_trend,Broad-Market Trend,82,7,8.54,4.2,1.85,2.19,1.52,-1.95,-28.35,-40.55,False
EWI,Italy,3,breadth_trend,Broad-Market Trend,64,10,15.62,8.71,4.27,1.87,1.96,-2.83,-31.97,-40.55,False
EWI,Italy,4,breadth_trend,Broad-Market Trend,51,12,23.53,14.0,7.23,4.62,3.25,-2.28,-28.05,-40.55,False
EWI,Italy,5,breadth_trend,Broad-Market Trend,42,15,35.71,22.99,12.65,7.91,5.45,-0.17,-25.72,-36.26,False
EWI,Italy,6,breadth_trend,Broad-Market Trend,37,13,35.14,21.83,11.53,5.61,4.42,-2.84,-35.56,-42.91,False
EWI,Italy,7,breadth_trend,Broad-Market Trend,33,15,45.45,29.84,16.45,7.39,7.11,-3.54,-34.89,-42.91,False
EWI,Italy,8,breadth_trend,Broad-Market Trend,29,12,41.38,25.51,13.16,6.84,8.75,-3.9,-21.81,-40.55,False
EWI,Italy,9,breadth_trend,Broad-Market Trend,26,11,42.31,25.54,12.83,8.98,8.18,-7.32,-20.86,-40.55,False
EWI,Italy,10,breadth_trend,Broad-Market Trend,25,11,44.0,26.67,13.39,7.32,8.79,-1.46,-37.02,-40.55,False
EWI,Italy,11,breadth_trend,Broad-Market Trend,22,12,54.55,34.66,17.85,12.24,7.71,-7.53,-24.92,-36.26,False
EWI,Italy,12,breadth_trend,Broad-Market Trend,22,11,50.0,30.72,15.4,11.16,6.33,-16.22,-30.26,-43.62,False
EWJ,Japan,1,buy_hold,Buy & Hold Benchmark,265,11,4.15,2.33,1.18,0.51,0.65,-2.52,-13.74,-18.41,False
EWJ,Japan,2,buy_hold,Buy & Hold Benchmark,139,14,10.07,6.09,3.28,0.71,0.19,-4.25,-23.64,-31.03,False
EWJ,Japan,3,buy_hold,Buy & Hold Benchmark,106,12,11.32,6.6,3.4,1.24,0.81,-3.5,-23.99,-31.03,False
EWJ,Japan,4,buy_hold,Buy & Hold Benchmark,77,16,20.78,13.21,7.38,3.3,1.8,-5.87,-25.46,-26.77,False
EWJ,Japan,5,buy_hold,Buy & Hold Benchmark,63,16,25.4,16.28,9.1,1.35,1.45,-6.64,-24.61,-31.03,False
EWJ,Japan,6,buy_hold,Buy & Hold Benchmark,53,16,30.19,19.52,10.93,3.13,3.15,-6.01,-28.25,-34.07,False
EWJ,Japan,7,buy_hold,Buy & Hold Benchmark,46,13,28.26,17.32,9.15,2.23,2.52,-6.09,-38.91,-43.33,False
EWJ,Japan,8,buy_hold,Buy & Hold Benchmark,40,11,27.5,16.11,8.1,3.61,3.77,-4.59,-37.16,-43.33,False
EWJ,Japan,9,buy_hold,Buy & Hold Benchmark,36,13,36.11,22.48,11.87,6.0,4.79,-3.24,-29.15,-43.33,False
EWJ,Japan,10,buy_hold,Buy & Hold Benchmark,33,13,39.39,24.68,13.04,4.53,4.6,-2.49,-33.01,-43.33,False
EWJ,Japan,11,buy_hold,Buy & Hold Benchmark,30,11,36.67,21.87,10.99,4.04,4.35,-10.68,-31.88,-43.33,False
EWJ,Japan,12,buy_hold,Buy & Hold Benchmark,28,10,35.71,20.71,10.11,5.71,5.81,-7.22,-38.35,-44.93,False
EWJ,Japan,1,trend_price_sma100,Price above SMA 100,157,6,3.82,1.76,0.74,0.65,0.86,-1.39,-11.12,-16.15,False
EWJ,Japan,2,trend_price_sma100,Price above SMA 100,94,9,9.57,5.12,2.43,1.38,1.01,-2.68,-15.1,-16.8,False
EWJ,Japan,3,trend_price_sma100,Price above SMA 100,71,9,12.68,6.81,3.24,2.8,1.43,-3.96,-20.51,-28.03,False
EWJ,Japan,4,trend_price_sma100,Price above SMA 100,57,11,19.3,11.13,5.6,2.36,1.72,-4.43,-20.55,-23.14,False
EWJ,Japan,5,trend_price_sma100,Price above SMA 100,49,12,24.49,14.6,7.54,3.96,2.57,-4.03,-27.43,-30.83,False
EWJ,Japan,6,trend_price_sma100,Price above SMA 100,42,14,33.33,21.01,11.34,3.2,2.69,-5.55,-27.08,-30.83,False
EWJ,Japan,7,trend_price_sma100,Price above SMA 100,39,12,30.77,18.57,9.58,6.62,3.15,-6.45,-38.91,-43.33,False
EWJ,Japan,8,trend_price_sma100,Price above SMA 100,35,12,34.29,20.83,10.75,1.08,3.46,-3.45,-37.16,-43.33,False
EWJ,Japan,9,trend_price_sma100,Price above SMA 100,31,12,38.71,23.73,12.24,4.34,4.48,-4.74,-37.44,-38.94,False
EWJ,Japan,10,trend_price_sma100,Price above SMA 100,29,11,37.93,22.69,11.4,7.26,6.61,-8.36,-28.3,-42.7,False
EWJ,Japan,11,trend_price_sma100,Price above SMA 100,26,9,34.62,19.41,9.17,6.72,4.99,-9.79,-31.61,-42.7,False
EWJ,Japan,12,trend_price_sma100,Price above SMA 100,25,10,40.0,23.4,11.41,2.67,4.75,-6.52,-35.66,-44.93,False
EWJ,Japan,1,trend_price_sma200,Price above SMA 200,164,4,2.44,0.95,0.35,0.6,0.63,-1.4,-11.12,-16.15,False
EWJ,Japan,2,trend_price_sma200,Price above SMA 200,95,8,8.42,4.33,1.99,0.86,0.8,-2.37,-15.34,-28.03,False
EWJ,Japan,3,trend_price_sma200,Price above SMA 200,74,7,9.46,4.66,2.05,2.47,1.52,-2.73,-16.72,-28.03,False
EWJ,Japan,4,trend_price_sma200,Price above SMA 200,55,11,20.0,11.55,5.81,3.27,2.4,-3.33,-25.46,-28.03,False
EWJ,Japan,5,trend_price_sma200,Price above SMA 200,46,12,26.09,15.6,8.05,4.08,3.3,-3.32,-33.01,-43.33,False
EWJ,Japan,6,trend_price_sma200,Price above SMA 200,39,12,30.77,18.57,9.58,3.7,3.3,-4.61,-36.64,-43.33,False
EWJ,Japan,7,trend_price_sma200,Price above SMA 200,36,10,27.78,15.85,7.75,5.09,3.71,-6.32,-28.2,-43.33,False
EWJ,Japan,8,trend_price_sma200,Price above SMA 200,32,11,34.38,20.41,10.26,1.01,5.21,-1.72,-37.16,-43.33,False
EWJ,Japan,9,trend_price_sma200,Price above SMA 200,30,10,33.33,19.23,9.39,5.79,3.78,-2.0,-47.17,-48.06,False
EWJ,Japan,10,trend_price_sma200,Price above SMA 200,26,11,42.31,25.54,12.83,6.17,6.89,-2.9,-37.76,-49.67,False
EWJ,Japan,11,trend_price_sma200,Price above SMA 200,25,9,36.0,20.25,9.56,3.75,5.69,-5.83,-33.88,-49.67,False
EWJ,Japan,12,trend_price_sma200,Price above SMA 200,23,10,43.48,25.63,12.49,4.59,5.16,-6.48,-28.95,-49.67,False
EWJ,Japan,1,trend,SMA 50/200 + Momentum,69,3,4.35,1.49,0.51,1.44,1.56,-1.3,-7.93,-14.29,False
EWJ,Japan,2,trend,SMA 50/200 + Momentum,42,5,11.9,5.19,2.06,1.57,2.3,-1.86,-10.67,-16.8,False
EWJ,Japan,3,trend,SMA 50/200 + Momentum,38,4,10.53,4.17,1.54,3.86,2.78,-2.22,-12.4,-20.96,False
EWJ,Japan,4,trend,SMA 50/200 + Momentum,30,7,23.33,11.79,5.17,4.09,3.57,-3.56,-16.96,-20.96,False
EWJ,Japan,5,trend,SMA 50/200 + Momentum,27,7,25.93,13.17,5.76,2.99,4.06,-3.75,-19.77,-28.31,False
EWJ,Japan,6,trend,SMA 50/200 + Momentum,25,7,28.0,14.28,6.24,0.93,4.12,-4.56,-15.0,-28.31,False
EWJ,Japan,7,trend,SMA 50/200 + Momentum,23,7,30.43,15.6,6.81,4.42,6.47,-2.72,-13.25,-28.31,False
EWJ,Japan,8,trend,SMA 50/200 + Momentum,21,7,33.33,17.19,7.5,6.21,8.23,-0.52,-15.87,-28.31,False
EWJ,Japan,9,trend,SMA 50/200 + Momentum,19,8,42.11,23.14,10.5,8.83,9.34,-0.39,-15.87,-28.31,False
EWJ,Japan,10,trend,SMA 50/200 + Momentum,17,7,41.18,21.61,9.38,6.55,8.77,-2.49,-16.73,-28.31,False
EWJ,Japan,11,trend,SMA 50/200 + Momentum,17,7,41.18,21.61,9.38,4.6,7.94,-2.1,-22.34,-29.17,False
EWJ,Japan,12,trend,SMA 50/200 + Momentum,17,7,41.18,21.61,9.38,4.36,8.43,-6.0,-27.24,-31.56,False
EWJ,Japan,1,trend_sma100_200,SMA 100/200,132,3,2.27,0.78,0.26,0.51,0.43,-1.4,-11.12,-16.15,False
EWJ,Japan,2,trend_sma100_200,SMA 100/200,77,5,6.49,2.81,1.11,0.91,0.75,-2.04,-15.34,-28.03,False
EWJ,Japan,3,trend_sma100_200,SMA 100/200,59,6,10.17,4.74,1.99,2.96,2.4,-1.76,-13.14,-28.03,False
EWJ,Japan,4,trend_sma100_200,SMA 100/200,46,10,21.74,12.26,6.0,2.16,2.35,-4.18,-18.82,-28.31,False
EWJ,Japan,5,trend_sma100_200,SMA 100/200,39,10,25.64,14.57,7.12,0.3,2.36,-4.35,-19.56,-28.03,False
EWJ,Japan,6,trend_sma100_200,SMA 100/200,33,10,30.3,17.38,8.49,3.36,5.01,-3.39,-16.67,-28.03,False
EWJ,Japan,7,trend_sma100_200,SMA 100/200,29,9,31.03,17.28,8.17,2.56,4.99,-3.17,-22.1,-25.41,False
EWJ,Japan,8,trend_sma100_200,SMA 100/200,29,10,34.48,19.94,9.74,5.85,5.7,-4.55,-29.26,-29.16,False
EWJ,Japan,9,trend_sma100_200,SMA 100/200,26,11,42.31,25.54,12.83,6.6,5.81,-5.3,-21.59,-28.31,False
EWJ,Japan,10,trend_sma100_200,SMA 100/200,24,9,37.5,21.16,9.99,6.65,6.26,-7.42,-21.23,-28.31,False
EWJ,Japan,11,trend_sma100_200,SMA 100/200,21,8,38.1,20.75,9.43,3.59,6.27,-7.91,-23.91,-28.31,False
EWJ,Japan,12,trend_sma100_200,SMA 100/200,20,8,40.0,21.88,9.93,3.98,6.59,-4.11,-27.35,-30.83,False
EWJ,Japan,1,trend_ema50_200,EMA 50/200,150,4,2.67,1.04,0.39,0.51,0.6,-1.39,-11.12,-16.15,False
EWJ,Japan,2,trend_ema50_200,EMA 50/200,86,7,8.14,4.0,1.76,0.98,1.14,-2.18,-15.34,-28.03,False
EWJ,Japan,3,trend_ema50_200,EMA 50/200,66,6,9.09,4.23,1.78,2.33,1.76,-2.64,-20.51,-28.03,False
EWJ,Japan,4,trend_ema50_200,EMA 50/200,51,12,23.53,14.0,7.23,3.35,4.07,-2.96,-13.23,-28.03,False
EWJ,Japan,5,trend_ema50_200,EMA 50/200,42,10,23.81,13.48,6.59,1.69,2.75,-4.54,-13.39,-20.96,False
EWJ,Japan,6,trend_ema50_200,EMA 50/200,36,11,30.56,18.0,9.06,3.96,4.88,-4.15,-15.84,-28.31,False
EWJ,Japan,7,trend_ema50_200,EMA 50/200,33,10,30.3,17.38,8.49,2.56,3.98,-5.97,-18.56,-28.31,False
EWJ,Japan,8,trend_ema50_200,EMA 50/200,30,8,26.67,14.18,6.47,1.98,5.6,-1.85,-29.26,-29.16,False
EWJ,Japan,9,trend_ema50_200,EMA 50/200,25,9,36.0,20.25,9.56,7.17,7.68,-1.14,-13.02,-28.31,False
EWJ,Japan,10,trend_ema50_200,EMA 50/200,24,8,33.33,17.97,8.18,5.09,6.87,-2.14,-14.86,-28.31,False
EWJ,Japan,11,trend_ema50_200,EMA 50/200,21,10,47.62,28.34,13.79,4.66,7.69,-4.24,-23.91,-28.31,False
EWJ,Japan,12,trend_ema50_200,EMA 50/200,21,8,38.1,20.75,9.43,6.55,8.54,-0.9,-27.35,-30.83,False
EWJ,Japan,1,trend_ema100_200,EMA 100/200,147,4,2.72,1.06,0.4,0.51,0.64,-1.38,-11.12,-16.15,False
EWJ,Japan,2,trend_ema100_200,EMA 100/200,83,7,8.43,4.15,1.83,1.11,1.11,-2.73,-15.34,-28.03,False
EWJ,Japan,3,trend_ema100_200,EMA 100/200,66,6,9.09,4.23,1.78,3.22,1.92,-2.74,-20.51,-28.03,False
EWJ,Japan,4,trend_ema100_200,EMA 100/200,50,11,22.0,12.75,6.42,3.57,4.05,-3.22,-16.96,-28.03,False
EWJ,Japan,5,trend_ema100_200,EMA 100/200,41,10,24.39,13.82,6.76,1.51,3.33,-4.03,-19.56,-21.14,False
EWJ,Japan,6,trend_ema100_200,EMA 100/200,35,9,25.71,14.16,6.71,3.36,3.99,-6.03,-15.84,-28.31,False
EWJ,Japan,7,trend_ema100_200,EMA 100/200,31,8,25.81,13.7,6.26,3.45,4.65,-5.63,-22.1,-28.31,False
EWJ,Japan,8,trend_ema100_200,EMA 100/200,29,8,27.59,14.7,6.71,2.4,5.74,-0.31,-29.26,-29.16,False
EWJ,Japan,9,trend_ema100_200,EMA 100/200,25,11,44.0,26.67,13.39,8.83,8.71,-1.14,-13.02,-28.31,False
EWJ,Japan,10,trend_ema100_200,EMA 100/200,23,8,34.78,18.81,8.56,2.27,7.13,-3.45,-16.73,-28.31,False
EWJ,Japan,11,trend_ema100_200,EMA 100/200,22,8,36.36,19.73,8.97,3.71,6.46,-4.11,-24.71,-29.17,False
EWJ,Japan,12,trend_ema100_200,EMA 100/200,22,8,36.36,19.73,8.97,6.32,5.63,-4.52,-35.66,-44.93,False
EWJ,Japan,1,trend_triple_ma,Triple Moving Average,69,1,1.45,0.26,0.07,1.38,1.17,-0.81,-10.44,-16.15,False
EWJ,Japan,2,trend_triple_ma,Triple Moving Average,49,1,2.04,0.36,0.09,1.45,0.69,-1.64,-15.1,-19.82,False
EWJ,Japan,3,trend_triple_ma,Triple Moving Average,41,6,14.63,6.88,2.88,2.87,2.16,-2.75,-17.66,-20.96,False
EWJ,Japan,4,trend_triple_ma,Triple Moving Average,34,8,23.53,12.44,5.68,3.84,3.81,-3.04,-21.99,-21.89,False
EWJ,Japan,5,trend_triple_ma,Triple Moving Average,29,7,24.14,12.22,5.35,2.74,2.6,-4.03,-21.54,-27.0,False
EWJ,Japan,6,trend_triple_ma,Triple Moving Average,27,10,37.04,21.53,10.51,2.92,2.92,-6.47,-21.99,-28.31,False
EWJ,Japan,7,trend_triple_ma,Triple Moving Average,25,8,32.0,17.2,7.84,5.03,5.15,-5.84,-21.43,-28.31,False
EWJ,Japan,8,trend_triple_ma,Triple Moving Average,23,7,30.43,15.6,6.81,2.83,4.61,-0.57,-23.88,-28.31,False
EWJ,Japan,9,trend_triple_ma,Triple Moving Average,23,9,39.13,22.16,10.45,4.28,5.83,-1.86,-24.1,-28.31,False
EWJ,Japan,10,trend_triple_ma,Triple Moving Average,19,9,47.37,27.33,12.85,7.74,5.89,-1.74,-27.88,-28.44,False
EWJ,Japan,11,trend_triple_ma,Triple Moving Average,19,9,47.37,27.33,12.85,4.86,4.78,-3.87,-26.54,-30.67,False
EWJ,Japan,12,trend_triple_ma,Triple Moving Average,17,7,41.18,21.61,9.38,6.55,9.25,-1.77,-23.21,-30.67,False
EWJ,Japan,1,trend_breakout_100,100-Day Range Breakout,20,0,0.0,0.0,0.0,0.24,-0.01,-1.86,-7.14,-11.58,False
EWJ,Japan,2,trend_breakout_100,100-Day Range Breakout,19,2,10.53,2.94,0.88,1.04,0.98,-3.39,-14.23,-15.11,False
EWJ,Japan,3,trend_breakout_100,100-Day Range Breakout,16,0,0.0,0.0,0.0,2.93,1.8,-3.46,-7.16,-15.11,False
EWJ,Japan,4,trend_breakout_100,100-Day Range Breakout,15,4,26.67,10.9,3.98,2.01,1.96,-4.41,-11.72,-15.11,False
EWJ,Japan,5,trend_breakout_100,100-Day Range Breakout,15,2,13.33,3.74,1.12,1.38,1.51,-4.04,-19.77,-28.31,False
EWJ,Japan,6,trend_breakout_100,100-Day Range Breakout,14,4,28.57,11.72,4.27,1.92,1.76,-4.08,-15.0,-28.31,False
EWJ,Japan,7,trend_breakout_100,100-Day Range Breakout,14,4,28.57,11.72,4.27,0.99,2.16,-4.28,-18.56,-28.31,False
EWJ,Japan,8,trend_breakout_100,100-Day Range Breakout,14,5,35.71,16.34,6.37,5.89,5.16,-1.06,-24.5,-28.31,False
EWJ,Japan,9,trend_breakout_100,100-Day Range Breakout,12,6,50.0,25.38,10.39,7.46,7.0,1.04,-4.68,-28.31,False
EWJ,Japan,10,trend_breakout_100,100-Day Range Breakout,12,5,41.67,19.33,7.5,6.9,6.67,-0.11,-6.33,-28.31,False
EWJ,Japan,11,trend_breakout_100,100-Day Range Breakout,11,5,45.45,21.27,8.22,3.75,6.64,0.42,-4.34,-28.31,False
EWJ,Japan,12,trend_breakout_100,100-Day Range Breakout,11,3,27.27,9.75,3.25,3.72,6.33,0.15,-5.61,-28.31,False
EWJ,Japan,1,trend_breakout_200,200-Day Range Breakout,17,0,0.0,0.0,0.0,0.5,0.31,-0.77,-7.14,-11.58,False
EWJ,Japan,2,trend_breakout_200,200-Day Range Breakout,16,2,12.5,3.5,1.05,1.58,1.95,-3.04,-8.98,-13.62,False
EWJ,Japan,3,trend_breakout_200,200-Day Range Breakout,13,0,0.0,0.0,0.0,4.72,2.75,-1.49,-6.23,-13.41,False
EWJ,Japan,4,trend_breakout_200,200-Day Range Breakout,12,4,33.33,13.81,5.01,3.51,3.53,-4.06,-8.52,-13.62,False
EWJ,Japan,5,trend_breakout_200,200-Day Range Breakout,12,2,16.67,4.7,1.4,2.93,2.96,-2.37,-19.77,-28.31,False
EWJ,Japan,6,trend_breakout_200,200-Day Range Breakout,11,4,36.36,15.17,5.49,2.0,3.34,1.05,-15.0,-28.31,False
EWJ,Japan,7,trend_breakout_200,200-Day Range Breakout,11,4,36.36,15.17,5.49,2.37,3.97,-1.62,-18.56,-28.31,False
EWJ,Japan,8,trend_breakout_200,200-Day Range Breakout,11,5,45.45,21.27,8.22,9.39,6.93,2.05,-24.5,-28.31,False
EWJ,Japan,9,trend_breakout_200,200-Day Range Breakout,9,5,55.56,26.66,10.2,12.8,7.82,1.41,-4.68,-28.31,False
EWJ,Japan,10,trend_breakout_200,200-Day Range Breakout,9,4,44.44,18.88,6.78,7.74,7.69,2.27,-6.33,-28.31,False
EWJ,Japan,11,trend_breakout_200,200-Day Range Breakout,8,5,62.5,30.57,11.6,12.54,8.43,1.6,-4.34,-28.31,False
EWJ,Japan,12,trend_breakout_200,200-Day Range Breakout,8,3,37.5,13.68,4.51,5.74,6.69,2.45,-0.9,-28.31,False
EWJ,Japan,1,momentum_90,90-Day Absolute Momentum,153,4,2.61,1.02,0.38,0.57,0.5,-1.61,-11.12,-16.15,False
EWJ,Japan,2,momentum_90,90-Day Absolute Momentum,94,7,7.45,3.65,1.61,1.09,0.73,-2.77,-15.34,-28.03,False
EWJ,Japan,3,momentum_90,90-Day Absolute Momentum,72,8,11.11,5.74,2.63,0.7,1.18,-3.21,-20.51,-28.03,False
EWJ,Japan,4,momentum_90,90-Day Absolute Momentum,59,10,16.95,9.48,4.64,2.8,0.75,-5.86,-23.17,-28.31,False
EWJ,Japan,5,momentum_90,90-Day Absolute Momentum,49,11,22.45,13.02,6.55,1.38,1.71,-4.03,-27.43,-30.83,False
EWJ,Japan,6,momentum_90,90-Day Absolute Momentum,42,11,26.19,15.3,7.7,2.61,1.25,-6.33,-32.61,-43.33,False
EWJ,Japan,7,momentum_90,90-Day Absolute Momentum,40,11,27.5,16.11,8.1,3.44,2.88,-4.31,-28.2,-43.33,False
EWJ,Japan,8,momentum_90,90-Day Absolute Momentum,35,12,34.29,20.83,10.75,4.79,4.59,-3.83,-33.0,-34.93,False
EWJ,Japan,9,momentum_90,90-Day Absolute Momentum,31,12,38.71,23.73,12.24,4.28,2.9,-7.49,-37.44,-38.94,False
EWJ,Japan,10,momentum_90,90-Day Absolute Momentum,28,11,39.29,23.57,11.84,7.38,4.72,-4.79,-46.34,-47.92,False
EWJ,Japan,11,momentum_90,90-Day Absolute Momentum,25,8,32.0,17.2,7.84,4.15,2.68,-6.35,-31.61,-42.7,False
EWJ,Japan,12,momentum_90,90-Day Absolute Momentum,24,9,37.5,21.16,9.99,4.77,1.89,-12.18,-35.66,-44.93,False
EWJ,Japan,1,momentum_180,180-Day Absolute Momentum,163,4,2.45,0.96,0.36,0.72,0.8,-1.38,-11.12,-16.15,False
EWJ,Japan,2,momentum_180,180-Day Absolute Momentum,95,9,9.47,5.06,2.41,1.13,0.98,-2.73,-15.34,-28.03,False
EWJ,Japan,3,momentum_180,180-Day Absolute Momentum,74,9,12.16,6.53,3.1,2.12,1.87,-1.91,-21.48,-28.03,False
EWJ,Japan,4,momentum_180,180-Day Absolute Momentum,56,11,19.64,11.34,5.71,1.84,2.35,-3.26,-25.46,-28.03,False
EWJ,Japan,5,momentum_180,180-Day Absolute Momentum,47,9,19.15,10.42,4.94,3.96,2.19,-3.94,-33.01,-43.33,False
EWJ,Japan,6,momentum_180,180-Day Absolute Momentum,39,14,35.9,22.74,12.28,3.3,3.37,-4.42,-36.64,-43.33,False
EWJ,Japan,7,momentum_180,180-Day Absolute Momentum,37,11,29.73,17.49,8.8,4.26,3.66,-6.73,-28.2,-43.33,False
EWJ,Japan,8,momentum_180,180-Day Absolute Momentum,32,9,28.12,15.56,7.37,1.01,2.95,-4.71,-37.16,-43.33,False
EWJ,Japan,9,momentum_180,180-Day Absolute Momentum,29,12,41.38,25.51,13.16,6.03,3.5,-6.37,-47.17,-48.06,False
EWJ,Japan,10,momentum_180,180-Day Absolute Momentum,28,10,35.71,20.71,10.11,6.5,4.58,-5.88,-37.76,-49.67,False
EWJ,Japan,11,momentum_180,180-Day Absolute Momentum,25,11,44.0,26.67,13.39,5.44,4.25,-9.77,-33.88,-49.67,False
EWJ,Japan,12,momentum_180,180-Day Absolute Momentum,23,10,43.48,25.63,12.49,8.48,7.31,-5.38,-38.82,-38.72,False
EWJ,Japan,1,momentum_270,270-Day Absolute Momentum,163,2,1.23,0.34,0.1,0.57,0.57,-1.45,-11.12,-16.15,False
EWJ,Japan,2,momentum_270,270-Day Absolute Momentum,90,7,7.78,3.82,1.68,0.88,0.95,-2.79,-12.35,-15.4,False
EWJ,Japan,3,momentum_270,270-Day Absolute Momentum,71,9,12.68,6.81,3.24,2.8,2.25,-2.43,-13.88,-28.03,False
EWJ,Japan,4,momentum_270,270-Day Absolute Momentum,52,10,19.23,10.8,5.28,3.08,2.35,-3.93,-17.8,-20.96,False
EWJ,Japan,5,momentum_270,270-Day Absolute Momentum,42,13,30.95,19.07,10.07,3.06,3.55,-4.95,-19.77,-28.31,False
EWJ,Japan,6,momentum_270,270-Day Absolute Momentum,36,10,27.78,15.85,7.75,4.4,4.01,-3.38,-20.7,-28.31,False
EWJ,Japan,7,momentum_270,270-Day Absolute Momentum,32,9,28.12,15.56,7.37,2.95,4.92,-4.13,-22.1,-28.31,False
EWJ,Japan,8,momentum_270,270-Day Absolute Momentum,29,10,34.48,19.94,9.74,3.86,4.37,-2.86,-29.26,-29.16,False
EWJ,Japan,9,momentum_270,270-Day Absolute Momentum,27,10,37.04,21.53,10.51,4.27,7.02,-2.08,-18.85,-31.47,False
EWJ,Japan,10,momentum_270,270-Day Absolute Momentum,22,8,36.36,19.73,8.97,3.37,8.08,-1.52,-16.73,-28.31,False
EWJ,Japan,11,momentum_270,270-Day Absolute Momentum,22,8,36.36,19.73,8.97,3.61,7.64,-0.1,-23.91,-28.31,False
EWJ,Japan,12,momentum_270,270-Day Absolute Momentum,20,9,45.0,25.82,12.15,7.2,7.22,-6.71,-22.34,-30.83,False
EWJ,Japan,1,momentum_365,365-Day Absolute Momentum,172,3,1.74,0.59,0.2,0.58,0.6,-1.65,-11.12,-16.15,False
EWJ,Japan,2,momentum_365,365-Day Absolute Momentum,95,7,7.37,3.61,1.59,0.86,0.61,-3.03,-15.34,-28.03,False
EWJ,Japan,3,momentum_365,365-Day Absolute Momentum,72,8,11.11,5.74,2.63,2.84,1.84,-3.19,-15.86,-20.96,False
EWJ,Japan,4,momentum_365,365-Day Absolute Momentum,54,10,18.52,10.38,5.08,1.15,1.89,-4.79,-18.82,-28.31,False
EWJ,Japan,5,momentum_365,365-Day Absolute Momentum,43,11,25.58,14.93,7.51,0.3,2.26,-4.54,-20.86,-28.31,False
EWJ,Japan,6,momentum_365,365-Day Absolute Momentum,38,10,26.32,14.97,7.32,2.48,3.64,-4.22,-14.08,-28.31,False
EWJ,Japan,7,momentum_365,365-Day Absolute Momentum,34,10,29.41,16.83,8.23,2.74,3.34,-5.69,-24.84,-31.47,False
EWJ,Japan,8,momentum_365,365-Day Absolute Momentum,29,8,27.59,14.7,6.71,1.01,4.84,-4.76,-22.45,-28.61,False
EWJ,Japan,9,momentum_365,365-Day Absolute Momentum,28,10,35.71,20.71,10.11,5.37,5.03,-6.31,-18.52,-28.31,False
EWJ,Japan,10,momentum_365,365-Day Absolute Momentum,24,9,37.5,21.16,9.99,3.37,4.29,-7.56,-31.29,-43.33,False
EWJ,Japan,11,momentum_365,365-Day Absolute Momentum,23,9,39.13,22.16,10.45,4.57,7.77,-0.67,-33.6,-33.5,False
EWJ,Japan,12,momentum_365,365-Day Absolute Momentum,22,10,45.45,26.92,13.11,5.62,6.47,-1.87,-19.34,-38.49,False
EWJ,Japan,1,momentum_dual_90_180,Dual Momentum 90/180,127,4,3.15,1.23,0.46,0.64,0.65,-1.41,-11.12,-16.15,False
EWJ,Japan,2,momentum_dual_90_180,Dual Momentum 90/180,79,7,8.86,4.36,1.92,1.67,1.37,-2.33,-15.34,-28.03,False
EWJ,Japan,3,momentum_dual_90_180,Dual Momentum 90/180,63,9,14.29,7.7,3.66,1.93,1.64,-2.92,-20.51,-28.03,False
EWJ,Japan,4,momentum_dual_90_180,Dual Momentum 90/180,50,11,22.0,12.75,6.42,2.76,2.63,-3.23,-25.46,-28.03,False
EWJ,Japan,5,momentum_dual_90_180,Dual Momentum 90/180,40,7,17.5,8.75,3.84,1.69,2.15,-1.92,-33.01,-43.33,False
EWJ,Japan,6,momentum_dual_90_180,Dual Momentum 90/180,35,11,31.43,18.55,9.33,3.28,2.09,-6.58,-36.64,-43.33,False
EWJ,Japan,7,momentum_dual_90_180,Dual Momentum 90/180,32,9,28.12,15.56,7.37,5.55,4.82,-4.31,-28.2,-43.33,False
EWJ,Japan,8,momentum_dual_90_180,Dual Momentum 90/180,29,7,24.14,12.22,5.35,2.4,2.24,-2.35,-37.16,-43.33,False
EWJ,Japan,9,momentum_dual_90_180,Dual Momentum 90/180,27,12,44.44,27.59,14.22,4.28,4.37,-3.7,-47.17,-48.06,False
EWJ,Japan,10,momentum_dual_90_180,Dual Momentum 90/180,25,10,40.0,23.4,11.41,8.56,6.48,-8.36,-37.76,-49.67,False
EWJ,Japan,11,momentum_dual_90_180,Dual Momentum 90/180,21,10,47.62,28.34,13.79,5.81,6.29,-0.85,-33.88,-49.67,False
EWJ,Japan,12,momentum_dual_90_180,Dual Momentum 90/180,21,8,38.1,20.75,9.43,6.37,7.1,-2.48,-28.95,-49.67,False
EWJ,Japan,1,momentum_dual_180_365,Dual Momentum 180/365,137,3,2.19,0.75,0.25,0.76,0.86,-1.43,-11.12,-16.15,False
EWJ,Japan,2,momentum_dual_180_365,Dual Momentum 180/365,79,7,8.86,4.36,1.92,0.86,1.05,-2.73,-15.34,-28.03,False
EWJ,Japan,3,momentum_dual_180_365,Dual Momentum 180/365,59,7,11.86,5.87,2.58,2.8,2.98,-1.25,-12.4,-20.96,False
EWJ,Japan,4,momentum_dual_180_365,Dual Momentum 180/365,47,9,19.15,10.42,4.94,3.77,2.86,-3.18,-18.82,-28.31,False
EWJ,Japan,5,momentum_dual_180_365,Dual Momentum 180/365,39,10,25.64,14.57,7.12,2.99,2.94,-3.94,-13.81,-28.31,False
EWJ,Japan,6,momentum_dual_180_365,Dual Momentum 180/365,32,10,31.25,17.95,8.77,4.57,5.03,-3.01,-14.08,-28.31,False
EWJ,Japan,7,momentum_dual_180_365,Dual Momentum 180/365,30,8,26.67,14.18,6.47,2.79,4.64,-3.1,-16.32,-28.31,False
EWJ,Japan,8,momentum_dual_180_365,Dual Momentum 180/365,25,8,32.0,17.2,7.84,2.4,6.42,-4.76,-14.07,-28.31,False
EWJ,Japan,9,momentum_dual_180_365,Dual Momentum 180/365,25,10,40.0,23.4,11.41,7.17,6.5,-0.05,-15.27,-28.31,False
EWJ,Japan,10,momentum_dual_180_365,Dual Momentum 180/365,22,8,36.36,19.73,8.97,3.37,5.55,-7.45,-27.54,-30.04,False
EWJ,Japan,11,momentum_dual_180_365,Dual Momentum 180/365,21,10,47.62,28.34,13.79,9.06,9.46,-0.49,-33.6,-33.5,False
EWJ,Japan,12,momentum_dual_180_365,Dual Momentum 180/365,20,10,50.0,29.93,14.55,11.05,7.95,0.28,-19.34,-38.49,False
EWJ,Japan,1,momentum_rank_90,Top Relative Momentum 90,48,1,2.08,0.37,0.09,0.58,0.29,-1.49,-11.12,-16.15,False
EWJ,Japan,2,momentum_rank_90,Top Relative Momentum 90,33,3,9.09,3.14,1.06,-0.82,-0.03,-3.44,-15.1,-19.82,False
EWJ,Japan,3,momentum_rank_90,Top Relative Momentum 90,28,1,3.57,0.63,0.16,1.72,0.42,-3.62,-17.66,-19.82,False
EWJ,Japan,4,momentum_rank_90,Top Relative Momentum 90,23,4,17.39,6.98,2.57,2.09,0.48,-6.93,-21.99,-21.89,False
EWJ,Japan,5,momentum_rank_90,Top Relative Momentum 90,21,3,14.29,4.98,1.68,1.56,0.87,-4.03,-21.54,-27.0,False
EWJ,Japan,6,momentum_rank_90,Top Relative Momentum 90,21,5,23.81,10.63,4.18,4.53,0.93,-9.65,-22.02,-28.31,False
EWJ,Japan,7,momentum_rank_90,Top Relative Momentum 90,21,8,38.1,20.75,9.43,4.42,1.9,-6.5,-21.73,-28.31,False
EWJ,Japan,8,momentum_rank_90,Top Relative Momentum 90,20,7,35.0,18.12,7.89,5.59,1.58,-5.19,-29.26,-29.16,False
EWJ,Japan,9,momentum_rank_90,Top Relative Momentum 90,20,9,45.0,25.82,12.15,6.01,3.14,-1.43,-27.91,-34.98,False
EWJ,Japan,10,momentum_rank_90,Top Relative Momentum 90,16,7,43.75,23.1,10.01,8.88,6.55,-0.16,-27.88,-28.44,False
EWJ,Japan,11,momentum_rank_90,Top Relative Momentum 90,15,5,33.33,15.18,5.93,6.76,4.46,-2.45,-26.54,-30.67,False
EWJ,Japan,12,momentum_rank_90,Top Relative Momentum 90,14,6,42.86,21.38,8.81,6.42,4.65,-3.42,-23.21,-30.67,False
EWJ,Japan,1,momentum,Top Relative Momentum 180,29,1,3.45,0.61,0.16,1.22,0.14,-3.48,-8.64,-14.29,False
EWJ,Japan,2,momentum,Top Relative Momentum 180,20,1,5.0,0.89,0.23,-1.42,-0.81,-5.04,-9.75,-19.82,False
EWJ,Japan,3,momentum,Top Relative Momentum 180,19,2,10.53,2.94,0.88,0.67,1.37,-5.04,-11.64,-20.96,False
EWJ,Japan,4,momentum,Top Relative Momentum 180,15,3,20.0,7.05,2.36,-3.4,0.01,-5.49,-18.82,-28.31,False
EWJ,Japan,5,momentum,Top Relative Momentum 180,15,2,13.33,3.74,1.12,-2.08,-0.07,-9.35,-13.81,-28.31,False
EWJ,Japan,6,momentum,Top Relative Momentum 180,14,5,35.71,16.34,6.37,-4.13,1.57,-6.94,-15.0,-28.31,False
EWJ,Japan,7,momentum,Top Relative Momentum 180,12,3,25.0,8.89,2.97,-1.43,0.91,-7.06,-16.32,-28.31,False
EWJ,Japan,8,momentum,Top Relative Momentum 180,11,3,27.27,9.75,3.25,0.65,3.33,-4.66,-13.14,-28.31,False
EWJ,Japan,9,momentum,Top Relative Momentum 180,11,4,36.36,15.17,5.49,1.7,4.64,-4.39,-14.34,-28.31,False
EWJ,Japan,10,momentum,Top Relative Momentum 180,11,2,18.18,5.14,1.53,-0.92,3.2,-1.82,-19.89,-28.31,False
EWJ,Japan,11,momentum,Top Relative Momentum 180,11,3,27.27,9.75,3.25,0.94,0.95,-4.38,-33.6,-33.5,False
EWJ,Japan,12,momentum,Top Relative Momentum 180,10,2,20.0,5.67,1.69,2.5,1.59,-7.12,-32.33,-38.96,False
EWJ,Japan,1,momentum_rank_365,Top Relative Momentum 365,30,1,3.33,0.59,0.15,0.8,0.32,-3.08,-9.66,-12.41,False
EWJ,Japan,2,momentum_rank_365,Top Relative Momentum 365,22,2,9.09,2.53,0.76,1.98,0.58,-3.97,-10.01,-14.78,False
EWJ,Japan,3,momentum_rank_365,Top Relative Momentum 365,17,1,5.88,1.05,0.27,3.87,1.61,-3.75,-15.86,-18.37,False
EWJ,Japan,4,momentum_rank_365,Top Relative Momentum 365,15,3,20.0,7.05,2.36,1.54,2.0,-4.04,-12.44,-18.37,False
EWJ,Japan,5,momentum_rank_365,Top Relative Momentum 365,14,3,21.43,7.57,2.54,4.65,3.45,-4.66,-20.86,-22.22,False
EWJ,Japan,6,momentum_rank_365,Top Relative Momentum 365,13,5,38.46,17.71,6.89,4.98,4.06,-2.69,-19.35,-28.61,False
EWJ,Japan,7,momentum_rank_365,Top Relative Momentum 365,13,5,38.46,17.71,6.89,3.45,4.58,-1.0,-10.94,-28.61,False
EWJ,Japan,8,momentum_rank_365,Top Relative Momentum 365,13,3,23.08,8.18,2.74,4.26,4.39,0.04,-13.87,-28.61,False
EWJ,Japan,9,momentum_rank_365,Top Relative Momentum 365,12,5,41.67,19.33,7.5,8.81,5.18,-3.41,-19.27,-28.61,False
EWJ,Japan,10,momentum_rank_365,Top Relative Momentum 365,11,4,36.36,15.17,5.49,8.48,4.42,-3.02,-23.48,-28.61,False
EWJ,Japan,11,momentum_rank_365,Top Relative Momentum 365,11,4,36.36,15.17,5.49,8.68,5.22,-1.1,-28.96,-30.17,False
EWJ,Japan,12,momentum_rank_365,Top Relative Momentum 365,9,2,22.22,6.32,1.88,5.39,2.71,-5.37,-32.21,-36.88,False
EWJ,Japan,1,momentum_composite,Composite Momentum,27,1,3.7,0.66,0.17,0.59,0.25,-2.64,-8.64,-14.29,False
EWJ,Japan,2,momentum_composite,Composite Momentum,17,2,11.76,3.29,0.99,-1.36,-0.23,-3.76,-9.75,-19.82,False
EWJ,Japan,3,momentum_composite,Composite Momentum,15,1,6.67,1.19,0.3,1.79,1.85,-2.37,-8.6,-19.82,False
EWJ,Japan,4,momentum_composite,Composite Momentum,13,3,23.08,8.18,2.74,3.18,1.07,-4.21,-18.82,-28.31,False
EWJ,Japan,5,momentum_composite,Composite Momentum,13,2,15.38,4.33,1.29,3.37,2.66,-6.8,-13.77,-28.31,False
EWJ,Japan,6,momentum_composite,Composite Momentum,12,4,33.33,13.81,5.01,2.94,3.45,-4.47,-11.48,-28.31,False
EWJ,Japan,7,momentum_composite,Composite Momentum,11,5,45.45,21.27,8.22,4.33,5.35,-2.53,-6.66,-28.31,False
EWJ,Japan,8,momentum_composite,Composite Momentum,9,3,33.33,12.06,3.99,7.93,7.81,0.65,-4.76,-28.31,False
EWJ,Japan,9,momentum_composite,Composite Momentum,9,5,55.56,26.66,10.2,11.29,8.25,1.7,-1.61,-28.31,False
EWJ,Japan,10,momentum_composite,Composite Momentum,9,3,33.33,12.06,3.99,8.48,7.15,-0.92,-2.54,-28.31,False
EWJ,Japan,11,momentum_composite,Composite Momentum,9,4,44.44,18.88,6.78,9.35,6.6,0.19,-6.62,-28.31,False
EWJ,Japan,12,momentum_composite,Composite Momentum,8,3,37.5,13.68,4.51,4.58,6.19,1.32,-8.83,-28.31,False
EWJ,Japan,1,drawdown_recovery_20,20% Drawdown Recovery,23,3,13.04,4.54,1.53,-1.18,0.44,-2.75,-12.56,-12.46,False
EWJ,Japan,2,drawdown_recovery_20,20% Drawdown Recovery,20,2,10.0,2.79,0.84,-1.18,-1.41,-7.33,-24.5,-26.38,False
EWJ,Japan,3,drawdown_recovery_20,20% Drawdown Recovery,18,2,11.11,3.1,0.93,-0.07,0.3,-8.55,-18.29,-28.66,False
EWJ,Japan,4,drawdown_recovery_20,20% Drawdown Recovery,15,3,20.0,7.05,2.36,-2.64,-0.91,-8.52,-20.55,-28.66,False
EWJ,Japan,5,drawdown_recovery_20,20% Drawdown Recovery,15,4,26.67,10.9,3.98,-1.06,0.63,-8.39,-27.43,-30.83,False
EWJ,Japan,6,drawdown_recovery_20,20% Drawdown Recovery,14,5,35.71,16.34,6.37,-0.18,0.73,-6.37,-32.61,-43.33,False
EWJ,Japan,7,drawdown_recovery_20,20% Drawdown Recovery,14,5,35.71,16.34,6.37,2.76,0.77,-10.77,-38.91,-43.33,False
EWJ,Japan,8,drawdown_recovery_20,20% Drawdown Recovery,12,4,33.33,13.81,5.01,2.05,0.92,-14.33,-33.0,-43.33,False
EWJ,Japan,9,drawdown_recovery_20,20% Drawdown Recovery,12,5,41.67,19.33,7.5,5.72,4.86,-8.74,-37.44,-43.33,False
EWJ,Japan,10,drawdown_recovery_20,20% Drawdown Recovery,12,4,33.33,13.81,5.01,5.85,5.44,-10.55,-46.34,-47.92,False
EWJ,Japan,11,drawdown_recovery_20,20% Drawdown Recovery,12,4,33.33,13.81,5.01,6.8,6.23,-10.58,-38.63,-49.67,False
EWJ,Japan,12,drawdown_recovery_20,20% Drawdown Recovery,11,5,45.45,21.27,8.22,5.77,6.45,-14.87,-34.78,-49.67,False
EWJ,Japan,1,drawdown_recovery,25% Drawdown Recovery,10,1,10.0,1.79,0.45,-2.19,-1.44,-4.62,-12.56,-12.46,False
EWJ,Japan,2,drawdown_recovery,25% Drawdown Recovery,9,1,11.11,1.99,0.5,-1.68,-1.78,-9.54,-24.5,-26.38,False
EWJ,Japan,3,drawdown_recovery,25% Drawdown Recovery,9,0,0.0,0.0,0.0,-0.0,-2.23,-13.39,-18.29,-28.66,False
EWJ,Japan,4,drawdown_recovery,25% Drawdown Recovery,9,2,22.22,6.32,1.88,-2.64,-1.77,-7.99,-20.55,-28.66,False
EWJ,Japan,5,drawdown_recovery,25% Drawdown Recovery,7,2,28.57,8.22,2.43,-3.32,-3.15,-12.68,-27.43,-30.83,False
EWJ,Japan,6,drawdown_recovery,25% Drawdown Recovery,7,3,42.86,15.82,5.18,-2.06,-2.06,-14.55,-27.08,-30.83,False
EWJ,Japan,7,drawdown_recovery,25% Drawdown Recovery,7,3,42.86,15.82,5.18,4.72,-2.47,-19.73,-31.68,-31.58,False
EWJ,Japan,8,drawdown_recovery,25% Drawdown Recovery,7,3,42.86,15.82,5.18,5.04,3.12,-8.54,-33.0,-34.93,False
EWJ,Japan,9,drawdown_recovery,25% Drawdown Recovery,7,3,42.86,15.82,5.18,0.55,3.8,-10.61,-37.44,-38.94,False
EWJ,Japan,10,drawdown_recovery,25% Drawdown Recovery,7,2,28.57,8.22,2.43,0.44,3.33,-11.71,-28.3,-42.7,False
EWJ,Japan,11,drawdown_recovery,25% Drawdown Recovery,7,2,28.57,8.22,2.43,4.2,4.23,-9.96,-31.61,-42.7,False
EWJ,Japan,12,drawdown_recovery,25% Drawdown Recovery,6,3,50.0,18.76,6.09,9.29,9.2,-8.64,-26.12,-42.7,False
EWJ,Japan,1,drawdown_recovery_30,30% Drawdown Recovery,14,2,14.29,4.01,1.2,-1.0,0.65,-2.8,-12.56,-12.46,False
EWJ,Japan,2,drawdown_recovery_30,30% Drawdown Recovery,13,2,15.38,4.33,1.29,-1.68,-1.96,-11.24,-24.5,-26.38,False
EWJ,Japan,3,drawdown_recovery_30,30% Drawdown Recovery,11,2,18.18,5.14,1.53,-0.0,1.25,-7.06,-18.29,-28.66,False
EWJ,Japan,4,drawdown_recovery_30,30% Drawdown Recovery,9,2,22.22,6.32,1.88,-2.64,0.22,-7.99,-20.55,-28.66,False
EWJ,Japan,5,drawdown_recovery_30,30% Drawdown Recovery,8,2,25.0,7.15,2.12,-1.51,0.28,-7.98,-27.43,-30.83,False
EWJ,Japan,6,drawdown_recovery_30,30% Drawdown Recovery,8,3,37.5,13.68,4.51,-0.18,0.71,-10.02,-27.08,-30.83,False
EWJ,Japan,7,drawdown_recovery_30,30% Drawdown Recovery,8,3,37.5,13.68,4.51,2.76,0.86,-14.75,-27.17,-31.8,False
EWJ,Japan,8,drawdown_recovery_30,30% Drawdown Recovery,7,3,42.86,15.82,5.18,5.04,0.69,-20.69,-33.0,-34.93,False
EWJ,Japan,9,drawdown_recovery_30,30% Drawdown Recovery,7,3,42.86,15.82,5.18,0.55,5.22,-9.75,-37.44,-38.94,False
EWJ,Japan,10,drawdown_recovery_30,30% Drawdown Recovery,7,2,28.57,8.22,2.43,0.44,6.88,-11.73,-28.3,-42.7,False
EWJ,Japan,11,drawdown_recovery_30,30% Drawdown Recovery,7,2,28.57,8.22,2.43,4.2,5.29,-11.32,-31.61,-42.7,False
EWJ,Japan,12,drawdown_recovery_30,30% Drawdown Recovery,7,3,42.86,15.82,5.18,5.14,6.48,-14.87,-26.12,-42.7,False
EWJ,Japan,1,drawdown_recovery_40,40% Drawdown Recovery,7,1,14.29,2.57,0.65,0.5,-0.13,-3.74,-12.56,-12.46,False
EWJ,Japan,2,drawdown_recovery_40,40% Drawdown Recovery,6,2,33.33,9.68,2.84,-3.24,-3.49,-12.35,-24.5,-26.38,False
EWJ,Japan,3,drawdown_recovery_40,40% Drawdown Recovery,5,1,20.0,3.62,0.91,-0.0,0.6,-4.08,-13.39,-28.66,False
EWJ,Japan,4,drawdown_recovery_40,40% Drawdown Recovery,4,0,0.0,0.0,0.0,-4.62,-3.75,-6.95,-7.99,-28.66,False
EWJ,Japan,5,drawdown_recovery_40,40% Drawdown Recovery,4,1,25.0,4.56,1.14,-1.51,1.09,-3.94,-5.82,-28.66,False
EWJ,Japan,6,drawdown_recovery_40,40% Drawdown Recovery,4,1,25.0,4.56,1.14,-0.18,2.52,-3.13,-6.33,-28.66,False
EWJ,Japan,7,drawdown_recovery_40,40% Drawdown Recovery,4,1,25.0,4.56,1.14,2.76,0.85,-2.47,-12.3,-28.66,False
EWJ,Japan,8,drawdown_recovery_40,40% Drawdown Recovery,3,1,33.33,6.15,1.53,5.04,5.78,-2.42,-9.88,-28.66,False
EWJ,Japan,9,drawdown_recovery_40,40% Drawdown Recovery,3,1,33.33,6.15,1.53,0.55,5.64,-5.62,-11.79,-28.66,False
EWJ,Japan,10,drawdown_recovery_40,40% Drawdown Recovery,3,1,33.33,6.15,1.53,0.44,6.4,-6.82,-14.08,-28.66,False
EWJ,Japan,11,drawdown_recovery_40,40% Drawdown Recovery,3,1,33.33,6.15,1.53,4.2,9.68,-4.3,-12.81,-28.66,False
EWJ,Japan,12,drawdown_recovery_40,40% Drawdown Recovery,3,1,33.33,6.15,1.53,5.14,9.8,-5.93,-17.0,-29.15,False
EWJ,Japan,1,rsi14_recovery,RSI 14 Recovery,46,2,4.35,1.2,0.36,0.34,0.62,-1.67,-11.21,-13.88,False
EWJ,Japan,2,rsi14_recovery,RSI 14 Recovery,39,2,5.13,1.42,0.43,1.47,0.61,-4.44,-23.64,-23.54,False
EWJ,Japan,3,rsi14_recovery,RSI 14 Recovery,37,9,24.32,13.36,6.33,3.41,3.53,-0.1,-22.43,-23.54,False
EWJ,Japan,4,rsi14_recovery,RSI 14 Recovery,32,7,21.88,11.02,4.83,3.69,3.98,-2.54,-13.23,-24.44,False
EWJ,Japan,5,rsi14_recovery,RSI 14 Recovery,30,10,33.33,19.23,9.39,5.97,5.13,-3.81,-19.56,-24.44,False
EWJ,Japan,6,rsi14_recovery,RSI 14 Recovery,27,9,33.33,18.64,8.81,5.15,5.62,-1.31,-22.78,-29.91,False
EWJ,Japan,7,rsi14_recovery,RSI 14 Recovery,26,9,34.62,19.41,9.17,7.2,7.06,-1.88,-31.68,-31.58,False
EWJ,Japan,8,rsi14_recovery,RSI 14 Recovery,22,6,27.27,13.15,5.47,5.01,6.97,-1.71,-11.07,-31.58,False
EWJ,Japan,9,rsi14_recovery,RSI 14 Recovery,19,6,31.58,15.36,6.38,4.27,8.06,-3.84,-15.27,-31.58,False
EWJ,Japan,10,rsi14_recovery,RSI 14 Recovery,18,5,27.78,12.5,4.9,4.12,10.2,-3.95,-19.89,-31.58,False
EWJ,Japan,11,rsi14_recovery,RSI 14 Recovery,17,8,47.06,26.16,11.84,6.62,10.35,-0.85,-24.71,-31.58,False
EWJ,Japan,12,rsi14_recovery,RSI 14 Recovery,17,7,41.18,21.61,9.38,9.19,7.97,-4.15,-35.66,-44.93,False
EWJ,Japan,1,rsi28_recovery,RSI 28 Recovery,25,1,4.0,0.71,0.18,0.24,-0.53,-4.08,-11.12,-13.88,False
EWJ,Japan,2,rsi28_recovery,RSI 28 Recovery,24,1,4.17,0.74,0.19,-1.17,-1.87,-7.99,-23.64,-23.54,False
EWJ,Japan,3,rsi28_recovery,RSI 28 Recovery,23,1,4.35,0.77,0.2,2.95,0.25,-7.21,-22.43,-23.54,False
EWJ,Japan,4,rsi28_recovery,RSI 28 Recovery,23,5,21.74,9.66,3.81,-1.31,1.77,-4.55,-15.57,-25.36,False
EWJ,Japan,5,rsi28_recovery,RSI 28 Recovery,21,5,23.81,10.63,4.18,-1.25,1.51,-7.89,-19.56,-26.49,False
EWJ,Japan,6,rsi28_recovery,RSI 28 Recovery,20,6,30.0,14.55,6.04,4.39,3.24,-7.79,-22.02,-26.49,False
EWJ,Japan,7,rsi28_recovery,RSI 28 Recovery,20,6,30.0,14.55,6.04,1.23,3.61,-5.65,-22.1,-31.8,False
EWJ,Japan,8,rsi28_recovery,RSI 28 Recovery,19,7,36.84,19.15,8.34,4.56,6.07,-3.08,-31.5,-33.43,False
EWJ,Japan,9,rsi28_recovery,RSI 28 Recovery,18,8,44.44,24.56,11.13,7.58,8.44,-1.6,-27.91,-34.98,False
EWJ,Japan,10,rsi28_recovery,RSI 28 Recovery,18,9,50.0,29.03,13.64,9.78,9.5,-3.15,-18.61,-34.98,False
EWJ,Japan,11,rsi28_recovery,RSI 28 Recovery,18,10,55.56,33.72,16.36,10.66,9.45,-1.36,-23.01,-34.98,False
EWJ,Japan,12,rsi28_recovery,RSI 28 Recovery,16,7,43.75,23.1,10.01,8.83,8.1,-3.49,-27.84,-34.98,False
EWJ,Japan,1,bollinger_recovery,Bollinger Recovery,29,1,3.45,0.61,0.16,0.44,-0.22,-3.15,-11.12,-13.88,False
EWJ,Japan,2,bollinger_recovery,Bollinger Recovery,27,2,7.41,2.06,0.62,-0.22,-0.33,-6.09,-23.64,-23.54,False
EWJ,Japan,3,bollinger_recovery,Bollinger Recovery,27,4,14.81,5.92,2.18,3.61,1.98,-3.82,-22.43,-23.54,False
EWJ,Japan,4,bollinger_recovery,Bollinger Recovery,24,6,25.0,12.0,5.0,0.77,2.54,-2.44,-16.96,-25.36,False
EWJ,Japan,5,bollinger_recovery,Bollinger Recovery,22,5,22.73,10.12,3.98,-2.03,2.11,-6.77,-13.81,-25.36,False
EWJ,Japan,6,bollinger_recovery,Bollinger Recovery,21,7,33.33,17.19,7.5,1.84,2.55,-9.76,-16.99,-25.6,False
EWJ,Japan,7,bollinger_recovery,Bollinger Recovery,20,6,30.0,14.55,6.04,0.97,3.75,-7.32,-18.94,-25.36,False
EWJ,Japan,8,bollinger_recovery,Bollinger Recovery,19,5,26.32,11.81,4.63,3.67,3.65,-5.44,-24.5,-30.83,False
EWJ,Japan,9,bollinger_recovery,Bollinger Recovery,18,8,44.44,24.56,11.13,6.52,6.64,-0.97,-26.8,-30.83,False
EWJ,Japan,10,bollinger_recovery,Bollinger Recovery,16,9,56.25,33.18,15.54,13.36,9.46,-2.17,-22.53,-43.33,False
EWJ,Japan,11,bollinger_recovery,Bollinger Recovery,15,8,53.33,30.12,13.58,12.97,7.67,0.1,-31.88,-43.33,False
EWJ,Japan,12,bollinger_recovery,Bollinger Recovery,14,7,50.0,26.8,11.57,11.86,7.55,2.67,-42.73,-48.06,False
EWJ,Japan,1,low_vol_trend,Low-Volatility Trend,104,4,3.85,1.51,0.56,0.55,0.51,-1.48,-10.44,-16.15,False
EWJ,Japan,2,low_vol_trend,Low-Volatility Trend,62,5,8.06,3.49,1.39,0.21,0.59,-2.48,-15.34,-28.03,False
EWJ,Japan,3,low_vol_trend,Low-Volatility Trend,50,5,10.0,4.35,1.72,1.94,1.39,-2.39,-16.72,-28.03,False
EWJ,Japan,4,low_vol_trend,Low-Volatility Trend,41,8,19.51,10.23,4.68,2.84,2.6,-3.43,-25.46,-28.03,False
EWJ,Japan,5,low_vol_trend,Low-Volatility Trend,34,8,23.53,12.44,5.68,3.29,3.31,-3.65,-33.01,-43.33,False
EWJ,Japan,6,low_vol_trend,Low-Volatility Trend,30,8,26.67,14.18,6.47,3.56,2.94,-5.31,-36.64,-43.33,False
EWJ,Japan,7,low_vol_trend,Low-Volatility Trend,27,7,25.93,13.17,5.76,6.1,5.18,-2.38,-28.2,-43.33,False
EWJ,Japan,8,low_vol_trend,Low-Volatility Trend,26,9,34.62,19.41,9.17,6.21,5.71,-2.69,-37.16,-43.33,False
EWJ,Japan,9,low_vol_trend,Low-Volatility Trend,24,8,33.33,17.97,8.18,5.69,5.83,-0.77,-47.17,-48.06,False
EWJ,Japan,10,low_vol_trend,Low-Volatility Trend,21,11,52.38,32.37,16.22,10.39,8.2,-2.54,-37.76,-49.67,False
EWJ,Japan,11,low_vol_trend,Low-Volatility Trend,21,9,42.86,24.47,11.53,7.62,6.58,-6.62,-33.88,-49.67,False
EWJ,Japan,12,low_vol_trend,Low-Volatility Trend,21,9,42.86,24.47,11.53,8.4,7.4,-5.37,-28.95,-49.67,False
EWJ,Japan,1,vol_contraction_trend,Volatility Contraction Trend,52,2,3.85,1.06,0.32,0.59,1.14,-0.49,-9.39,-11.67,False
EWJ,Japan,2,vol_contraction_trend,Volatility Contraction Trend,42,2,4.76,1.32,0.4,1.15,0.83,-0.8,-15.1,-16.8,False
EWJ,Japan,3,vol_contraction_trend,Volatility Contraction Trend,36,2,5.56,1.54,0.46,2.3,1.26,-2.03,-17.66,-18.7,False
EWJ,Japan,4,vol_contraction_trend,Volatility Contraction Trend,29,3,10.34,3.58,1.21,3.35,1.46,-1.57,-25.46,-26.77,False
EWJ,Japan,5,vol_contraction_trend,Volatility Contraction Trend,27,4,14.81,5.92,2.18,3.57,1.94,-0.76,-33.01,-43.33,False
EWJ,Japan,6,vol_contraction_trend,Volatility Contraction Trend,25,6,24.0,11.5,4.79,3.6,1.24,-3.92,-36.64,-43.33,False
EWJ,Japan,7,vol_contraction_trend,Volatility Contraction Trend,25,5,20.0,8.86,3.49,2.37,1.21,-5.22,-28.2,-43.33,False
EWJ,Japan,8,vol_contraction_trend,Volatility Contraction Trend,24,6,25.0,12.0,5.0,2.17,1.53,-8.61,-37.16,-43.33,False
EWJ,Japan,9,vol_contraction_trend,Volatility Contraction Trend,22,6,27.27,13.15,5.47,6.64,2.49,-6.03,-47.17,-48.06,False
EWJ,Japan,10,vol_contraction_trend,Volatility Contraction Trend,20,7,35.0,18.12,7.89,7.49,3.81,-3.24,-37.76,-49.67,False
EWJ,Japan,11,vol_contraction_trend,Volatility Contraction Trend,19,7,36.84,19.15,8.34,4.6,2.86,-11.16,-33.88,-49.67,False
EWJ,Japan,12,vol_contraction_trend,Volatility Contraction Trend,19,7,36.84,19.15,8.34,1.78,3.18,-8.26,-28.95,-49.67,False
EWJ,Japan,1,breadth_trend,Broad-Market Trend,149,3,2.01,0.69,0.23,0.76,0.87,-1.36,-10.44,-16.15,False
EWJ,Japan,2,breadth_trend,Broad-Market Trend,87,6,6.9,3.2,1.34,1.66,1.21,-1.54,-15.34,-28.03,False
EWJ,Japan,3,breadth_trend,Broad-Market Trend,66,8,12.12,6.27,2.87,2.3,1.88,-2.0,-16.72,-28.03,False
EWJ,Japan,4,breadth_trend,Broad-Market Trend,50,10,20.0,11.24,5.5,3.31,2.71,-3.14,-25.46,-28.03,False
EWJ,Japan,5,breadth_trend,Broad-Market Trend,44,12,27.27,16.35,8.44,3.92,3.36,-2.87,-33.01,-43.33,False
EWJ,Japan,6,breadth_trend,Broad-Market Trend,37,11,29.73,17.49,8.8,3.7,3.76,-2.87,-36.64,-43.33,False
EWJ,Japan,7,breadth_trend,Broad-Market Trend,34,9,26.47,14.6,6.91,5.09,3.92,-5.05,-28.2,-43.33,False
EWJ,Japan,8,breadth_trend,Broad-Market Trend,32,11,34.38,20.41,10.26,1.45,5.26,-1.76,-37.16,-43.33,False
EWJ,Japan,9,breadth_trend,Broad-Market Trend,28,10,35.71,20.71,10.11,7.02,5.29,0.02,-47.17,-48.06,False
EWJ,Japan,10,breadth_trend,Broad-Market Trend,26,11,42.31,25.54,12.83,7.38,6.14,-2.9,-37.76,-49.67,False
EWJ,Japan,11,breadth_trend,Broad-Market Trend,24,9,37.5,21.16,9.99,3.95,4.75,-6.56,-33.88,-49.67,False
EWJ,Japan,12,breadth_trend,Broad-Market Trend,22,10,45.45,26.92,13.11,7.26,5.56,-4.62,-28.95,-49.67,False
EWL,Switzerland,1,buy_hold,Buy & Hold Benchmark,265,4,1.51,0.59,0.22,1.06,0.81,-2.06,-16.22,-25.48,False
EWL,Switzerland,2,buy_hold,Buy & Hold Benchmark,139,9,6.47,3.44,1.64,1.92,0.89,-2.85,-20.46,-30.4,False
EWL,Switzerland,3,buy_hold,Buy & Hold Benchmark,106,13,12.26,7.31,3.86,2.53,1.68,-3.09,-30.27,-37.86,False
EWL,Switzerland,4,buy_hold,Buy & Hold Benchmark,77,15,19.48,12.18,6.69,3.7,2.46,-2.55,-27.25,-31.05,False
EWL,Switzerland,5,buy_hold,Buy & Hold Benchmark,63,14,22.22,13.72,7.4,3.34,3.14,-3.85,-32.23,-37.86,False
EWL,Switzerland,6,buy_hold,Buy & Hold Benchmark,53,18,33.96,22.69,13.12,5.72,5.0,-1.29,-33.71,-40.22,False
EWL,Switzerland,7,buy_hold,Buy & Hold Benchmark,46,13,28.26,17.32,9.15,3.44,4.46,-3.28,-40.2,-44.8,False
EWL,Switzerland,8,buy_hold,Buy & Hold Benchmark,40,14,35.0,22.13,11.95,4.48,5.31,-2.0,-39.48,-44.67,False
EWL,Switzerland,9,buy_hold,Buy & Hold Benchmark,36,14,38.89,24.78,13.38,8.61,6.79,-3.58,-26.69,-38.82,False
EWL,Switzerland,10,buy_hold,Buy & Hold Benchmark,33,15,45.45,29.84,16.45,9.35,7.8,-2.44,-40.31,-45.38,False
EWL,Switzerland,11,buy_hold,Buy & Hold Benchmark,30,13,43.33,27.38,14.46,7.51,7.2,-0.25,-37.42,-45.38,False
EWL,Switzerland,12,buy_hold,Buy & Hold Benchmark,28,18,64.29,45.83,26.7,11.71,8.33,2.37,-39.33,-46.95,False
EWL,Switzerland,1,trend_price_sma100,Price above SMA 100,179,1,0.56,0.1,0.03,0.97,0.72,-1.28,-12.47,-18.48,False
EWL,Switzerland,2,trend_price_sma100,Price above SMA 100,107,5,4.67,2.01,0.8,1.14,0.66,-2.75,-23.18,-27.8,False
EWL,Switzerland,3,trend_price_sma100,Price above SMA 100,79,8,10.13,5.22,2.39,2.56,1.84,-2.76,-22.75,-31.05,False
EWL,Switzerland,4,trend_price_sma100,Price above SMA 100,63,12,19.05,11.25,5.8,4.01,3.01,-1.34,-24.54,-33.36,False
EWL,Switzerland,5,trend_price_sma100,Price above SMA 100,54,13,24.07,14.64,7.73,4.57,3.22,-2.99,-28.96,-38.03,False
EWL,Switzerland,6,trend_price_sma100,Price above SMA 100,44,12,27.27,16.35,8.44,5.27,4.28,-1.45,-37.72,-44.67,False
EWL,Switzerland,7,trend_price_sma100,Price above SMA 100,41,16,39.02,25.66,14.39,5.18,4.38,-5.28,-29.55,-38.82,False
EWL,Switzerland,8,trend_price_sma100,Price above SMA 100,36,15,41.67,27.14,14.95,7.2,6.54,-1.51,-27.52,-35.26,False
EWL,Switzerland,9,trend_price_sma100,Price above SMA 100,31,13,41.94,26.42,13.96,8.21,6.51,-1.87,-24.4,-31.05,False
EWL,Switzerland,10,trend_price_sma100,Price above SMA 100,28,13,46.43,29.53,15.6,7.72,7.95,-0.76,-11.5,-31.05,False
EWL,Switzerland,11,trend_price_sma100,Price above SMA 100,27,13,48.15,30.74,16.24,9.82,6.77,-0.87,-49.17,-49.45,False
EWL,Switzerland,12,trend_price_sma100,Price above SMA 100,25,12,48.0,30.03,15.48,9.86,7.49,-2.72,-24.88,-39.14,False
EWL,Switzerland,1,trend_price_sma200,Price above SMA 200,186,0,0.0,0.0,0.0,0.97,0.74,-1.59,-12.47,-18.48,False
EWL,Switzerland,2,trend_price_sma200,Price above SMA 200,107,5,4.67,2.01,0.8,1.78,0.9,-2.38,-23.18,-27.8,False
EWL,Switzerland,3,trend_price_sma200,Price above SMA 200,81,8,9.88,5.09,2.33,2.65,1.47,-2.46,-20.98,-31.05,False
EWL,Switzerland,4,trend_price_sma200,Price above SMA 200,64,10,15.62,8.71,4.27,4.1,2.66,-1.36,-24.66,-30.08,False
EWL,Switzerland,5,trend_price_sma200,Price above SMA 200,51,13,25.49,15.55,8.21,4.6,3.33,-4.01,-22.78,-31.05,False
EWL,Switzerland,6,trend_price_sma200,Price above SMA 200,43,15,34.88,22.42,12.34,4.32,3.37,-4.12,-23.04,-30.08,False
EWL,Switzerland,7,trend_price_sma200,Price above SMA 200,41,16,39.02,25.66,14.39,4.37,4.41,-2.16,-40.2,-44.8,False
EWL,Switzerland,8,trend_price_sma200,Price above SMA 200,36,13,36.11,22.48,11.87,4.79,6.3,-1.6,-39.48,-44.67,False
EWL,Switzerland,9,trend_price_sma200,Price above SMA 200,32,12,37.5,22.93,11.83,8.84,6.14,-3.58,-29.36,-45.38,False
EWL,Switzerland,10,trend_price_sma200,Price above SMA 200,29,14,48.28,31.39,16.95,7.64,7.16,-5.78,-19.98,-31.05,False
EWL,Switzerland,11,trend_price_sma200,Price above SMA 200,27,13,48.15,30.74,16.24,9.82,5.56,-3.54,-49.17,-49.45,False
EWL,Switzerland,12,trend_price_sma200,Price above SMA 200,26,13,50.0,32.06,16.93,10.15,7.12,-2.53,-27.83,-49.54,False
EWL,Switzerland,1,trend,SMA 50/200 + Momentum,79,0,0.0,0.0,0.0,0.97,0.78,-1.05,-12.47,-18.48,False
EWL,Switzerland,2,trend,SMA 50/200 + Momentum,51,2,3.92,1.08,0.33,1.87,0.52,-1.21,-31.15,-31.05,False
EWL,Switzerland,3,trend,SMA 50/200 + Momentum,41,3,7.32,2.52,0.85,2.44,2.05,-1.6,-20.66,-31.05,False
EWL,Switzerland,4,trend,SMA 50/200 + Momentum,33,9,27.27,15.07,7.13,3.97,2.04,-2.24,-24.66,-30.08,False
EWL,Switzerland,5,trend,SMA 50/200 + Momentum,29,7,24.14,12.22,5.35,3.42,2.7,-1.08,-22.78,-31.05,False
EWL,Switzerland,6,trend,SMA 50/200 + Momentum,27,6,22.22,10.61,4.43,6.6,4.4,-1.05,-21.02,-30.08,False
EWL,Switzerland,7,trend,SMA 50/200 + Momentum,25,11,44.0,26.67,13.39,3.92,7.05,-0.85,-19.23,-33.36,False
EWL,Switzerland,8,trend,SMA 50/200 + Momentum,22,9,40.91,23.26,10.96,7.81,8.5,1.37,-22.9,-33.36,False
EWL,Switzerland,9,trend,SMA 50/200 + Momentum,18,6,33.33,16.28,6.75,7.9,7.75,4.53,-28.38,-33.36,False
EWL,Switzerland,10,trend,SMA 50/200 + Momentum,17,8,47.06,26.16,11.84,9.61,8.79,-1.35,-23.48,-33.11,False
EWL,Switzerland,11,trend,SMA 50/200 + Momentum,17,8,47.06,26.16,11.84,8.54,9.06,1.94,-17.28,-33.11,False
EWL,Switzerland,12,trend,SMA 50/200 + Momentum,16,8,50.0,28.0,12.65,8.48,11.04,4.22,-15.48,-33.11,False
EWL,Switzerland,1,trend_sma100_200,SMA 100/200,149,0,0.0,0.0,0.0,0.96,0.58,-1.46,-12.47,-18.48,False
EWL,Switzerland,2,trend_sma100_200,SMA 100/200,85,4,4.71,1.84,0.68,0.76,0.32,-3.18,-19.28,-27.8,False
EWL,Switzerland,3,trend_sma100_200,SMA 100/200,69,6,8.7,4.05,1.7,2.03,1.85,-3.17,-15.35,-31.05,False
EWL,Switzerland,4,trend_sma100_200,SMA 100/200,52,12,23.08,13.72,7.08,4.2,2.19,-3.72,-24.66,-30.08,False
EWL,Switzerland,5,trend_sma100_200,SMA 100/200,45,12,26.67,15.96,8.24,4.78,3.14,-1.08,-23.05,-31.05,False
EWL,Switzerland,6,trend_sma100_200,SMA 100/200,39,8,20.51,10.78,4.93,3.51,3.45,-1.43,-21.02,-30.22,False
EWL,Switzerland,7,trend_sma100_200,SMA 100/200,35,12,34.29,20.83,10.75,6.11,4.41,-2.86,-16.88,-33.36,False
EWL,Switzerland,8,trend_sma100_200,SMA 100/200,32,15,46.88,30.87,17.01,7.81,6.73,-2.96,-19.2,-33.36,False
EWL,Switzerland,9,trend_sma100_200,SMA 100/200,28,14,50.0,32.63,17.63,9.26,7.24,-1.25,-21.1,-33.36,False
EWL,Switzerland,10,trend_sma100_200,SMA 100/200,24,11,45.83,27.89,14.0,8.21,7.03,-3.2,-24.45,-31.46,False
EWL,Switzerland,11,trend_sma100_200,SMA 100/200,24,12,50.0,31.43,16.19,7.26,6.45,-4.76,-26.27,-34.15,False
EWL,Switzerland,12,trend_sma100_200,SMA 100/200,23,13,56.52,36.81,19.43,10.44,5.55,-3.19,-39.33,-46.95,False
EWL,Switzerland,1,trend_ema50_200,EMA 50/200,173,0,0.0,0.0,0.0,0.96,0.62,-1.68,-12.47,-18.48,False
EWL,Switzerland,2,trend_ema50_200,EMA 50/200,97,4,4.12,1.62,0.6,1.78,0.6,-2.78,-19.28,-27.8,False
EWL,Switzerland,3,trend_ema50_200,EMA 50/200,75,5,6.67,2.88,1.14,1.49,1.18,-2.44,-22.75,-31.05,False
EWL,Switzerland,4,trend_ema50_200,EMA 50/200,57,10,17.54,9.82,4.81,2.56,1.78,-2.71,-24.66,-30.08,False
EWL,Switzerland,5,trend_ema50_200,EMA 50/200,51,9,17.65,9.57,4.54,3.12,2.83,-2.03,-23.05,-31.05,False
EWL,Switzerland,6,trend_ema50_200,EMA 50/200,42,11,26.19,15.3,7.7,4.22,3.23,-2.69,-23.04,-30.22,False
EWL,Switzerland,7,trend_ema50_200,EMA 50/200,40,12,30.0,18.07,9.33,4.03,3.91,-1.16,-40.2,-44.8,False
EWL,Switzerland,8,trend_ema50_200,EMA 50/200,34,14,41.18,26.37,14.24,5.1,4.59,-2.1,-39.48,-44.67,False
EWL,Switzerland,9,trend_ema50_200,EMA 50/200,31,12,38.71,23.73,12.24,6.11,4.58,-5.07,-37.97,-44.8,False
EWL,Switzerland,10,trend_ema50_200,EMA 50/200,27,12,44.44,27.59,14.22,5.79,6.15,-1.99,-24.45,-31.05,False
EWL,Switzerland,11,trend_ema50_200,EMA 50/200,26,12,46.15,28.76,14.83,7.69,5.36,-2.19,-38.91,-49.65,False
EWL,Switzerland,12,trend_ema50_200,EMA 50/200,26,14,53.85,35.46,19.15,10.94,6.42,-1.97,-27.83,-49.54,False
EWL,Switzerland,1,trend_ema100_200,EMA 100/200,173,0,0.0,0.0,0.0,0.98,0.64,-1.79,-12.47,-18.48,False
EWL,Switzerland,2,trend_ema100_200,EMA 100/200,97,5,5.15,2.22,0.88,0.9,0.28,-3.18,-23.18,-27.8,False
EWL,Switzerland,3,trend_ema100_200,EMA 100/200,75,8,10.67,5.5,2.52,1.35,1.5,-2.5,-22.75,-31.05,False
EWL,Switzerland,4,trend_ema100_200,EMA 100/200,58,10,17.24,9.64,4.72,2.46,1.51,-3.01,-24.66,-30.08,False
EWL,Switzerland,5,trend_ema100_200,EMA 100/200,50,11,22.0,12.75,6.42,4.11,3.38,-2.76,-18.58,-31.05,False
EWL,Switzerland,6,trend_ema100_200,EMA 100/200,42,11,26.19,15.3,7.7,5.15,3.5,-1.21,-23.04,-30.08,False
EWL,Switzerland,7,trend_ema100_200,EMA 100/200,39,12,30.77,18.57,9.58,3.69,3.92,-0.82,-40.2,-44.8,False
EWL,Switzerland,8,trend_ema100_200,EMA 100/200,34,12,35.29,21.49,11.09,4.42,4.73,-2.04,-39.48,-44.67,False
EWL,Switzerland,9,trend_ema100_200,EMA 100/200,31,12,38.71,23.73,12.24,6.92,4.58,-4.94,-37.97,-44.8,False
EWL,Switzerland,10,trend_ema100_200,EMA 100/200,28,12,42.86,26.51,13.67,6.45,6.3,-3.65,-26.39,-39.14,False
EWL,Switzerland,11,trend_ema100_200,EMA 100/200,27,13,48.15,30.74,16.24,8.8,5.96,-5.93,-38.91,-49.65,False
EWL,Switzerland,12,trend_ema100_200,EMA 100/200,24,14,58.33,38.83,20.97,10.6,8.46,-0.99,-24.88,-39.14,False
EWL,Switzerland,1,trend_triple_ma,Triple Moving Average,95,0,0.0,0.0,0.0,0.84,0.54,-1.28,-9.23,-14.29,False
EWL,Switzerland,2,trend_triple_ma,Triple Moving Average,65,2,3.08,0.85,0.26,0.88,0.27,-2.71,-17.24,-19.63,False
EWL,Switzerland,3,trend_triple_ma,Triple Moving Average,55,6,10.91,5.1,2.14,2.55,1.64,-3.83,-22.75,-27.8,False
EWL,Switzerland,4,trend_triple_ma,Triple Moving Average,44,6,13.64,6.4,2.68,3.44,2.35,-2.67,-19.85,-33.36,False
EWL,Switzerland,5,trend_triple_ma,Triple Moving Average,38,8,21.05,11.07,5.06,3.14,2.23,-2.79,-23.05,-28.24,False
EWL,Switzerland,6,trend_triple_ma,Triple Moving Average,35,7,20.0,10.04,4.41,2.2,2.05,-2.65,-23.04,-33.36,False
EWL,Switzerland,7,trend_triple_ma,Triple Moving Average,33,12,36.36,22.19,11.45,3.05,4.08,-1.13,-21.28,-33.36,False
EWL,Switzerland,8,trend_triple_ma,Triple Moving Average,29,12,41.38,25.51,13.16,6.38,5.29,-4.29,-25.45,-33.36,False
EWL,Switzerland,9,trend_triple_ma,Triple Moving Average,25,12,48.0,30.03,15.48,8.82,6.78,-5.53,-29.36,-39.14,False
EWL,Switzerland,10,trend_triple_ma,Triple Moving Average,23,12,52.17,32.96,16.98,11.72,6.78,-4.07,-26.39,-39.14,False
EWL,Switzerland,11,trend_triple_ma,Triple Moving Average,23,12,52.17,32.96,16.98,10.43,4.6,-2.63,-27.16,-39.14,False
EWL,Switzerland,12,trend_triple_ma,Triple Moving Average,23,10,43.48,25.63,12.49,5.63,4.33,-5.38,-30.1,-40.58,False
EWL,Switzerland,1,trend_breakout_100,100-Day Range Breakout,31,0,0.0,0.0,0.0,-0.09,-0.11,-2.19,-6.53,-11.45,False
EWL,Switzerland,2,trend_breakout_100,100-Day Range Breakout,26,1,3.85,0.68,0.17,0.53,0.55,-2.81,-8.63,-14.93,False
EWL,Switzerland,3,trend_breakout_100,100-Day Range Breakout,25,1,4.0,0.71,0.18,0.28,0.3,-4.42,-22.75,-26.24,False
EWL,Switzerland,4,trend_breakout_100,100-Day Range Breakout,22,3,13.64,4.75,1.6,2.34,1.54,-2.97,-23.27,-26.24,False
EWL,Switzerland,5,trend_breakout_100,100-Day Range Breakout,20,4,20.0,8.07,2.96,3.45,3.36,-0.47,-16.86,-27.8,False
EWL,Switzerland,6,trend_breakout_100,100-Day Range Breakout,20,2,10.0,2.79,0.84,1.89,2.52,-1.61,-23.04,-27.8,False
EWL,Switzerland,7,trend_breakout_100,100-Day Range Breakout,18,3,16.67,5.84,1.96,3.12,2.56,-1.13,-21.28,-27.66,False
EWL,Switzerland,8,trend_breakout_100,100-Day Range Breakout,17,5,29.41,13.28,5.2,3.86,2.34,-3.92,-25.45,-33.36,False
EWL,Switzerland,9,trend_breakout_100,100-Day Range Breakout,16,4,25.0,10.18,3.72,5.96,3.43,0.06,-29.36,-39.14,False
EWL,Switzerland,10,trend_breakout_100,100-Day Range Breakout,15,5,33.33,15.18,5.93,5.11,3.77,-0.85,-26.39,-39.14,False
EWL,Switzerland,11,trend_breakout_100,100-Day Range Breakout,15,6,40.0,19.82,8.18,3.97,3.7,-2.22,-27.16,-39.14,False
EWL,Switzerland,12,trend_breakout_100,100-Day Range Breakout,15,7,46.67,24.81,10.74,4.22,3.87,-4.31,-30.1,-40.58,False
EWL,Switzerland,1,trend_breakout_200,200-Day Range Breakout,30,0,0.0,0.0,0.0,-0.19,-0.12,-2.2,-6.53,-11.45,False
EWL,Switzerland,2,trend_breakout_200,200-Day Range Breakout,25,1,4.0,0.71,0.18,0.76,0.56,-2.87,-8.63,-14.93,False
EWL,Switzerland,3,trend_breakout_200,200-Day Range Breakout,24,1,4.17,0.74,0.19,0.65,0.5,-4.42,-22.75,-26.24,False
EWL,Switzerland,4,trend_breakout_200,200-Day Range Breakout,21,3,14.29,4.98,1.68,2.39,1.77,-2.55,-23.27,-26.24,False
EWL,Switzerland,5,trend_breakout_200,200-Day Range Breakout,19,4,21.05,8.51,3.12,4.06,4.0,0.34,-16.86,-27.8,False
EWL,Switzerland,6,trend_breakout_200,200-Day Range Breakout,19,2,10.53,2.94,0.88,2.2,2.85,-0.69,-23.04,-27.8,False
EWL,Switzerland,7,trend_breakout_200,200-Day Range Breakout,17,3,17.65,6.19,2.08,3.69,2.69,-1.13,-21.28,-27.66,False
EWL,Switzerland,8,trend_breakout_200,200-Day Range Breakout,16,5,31.25,14.16,5.54,4.3,2.31,-4.95,-25.45,-33.36,False
EWL,Switzerland,9,trend_breakout_200,200-Day Range Breakout,15,5,33.33,15.18,5.93,6.11,3.96,-0.29,-29.36,-39.14,False
EWL,Switzerland,10,trend_breakout_200,200-Day Range Breakout,15,5,33.33,15.18,5.93,5.11,3.77,-0.85,-26.39,-39.14,False
EWL,Switzerland,11,trend_breakout_200,200-Day Range Breakout,15,6,40.0,19.82,8.18,3.97,3.7,-2.22,-27.16,-39.14,False
EWL,Switzerland,12,trend_breakout_200,200-Day Range Breakout,15,7,46.67,24.81,10.74,4.22,3.87,-4.31,-30.1,-40.58,False
EWL,Switzerland,1,momentum_90,90-Day Absolute Momentum,182,0,0.0,0.0,0.0,0.81,0.61,-1.29,-12.47,-18.48,False
EWL,Switzerland,2,momentum_90,90-Day Absolute Momentum,107,5,4.67,2.01,0.8,1.26,0.36,-2.77,-31.15,-31.05,False
EWL,Switzerland,3,momentum_90,90-Day Absolute Momentum,82,7,8.54,4.2,1.85,1.66,1.09,-3.34,-22.75,-31.05,False
EWL,Switzerland,4,momentum_90,90-Day Absolute Momentum,66,10,15.15,8.44,4.13,2.74,1.98,-3.32,-24.66,-30.08,False
EWL,Switzerland,5,momentum_90,90-Day Absolute Momentum,55,10,18.18,10.19,4.99,4.04,3.06,-1.06,-22.78,-31.05,False
EWL,Switzerland,6,momentum_90,90-Day Absolute Momentum,45,11,24.44,14.24,7.16,2.79,2.95,-3.97,-23.04,-40.22,False
EWL,Switzerland,7,momentum_90,90-Day Absolute Momentum,41,15,36.59,23.59,12.99,4.12,4.22,-3.08,-27.83,-44.67,False
EWL,Switzerland,8,momentum_90,90-Day Absolute Momentum,35,16,45.71,30.47,17.1,8.8,6.33,-1.64,-39.48,-44.67,False
EWL,Switzerland,9,momentum_90,90-Day Absolute Momentum,32,11,34.38,20.41,10.26,7.19,5.28,-2.58,-37.97,-44.8,False
EWL,Switzerland,10,momentum_90,90-Day Absolute Momentum,29,13,44.83,28.41,15.01,7.64,8.16,-1.81,-23.48,-33.11,False
EWL,Switzerland,11,momentum_90,90-Day Absolute Momentum,28,15,53.57,35.81,19.75,10.81,8.37,-1.85,-17.46,-31.05,False
EWL,Switzerland,12,momentum_90,90-Day Absolute Momentum,25,11,44.0,26.67,13.39,7.59,5.53,-5.98,-34.67,-49.65,False
EWL,Switzerland,1,momentum_180,180-Day Absolute Momentum,185,1,0.54,0.1,0.02,1.04,0.64,-1.7,-14.94,-18.48,False
EWL,Switzerland,2,momentum_180,180-Day Absolute Momentum,105,5,4.76,2.05,0.82,1.92,0.89,-2.4,-23.18,-27.8,False
EWL,Switzerland,3,momentum_180,180-Day Absolute Momentum,80,8,10.0,5.15,2.36,2.6,2.09,-2.31,-20.98,-31.05,False
EWL,Switzerland,4,momentum_180,180-Day Absolute Momentum,61,10,16.39,9.16,4.48,3.18,2.32,-2.24,-24.66,-30.08,False
EWL,Switzerland,5,momentum_180,180-Day Absolute Momentum,51,9,17.65,9.57,4.54,2.44,2.61,-2.15,-22.78,-31.05,False
EWL,Switzerland,6,momentum_180,180-Day Absolute Momentum,42,13,30.95,19.07,10.07,4.88,4.48,-0.95,-21.02,-30.08,False
EWL,Switzerland,7,momentum_180,180-Day Absolute Momentum,40,14,35.0,22.13,11.95,3.91,4.16,-2.2,-40.2,-44.8,False
EWL,Switzerland,8,momentum_180,180-Day Absolute Momentum,34,14,41.18,26.37,14.24,6.38,4.84,-4.71,-25.45,-33.36,False
EWL,Switzerland,9,momentum_180,180-Day Absolute Momentum,32,13,40.62,25.52,13.48,7.96,5.21,-3.46,-37.97,-44.8,False
EWL,Switzerland,10,momentum_180,180-Day Absolute Momentum,28,13,46.43,29.53,15.6,7.19,7.42,-3.12,-22.37,-31.05,False
EWL,Switzerland,11,momentum_180,180-Day Absolute Momentum,27,12,44.44,27.59,14.22,7.69,6.3,-2.25,-38.91,-49.65,False
EWL,Switzerland,12,momentum_180,180-Day Absolute Momentum,26,13,50.0,32.06,16.93,9.46,6.92,-1.11,-27.83,-49.54,False
EWL,Switzerland,1,momentum_270,270-Day Absolute Momentum,188,1,0.53,0.09,0.02,1.08,1.03,-1.36,-14.94,-18.48,False
EWL,Switzerland,2,momentum_270,270-Day Absolute Momentum,103,6,5.83,2.7,1.13,1.84,0.89,-2.85,-19.28,-27.8,False
EWL,Switzerland,3,momentum_270,270-Day Absolute Momentum,79,10,12.66,7.02,3.44,1.49,1.91,-2.39,-22.75,-31.05,False
EWL,Switzerland,4,momentum_270,270-Day Absolute Momentum,61,10,16.39,9.16,4.48,4.01,2.76,-2.55,-24.66,-30.08,False
EWL,Switzerland,5,momentum_270,270-Day Absolute Momentum,52,13,25.0,15.23,8.04,4.7,3.79,-3.37,-22.78,-31.05,False
EWL,Switzerland,6,momentum_270,270-Day Absolute Momentum,42,15,35.71,22.99,12.65,6.15,5.66,-1.93,-23.04,-30.08,False
EWL,Switzerland,7,momentum_270,270-Day Absolute Momentum,38,12,31.58,19.08,9.85,3.88,4.77,-3.05,-23.51,-33.36,False
EWL,Switzerland,8,momentum_270,270-Day Absolute Momentum,33,14,42.42,27.24,14.71,6.07,5.88,-1.39,-22.94,-33.36,False
EWL,Switzerland,9,momentum_270,270-Day Absolute Momentum,30,11,36.67,21.87,10.99,8.05,7.13,0.76,-29.36,-39.14,False
EWL,Switzerland,10,momentum_270,270-Day Absolute Momentum,28,13,46.43,29.53,15.6,6.36,7.35,-2.49,-35.73,-45.38,False
EWL,Switzerland,11,momentum_270,270-Day Absolute Momentum,25,13,52.0,33.5,17.69,12.33,8.5,0.78,-17.05,-31.05,False
EWL,Switzerland,12,momentum_270,270-Day Absolute Momentum,24,14,58.33,38.83,20.97,14.51,9.92,-0.71,-24.88,-39.14,False
EWL,Switzerland,1,momentum_365,365-Day Absolute Momentum,187,1,0.53,0.09,0.02,1.09,0.97,-1.51,-14.94,-18.48,False
EWL,Switzerland,2,momentum_365,365-Day Absolute Momentum,102,5,4.9,2.11,0.84,1.77,0.81,-3.21,-19.28,-27.8,False
EWL,Switzerland,3,momentum_365,365-Day Absolute Momentum,76,9,11.84,6.36,3.02,3.34,1.91,-3.18,-22.75,-31.05,False
EWL,Switzerland,4,momentum_365,365-Day Absolute Momentum,61,12,19.67,11.63,6.0,3.7,2.72,-2.24,-24.66,-30.08,False
EWL,Switzerland,5,momentum_365,365-Day Absolute Momentum,48,9,18.75,10.19,4.83,3.51,3.37,-1.05,-16.97,-31.05,False
EWL,Switzerland,6,momentum_365,365-Day Absolute Momentum,40,14,35.0,22.13,11.95,6.4,5.05,-0.55,-23.04,-30.08,False
EWL,Switzerland,7,momentum_365,365-Day Absolute Momentum,38,14,36.84,23.38,12.62,5.17,3.28,-2.27,-40.2,-44.8,False
EWL,Switzerland,8,momentum_365,365-Day Absolute Momentum,33,13,39.39,24.68,13.04,4.53,5.44,-2.27,-26.54,-38.82,False
EWL,Switzerland,9,momentum_365,365-Day Absolute Momentum,30,13,43.33,27.38,14.46,8.76,6.37,-2.38,-29.36,-39.14,False
EWL,Switzerland,10,momentum_365,365-Day Absolute Momentum,26,11,42.31,25.54,12.83,6.19,6.36,-5.36,-40.31,-45.38,False
EWL,Switzerland,11,momentum_365,365-Day Absolute Momentum,25,14,56.0,37.07,20.02,10.78,8.65,1.52,-17.46,-31.05,False
EWL,Switzerland,12,momentum_365,365-Day Absolute Momentum,24,12,50.0,31.43,16.19,9.94,9.27,3.41,-39.33,-46.95,False
EWL,Switzerland,1,momentum_dual_90_180,Dual Momentum 90/180,155,0,0.0,0.0,0.0,0.95,0.42,-1.67,-12.47,-18.48,False
EWL,Switzerland,2,momentum_dual_90_180,Dual Momentum 90/180,91,5,5.49,2.37,0.94,1.62,0.36,-2.75,-31.15,-31.05,False
EWL,Switzerland,3,momentum_dual_90_180,Dual Momentum 90/180,73,6,8.22,3.82,1.61,1.59,1.1,-2.85,-22.75,-31.05,False
EWL,Switzerland,4,momentum_dual_90_180,Dual Momentum 90/180,58,9,15.52,8.38,3.98,3.05,2.38,-2.49,-24.66,-30.08,False
EWL,Switzerland,5,momentum_dual_90_180,Dual Momentum 90/180,51,10,19.61,11.02,5.39,2.83,2.43,-2.89,-22.78,-31.05,False
EWL,Switzerland,6,momentum_dual_90_180,Dual Momentum 90/180,40,11,27.5,16.11,8.1,4.22,3.45,-3.39,-23.04,-30.08,False
EWL,Switzerland,7,momentum_dual_90_180,Dual Momentum 90/180,38,13,34.21,21.21,11.21,3.15,3.56,-3.51,-40.2,-44.8,False
EWL,Switzerland,8,momentum_dual_90_180,Dual Momentum 90/180,33,14,42.42,27.24,14.71,7.41,5.16,-4.29,-27.52,-35.26,False
EWL,Switzerland,9,momentum_dual_90_180,Dual Momentum 90/180,29,11,37.93,22.69,11.4,8.41,6.12,-1.44,-37.97,-44.8,False
EWL,Switzerland,10,momentum_dual_90_180,Dual Momentum 90/180,27,12,44.44,27.59,14.22,7.12,7.14,-4.26,-22.37,-31.05,False
EWL,Switzerland,11,momentum_dual_90_180,Dual Momentum 90/180,26,12,46.15,28.76,14.83,7.94,6.65,-3.34,-38.91,-49.65,False
EWL,Switzerland,12,momentum_dual_90_180,Dual Momentum 90/180,24,13,54.17,35.07,18.52,11.71,6.97,-6.34,-24.17,-34.15,False
EWL,Switzerland,1,momentum_dual_180_365,Dual Momentum 180/365,155,0,0.0,0.0,0.0,0.96,0.49,-1.92,-14.94,-18.48,False
EWL,Switzerland,2,momentum_dual_180_365,Dual Momentum 180/365,87,2,2.3,0.63,0.19,1.1,0.57,-3.03,-19.28,-27.8,False
EWL,Switzerland,3,momentum_dual_180_365,Dual Momentum 180/365,67,6,8.96,4.17,1.75,2.03,1.46,-3.78,-22.75,-31.05,False
EWL,Switzerland,4,momentum_dual_180_365,Dual Momentum 180/365,53,9,16.98,9.2,4.36,3.64,2.08,-2.33,-24.66,-30.08,False
EWL,Switzerland,5,momentum_dual_180_365,Dual Momentum 180/365,44,7,15.91,7.93,3.48,2.61,3.02,-1.05,-17.87,-31.05,False
EWL,Switzerland,6,momentum_dual_180_365,Dual Momentum 180/365,38,11,28.95,17.0,8.55,4.67,3.01,-1.74,-28.27,-38.17,False
EWL,Switzerland,7,momentum_dual_180_365,Dual Momentum 180/365,36,13,36.11,22.48,11.87,5.17,3.8,-1.99,-40.2,-44.8,False
EWL,Switzerland,8,momentum_dual_180_365,Dual Momentum 180/365,31,14,45.16,29.16,15.75,5.3,5.32,-1.86,-27.33,-44.8,False
EWL,Switzerland,9,momentum_dual_180_365,Dual Momentum 180/365,27,11,40.74,24.51,12.31,8.42,6.54,-2.25,-29.36,-39.14,False
EWL,Switzerland,10,momentum_dual_180_365,Dual Momentum 180/365,25,11,44.0,26.67,13.39,7.12,4.38,-5.92,-37.8,-49.54,False
EWL,Switzerland,11,momentum_dual_180_365,Dual Momentum 180/365,23,13,56.52,36.81,19.43,10.84,7.88,-3.27,-15.47,-31.05,False
EWL,Switzerland,12,momentum_dual_180_365,Dual Momentum 180/365,22,11,50.0,30.72,15.4,10.15,7.57,0.46,-39.33,-46.95,False
EWL,Switzerland,1,momentum_rank_90,Top Relative Momentum 90,36,0,0.0,0.0,0.0,0.43,0.14,-1.9,-8.37,-11.52,False
EWL,Switzerland,2,momentum_rank_90,Top Relative Momentum 90,28,2,7.14,1.98,0.6,1.91,-0.53,-4.76,-23.18,-27.8,False
EWL,Switzerland,3,momentum_rank_90,Top Relative Momentum 90,21,2,9.52,2.65,0.8,0.91,-0.44,-5.82,-20.66,-27.8,False
EWL,Switzerland,4,momentum_rank_90,Top Relative Momentum 90,18,4,22.22,9.0,3.3,2.29,-0.56,-7.72,-24.54,-27.8,False
EWL,Switzerland,5,momentum_rank_90,Top Relative Momentum 90,17,4,23.53,9.55,3.5,-0.74,-0.76,-8.31,-18.58,-29.12,False
EWL,Switzerland,6,momentum_rank_90,Top Relative Momentum 90,16,2,12.5,3.5,1.05,1.98,-0.09,-6.87,-23.04,-29.12,False
EWL,Switzerland,7,momentum_rank_90,Top Relative Momentum 90,16,4,25.0,10.18,3.72,3.9,1.46,-8.95,-21.28,-29.12,False
EWL,Switzerland,8,momentum_rank_90,Top Relative Momentum 90,15,3,20.0,7.05,2.36,3.93,1.46,-7.69,-27.52,-35.26,False
EWL,Switzerland,9,momentum_rank_90,Top Relative Momentum 90,13,3,23.08,8.18,2.74,3.62,4.11,0.2,-28.38,-29.12,False
EWL,Switzerland,10,momentum_rank_90,Top Relative Momentum 90,13,3,23.08,8.18,2.74,3.75,3.3,-7.73,-23.48,-33.11,False
EWL,Switzerland,11,momentum_rank_90,Top Relative Momentum 90,13,4,30.77,12.68,4.61,0.67,3.53,-8.67,-17.28,-33.11,False
EWL,Switzerland,12,momentum_rank_90,Top Relative Momentum 90,13,4,30.77,12.68,4.61,7.54,2.11,-9.7,-19.06,-33.11,False
EWL,Switzerland,1,momentum,Top Relative Momentum 180,34,0,0.0,0.0,0.0,-0.69,-0.13,-2.52,-8.29,-11.52,False
EWL,Switzerland,2,momentum,Top Relative Momentum 180,23,2,8.7,2.42,0.73,1.87,-0.71,-6.31,-19.28,-27.8,False
EWL,Switzerland,3,momentum,Top Relative Momentum 180,18,2,11.11,3.1,0.93,1.32,0.1,-7.15,-14.7,-27.8,False
EWL,Switzerland,4,momentum,Top Relative Momentum 180,15,3,20.0,7.05,2.36,2.92,0.85,-7.22,-23.27,-24.45,False
EWL,Switzerland,5,momentum,Top Relative Momentum 180,15,3,20.0,7.05,2.36,5.09,2.01,-6.84,-15.49,-27.8,False
EWL,Switzerland,6,momentum,Top Relative Momentum 180,12,2,16.67,4.7,1.4,-3.14,-0.4,-9.79,-20.91,-27.8,False
EWL,Switzerland,7,momentum,Top Relative Momentum 180,12,3,25.0,8.89,2.97,3.37,1.65,-9.44,-16.46,-27.8,False
EWL,Switzerland,8,momentum,Top Relative Momentum 180,11,4,36.36,15.17,5.49,3.18,0.88,-13.24,-22.94,-26.24,False
EWL,Switzerland,9,momentum,Top Relative Momentum 180,11,4,36.36,15.17,5.49,-5.68,1.82,-11.2,-24.4,-28.79,False
EWL,Switzerland,10,momentum,Top Relative Momentum 180,11,5,45.45,21.27,8.22,4.01,3.8,-10.93,-24.17,-28.83,False
EWL,Switzerland,11,momentum,Top Relative Momentum 180,10,4,40.0,16.82,6.07,0.14,4.3,-9.86,-20.09,-39.14,False
EWL,Switzerland,12,momentum,Top Relative Momentum 180,10,5,50.0,23.66,9.1,2.02,1.77,-16.08,-19.06,-39.14,False
EWL,Switzerland,1,momentum_rank_365,Top Relative Momentum 365,34,0,0.0,0.0,0.0,0.99,0.48,-1.22,-16.24,-20.22,False
EWL,Switzerland,2,momentum_rank_365,Top Relative Momentum 365,23,0,0.0,0.0,0.0,3.65,1.46,-1.57,-13.65,-27.8,False
EWL,Switzerland,3,momentum_rank_365,Top Relative Momentum 365,18,2,11.11,3.1,0.93,3.28,0.2,-4.23,-15.1,-27.8,False
EWL,Switzerland,4,momentum_rank_365,Top Relative Momentum 365,14,2,14.29,4.01,1.2,2.78,1.36,-0.14,-24.66,-30.08,False
EWL,Switzerland,5,momentum_rank_365,Top Relative Momentum 365,12,1,8.33,1.49,0.38,5.49,4.32,1.3,-5.53,-33.36,False
EWL,Switzerland,6,momentum_rank_365,Top Relative Momentum 365,12,3,25.0,8.89,2.97,5.76,5.57,1.49,-5.89,-33.36,False
EWL,Switzerland,7,momentum_rank_365,Top Relative Momentum 365,11,4,36.36,15.17,5.49,0.62,3.9,-1.46,-8.45,-33.36,False
EWL,Switzerland,8,momentum_rank_365,Top Relative Momentum 365,10,4,40.0,16.82,6.07,4.06,5.43,-0.2,-2.34,-33.36,False
EWL,Switzerland,9,momentum_rank_365,Top Relative Momentum 365,10,5,50.0,23.66,9.1,9.98,7.8,2.87,-6.73,-33.36,False
EWL,Switzerland,10,momentum_rank_365,Top Relative Momentum 365,9,3,33.33,12.06,3.99,7.12,6.43,-1.81,-5.78,-33.36,False
EWL,Switzerland,11,momentum_rank_365,Top Relative Momentum 365,9,4,44.44,18.88,6.78,8.49,7.72,-2.18,-10.61,-33.36,False
EWL,Switzerland,12,momentum_rank_365,Top Relative Momentum 365,8,5,62.5,30.57,11.6,12.1,8.02,-0.74,-11.26,-33.36,False
EWL,Switzerland,1,momentum_composite,Composite Momentum,35,0,0.0,0.0,0.0,-0.23,-0.5,-2.42,-13.08,-22.17,False
EWL,Switzerland,2,momentum_composite,Composite Momentum,27,2,7.41,2.06,0.62,0.76,-1.86,-7.28,-31.15,-31.05,False
EWL,Switzerland,3,momentum_composite,Composite Momentum,20,2,10.0,2.79,0.84,0.29,-0.93,-8.0,-20.98,-31.05,False
EWL,Switzerland,4,momentum_composite,Composite Momentum,18,3,16.67,5.84,1.96,1.37,-0.61,-9.89,-23.27,-31.05,False
EWL,Switzerland,5,momentum_composite,Composite Momentum,16,4,25.0,10.18,3.72,2.29,1.86,-6.75,-15.49,-31.05,False
EWL,Switzerland,6,momentum_composite,Composite Momentum,14,3,21.43,7.57,2.54,-0.43,0.63,-7.2,-18.69,-31.05,False
EWL,Switzerland,7,momentum_composite,Composite Momentum,14,3,21.43,7.57,2.54,0.49,-0.0,-9.05,-18.98,-31.05,False
EWL,Switzerland,8,momentum_composite,Composite Momentum,11,3,27.27,9.75,3.25,4.22,0.05,-13.24,-22.42,-27.8,False
EWL,Switzerland,9,momentum_composite,Composite Momentum,11,3,27.27,9.75,3.25,-8.92,-3.43,-12.16,-24.28,-33.36,False
EWL,Switzerland,10,momentum_composite,Composite Momentum,11,4,36.36,15.17,5.49,4.01,1.04,-12.53,-16.02,-33.36,False
EWL,Switzerland,11,momentum_composite,Composite Momentum,11,4,36.36,15.17,5.49,0.67,1.16,-10.03,-20.09,-39.14,False
EWL,Switzerland,12,momentum_composite,Composite Momentum,10,4,40.0,16.82,6.07,-3.38,0.26,-13.31,-19.06,-39.14,False
EWL,Switzerland,1,drawdown_recovery_20,20% Drawdown Recovery,19,1,5.26,0.94,0.24,0.84,0.18,-2.36,-16.22,-16.12,False
EWL,Switzerland,2,drawdown_recovery_20,20% Drawdown Recovery,14,0,0.0,0.0,0.0,3.73,0.54,0.41,-27.03,-28.56,False
EWL,Switzerland,3,drawdown_recovery_20,20% Drawdown Recovery,12,2,16.67,4.7,1.4,1.6,1.62,-3.05,-13.89,-29.58,False
EWL,Switzerland,4,drawdown_recovery_20,20% Drawdown Recovery,11,2,18.18,5.14,1.53,2.45,2.32,-4.04,-13.69,-29.58,False
EWL,Switzerland,5,drawdown_recovery_20,20% Drawdown Recovery,10,3,30.0,10.78,3.58,2.23,3.29,-1.27,-17.58,-29.58,False
EWL,Switzerland,6,drawdown_recovery_20,20% Drawdown Recovery,9,1,11.11,1.99,0.5,3.99,1.43,-3.41,-20.49,-29.58,False
EWL,Switzerland,7,drawdown_recovery_20,20% Drawdown Recovery,8,2,25.0,7.15,2.12,1.71,2.42,-2.47,-18.7,-30.22,False
EWL,Switzerland,8,drawdown_recovery_20,20% Drawdown Recovery,8,2,25.0,7.15,2.12,4.3,3.89,-2.62,-14.51,-30.22,False
EWL,Switzerland,9,drawdown_recovery_20,20% Drawdown Recovery,7,4,57.14,25.05,8.86,10.41,10.56,2.62,-16.91,-30.22,False
EWL,Switzerland,10,drawdown_recovery_20,20% Drawdown Recovery,7,3,42.86,15.82,5.18,8.46,10.46,3.89,-19.98,-30.22,False
EWL,Switzerland,11,drawdown_recovery_20,20% Drawdown Recovery,7,4,57.14,25.05,8.86,12.88,11.38,4.08,-22.3,-30.22,False
EWL,Switzerland,12,drawdown_recovery_20,20% Drawdown Recovery,7,5,71.43,35.89,13.45,14.06,12.74,5.61,-24.17,-34.15,False
EWL,Switzerland,1,drawdown_recovery,25% Drawdown Recovery,8,0,0.0,0.0,0.0,0.9,0.04,-1.92,-16.22,-16.12,False
EWL,Switzerland,2,drawdown_recovery,25% Drawdown Recovery,7,0,0.0,0.0,0.0,3.92,1.38,3.64,-27.03,-28.56,False
EWL,Switzerland,3,drawdown_recovery,25% Drawdown Recovery,7,3,42.86,15.82,5.18,6.89,4.36,-0.26,-13.89,-29.58,False
EWL,Switzerland,4,drawdown_recovery,25% Drawdown Recovery,7,2,28.57,8.22,2.43,4.43,5.85,1.31,-8.05,-29.58,False
EWL,Switzerland,5,drawdown_recovery,25% Drawdown Recovery,6,4,66.67,30.0,10.47,11.67,8.56,3.59,-1.83,-29.58,False
EWL,Switzerland,6,drawdown_recovery,25% Drawdown Recovery,6,2,33.33,9.68,2.84,9.08,6.23,-0.46,-3.72,-29.58,False
EWL,Switzerland,7,drawdown_recovery,25% Drawdown Recovery,6,3,50.0,18.76,6.09,10.76,11.56,8.23,-2.16,-29.58,False
EWL,Switzerland,8,drawdown_recovery,25% Drawdown Recovery,6,3,50.0,18.76,6.09,10.46,11.64,1.14,-5.16,-29.58,False
EWL,Switzerland,9,drawdown_recovery,25% Drawdown Recovery,5,3,60.0,23.07,7.39,16.52,16.66,7.82,0.29,-29.58,False
EWL,Switzerland,10,drawdown_recovery,25% Drawdown Recovery,5,3,60.0,23.07,7.39,16.96,15.69,1.24,0.29,-29.58,False
EWL,Switzerland,11,drawdown_recovery,25% Drawdown Recovery,5,3,60.0,23.07,7.39,23.6,16.17,0.29,-0.38,-29.58,False
EWL,Switzerland,12,drawdown_recovery,25% Drawdown Recovery,5,3,60.0,23.07,7.39,24.93,19.19,7.59,0.29,-29.58,False
EWL,Switzerland,1,drawdown_recovery_30,30% Drawdown Recovery,11,1,9.09,1.62,0.41,0.84,0.18,-2.22,-16.22,-16.12,False
EWL,Switzerland,2,drawdown_recovery_30,30% Drawdown Recovery,7,0,0.0,0.0,0.0,3.67,-1.0,-1.39,-27.03,-28.56,False
EWL,Switzerland,3,drawdown_recovery_30,30% Drawdown Recovery,7,1,14.29,2.57,0.65,0.05,1.28,-5.1,-13.89,-29.58,False
EWL,Switzerland,4,drawdown_recovery_30,30% Drawdown Recovery,7,1,14.29,2.57,0.65,0.17,-0.35,-8.45,-13.69,-29.58,False
EWL,Switzerland,5,drawdown_recovery_30,30% Drawdown Recovery,6,1,16.67,3.01,0.76,0.88,0.93,-1.27,-17.58,-29.58,False
EWL,Switzerland,6,drawdown_recovery_30,30% Drawdown Recovery,5,0,0.0,0.0,0.0,-3.41,-3.05,-3.72,-20.49,-29.58,False
EWL,Switzerland,7,drawdown_recovery_30,30% Drawdown Recovery,5,1,20.0,3.62,0.91,2.88,0.71,-2.16,-18.7,-30.22,False
EWL,Switzerland,8,drawdown_recovery_30,30% Drawdown Recovery,5,1,20.0,3.62,0.91,-1.77,-0.44,-5.16,-14.51,-30.22,False
EWL,Switzerland,9,drawdown_recovery_30,30% Drawdown Recovery,4,2,50.0,15.0,4.32,8.4,8.62,-4.01,-16.91,-30.22,False
EWL,Switzerland,10,drawdown_recovery_30,30% Drawdown Recovery,4,2,50.0,15.0,4.32,8.62,8.56,-4.78,-19.98,-30.22,False
EWL,Switzerland,11,drawdown_recovery_30,30% Drawdown Recovery,4,2,50.0,15.0,4.32,11.95,8.35,-5.36,-22.3,-30.22,False
EWL,Switzerland,12,drawdown_recovery_30,30% Drawdown Recovery,4,2,50.0,15.0,4.32,12.61,8.42,-5.82,-24.17,-34.15,False
EWL,Switzerland,1,drawdown_recovery_40,40% Drawdown Recovery,4,1,25.0,4.56,1.14,-0.43,-1.52,-5.42,-16.22,-16.12,False
EWL,Switzerland,2,drawdown_recovery_40,40% Drawdown Recovery,3,0,0.0,0.0,0.0,6.26,-3.89,-10.39,-27.03,-28.56,False
EWL,Switzerland,3,drawdown_recovery_40,40% Drawdown Recovery,3,1,33.33,6.15,1.53,7.01,4.07,-3.44,-13.89,-29.58,False
EWL,Switzerland,4,drawdown_recovery_40,40% Drawdown Recovery,2,1,50.0,9.45,2.3,4.0,4.0,-2.02,-8.05,-29.58,False
EWL,Switzerland,5,drawdown_recovery_40,40% Drawdown Recovery,2,1,50.0,9.45,2.3,6.05,6.05,2.11,-1.83,-29.58,False
EWL,Switzerland,6,drawdown_recovery_40,40% Drawdown Recovery,2,0,0.0,0.0,0.0,3.18,3.18,-0.12,-3.41,-29.58,False
EWL,Switzerland,7,drawdown_recovery_40,40% Drawdown Recovery,2,1,50.0,9.45,2.3,10.76,10.76,10.15,9.54,-29.58,False
EWL,Switzerland,8,drawdown_recovery_40,40% Drawdown Recovery,1,1,100.0,20.65,4.72,11.03,11.03,11.03,11.03,-29.58,False
EWL,Switzerland,9,drawdown_recovery_40,40% Drawdown Recovery,1,1,100.0,20.65,4.72,16.52,16.52,16.52,16.52,-29.58,False
EWL,Switzerland,10,drawdown_recovery_40,40% Drawdown Recovery,1,1,100.0,20.65,4.72,16.96,16.96,16.96,16.96,-29.58,False
EWL,Switzerland,11,drawdown_recovery_40,40% Drawdown Recovery,1,1,100.0,20.65,4.72,23.6,23.6,23.6,23.6,-29.58,False
EWL,Switzerland,12,drawdown_recovery_40,40% Drawdown Recovery,1,1,100.0,20.65,4.72,24.93,24.93,24.93,24.93,-29.58,False
EWL,Switzerland,1,rsi14_recovery,RSI 14 Recovery,50,1,2.0,0.35,0.09,0.41,0.33,-2.97,-16.22,-16.12,False
EWL,Switzerland,2,rsi14_recovery,RSI 14 Recovery,43,3,6.98,2.4,0.81,2.55,0.14,-4.56,-27.03,-28.56,False
EWL,Switzerland,3,rsi14_recovery,RSI 14 Recovery,34,3,8.82,3.05,1.03,2.61,-0.16,-5.34,-23.19,-29.58,False
EWL,Switzerland,4,rsi14_recovery,RSI 14 Recovery,32,6,18.75,8.89,3.72,2.3,1.65,-4.97,-14.46,-33.36,False
EWL,Switzerland,5,rsi14_recovery,RSI 14 Recovery,29,7,24.14,12.22,5.35,-0.73,1.75,-5.36,-16.79,-33.36,False
EWL,Switzerland,6,rsi14_recovery,RSI 14 Recovery,26,7,26.92,13.7,5.99,3.61,3.99,-5.0,-10.75,-33.36,False
EWL,Switzerland,7,rsi14_recovery,RSI 14 Recovery,25,8,32.0,17.2,7.84,4.97,4.75,-3.41,-16.8,-33.36,False
EWL,Switzerland,8,rsi14_recovery,RSI 14 Recovery,24,9,37.5,21.16,9.99,4.93,4.53,-0.09,-26.54,-38.82,False
EWL,Switzerland,9,rsi14_recovery,RSI 14 Recovery,23,12,52.17,32.96,16.98,10.46,5.45,-3.26,-35.6,-45.38,False
EWL,Switzerland,10,rsi14_recovery,RSI 14 Recovery,20,9,45.0,25.82,12.15,8.23,6.99,-3.21,-25.37,-45.38,False
EWL,Switzerland,11,rsi14_recovery,RSI 14 Recovery,19,10,52.63,31.71,15.4,10.1,8.05,-3.24,-37.42,-45.38,False
EWL,Switzerland,12,rsi14_recovery,RSI 14 Recovery,18,7,38.89,20.3,8.83,4.85,6.26,-7.5,-46.67,-49.45,False
EWL,Switzerland,1,rsi28_recovery,RSI 28 Recovery,33,0,0.0,0.0,0.0,0.73,0.41,-3.0,-8.29,-11.52,False
EWL,Switzerland,2,rsi28_recovery,RSI 28 Recovery,32,1,3.12,0.55,0.14,2.56,1.03,-1.5,-19.28,-19.87,False
EWL,Switzerland,3,rsi28_recovery,RSI 28 Recovery,30,4,13.33,5.31,1.96,2.61,1.78,-3.53,-10.13,-19.87,False
EWL,Switzerland,4,rsi28_recovery,RSI 28 Recovery,30,7,23.33,11.79,5.17,3.79,3.18,-3.08,-14.46,-20.67,False
EWL,Switzerland,5,rsi28_recovery,RSI 28 Recovery,28,9,32.14,17.93,8.48,2.17,4.51,-2.79,-16.79,-27.27,False
EWL,Switzerland,6,rsi28_recovery,RSI 28 Recovery,26,11,42.31,25.54,12.83,6.32,6.47,-1.49,-16.16,-27.27,False
EWL,Switzerland,7,rsi28_recovery,RSI 28 Recovery,23,11,47.83,29.24,14.67,8.35,7.94,-2.94,-13.87,-27.27,False
EWL,Switzerland,8,rsi28_recovery,RSI 28 Recovery,22,10,45.45,26.92,13.11,5.31,9.39,-0.87,-17.15,-27.27,False
EWL,Switzerland,9,rsi28_recovery,RSI 28 Recovery,21,12,57.14,36.55,18.81,11.22,10.63,-4.22,-16.13,-27.27,False
EWL,Switzerland,10,rsi28_recovery,RSI 28 Recovery,21,12,57.14,36.55,18.81,15.37,11.07,-2.23,-19.29,-27.27,False
EWL,Switzerland,11,rsi28_recovery,RSI 28 Recovery,21,12,57.14,36.55,18.81,12.55,10.91,-1.12,-24.2,-28.96,False
EWL,Switzerland,12,rsi28_recovery,RSI 28 Recovery,20,9,45.0,25.82,12.15,8.72,9.47,-3.9,-21.25,-30.08,False
EWL,Switzerland,1,bollinger_recovery,Bollinger Recovery,36,0,0.0,0.0,0.0,0.75,0.71,-1.34,-16.22,-16.12,False
EWL,Switzerland,2,bollinger_recovery,Bollinger Recovery,33,3,9.09,3.14,1.06,3.16,2.51,0.79,-27.03,-28.56,False
EWL,Switzerland,3,bollinger_recovery,Bollinger Recovery,32,2,6.25,1.73,0.52,2.68,1.49,-2.7,-13.89,-29.58,False
EWL,Switzerland,4,bollinger_recovery,Bollinger Recovery,30,5,16.67,7.34,2.9,4.08,2.87,-2.33,-8.82,-29.58,False
EWL,Switzerland,5,bollinger_recovery,Bollinger Recovery,28,8,28.57,15.25,6.96,0.63,2.49,-5.28,-16.79,-29.58,False
EWL,Switzerland,6,bollinger_recovery,Bollinger Recovery,26,8,30.77,16.5,7.52,3.5,3.63,-5.53,-16.16,-29.58,False
EWL,Switzerland,7,bollinger_recovery,Bollinger Recovery,24,8,33.33,17.97,8.18,4.86,4.81,-3.37,-16.8,-29.58,False
EWL,Switzerland,8,bollinger_recovery,Bollinger Recovery,22,9,40.91,23.26,10.96,4.22,5.07,-3.79,-26.54,-38.82,False
EWL,Switzerland,9,bollinger_recovery,Bollinger Recovery,22,10,45.45,26.92,13.11,7.84,6.37,-5.39,-35.6,-45.38,False
EWL,Switzerland,10,bollinger_recovery,Bollinger Recovery,21,10,47.62,28.34,13.79,9.71,7.2,-0.48,-25.37,-45.38,False
EWL,Switzerland,11,bollinger_recovery,Bollinger Recovery,21,12,57.14,36.55,18.81,12.55,6.79,-2.72,-37.42,-45.38,False
EWL,Switzerland,12,bollinger_recovery,Bollinger Recovery,19,10,52.63,31.71,15.4,10.94,9.16,-1.4,-46.67,-49.45,False
EWL,Switzerland,1,low_vol_trend,Low-Volatility Trend,179,0,0.0,0.0,0.0,0.97,0.69,-1.28,-12.47,-18.48,False
EWL,Switzerland,2,low_vol_trend,Low-Volatility Trend,103,4,3.88,1.52,0.56,1.11,0.64,-2.73,-23.18,-27.8,False
EWL,Switzerland,3,low_vol_trend,Low-Volatility Trend,78,9,11.54,6.19,2.94,2.15,1.26,-2.95,-20.98,-27.8,False
EWL,Switzerland,4,low_vol_trend,Low-Volatility Trend,62,9,14.52,7.83,3.72,4.1,2.7,-2.66,-23.27,-31.05,False
EWL,Switzerland,5,low_vol_trend,Low-Volatility Trend,50,11,22.0,12.75,6.42,2.53,2.82,-2.91,-22.78,-27.8,False
EWL,Switzerland,6,low_vol_trend,Low-Volatility Trend,42,14,33.33,21.01,11.34,5.55,3.7,-4.29,-23.04,-33.36,False
EWL,Switzerland,7,low_vol_trend,Low-Volatility Trend,40,16,40.0,26.35,14.78,4.25,4.16,-3.05,-40.2,-44.8,False
EWL,Switzerland,8,low_vol_trend,Low-Volatility Trend,35,15,42.86,27.98,15.42,6.38,6.84,-1.82,-14.51,-31.05,False
EWL,Switzerland,9,low_vol_trend,Low-Volatility Trend,30,12,40.0,24.59,12.69,9.21,7.92,0.57,-16.91,-30.22,False
EWL,Switzerland,10,low_vol_trend,Low-Volatility Trend,29,14,48.28,31.39,16.95,6.94,5.24,-1.81,-37.8,-49.54,False
EWL,Switzerland,11,low_vol_trend,Low-Volatility Trend,26,12,46.15,28.76,14.83,8.55,5.14,-3.95,-22.3,-39.14,False
EWL,Switzerland,12,low_vol_trend,Low-Volatility Trend,25,12,48.0,30.03,15.48,9.86,6.27,-1.93,-30.1,-40.58,False
EWL,Switzerland,1,vol_contraction_trend,Volatility Contraction Trend,46,0,0.0,0.0,0.0,0.74,0.1,-1.88,-9.07,-16.93,False
EWL,Switzerland,2,vol_contraction_trend,Volatility Contraction Trend,36,2,5.56,1.54,0.46,1.43,0.52,-2.83,-23.18,-24.8,False
EWL,Switzerland,3,vol_contraction_trend,Volatility Contraction Trend,29,2,6.9,1.91,0.58,-0.33,-0.11,-5.82,-20.66,-24.8,False
EWL,Switzerland,4,vol_contraction_trend,Volatility Contraction Trend,27,6,22.22,10.61,4.43,1.29,1.43,-4.61,-24.54,-27.8,False
EWL,Switzerland,5,vol_contraction_trend,Volatility Contraction Trend,27,7,25.93,13.17,5.76,1.52,2.21,-2.94,-28.96,-38.03,False
EWL,Switzerland,6,vol_contraction_trend,Volatility Contraction Trend,25,7,28.0,14.28,6.24,3.96,3.07,-0.76,-37.72,-44.67,False
EWL,Switzerland,7,vol_contraction_trend,Volatility Contraction Trend,24,9,37.5,21.16,9.99,4.42,4.5,-2.23,-27.83,-44.67,False
EWL,Switzerland,8,vol_contraction_trend,Volatility Contraction Trend,22,8,36.36,19.73,8.97,4.66,1.89,-6.73,-39.48,-44.67,False
EWL,Switzerland,9,vol_contraction_trend,Volatility Contraction Trend,20,6,30.0,14.55,6.04,7.78,4.5,-4.39,-28.38,-33.36,False
EWL,Switzerland,10,vol_contraction_trend,Volatility Contraction Trend,20,10,50.0,29.93,14.55,10.46,6.77,-2.05,-23.48,-33.36,False
EWL,Switzerland,11,vol_contraction_trend,Volatility Contraction Trend,19,10,52.63,31.71,15.4,10.56,5.99,-4.75,-20.55,-33.36,False
EWL,Switzerland,12,vol_contraction_trend,Volatility Contraction Trend,17,10,58.82,36.01,17.45,13.27,5.54,-7.41,-30.1,-40.58,False
EWL,Switzerland,1,breadth_trend,Broad-Market Trend,155,0,0.0,0.0,0.0,0.84,0.59,-1.49,-9.23,-14.29,False
EWL,Switzerland,2,breadth_trend,Broad-Market Trend,89,2,2.25,0.62,0.19,1.14,0.52,-2.68,-23.18,-27.8,False
EWL,Switzerland,3,breadth_trend,Broad-Market Trend,70,6,8.57,3.99,1.68,1.3,1.24,-2.35,-20.98,-27.8,False
EWL,Switzerland,4,breadth_trend,Broad-Market Trend,56,7,12.5,6.19,2.72,4.1,2.55,-2.32,-19.54,-27.8,False
EWL,Switzerland,5,breadth_trend,Broad-Market Trend,46,10,21.74,12.26,6.0,5.33,3.09,-1.31,-28.96,-38.03,False
EWL,Switzerland,6,breadth_trend,Broad-Market Trend,38,11,28.95,17.0,8.55,4.16,3.0,-4.28,-37.72,-44.67,False
EWL,Switzerland,7,breadth_trend,Broad-Market Trend,35,13,37.14,23.17,12.24,7.74,5.27,-1.73,-27.83,-44.67,False
EWL,Switzerland,8,breadth_trend,Broad-Market Trend,33,14,42.42,27.24,14.71,6.91,6.4,-0.62,-39.48,-44.67,False
EWL,Switzerland,9,breadth_trend,Broad-Market Trend,29,12,41.38,25.51,13.16,8.82,6.98,2.68,-48.43,-48.8,False
EWL,Switzerland,10,breadth_trend,Broad-Market Trend,27,14,51.85,33.99,18.36,12.2,8.9,0.99,-22.37,-30.22,False
EWL,Switzerland,11,breadth_trend,Broad-Market Trend,25,13,52.0,33.5,17.69,10.78,5.4,-2.18,-33.58,-49.54,False
EWL,Switzerland,12,breadth_trend,Broad-Market Trend,24,10,41.67,24.47,11.93,4.08,5.57,-3.68,-27.83,-49.54,False
EWM,Malaysia,1,buy_hold,Buy & Hold Benchmark,265,16,6.04,3.75,2.09,0.28,0.64,-3.17,-40.25,-40.15,False
EWM,Malaysia,2,buy_hold,Buy & Hold Benchmark,139,21,15.11,10.1,6.03,1.15,1.22,-5.06,-43.5,-43.4,False
EWM,Malaysia,3,buy_hold,Buy & Hold Benchmark,106,19,17.92,11.79,6.88,0.85,1.71,-4.99,-43.76,-45.95,False
EWM,Malaysia,4,buy_hold,Buy & Hold Benchmark,77,19,24.68,16.4,9.59,2.28,3.22,-5.16,-55.69,-57.13,False
EWM,Malaysia,5,buy_hold,Buy & Hold Benchmark,63,16,25.4,16.28,9.1,3.14,2.51,-4.11,-39.46,-59.98,False
EWM,Malaysia,6,buy_hold,Buy & Hold Benchmark,53,18,33.96,22.69,13.12,2.1,3.65,-5.26,-69.11,-70.08,False
EWM,Malaysia,7,buy_hold,Buy & Hold Benchmark,46,16,34.78,22.68,12.71,3.83,4.83,-6.09,-44.42,-67.02,False
EWM,Malaysia,8,buy_hold,Buy & Hold Benchmark,40,14,35.0,22.13,11.95,4.26,4.48,-4.54,-41.42,-59.98,False
EWM,Malaysia,9,buy_hold,Buy & Hold Benchmark,36,12,33.33,20.21,10.43,4.28,6.36,-4.62,-53.44,-59.98,False
EWM,Malaysia,10,buy_hold,Buy & Hold Benchmark,33,11,33.33,19.75,9.93,2.08,7.33,-7.14,-59.8,-64.05,False
EWM,Malaysia,11,buy_hold,Buy & Hold Benchmark,30,12,40.0,24.59,12.69,6.95,8.5,-6.25,-66.16,-67.44,False
EWM,Malaysia,12,buy_hold,Buy & Hold Benchmark,28,10,35.71,20.71,10.11,3.05,10.89,-5.22,-79.79,-80.51,False
EWM,Malaysia,1,trend_price_sma100,Price above SMA 100,152,3,1.97,0.67,0.23,0.37,0.38,-3.01,-18.28,-21.82,False
EWM,Malaysia,2,trend_price_sma100,Price above SMA 100,92,11,11.96,6.81,3.43,0.42,0.42,-4.92,-20.76,-22.95,False
EWM,Malaysia,3,trend_price_sma100,Price above SMA 100,70,12,17.14,10.09,5.21,0.85,0.64,-4.85,-35.68,-36.19,False
EWM,Malaysia,4,trend_price_sma100,Price above SMA 100,58,13,22.41,13.59,7.18,2.56,1.09,-4.94,-45.29,-49.52,False
EWM,Malaysia,5,trend_price_sma100,Price above SMA 100,50,9,18.0,9.77,4.63,2.36,3.27,-4.38,-53.95,-54.29,False
EWM,Malaysia,6,trend_price_sma100,Price above SMA 100,42,11,26.19,15.3,7.7,1.63,2.66,-5.06,-72.48,-72.64,False
EWM,Malaysia,7,trend_price_sma100,Price above SMA 100,39,14,35.9,22.74,12.28,4.54,5.23,-7.82,-71.49,-72.64,False
EWM,Malaysia,8,trend_price_sma100,Price above SMA 100,34,11,32.35,19.13,9.62,4.75,4.67,-3.27,-59.66,-73.62,False
EWM,Malaysia,9,trend_price_sma100,Price above SMA 100,31,12,38.71,23.73,12.24,4.2,4.19,-6.95,-46.35,-73.62,False
EWM,Malaysia,10,trend_price_sma100,Price above SMA 100,29,10,34.48,19.94,9.74,3.43,5.35,-8.54,-41.97,-73.62,False
EWM,Malaysia,11,trend_price_sma100,Price above SMA 100,27,9,33.33,18.64,8.81,-0.09,5.38,-10.58,-43.91,-73.62,False
EWM,Malaysia,12,trend_price_sma100,Price above SMA 100,24,8,33.33,17.97,8.18,0.98,6.1,-2.7,-44.08,-73.62,False
EWM,Malaysia,1,trend_price_sma200,Price above SMA 200,160,6,3.75,1.73,0.73,-0.0,0.94,-3.01,-18.28,-21.82,False
EWM,Malaysia,2,trend_price_sma200,Price above SMA 200,95,13,13.68,8.17,4.31,0.05,1.53,-4.54,-20.76,-24.24,False
EWM,Malaysia,3,trend_price_sma200,Price above SMA 200,74,10,13.51,7.51,3.68,1.16,1.45,-4.42,-22.76,-33.66,False
EWM,Malaysia,4,trend_price_sma200,Price above SMA 200,57,11,19.3,11.13,5.6,3.58,3.42,-5.37,-19.24,-33.66,False
EWM,Malaysia,5,trend_price_sma200,Price above SMA 200,48,11,22.92,13.31,6.7,3.28,4.33,-5.12,-21.69,-33.66,False
EWM,Malaysia,6,trend_price_sma200,Price above SMA 200,41,14,34.15,21.56,11.64,1.79,6.67,-4.51,-20.02,-33.66,False
EWM,Malaysia,7,trend_price_sma200,Price above SMA 200,35,9,25.71,14.16,6.71,3.1,5.87,-5.69,-19.94,-28.94,False
EWM,Malaysia,8,trend_price_sma200,Price above SMA 200,31,12,38.71,23.73,12.24,4.84,7.77,-1.06,-16.73,-28.79,False
EWM,Malaysia,9,trend_price_sma200,Price above SMA 200,28,10,35.71,20.71,10.11,3.43,8.8,-2.14,-22.24,-35.63,False
EWM,Malaysia,10,trend_price_sma200,Price above SMA 200,27,12,44.44,27.59,14.22,3.43,7.88,-5.37,-39.67,-52.12,False
EWM,Malaysia,11,trend_price_sma200,Price above SMA 200,24,9,37.5,21.16,9.99,6.06,8.06,-6.0,-27.8,-37.62,False
EWM,Malaysia,12,trend_price_sma200,Price above SMA 200,23,11,47.83,29.24,14.67,8.68,10.2,-10.3,-40.26,-52.12,False
EWM,Malaysia,1,trend,SMA 50/200 + Momentum,63,2,3.17,0.87,0.26,-0.18,0.19,-3.12,-18.28,-21.82,False
EWM,Malaysia,2,trend,SMA 50/200 + Momentum,41,5,12.2,5.32,2.11,1.09,1.16,-3.85,-9.84,-22.55,False
EWM,Malaysia,3,trend,SMA 50/200 + Momentum,34,7,20.59,10.35,4.54,2.72,1.07,-3.79,-21.2,-22.55,False
EWM,Malaysia,4,trend,SMA 50/200 + Momentum,25,8,32.0,17.2,7.84,1.55,2.51,-3.95,-17.62,-28.57,False
EWM,Malaysia,5,trend,SMA 50/200 + Momentum,23,8,34.78,18.81,8.56,3.42,3.74,-2.29,-24.18,-30.16,False
EWM,Malaysia,6,trend,SMA 50/200 + Momentum,18,5,27.78,12.5,4.9,5.91,3.23,-7.39,-20.02,-30.16,False
EWM,Malaysia,7,trend,SMA 50/200 + Momentum,18,7,38.89,20.3,8.83,5.18,3.61,-5.33,-30.52,-32.07,False
EWM,Malaysia,8,trend,SMA 50/200 + Momentum,16,8,50.0,28.0,12.65,8.0,6.15,-4.84,-23.6,-30.16,False
EWM,Malaysia,9,trend,SMA 50/200 + Momentum,16,4,25.0,10.18,3.72,0.75,4.69,-3.86,-17.97,-37.62,False
EWM,Malaysia,10,trend,SMA 50/200 + Momentum,15,5,33.33,15.18,5.93,4.87,5.78,-3.88,-24.52,-34.44,False
EWM,Malaysia,11,trend,SMA 50/200 + Momentum,14,5,35.71,16.34,6.37,0.68,4.25,-5.12,-28.12,-41.5,False
EWM,Malaysia,12,trend,SMA 50/200 + Momentum,12,4,33.33,13.81,5.01,2.61,6.24,-4.46,-37.25,-52.12,False
EWM,Malaysia,1,trend_sma100_200,SMA 100/200,134,6,4.48,2.07,0.87,0.17,1.25,-2.63,-18.28,-21.82,False
EWM,Malaysia,2,trend_sma100_200,SMA 100/200,75,10,13.33,7.41,3.63,1.15,2.71,-3.25,-20.76,-22.55,False
EWM,Malaysia,3,trend_sma100_200,SMA 100/200,60,12,20.0,11.83,6.11,2.16,3.49,-3.81,-12.97,-28.57,False
EWM,Malaysia,4,trend_sma100_200,SMA 100/200,45,14,31.11,19.53,10.54,2.28,5.09,-3.95,-20.78,-30.16,False
EWM,Malaysia,5,trend_sma100_200,SMA 100/200,39,12,30.77,18.57,9.58,3.87,5.87,-3.54,-19.26,-26.72,False
EWM,Malaysia,6,trend_sma100_200,SMA 100/200,32,9,28.12,15.56,7.37,4.61,7.07,-2.11,-21.64,-28.57,False
EWM,Malaysia,7,trend_sma100_200,SMA 100/200,29,12,41.38,25.51,13.16,6.14,7.58,-2.29,-27.44,-30.16,False
EWM,Malaysia,8,trend_sma100_200,SMA 100/200,26,12,46.15,28.76,14.83,6.73,8.94,-2.93,-16.2,-30.16,False
EWM,Malaysia,9,trend_sma100_200,SMA 100/200,25,10,40.0,23.4,11.41,3.69,10.56,0.38,-17.95,-30.16,False
EWM,Malaysia,10,trend_sma100_200,SMA 100/200,23,11,47.83,29.24,14.67,9.3,10.98,-2.54,-39.67,-52.12,False
EWM,Malaysia,11,trend_sma100_200,SMA 100/200,21,10,47.62,28.34,13.79,5.89,11.26,-1.38,-43.91,-52.12,False
EWM,Malaysia,12,trend_sma100_200,SMA 100/200,21,9,42.86,24.47,11.53,7.09,11.31,-0.6,-45.54,-50.39,False
EWM,Malaysia,1,trend_ema50_200,EMA 50/200,145,4,2.76,1.08,0.4,0.18,0.35,-2.92,-18.28,-21.82,False
EWM,Malaysia,2,trend_ema50_200,EMA 50/200,81,8,9.88,5.09,2.33,0.82,1.35,-3.17,-20.76,-22.55,False
EWM,Malaysia,3,trend_ema50_200,EMA 50/200,67,9,13.43,7.23,3.43,1.52,1.55,-3.75,-15.99,-26.72,False
EWM,Malaysia,4,trend_ema50_200,EMA 50/200,51,12,23.53,14.0,7.23,3.58,3.19,-3.84,-17.62,-28.57,False
EWM,Malaysia,5,trend_ema50_200,EMA 50/200,41,12,29.27,17.61,9.09,3.87,3.54,-3.03,-24.18,-30.16,False
EWM,Malaysia,6,trend_ema50_200,EMA 50/200,36,10,27.78,15.85,7.75,3.65,5.3,-1.51,-20.31,-30.16,False
EWM,Malaysia,7,trend_ema50_200,EMA 50/200,33,8,24.24,12.83,5.86,1.87,2.0,-10.88,-20.43,-30.16,False
EWM,Malaysia,8,trend_ema50_200,EMA 50/200,30,12,40.0,24.59,12.69,4.75,4.93,-5.94,-23.6,-30.16,False
EWM,Malaysia,9,trend_ema50_200,EMA 50/200,27,7,25.93,13.17,5.76,2.41,3.96,-10.01,-36.53,-45.33,False
EWM,Malaysia,10,trend_ema50_200,EMA 50/200,25,11,44.0,26.67,13.39,5.44,5.71,-7.88,-39.67,-52.12,False
EWM,Malaysia,11,trend_ema50_200,EMA 50/200,23,8,34.78,18.81,8.56,3.1,4.45,-6.93,-37.69,-44.66,False
EWM,Malaysia,12,trend_ema50_200,EMA 50/200,22,8,36.36,19.73,8.97,4.52,5.6,-7.17,-39.77,-43.13,False
EWM,Malaysia,1,trend_ema100_200,EMA 100/200,138,4,2.9,1.13,0.42,0.12,0.42,-2.62,-18.28,-21.82,False
EWM,Malaysia,2,trend_ema100_200,EMA 100/200,76,7,9.21,4.53,2.0,1.24,1.36,-2.88,-20.76,-22.55,False
EWM,Malaysia,3,trend_ema100_200,EMA 100/200,62,11,17.74,10.21,5.14,1.52,1.77,-3.73,-15.99,-26.72,False
EWM,Malaysia,4,trend_ema100_200,EMA 100/200,47,12,25.53,15.25,7.87,3.81,3.22,-4.18,-17.62,-28.57,False
EWM,Malaysia,5,trend_ema100_200,EMA 100/200,39,10,25.64,14.57,7.12,3.14,2.82,-2.06,-24.18,-30.16,False
EWM,Malaysia,6,trend_ema100_200,EMA 100/200,33,7,21.21,10.68,4.68,4.16,3.56,-4.51,-20.31,-30.16,False
EWM,Malaysia,7,trend_ema100_200,EMA 100/200,31,6,19.35,9.19,3.84,2.99,2.65,-7.65,-20.43,-30.16,False
EWM,Malaysia,8,trend_ema100_200,EMA 100/200,25,10,40.0,23.4,11.41,4.84,6.5,-4.16,-23.6,-30.16,False
EWM,Malaysia,9,trend_ema100_200,EMA 100/200,24,7,29.17,14.91,6.52,3.43,5.38,-2.34,-36.53,-45.33,False
EWM,Malaysia,10,trend_ema100_200,EMA 100/200,22,11,50.0,30.72,15.4,8.84,6.9,-1.37,-39.67,-52.12,False
EWM,Malaysia,11,trend_ema100_200,EMA 100/200,21,9,42.86,24.47,11.53,3.27,4.87,-4.66,-37.69,-44.66,False
EWM,Malaysia,12,trend_ema100_200,EMA 100/200,19,6,31.58,15.36,6.38,7.27,6.5,-5.68,-39.77,-43.13,False
EWM,Malaysia,1,trend_triple_ma,Triple Moving Average,78,2,2.56,0.71,0.21,0.24,0.15,-2.07,-18.28,-21.82,False
EWM,Malaysia,2,trend_triple_ma,Triple Moving Average,55,7,12.73,6.3,2.77,-0.16,0.82,-3.59,-12.83,-22.95,False
EWM,Malaysia,3,trend_triple_ma,Triple Moving Average,47,6,12.77,5.98,2.51,1.36,1.97,-6.07,-21.2,-24.55,False
EWM,Malaysia,4,trend_triple_ma,Triple Moving Average,37,10,27.03,15.4,7.53,4.52,3.71,-3.92,-23.98,-30.16,False
EWM,Malaysia,5,trend_triple_ma,Triple Moving Average,31,8,25.81,13.7,6.26,5.41,6.7,-4.25,-14.07,-26.72,False
EWM,Malaysia,6,trend_triple_ma,Triple Moving Average,30,8,26.67,14.18,6.47,2.21,3.94,-3.33,-19.91,-26.72,False
EWM,Malaysia,7,trend_triple_ma,Triple Moving Average,29,8,27.59,14.7,6.71,3.27,4.51,-8.17,-20.1,-28.57,False
EWM,Malaysia,8,trend_triple_ma,Triple Moving Average,26,10,38.46,22.43,10.94,4.54,6.06,-2.26,-23.6,-30.16,False
EWM,Malaysia,9,trend_triple_ma,Triple Moving Average,23,9,39.13,22.16,10.45,2.41,5.77,-10.49,-29.48,-36.08,False
EWM,Malaysia,10,trend_triple_ma,Triple Moving Average,22,9,40.91,23.26,10.96,6.0,7.51,-4.6,-39.67,-52.12,False
EWM,Malaysia,11,trend_triple_ma,Triple Moving Average,21,9,42.86,24.47,11.53,5.89,9.24,-11.85,-43.91,-52.12,False
EWM,Malaysia,12,trend_triple_ma,Triple Moving Average,18,9,50.0,29.03,13.64,11.2,12.39,-3.82,-39.77,-43.13,False
EWM,Malaysia,1,trend_breakout_100,100-Day Range Breakout,31,1,3.23,0.57,0.15,0.85,0.27,-3.11,-18.28,-21.82,False
EWM,Malaysia,2,trend_breakout_100,100-Day Range Breakout,25,3,12.0,4.17,1.41,0.82,0.69,-5.36,-12.83,-24.24,False
EWM,Malaysia,3,trend_breakout_100,100-Day Range Breakout,23,3,13.04,4.54,1.53,2.72,2.62,-2.32,-15.99,-28.79,False
EWM,Malaysia,4,trend_breakout_100,100-Day Range Breakout,22,6,27.27,13.15,5.47,4.49,6.25,0.17,-20.78,-30.16,False
EWM,Malaysia,5,trend_breakout_100,100-Day Range Breakout,19,5,26.32,11.81,4.63,2.44,7.04,-1.85,-21.69,-30.16,False
EWM,Malaysia,6,trend_breakout_100,100-Day Range Breakout,17,6,35.29,17.31,7.17,3.09,12.06,-1.08,-19.27,-28.79,False
EWM,Malaysia,7,trend_breakout_100,100-Day Range Breakout,17,7,41.18,21.61,9.38,4.0,9.77,-0.02,-20.1,-28.79,False
EWM,Malaysia,8,trend_breakout_100,100-Day Range Breakout,17,8,47.06,26.16,11.84,7.24,11.59,-0.94,-23.6,-29.92,False
EWM,Malaysia,9,trend_breakout_100,100-Day Range Breakout,16,9,56.25,33.18,15.54,15.6,10.24,-3.48,-29.48,-36.08,False
EWM,Malaysia,10,trend_breakout_100,100-Day Range Breakout,14,8,57.14,32.59,14.65,14.29,9.43,-9.34,-24.52,-37.62,False
EWM,Malaysia,11,trend_breakout_100,100-Day Range Breakout,14,8,57.14,32.59,14.65,15.62,9.01,-8.91,-28.12,-41.5,False
EWM,Malaysia,12,trend_breakout_100,100-Day Range Breakout,12,7,58.33,31.95,13.71,15.88,15.42,-0.26,-40.26,-52.12,False
EWM,Malaysia,1,trend_breakout_200,200-Day Range Breakout,24,1,4.17,0.74,0.19,1.39,0.5,-3.08,-18.28,-21.82,False
EWM,Malaysia,2,trend_breakout_200,200-Day Range Breakout,19,3,15.79,5.52,1.86,2.53,2.53,-3.13,-7.7,-21.82,False
EWM,Malaysia,3,trend_breakout_200,200-Day Range Breakout,18,3,16.67,5.84,1.96,3.34,3.23,-2.36,-15.99,-21.82,False
EWM,Malaysia,4,trend_breakout_200,200-Day Range Breakout,17,5,29.41,13.28,5.2,5.59,3.88,-0.24,-18.33,-28.57,False
EWM,Malaysia,5,trend_breakout_200,200-Day Range Breakout,15,5,33.33,15.18,5.93,5.41,4.6,-1.24,-24.18,-30.16,False
EWM,Malaysia,6,trend_breakout_200,200-Day Range Breakout,14,5,35.71,16.34,6.37,5.18,6.69,-4.31,-19.5,-30.16,False
EWM,Malaysia,7,trend_breakout_200,200-Day Range Breakout,13,7,53.85,29.14,12.55,10.85,7.81,-0.02,-20.43,-30.16,False
EWM,Malaysia,8,trend_breakout_200,200-Day Range Breakout,12,7,58.33,31.95,13.71,12.57,7.67,-1.9,-23.6,-30.16,False
EWM,Malaysia,9,trend_breakout_200,200-Day Range Breakout,11,5,45.45,21.27,8.22,5.81,10.44,0.43,-14.14,-30.16,False
EWM,Malaysia,10,trend_breakout_200,200-Day Range Breakout,11,5,45.45,21.27,8.22,6.55,7.47,0.97,-24.52,-34.44,False
EWM,Malaysia,11,trend_breakout_200,200-Day Range Breakout,10,5,50.0,23.66,9.1,9.83,8.83,-0.24,-28.12,-41.5,False
EWM,Malaysia,12,trend_breakout_200,200-Day Range Breakout,10,4,40.0,16.82,6.07,3.14,5.96,-3.33,-40.26,-52.12,False
EWM,Malaysia,1,momentum_90,90-Day Absolute Momentum,155,5,3.23,1.39,0.55,0.15,0.7,-3.08,-20.34,-21.82,False
EWM,Malaysia,2,momentum_90,90-Day Absolute Momentum,95,11,11.58,6.59,3.32,-0.1,0.1,-4.81,-30.31,-30.21,False
EWM,Malaysia,3,momentum_90,90-Day Absolute Momentum,74,12,16.22,9.53,4.92,1.13,1.84,-3.95,-39.68,-44.79,False
EWM,Malaysia,4,momentum_90,90-Day Absolute Momentum,57,10,17.54,9.82,4.81,3.19,0.52,-5.34,-50.1,-50.0,False
EWM,Malaysia,5,momentum_90,90-Day Absolute Momentum,48,9,18.75,10.19,4.83,3.95,2.99,-4.03,-65.9,-65.8,False
EWM,Malaysia,6,momentum_90,90-Day Absolute Momentum,42,12,28.57,17.17,8.86,1.63,2.72,-4.75,-69.11,-70.08,False
EWM,Malaysia,7,momentum_90,90-Day Absolute Momentum,40,13,32.5,20.08,10.61,5.0,5.27,-6.44,-56.28,-71.15,False
EWM,Malaysia,8,momentum_90,90-Day Absolute Momentum,35,13,37.14,23.17,12.24,4.25,4.95,-5.99,-41.87,-71.15,False
EWM,Malaysia,9,momentum_90,90-Day Absolute Momentum,30,11,36.67,21.87,10.99,4.88,5.14,-6.92,-37.13,-71.15,False
EWM,Malaysia,10,momentum_90,90-Day Absolute Momentum,29,9,31.03,17.28,8.17,3.43,5.71,-8.54,-30.26,-71.15,False
EWM,Malaysia,11,momentum_90,90-Day Absolute Momentum,28,9,32.14,17.93,8.48,-1.04,5.96,-10.8,-43.91,-71.15,False
EWM,Malaysia,12,momentum_90,90-Day Absolute Momentum,25,10,40.0,23.4,11.41,7.09,7.37,-11.85,-42.72,-71.15,False
EWM,Malaysia,1,momentum_180,180-Day Absolute Momentum,166,5,3.01,1.29,0.51,0.29,0.22,-3.04,-18.28,-21.82,False
EWM,Malaysia,2,momentum_180,180-Day Absolute Momentum,93,10,10.75,5.95,2.91,1.22,2.05,-3.85,-20.76,-22.55,False
EWM,Malaysia,3,momentum_180,180-Day Absolute Momentum,71,13,18.31,11.02,5.82,1.36,2.6,-4.87,-20.06,-28.57,False
EWM,Malaysia,4,momentum_180,180-Day Absolute Momentum,54,16,29.63,19.14,10.71,3.05,4.25,-6.15,-26.26,-30.16,False
EWM,Malaysia,5,momentum_180,180-Day Absolute Momentum,45,12,26.67,15.96,8.24,3.06,4.64,-6.46,-19.26,-26.72,False
EWM,Malaysia,6,momentum_180,180-Day Absolute Momentum,37,9,24.32,13.36,6.33,3.93,6.69,-1.95,-21.64,-28.57,False
EWM,Malaysia,7,momentum_180,180-Day Absolute Momentum,35,10,28.57,16.33,7.98,4.8,4.46,-6.95,-44.42,-44.66,False
EWM,Malaysia,8,momentum_180,180-Day Absolute Momentum,31,13,41.94,26.42,13.96,5.53,5.03,-9.13,-37.33,-41.67,False
EWM,Malaysia,9,momentum_180,180-Day Absolute Momentum,27,11,40.74,24.51,12.31,2.41,5.8,-9.99,-36.53,-45.33,False
EWM,Malaysia,10,momentum_180,180-Day Absolute Momentum,25,12,48.0,30.03,15.48,7.67,8.84,-8.78,-30.62,-41.5,False
EWM,Malaysia,11,momentum_180,180-Day Absolute Momentum,23,11,47.83,29.24,14.67,5.89,8.26,-6.98,-41.79,-45.82,False
EWM,Malaysia,12,momentum_180,180-Day Absolute Momentum,22,9,40.91,23.26,10.96,5.22,11.9,-7.54,-26.84,-31.97,False
EWM,Malaysia,1,momentum_270,270-Day Absolute Momentum,163,5,3.07,1.32,0.52,0.31,0.26,-3.02,-18.28,-21.82,False
EWM,Malaysia,2,momentum_270,270-Day Absolute Momentum,91,6,6.59,3.06,1.29,1.26,0.88,-4.29,-20.76,-22.55,False
EWM,Malaysia,3,momentum_270,270-Day Absolute Momentum,73,12,16.44,9.66,4.99,1.06,1.51,-4.62,-20.06,-26.72,False
EWM,Malaysia,4,momentum_270,270-Day Absolute Momentum,53,13,24.53,14.93,7.89,3.19,2.62,-3.95,-26.26,-28.73,False
EWM,Malaysia,5,momentum_270,270-Day Absolute Momentum,44,12,27.27,16.35,8.44,3.83,2.38,-3.8,-24.18,-30.16,False
EWM,Malaysia,6,momentum_270,270-Day Absolute Momentum,36,10,27.78,15.85,7.75,5.55,3.4,-2.52,-24.85,-30.97,False
EWM,Malaysia,7,momentum_270,270-Day Absolute Momentum,33,6,18.18,8.61,3.6,2.87,2.81,-6.35,-20.43,-30.16,False
EWM,Malaysia,8,momentum_270,270-Day Absolute Momentum,30,11,36.67,21.87,10.99,4.28,4.54,-5.3,-25.8,-33.43,False
EWM,Malaysia,9,momentum_270,270-Day Absolute Momentum,27,10,37.04,21.53,10.51,7.06,5.9,-3.88,-17.97,-37.62,False
EWM,Malaysia,10,momentum_270,270-Day Absolute Momentum,25,7,28.0,14.28,6.24,2.08,3.73,-7.14,-39.84,-45.33,False
EWM,Malaysia,11,momentum_270,270-Day Absolute Momentum,23,8,34.78,18.81,8.56,3.49,4.77,-5.39,-43.91,-52.12,False
EWM,Malaysia,12,momentum_270,270-Day Absolute Momentum,23,6,26.09,12.55,5.23,2.77,2.54,-2.46,-42.72,-45.82,False
EWM,Malaysia,1,momentum_365,365-Day Absolute Momentum,172,7,4.07,1.99,0.88,0.56,0.62,-2.19,-18.28,-21.82,False
EWM,Malaysia,2,momentum_365,365-Day Absolute Momentum,92,10,10.87,6.01,2.95,1.02,1.63,-3.19,-20.76,-22.55,False
EWM,Malaysia,3,momentum_365,365-Day Absolute Momentum,71,8,11.27,5.82,2.67,0.51,1.54,-3.73,-20.06,-26.72,False
EWM,Malaysia,4,momentum_365,365-Day Absolute Momentum,53,16,30.19,19.52,10.93,2.28,2.8,-3.95,-26.26,-28.73,False
EWM,Malaysia,5,momentum_365,365-Day Absolute Momentum,43,9,20.93,11.42,5.42,3.42,2.48,-2.01,-24.18,-30.16,False
EWM,Malaysia,6,momentum_365,365-Day Absolute Momentum,36,10,27.78,15.85,7.75,2.47,3.12,-4.12,-26.92,-33.2,False
EWM,Malaysia,7,momentum_365,365-Day Absolute Momentum,33,9,27.27,15.07,7.13,4.52,1.22,-9.68,-44.42,-44.66,False
EWM,Malaysia,8,momentum_365,365-Day Absolute Momentum,29,12,41.38,25.51,13.16,3.41,5.11,-4.39,-23.6,-34.82,False
EWM,Malaysia,9,momentum_365,365-Day Absolute Momentum,28,8,28.57,15.25,6.96,4.0,3.47,-7.77,-28.06,-37.62,False
EWM,Malaysia,10,momentum_365,365-Day Absolute Momentum,25,9,36.0,20.25,9.56,4.87,5.35,-7.07,-39.84,-45.33,False
EWM,Malaysia,11,momentum_365,365-Day Absolute Momentum,23,9,39.13,22.16,10.45,1.12,4.01,-7.49,-43.91,-52.12,False
EWM,Malaysia,12,momentum_365,365-Day Absolute Momentum,21,9,42.86,24.47,11.53,2.51,5.07,-9.82,-39.77,-44.66,False
EWM,Malaysia,1,momentum_dual_90_180,Dual Momentum 90/180,124,3,2.42,0.83,0.28,0.12,0.07,-3.13,-18.28,-21.82,False
EWM,Malaysia,2,momentum_dual_90_180,Dual Momentum 90/180,75,8,10.67,5.5,2.52,0.05,1.88,-3.25,-20.76,-22.55,False
EWM,Malaysia,3,momentum_dual_90_180,Dual Momentum 90/180,58,10,17.24,9.64,4.72,0.8,2.17,-4.43,-13.46,-28.57,False
EWM,Malaysia,4,momentum_dual_90_180,Dual Momentum 90/180,46,11,23.91,13.91,7.0,1.94,3.49,-6.75,-20.78,-30.16,False
EWM,Malaysia,5,momentum_dual_90_180,Dual Momentum 90/180,40,11,27.5,16.11,8.1,2.66,5.34,-3.84,-19.26,-26.72,False
EWM,Malaysia,6,momentum_dual_90_180,Dual Momentum 90/180,33,10,30.3,17.38,8.49,3.09,6.08,-1.7,-21.64,-28.57,False
EWM,Malaysia,7,momentum_dual_90_180,Dual Momentum 90/180,30,10,33.33,19.23,9.39,4.17,4.29,-7.02,-30.52,-32.07,False
EWM,Malaysia,8,momentum_dual_90_180,Dual Momentum 90/180,27,11,40.74,24.51,12.31,4.84,6.59,-8.93,-23.6,-30.16,False
EWM,Malaysia,9,momentum_dual_90_180,Dual Momentum 90/180,25,9,36.0,20.25,9.56,2.88,4.6,-11.47,-29.48,-36.08,False
EWM,Malaysia,10,momentum_dual_90_180,Dual Momentum 90/180,24,10,41.67,24.47,11.93,5.28,10.57,-6.26,-22.19,-37.62,False
EWM,Malaysia,11,momentum_dual_90_180,Dual Momentum 90/180,21,8,38.1,20.75,9.43,5.89,10.27,-6.12,-29.37,-41.5,False
EWM,Malaysia,12,momentum_dual_90_180,Dual Momentum 90/180,21,8,38.1,20.75,9.43,8.48,10.55,-8.79,-45.54,-50.39,False
EWM,Malaysia,1,momentum_dual_180_365,Dual Momentum 180/365,144,5,3.47,1.49,0.59,0.49,0.39,-3.01,-18.28,-21.82,False
EWM,Malaysia,2,momentum_dual_180_365,Dual Momentum 180/365,79,8,10.13,5.22,2.39,1.22,1.49,-3.21,-20.76,-22.55,False
EWM,Malaysia,3,momentum_dual_180_365,Dual Momentum 180/365,63,8,12.7,6.58,3.01,0.28,0.86,-4.91,-20.06,-26.72,False
EWM,Malaysia,4,momentum_dual_180_365,Dual Momentum 180/365,47,14,29.79,18.65,10.06,2.4,2.95,-4.92,-26.26,-28.73,False
EWM,Malaysia,5,momentum_dual_180_365,Dual Momentum 180/365,39,10,25.64,14.57,7.12,2.29,2.47,-4.58,-24.18,-30.16,False
EWM,Malaysia,6,momentum_dual_180_365,Dual Momentum 180/365,33,7,21.21,10.68,4.68,3.37,4.25,-3.74,-20.31,-30.16,False
EWM,Malaysia,7,momentum_dual_180_365,Dual Momentum 180/365,30,5,16.67,7.34,2.9,1.82,-0.06,-10.43,-44.42,-44.66,False
EWM,Malaysia,8,momentum_dual_180_365,Dual Momentum 180/365,26,10,38.46,22.43,10.94,4.54,3.3,-6.32,-37.33,-41.67,False
EWM,Malaysia,9,momentum_dual_180_365,Dual Momentum 180/365,25,9,36.0,20.25,9.56,2.88,4.12,-9.18,-36.53,-45.33,False
EWM,Malaysia,10,momentum_dual_180_365,Dual Momentum 180/365,23,9,39.13,22.16,10.45,7.67,4.51,-8.71,-30.62,-41.5,False
EWM,Malaysia,11,momentum_dual_180_365,Dual Momentum 180/365,21,10,47.62,28.34,13.79,4.52,3.28,-7.83,-41.79,-45.82,False
EWM,Malaysia,12,momentum_dual_180_365,Dual Momentum 180/365,19,8,42.11,23.14,10.5,8.48,5.74,-7.45,-39.77,-43.13,False
EWM,Malaysia,1,momentum_rank_90,Top Relative Momentum 90,52,2,3.85,1.06,0.32,-0.6,-0.42,-5.32,-18.28,-21.82,False
EWM,Malaysia,2,momentum_rank_90,Top Relative Momentum 90,34,6,17.65,8.35,3.49,-0.72,0.49,-6.88,-12.83,-22.95,False
EWM,Malaysia,3,momentum_rank_90,Top Relative Momentum 90,28,5,17.86,7.88,3.11,1.47,0.15,-6.1,-21.2,-26.72,False
EWM,Malaysia,4,momentum_rank_90,Top Relative Momentum 90,22,3,13.64,4.75,1.6,-0.33,0.72,-6.88,-17.62,-28.79,False
EWM,Malaysia,5,momentum_rank_90,Top Relative Momentum 90,20,5,25.0,11.19,4.4,-1.38,5.89,-8.38,-24.18,-30.16,False
EWM,Malaysia,6,momentum_rank_90,Top Relative Momentum 90,19,5,26.32,11.81,4.63,1.27,5.09,-7.07,-20.02,-30.16,False
EWM,Malaysia,7,momentum_rank_90,Top Relative Momentum 90,19,8,42.11,23.14,10.5,1.16,9.5,-5.98,-19.94,-29.2,False
EWM,Malaysia,8,momentum_rank_90,Top Relative Momentum 90,18,8,44.44,24.56,11.13,4.43,8.87,-6.18,-26.46,-34.44,False
EWM,Malaysia,9,momentum_rank_90,Top Relative Momentum 90,15,6,40.0,19.82,8.18,7.27,11.38,-0.66,-32.17,-41.5,False
EWM,Malaysia,10,momentum_rank_90,Top Relative Momentum 90,15,6,40.0,19.82,8.18,3.56,7.56,-4.3,-39.67,-52.12,False
EWM,Malaysia,11,momentum_rank_90,Top Relative Momentum 90,15,5,33.33,15.18,5.93,0.41,7.72,-7.97,-43.91,-52.12,False
EWM,Malaysia,12,momentum_rank_90,Top Relative Momentum 90,15,5,33.33,15.18,5.93,7.09,8.76,-6.86,-37.25,-52.12,False
EWM,Malaysia,1,momentum,Top Relative Momentum 180,43,2,4.65,1.28,0.39,0.19,0.18,-3.85,-18.28,-21.82,False
EWM,Malaysia,2,momentum,Top Relative Momentum 180,26,5,19.23,8.51,3.36,0.85,0.44,-7.68,-20.76,-22.55,False
EWM,Malaysia,3,momentum,Top Relative Momentum 180,22,4,18.18,7.31,2.69,-2.57,0.07,-7.83,-15.99,-22.55,False
EWM,Malaysia,4,momentum,Top Relative Momentum 180,16,4,25.0,10.18,3.72,-3.55,1.05,-9.02,-17.62,-28.57,False
EWM,Malaysia,5,momentum,Top Relative Momentum 180,16,4,25.0,10.18,3.72,-3.16,2.36,-8.65,-24.18,-30.16,False
EWM,Malaysia,6,momentum,Top Relative Momentum 180,15,5,33.33,15.18,5.93,-3.74,2.58,-9.17,-22.12,-30.16,False
EWM,Malaysia,7,momentum,Top Relative Momentum 180,13,5,38.46,17.71,6.89,1.06,3.08,-12.51,-30.52,-32.07,False
EWM,Malaysia,8,momentum,Top Relative Momentum 180,12,5,41.67,19.33,7.5,0.31,3.15,-13.69,-35.92,-39.38,False
EWM,Malaysia,9,momentum,Top Relative Momentum 180,11,4,36.36,15.17,5.49,5.81,4.39,-8.7,-43.0,-50.39,False
EWM,Malaysia,10,momentum,Top Relative Momentum 180,11,4,36.36,15.17,5.49,4.87,5.11,-9.32,-47.01,-50.39,False
EWM,Malaysia,11,momentum,Top Relative Momentum 180,11,4,36.36,15.17,5.49,1.12,7.57,-7.17,-40.72,-50.39,False
EWM,Malaysia,12,momentum,Top Relative Momentum 180,11,3,27.27,9.75,3.25,1.6,6.75,-6.17,-45.54,-50.39,False
EWM,Malaysia,1,momentum_rank_365,Top Relative Momentum 365,68,2,2.94,0.81,0.25,-0.78,-0.45,-4.51,-18.28,-19.64,False
EWM,Malaysia,2,momentum_rank_365,Top Relative Momentum 365,39,9,23.08,12.65,5.99,-0.7,1.35,-5.56,-20.76,-28.57,False
EWM,Malaysia,3,momentum_rank_365,Top Relative Momentum 365,32,5,15.62,6.86,2.71,-0.11,0.28,-5.66,-28.99,-30.16,False
EWM,Malaysia,4,momentum_rank_365,Top Relative Momentum 365,24,6,25.0,12.0,5.0,1.46,0.47,-11.3,-26.26,-30.16,False
EWM,Malaysia,5,momentum_rank_365,Top Relative Momentum 365,20,6,30.0,14.55,6.04,0.51,1.12,-12.26,-21.69,-30.16,False
EWM,Malaysia,6,momentum_rank_365,Top Relative Momentum 365,19,3,15.79,5.52,1.86,1.19,-1.56,-9.76,-39.02,-41.67,False
EWM,Malaysia,7,momentum_rank_365,Top Relative Momentum 365,17,3,17.65,6.19,2.08,-2.03,-2.22,-9.94,-31.79,-41.67,False
EWM,Malaysia,8,momentum_rank_365,Top Relative Momentum 365,15,5,33.33,15.18,5.93,4.25,1.9,-6.61,-20.09,-30.16,False
EWM,Malaysia,9,momentum_rank_365,Top Relative Momentum 365,14,4,28.57,11.72,4.27,0.16,0.26,-8.79,-32.17,-41.5,False
EWM,Malaysia,10,momentum_rank_365,Top Relative Momentum 365,14,4,28.57,11.72,4.27,-2.73,1.54,-8.21,-47.01,-50.39,False
EWM,Malaysia,11,momentum_rank_365,Top Relative Momentum 365,13,4,30.77,12.68,4.61,-3.9,-0.64,-8.92,-41.79,-45.82,False
EWM,Malaysia,12,momentum_rank_365,Top Relative Momentum 365,12,4,33.33,13.81,5.01,-1.62,1.07,-8.27,-36.96,-45.33,False
EWM,Malaysia,1,momentum_composite,Composite Momentum,38,1,2.63,0.47,0.12,-0.56,-0.26,-4.32,-18.28,-19.64,False
EWM,Malaysia,2,momentum_composite,Composite Momentum,23,2,8.7,2.42,0.73,-1.63,0.16,-4.37,-8.19,-19.64,False
EWM,Malaysia,3,momentum_composite,Composite Momentum,20,4,20.0,8.07,2.96,-3.92,-1.33,-9.98,-21.2,-28.57,False
EWM,Malaysia,4,momentum_composite,Composite Momentum,17,3,17.65,6.19,2.08,-2.65,-0.02,-7.18,-17.52,-30.16,False
EWM,Malaysia,5,momentum_composite,Composite Momentum,15,5,33.33,15.18,5.93,-0.2,1.79,-7.6,-11.77,-30.16,False
EWM,Malaysia,6,momentum_composite,Composite Momentum,13,2,15.38,4.33,1.29,-1.45,-1.86,-8.35,-20.02,-30.16,False
EWM,Malaysia,7,momentum_composite,Composite Momentum,13,4,30.77,12.68,4.61,3.1,1.39,-12.38,-20.1,-30.16,False
EWM,Malaysia,8,momentum_composite,Composite Momentum,12,5,41.67,19.33,7.5,3.14,2.23,-9.5,-26.46,-36.08,False
EWM,Malaysia,9,momentum_composite,Composite Momentum,11,3,27.27,9.75,3.25,-2.48,1.55,-8.7,-32.17,-41.5,False
EWM,Malaysia,10,momentum_composite,Composite Momentum,11,3,27.27,9.75,3.25,-1.34,0.61,-6.86,-39.67,-52.12,False
EWM,Malaysia,11,momentum_composite,Composite Momentum,10,2,20.0,5.67,1.69,0.07,2.21,-1.24,-43.91,-52.12,False
EWM,Malaysia,12,momentum_composite,Composite Momentum,9,3,33.33,12.06,3.99,3.65,5.15,1.6,-45.54,-50.39,False
EWM,Malaysia,1,drawdown_recovery_20,20% Drawdown Recovery,38,3,7.89,2.72,0.92,0.94,0.45,-5.78,-18.28,-21.82,False
EWM,Malaysia,2,drawdown_recovery_20,20% Drawdown Recovery,27,8,29.63,15.85,7.23,3.97,3.1,-7.91,-20.29,-24.24,False
EWM,Malaysia,3,drawdown_recovery_20,20% Drawdown Recovery,25,7,28.0,14.28,6.24,2.32,5.49,-8.95,-35.68,-36.19,False
EWM,Malaysia,4,drawdown_recovery_20,20% Drawdown Recovery,18,9,50.0,29.03,13.64,7.26,1.96,-13.66,-45.29,-49.52,False
EWM,Malaysia,5,drawdown_recovery_20,20% Drawdown Recovery,18,9,50.0,29.03,13.64,9.84,3.24,-12.76,-53.95,-54.29,False
EWM,Malaysia,6,drawdown_recovery_20,20% Drawdown Recovery,17,7,41.18,21.61,9.38,7.42,7.54,-11.11,-72.48,-72.64,False
EWM,Malaysia,7,drawdown_recovery_20,20% Drawdown Recovery,16,7,43.75,23.1,10.01,4.18,6.25,-11.63,-71.49,-72.64,False
EWM,Malaysia,8,drawdown_recovery_20,20% Drawdown Recovery,13,7,53.85,29.14,12.55,10.24,15.91,-4.15,-59.66,-73.62,False
EWM,Malaysia,9,drawdown_recovery_20,20% Drawdown Recovery,13,7,53.85,29.14,12.55,10.24,6.89,-5.05,-46.35,-73.62,False
EWM,Malaysia,10,drawdown_recovery_20,20% Drawdown Recovery,13,6,46.15,23.21,9.54,5.44,3.21,-11.89,-42.26,-73.62,False
EWM,Malaysia,11,drawdown_recovery_20,20% Drawdown Recovery,13,6,46.15,23.21,9.54,-0.69,8.23,-7.82,-37.69,-73.62,False
EWM,Malaysia,12,drawdown_recovery_20,20% Drawdown Recovery,12,6,50.0,25.38,10.39,6.13,4.62,-10.68,-44.08,-73.62,False
EWM,Malaysia,1,drawdown_recovery,25% Drawdown Recovery,14,1,7.14,1.27,0.32,1.93,0.62,-4.13,-15.99,-21.82,False
EWM,Malaysia,2,drawdown_recovery,25% Drawdown Recovery,12,4,33.33,13.81,5.01,-0.96,-0.17,-10.71,-20.29,-22.95,False
EWM,Malaysia,3,drawdown_recovery,25% Drawdown Recovery,11,3,27.27,9.75,3.25,-5.86,-1.92,-11.54,-35.68,-36.19,False
EWM,Malaysia,4,drawdown_recovery,25% Drawdown Recovery,10,4,40.0,16.82,6.07,-3.87,-3.72,-17.2,-45.29,-49.52,False
EWM,Malaysia,5,drawdown_recovery,25% Drawdown Recovery,9,4,44.44,18.88,6.78,8.85,9.03,-11.77,-53.95,-54.29,False
EWM,Malaysia,6,drawdown_recovery,25% Drawdown Recovery,8,4,50.0,21.52,7.68,8.63,4.89,-10.32,-72.48,-72.64,False
EWM,Malaysia,7,drawdown_recovery,25% Drawdown Recovery,7,4,57.14,25.05,8.86,20.37,13.75,-14.69,-71.49,-72.64,False
EWM,Malaysia,8,drawdown_recovery,25% Drawdown Recovery,7,4,57.14,25.05,8.86,23.31,8.63,-20.16,-59.66,-73.62,False
EWM,Malaysia,9,drawdown_recovery,25% Drawdown Recovery,7,4,57.14,25.05,8.86,21.63,10.21,-23.03,-46.35,-73.62,False
EWM,Malaysia,10,drawdown_recovery,25% Drawdown Recovery,7,4,57.14,25.05,8.86,20.21,9.48,-17.16,-41.97,-73.62,False
EWM,Malaysia,11,drawdown_recovery,25% Drawdown Recovery,7,4,57.14,25.05,8.86,20.7,16.09,-19.83,-35.63,-73.62,False
EWM,Malaysia,12,drawdown_recovery,25% Drawdown Recovery,7,3,42.86,15.82,5.18,-3.56,-0.44,-24.28,-44.08,-73.62,False
EWM,Malaysia,1,drawdown_recovery_30,30% Drawdown Recovery,25,3,12.0,4.17,1.41,1.0,1.04,-6.34,-18.28,-21.82,False
EWM,Malaysia,2,drawdown_recovery_30,30% Drawdown Recovery,17,7,41.18,21.61,9.38,4.57,5.16,-8.21,-20.29,-24.24,False
EWM,Malaysia,3,drawdown_recovery_30,30% Drawdown Recovery,14,6,42.86,21.38,8.81,6.37,11.16,-6.8,-35.68,-36.19,False
EWM,Malaysia,4,drawdown_recovery_30,30% Drawdown Recovery,11,6,54.55,28.01,11.43,13.59,3.58,-9.55,-45.29,-49.52,False
EWM,Malaysia,5,drawdown_recovery_30,30% Drawdown Recovery,11,6,54.55,28.01,11.43,16.04,5.33,-9.61,-53.95,-54.29,False
EWM,Malaysia,6,drawdown_recovery_30,30% Drawdown Recovery,11,4,36.36,15.17,5.49,3.1,11.09,-12.21,-72.48,-72.64,False
EWM,Malaysia,7,drawdown_recovery_30,30% Drawdown Recovery,10,5,50.0,23.66,9.1,7.34,13.75,-5.41,-71.49,-72.64,False
EWM,Malaysia,8,drawdown_recovery_30,30% Drawdown Recovery,8,5,62.5,30.57,11.6,11.51,25.1,-1.86,-59.66,-73.62,False
EWM,Malaysia,9,drawdown_recovery_30,30% Drawdown Recovery,8,4,50.0,21.52,7.68,5.53,10.17,-6.59,-46.35,-73.62,False
EWM,Malaysia,10,drawdown_recovery_30,30% Drawdown Recovery,8,3,37.5,13.68,4.51,-0.81,5.94,-14.19,-41.97,-73.62,False
EWM,Malaysia,11,drawdown_recovery_30,30% Drawdown Recovery,8,3,37.5,13.68,4.51,-3.32,11.06,-12.34,-35.63,-73.62,False
EWM,Malaysia,12,drawdown_recovery_30,30% Drawdown Recovery,7,2,28.57,8.22,2.43,0.58,3.25,-3.52,-44.08,-73.62,False
EWM,Malaysia,1,drawdown_recovery_40,40% Drawdown Recovery,14,2,14.29,4.01,1.2,-1.61,-0.2,-8.95,-18.28,-21.82,False
EWM,Malaysia,2,drawdown_recovery_40,40% Drawdown Recovery,9,3,33.33,12.06,3.99,4.57,3.72,-9.19,-20.29,-24.24,False
EWM,Malaysia,3,drawdown_recovery_40,40% Drawdown Recovery,8,3,37.5,13.68,4.51,4.2,13.9,-4.27,-35.68,-36.19,False
EWM,Malaysia,4,drawdown_recovery_40,40% Drawdown Recovery,6,3,50.0,18.76,6.09,8.55,-0.28,-12.34,-45.29,-49.52,False
EWM,Malaysia,5,drawdown_recovery_40,40% Drawdown Recovery,6,4,66.67,30.0,10.47,14.83,3.97,-14.88,-53.95,-54.29,False
EWM,Malaysia,6,drawdown_recovery_40,40% Drawdown Recovery,6,3,50.0,18.76,6.09,13.14,25.58,-4.41,-72.48,-72.64,False
EWM,Malaysia,7,drawdown_recovery_40,40% Drawdown Recovery,6,4,66.67,30.0,10.47,19.34,23.91,5.59,-71.49,-72.64,False
EWM,Malaysia,8,drawdown_recovery_40,40% Drawdown Recovery,4,3,75.0,30.06,9.4,34.12,50.29,8.22,-59.66,-73.62,False
EWM,Malaysia,9,drawdown_recovery_40,40% Drawdown Recovery,4,3,75.0,30.06,9.4,39.89,27.7,17.71,-46.35,-73.62,False
EWM,Malaysia,10,drawdown_recovery_40,40% Drawdown Recovery,4,3,75.0,30.06,9.4,47.61,28.4,22.13,-41.97,-73.62,False
EWM,Malaysia,11,drawdown_recovery_40,40% Drawdown Recovery,4,3,75.0,30.06,9.4,45.22,38.0,23.07,-35.63,-73.62,False
EWM,Malaysia,12,drawdown_recovery_40,40% Drawdown Recovery,4,2,50.0,15.0,4.32,18.11,10.31,-13.69,-44.08,-73.62,False
EWM,Malaysia,1,rsi14_recovery,RSI 14 Recovery,42,3,7.14,2.46,0.83,-0.32,-0.33,-4.46,-18.28,-21.82,False
EWM,Malaysia,2,rsi14_recovery,RSI 14 Recovery,37,7,18.92,9.48,4.16,0.28,2.24,-3.29,-18.08,-21.82,False
EWM,Malaysia,3,rsi14_recovery,RSI 14 Recovery,35,5,14.29,6.26,2.48,-0.63,2.03,-5.18,-21.2,-29.09,False
EWM,Malaysia,4,rsi14_recovery,RSI 14 Recovery,32,6,18.75,8.89,3.72,1.75,1.41,-4.11,-28.82,-38.1,False
EWM,Malaysia,5,rsi14_recovery,RSI 14 Recovery,30,7,23.33,11.79,5.17,1.97,1.96,-6.41,-39.46,-49.52,False
EWM,Malaysia,6,rsi14_recovery,RSI 14 Recovery,26,4,15.38,6.15,2.27,2.44,5.2,-8.07,-50.1,-55.24,False
EWM,Malaysia,7,rsi14_recovery,RSI 14 Recovery,25,5,20.0,8.86,3.49,1.27,2.34,-5.69,-66.27,-72.64,False
EWM,Malaysia,8,rsi14_recovery,RSI 14 Recovery,23,7,30.43,15.6,6.81,3.1,7.46,-7.68,-69.54,-72.64,False
EWM,Malaysia,9,rsi14_recovery,RSI 14 Recovery,22,6,27.27,13.15,5.47,1.69,0.95,-8.67,-55.35,-73.62,False
EWM,Malaysia,10,rsi14_recovery,RSI 14 Recovery,19,5,26.32,11.81,4.63,-1.39,-2.21,-13.25,-44.13,-73.62,False
EWM,Malaysia,11,rsi14_recovery,RSI 14 Recovery,19,7,36.84,19.15,8.34,-5.01,-2.09,-13.6,-37.69,-73.62,False
EWM,Malaysia,12,rsi14_recovery,RSI 14 Recovery,18,7,38.89,20.3,8.83,-3.52,0.55,-9.26,-39.77,-73.62,False
EWM,Malaysia,1,rsi28_recovery,RSI 28 Recovery,31,1,3.23,0.57,0.15,-0.8,-1.03,-4.34,-15.99,-21.82,False
EWM,Malaysia,2,rsi28_recovery,RSI 28 Recovery,30,3,10.0,3.46,1.17,-0.4,0.39,-4.77,-18.08,-21.82,False
EWM,Malaysia,3,rsi28_recovery,RSI 28 Recovery,30,3,10.0,3.46,1.17,0.56,0.16,-7.01,-21.2,-29.09,False
EWM,Malaysia,4,rsi28_recovery,RSI 28 Recovery,27,6,22.22,10.61,4.43,-1.52,0.1,-4.46,-28.82,-38.1,False
EWM,Malaysia,5,rsi28_recovery,RSI 28 Recovery,26,6,23.08,11.03,4.6,-3.08,-2.18,-9.43,-39.46,-49.52,False
EWM,Malaysia,6,rsi28_recovery,RSI 28 Recovery,24,5,20.83,9.24,3.64,-1.63,-3.25,-11.2,-50.1,-55.24,False
EWM,Malaysia,7,rsi28_recovery,RSI 28 Recovery,24,4,16.67,6.68,2.46,0.6,-4.42,-7.72,-66.27,-72.64,False
EWM,Malaysia,8,rsi28_recovery,RSI 28 Recovery,21,5,23.81,10.63,4.18,0.17,-2.23,-7.15,-69.54,-72.64,False
EWM,Malaysia,9,rsi28_recovery,RSI 28 Recovery,19,3,15.79,5.52,1.86,-2.6,-1.95,-8.83,-55.35,-73.62,False
EWM,Malaysia,10,rsi28_recovery,RSI 28 Recovery,19,4,21.05,8.51,3.12,1.21,-2.0,-15.01,-44.13,-73.62,False
EWM,Malaysia,11,rsi28_recovery,RSI 28 Recovery,17,4,23.53,9.55,3.5,0.47,-3.37,-18.8,-37.69,-73.62,False
EWM,Malaysia,12,rsi28_recovery,RSI 28 Recovery,16,4,25.0,10.18,3.72,-1.64,-0.16,-9.44,-39.77,-73.62,False
EWM,Malaysia,1,bollinger_recovery,Bollinger Recovery,25,1,4.0,0.71,0.18,0.02,-0.11,-2.1,-12.83,-13.51,False
EWM,Malaysia,2,bollinger_recovery,Bollinger Recovery,23,3,13.04,4.54,1.53,0.52,0.45,-4.05,-18.08,-18.73,False
EWM,Malaysia,3,bollinger_recovery,Bollinger Recovery,23,3,13.04,4.54,1.53,1.75,0.96,-6.36,-21.2,-29.09,False
EWM,Malaysia,4,bollinger_recovery,Bollinger Recovery,22,5,22.73,10.12,3.98,-0.03,0.0,-6.13,-28.82,-38.1,False
EWM,Malaysia,5,bollinger_recovery,Bollinger Recovery,21,4,19.05,7.67,2.82,0.52,-0.94,-5.03,-39.46,-49.52,False
EWM,Malaysia,6,bollinger_recovery,Bollinger Recovery,20,3,15.0,5.24,1.76,-1.22,-4.96,-12.76,-50.1,-55.24,False
EWM,Malaysia,7,bollinger_recovery,Bollinger Recovery,19,4,21.05,8.51,3.12,3.23,-3.09,-6.72,-66.27,-72.64,False
EWM,Malaysia,8,bollinger_recovery,Bollinger Recovery,16,6,37.5,18.48,7.64,2.36,-1.54,-7.41,-69.54,-72.64,False
EWM,Malaysia,9,bollinger_recovery,Bollinger Recovery,16,5,31.25,14.16,5.54,-2.17,-1.83,-10.74,-55.35,-73.62,False
EWM,Malaysia,10,bollinger_recovery,Bollinger Recovery,16,5,31.25,14.16,5.54,-4.23,-1.7,-11.33,-44.13,-73.62,False
EWM,Malaysia,11,bollinger_recovery,Bollinger Recovery,15,4,26.67,10.9,3.98,-5.01,-1.47,-9.04,-35.79,-73.62,False
EWM,Malaysia,12,bollinger_recovery,Bollinger Recovery,15,4,26.67,10.9,3.98,-3.48,0.89,-9.05,-29.94,-73.62,False
EWM,Malaysia,1,low_vol_trend,Low-Volatility Trend,118,2,1.69,0.47,0.14,0.36,0.72,-2.2,-13.61,-14.62,False
EWM,Malaysia,2,low_vol_trend,Low-Volatility Trend,71,8,11.27,5.82,2.67,0.61,1.05,-3.04,-20.76,-20.66,False
EWM,Malaysia,3,low_vol_trend,Low-Volatility Trend,57,7,12.28,6.08,2.67,1.69,1.64,-3.5,-22.76,-33.66,False
EWM,Malaysia,4,low_vol_trend,Low-Volatility Trend,43,6,13.95,6.56,2.75,3.85,2.16,-4.02,-19.24,-33.66,False
EWM,Malaysia,5,low_vol_trend,Low-Volatility Trend,38,8,21.05,11.07,5.06,4.71,3.19,-6.71,-16.77,-33.66,False
EWM,Malaysia,6,low_vol_trend,Low-Volatility Trend,34,12,35.29,21.49,11.09,2.12,4.55,-4.83,-25.75,-33.66,False
EWM,Malaysia,7,low_vol_trend,Low-Volatility Trend,28,6,21.43,10.21,4.26,3.26,4.25,-4.3,-31.51,-33.8,False
EWM,Malaysia,8,low_vol_trend,Low-Volatility Trend,28,8,28.57,15.25,6.96,2.8,3.23,-4.5,-39.08,-45.82,False
EWM,Malaysia,9,low_vol_trend,Low-Volatility Trend,24,8,33.33,17.97,8.18,1.92,5.87,-3.27,-43.37,-45.82,False
EWM,Malaysia,10,low_vol_trend,Low-Volatility Trend,22,9,40.91,23.26,10.96,2.3,6.06,-5.95,-36.64,-45.82,False
EWM,Malaysia,11,low_vol_trend,Low-Volatility Trend,19,7,36.84,19.15,8.34,3.23,5.67,-3.82,-41.79,-45.82,False
EWM,Malaysia,12,low_vol_trend,Low-Volatility Trend,19,7,36.84,19.15,8.34,1.95,5.92,-4.14,-42.72,-45.82,False
EWM,Malaysia,1,vol_contraction_trend,Volatility Contraction Trend,43,2,4.65,1.28,0.39,-0.13,2.78,-2.66,-14.65,-14.55,False
EWM,Malaysia,2,vol_contraction_trend,Volatility Contraction Trend,33,4,12.12,4.82,1.78,1.34,3.07,-4.89,-11.31,-24.24,False
EWM,Malaysia,3,vol_contraction_trend,Volatility Contraction Trend,28,6,21.43,10.21,4.26,1.27,3.78,-2.92,-10.55,-28.79,False
EWM,Malaysia,4,vol_contraction_trend,Volatility Contraction Trend,25,6,24.0,11.5,4.79,1.88,5.49,-3.92,-17.34,-28.79,False
EWM,Malaysia,5,vol_contraction_trend,Volatility Contraction Trend,24,6,25.0,12.0,5.0,2.8,7.98,-3.13,-17.34,-28.79,False
EWM,Malaysia,6,vol_contraction_trend,Volatility Contraction Trend,24,9,37.5,21.16,9.99,2.92,9.08,-0.95,-17.48,-28.79,False
EWM,Malaysia,7,vol_contraction_trend,Volatility Contraction Trend,19,9,47.37,27.33,12.85,8.5,11.43,1.28,-13.21,-28.79,False
EWM,Malaysia,8,vol_contraction_trend,Volatility Contraction Trend,17,8,47.06,26.16,11.84,5.42,12.82,1.91,-13.47,-28.79,False
EWM,Malaysia,9,vol_contraction_trend,Volatility Contraction Trend,17,7,41.18,21.61,9.38,5.15,12.75,1.42,-11.47,-30.16,False
EWM,Malaysia,10,vol_contraction_trend,Volatility Contraction Trend,17,6,35.29,17.31,7.17,5.59,10.71,-2.74,-24.52,-36.08,False
EWM,Malaysia,11,vol_contraction_trend,Volatility Contraction Trend,16,7,43.75,23.1,10.01,8.15,8.76,-3.58,-23.35,-31.97,False
EWM,Malaysia,12,vol_contraction_trend,Volatility Contraction Trend,16,7,43.75,23.1,10.01,6.57,9.71,-5.68,-26.84,-31.97,False
EWM,Malaysia,1,breadth_trend,Broad-Market Trend,138,5,3.62,1.56,0.62,-0.0,1.05,-2.63,-18.28,-21.82,False
EWM,Malaysia,2,breadth_trend,Broad-Market Trend,82,8,9.76,5.03,2.31,0.17,1.45,-3.83,-20.76,-24.24,False
EWM,Malaysia,3,breadth_trend,Broad-Market Trend,64,7,10.94,5.4,2.38,1.16,1.19,-3.74,-22.76,-33.66,False
EWM,Malaysia,4,breadth_trend,Broad-Market Trend,50,9,18.0,9.77,4.63,3.86,4.16,-3.9,-19.06,-33.66,False
EWM,Malaysia,5,breadth_trend,Broad-Market Trend,42,11,26.19,15.3,7.7,3.83,5.15,-3.47,-21.69,-33.66,False
EWM,Malaysia,6,breadth_trend,Broad-Market Trend,35,10,28.57,16.33,7.98,3.93,6.83,-4.69,-20.02,-33.66,False
EWM,Malaysia,7,breadth_trend,Broad-Market Trend,32,9,28.12,15.56,7.37,4.02,5.83,-4.16,-15.1,-28.94,False
EWM,Malaysia,8,breadth_trend,Broad-Market Trend,29,11,37.93,22.69,11.4,5.21,7.85,-0.94,-14.51,-28.79,False
EWM,Malaysia,9,breadth_trend,Broad-Market Trend,26,9,34.62,19.41,9.17,2.65,7.43,-5.62,-22.24,-35.63,False
EWM,Malaysia,10,breadth_trend,Broad-Market Trend,25,10,40.0,23.4,11.41,4.04,8.3,-6.95,-39.67,-52.12,False
EWM,Malaysia,11,breadth_trend,Broad-Market Trend,23,10,43.48,25.63,12.49,3.21,7.18,-7.68,-27.8,-37.62,False
EWM,Malaysia,12,breadth_trend,Broad-Market Trend,21,7,33.33,17.19,7.5,2.75,7.31,-10.92,-40.26,-52.12,False
EWN,Netherlands,1,buy_hold,Buy & Hold Benchmark,265,17,6.42,4.04,2.29,1.27,0.89,-2.27,-19.55,-25.18,False
EWN,Netherlands,2,buy_hold,Buy & Hold Benchmark,139,16,11.51,7.21,4.02,1.25,0.9,-4.02,-38.92,-46.56,False
EWN,Netherlands,3,buy_hold,Buy & Hold Benchmark,106,16,15.09,9.51,5.31,1.89,1.56,-2.96,-45.96,-50.12,False
EWN,Netherlands,4,buy_hold,Buy & Hold Benchmark,77,19,24.68,16.4,9.59,3.73,2.88,-1.31,-31.09,-34.07,False
EWN,Netherlands,5,buy_hold,Buy & Hold Benchmark,63,20,31.75,21.59,12.81,2.37,3.31,-3.6,-44.31,-50.12,False
EWN,Netherlands,6,buy_hold,Buy & Hold Benchmark,53,21,39.62,27.59,16.63,5.71,5.24,-3.61,-42.84,-51.9,False
EWN,Netherlands,7,buy_hold,Buy & Hold Benchmark,46,18,39.13,26.39,15.28,6.04,4.53,-5.34,-56.33,-58.5,False
EWN,Netherlands,8,buy_hold,Buy & Hold Benchmark,40,16,40.0,26.35,14.78,6.77,5.57,-6.99,-52.3,-57.95,False
EWN,Netherlands,9,buy_hold,Buy & Hold Benchmark,36,16,44.44,29.54,16.58,8.65,7.48,-3.78,-43.97,-55.53,False
EWN,Netherlands,10,buy_hold,Buy & Hold Benchmark,33,14,42.42,27.24,14.71,9.55,8.37,-3.3,-51.83,-58.5,False
EWN,Netherlands,11,buy_hold,Buy & Hold Benchmark,30,14,46.67,30.23,16.33,6.08,6.87,-3.48,-48.41,-58.5,False
EWN,Netherlands,12,buy_hold,Buy & Hold Benchmark,28,15,53.57,35.81,19.75,11.19,7.69,-0.41,-54.56,-59.39,False
EWN,Netherlands,1,trend_price_sma100,Price above SMA 100,177,6,3.39,1.56,0.66,1.12,0.81,-1.89,-14.49,-15.77,False
EWN,Netherlands,2,trend_price_sma100,Price above SMA 100,107,10,9.35,5.16,2.53,0.9,0.85,-3.79,-27.67,-35.29,False
EWN,Netherlands,3,trend_price_sma100,Price above SMA 100,82,16,19.51,12.38,6.92,2.52,1.54,-4.24,-26.2,-35.29,False
EWN,Netherlands,4,trend_price_sma100,Price above SMA 100,64,17,26.56,17.3,9.83,4.08,3.57,-2.66,-28.57,-32.49,False
EWN,Netherlands,5,trend_price_sma100,Price above SMA 100,56,18,32.14,21.4,12.37,4.04,3.4,-7.05,-21.23,-35.29,False
EWN,Netherlands,6,trend_price_sma100,Price above SMA 100,45,17,37.78,25.11,14.31,6.3,5.93,-2.08,-28.66,-34.92,False
EWN,Netherlands,7,trend_price_sma100,Price above SMA 100,41,17,41.46,27.76,15.83,4.65,5.42,-7.38,-24.29,-35.29,False
EWN,Netherlands,8,trend_price_sma100,Price above SMA 100,36,14,38.89,24.78,13.38,7.2,5.55,-4.84,-55.35,-58.5,False
EWN,Netherlands,9,trend_price_sma100,Price above SMA 100,32,16,50.0,33.63,18.89,10.12,7.8,-1.35,-29.09,-40.73,False
EWN,Netherlands,10,trend_price_sma100,Price above SMA 100,30,12,40.0,24.59,12.69,4.02,5.63,-3.39,-51.83,-58.5,False
EWN,Netherlands,11,trend_price_sma100,Price above SMA 100,28,12,42.86,26.51,13.67,7.73,8.03,-0.55,-54.91,-63.49,False
EWN,Netherlands,12,trend_price_sma100,Price above SMA 100,25,12,48.0,30.03,15.48,9.97,9.45,-3.86,-36.34,-40.73,False
EWN,Netherlands,1,trend_price_sma200,Price above SMA 200,180,5,2.78,1.19,0.47,1.14,0.79,-1.87,-14.49,-16.54,False
EWN,Netherlands,2,trend_price_sma200,Price above SMA 200,103,9,8.74,4.67,2.22,1.33,0.96,-3.5,-27.67,-35.29,False
EWN,Netherlands,3,trend_price_sma200,Price above SMA 200,78,14,17.95,11.0,5.93,2.31,1.21,-3.93,-29.99,-35.29,False
EWN,Netherlands,4,trend_price_sma200,Price above SMA 200,59,12,20.34,12.04,6.21,4.19,3.2,-2.37,-25.23,-28.96,False
EWN,Netherlands,5,trend_price_sma200,Price above SMA 200,53,16,30.19,19.52,10.93,5.32,3.15,-4.93,-32.45,-35.29,False
EWN,Netherlands,6,trend_price_sma200,Price above SMA 200,42,16,38.1,25.0,14.02,6.19,3.65,-5.22,-48.28,-55.53,False
EWN,Netherlands,7,trend_price_sma200,Price above SMA 200,39,17,43.59,29.3,16.73,6.96,5.38,-6.63,-26.71,-36.5,False
EWN,Netherlands,8,trend_price_sma200,Price above SMA 200,34,16,47.06,31.45,17.66,7.48,6.64,-2.97,-52.3,-57.95,False
EWN,Netherlands,9,trend_price_sma200,Price above SMA 200,31,14,45.16,29.16,15.75,5.99,6.78,-4.83,-52.56,-58.5,False
EWN,Netherlands,10,trend_price_sma200,Price above SMA 200,29,15,51.72,34.43,18.99,10.82,8.44,-3.56,-32.84,-36.5,False
EWN,Netherlands,11,trend_price_sma200,Price above SMA 200,27,12,44.44,27.59,14.22,7.92,5.6,-3.66,-54.91,-63.49,False
EWN,Netherlands,12,trend_price_sma200,Price above SMA 200,25,11,44.0,26.67,13.39,9.48,6.64,-1.58,-40.8,-63.01,False
EWN,Netherlands,1,trend,SMA 50/200 + Momentum,91,2,2.2,0.6,0.18,1.12,0.94,-1.5,-11.94,-15.22,False
EWN,Netherlands,2,trend,SMA 50/200 + Momentum,57,5,8.77,3.81,1.51,1.04,1.29,-2.91,-22.06,-21.96,False
EWN,Netherlands,3,trend,SMA 50/200 + Momentum,47,5,10.64,4.63,1.84,2.0,1.96,-2.15,-15.33,-22.13,False
EWN,Netherlands,4,trend,SMA 50/200 + Momentum,39,13,33.33,20.63,10.9,4.64,3.1,-4.86,-21.81,-35.29,False
EWN,Netherlands,5,trend,SMA 50/200 + Momentum,33,9,27.27,15.07,7.13,3.52,2.15,-2.57,-32.45,-35.29,False
EWN,Netherlands,6,trend,SMA 50/200 + Momentum,27,10,37.04,21.53,10.51,6.48,6.39,0.45,-20.93,-29.39,False
EWN,Netherlands,7,trend,SMA 50/200 + Momentum,24,10,41.67,24.47,11.93,8.03,6.37,-4.86,-18.34,-27.8,False
EWN,Netherlands,8,trend,SMA 50/200 + Momentum,22,11,50.0,30.72,15.4,9.14,7.63,-8.56,-19.05,-35.29,False
EWN,Netherlands,9,trend,SMA 50/200 + Momentum,22,10,45.45,26.92,13.11,6.6,5.95,-9.53,-25.38,-35.29,False
EWN,Netherlands,10,trend,SMA 50/200 + Momentum,20,9,45.0,25.82,12.15,4.65,6.64,-3.43,-35.77,-36.69,False
EWN,Netherlands,11,trend,SMA 50/200 + Momentum,19,8,42.11,23.14,10.5,6.98,6.88,-2.58,-39.17,-41.6,False
EWN,Netherlands,12,trend,SMA 50/200 + Momentum,17,11,64.71,41.3,20.61,13.48,14.15,8.19,-13.44,-35.29,False
EWN,Netherlands,1,trend_sma100_200,SMA 100/200,151,3,1.99,0.68,0.23,0.79,0.72,-1.79,-11.94,-16.54,False
EWN,Netherlands,2,trend_sma100_200,SMA 100/200,84,6,7.14,3.31,1.39,1.56,0.73,-3.3,-27.67,-35.29,False
EWN,Netherlands,3,trend_sma100_200,SMA 100/200,67,9,13.43,7.23,3.43,1.93,1.56,-2.17,-26.2,-35.29,False
EWN,Netherlands,4,trend_sma100_200,SMA 100/200,50,13,26.0,15.87,8.38,5.01,2.97,-2.94,-28.57,-32.49,False
EWN,Netherlands,5,trend_sma100_200,SMA 100/200,43,10,23.26,13.15,6.43,3.52,2.69,-2.15,-22.09,-35.29,False
EWN,Netherlands,6,trend_sma100_200,SMA 100/200,37,14,37.84,24.06,12.99,4.7,4.92,-3.36,-21.29,-35.29,False
EWN,Netherlands,7,trend_sma100_200,SMA 100/200,34,13,38.24,23.9,12.63,5.6,4.9,-3.96,-23.44,-35.29,False
EWN,Netherlands,8,trend_sma100_200,SMA 100/200,30,14,46.67,30.23,16.33,8.94,6.24,-4.25,-26.84,-35.29,False
EWN,Netherlands,9,trend_sma100_200,SMA 100/200,26,11,42.31,25.54,12.83,7.56,5.61,-6.21,-37.03,-38.37,False
EWN,Netherlands,10,trend_sma100_200,SMA 100/200,25,10,40.0,23.4,11.41,5.98,4.85,-6.21,-35.3,-43.32,False
EWN,Netherlands,11,trend_sma100_200,SMA 100/200,25,11,44.0,26.67,13.39,7.92,5.37,-3.3,-33.29,-43.32,False
EWN,Netherlands,12,trend_sma100_200,SMA 100/200,24,13,54.17,35.07,18.52,11.52,6.59,-3.44,-54.56,-59.39,False
EWN,Netherlands,1,trend_ema50_200,EMA 50/200,172,3,1.74,0.59,0.2,0.77,0.57,-2.29,-14.49,-16.54,False
EWN,Netherlands,2,trend_ema50_200,EMA 50/200,96,8,8.33,4.28,1.97,0.71,0.37,-4.04,-27.67,-35.29,False
EWN,Netherlands,3,trend_ema50_200,EMA 50/200,76,14,18.42,11.3,6.09,1.45,1.62,-3.04,-26.2,-35.29,False
EWN,Netherlands,4,trend_ema50_200,EMA 50/200,58,14,24.14,14.96,8.06,3.05,2.1,-2.24,-28.57,-35.29,False
EWN,Netherlands,5,trend_ema50_200,EMA 50/200,51,14,27.45,17.11,9.23,3.52,3.17,-3.05,-30.4,-35.29,False
EWN,Netherlands,6,trend_ema50_200,EMA 50/200,41,15,36.59,23.59,12.99,1.98,4.65,-2.35,-24.74,-35.29,False
EWN,Netherlands,7,trend_ema50_200,EMA 50/200,38,15,39.47,25.6,14.1,3.2,3.93,-5.16,-56.33,-58.5,False
EWN,Netherlands,8,trend_ema50_200,EMA 50/200,34,14,41.18,26.37,14.24,5.19,4.85,-3.49,-52.3,-57.95,False
EWN,Netherlands,9,trend_ema50_200,EMA 50/200,30,11,36.67,21.87,10.99,3.3,3.82,-6.26,-52.56,-58.5,False
EWN,Netherlands,10,trend_ema50_200,EMA 50/200,27,13,48.15,30.74,16.24,8.1,5.64,-4.97,-35.3,-43.32,False
EWN,Netherlands,11,trend_ema50_200,EMA 50/200,26,11,42.31,25.54,12.83,7.21,5.71,-3.84,-54.91,-63.49,False
EWN,Netherlands,12,trend_ema50_200,EMA 50/200,24,10,41.67,24.47,11.93,7.31,7.71,-3.84,-27.01,-43.32,False
EWN,Netherlands,1,trend_ema100_200,EMA 100/200,166,4,2.41,0.94,0.35,0.79,0.64,-2.01,-14.49,-16.54,False
EWN,Netherlands,2,trend_ema100_200,EMA 100/200,93,8,8.6,4.42,2.03,1.6,1.21,-2.73,-26.54,-35.29,False
EWN,Netherlands,3,trend_ema100_200,EMA 100/200,73,12,16.44,9.66,4.99,1.92,2.43,-1.98,-16.78,-35.29,False
EWN,Netherlands,4,trend_ema100_200,EMA 100/200,54,14,25.93,16.12,8.69,1.76,3.05,-2.2,-27.54,-35.29,False
EWN,Netherlands,5,trend_ema100_200,EMA 100/200,47,13,27.66,16.94,8.95,3.52,3.09,-1.51,-47.68,-54.95,False
EWN,Netherlands,6,trend_ema100_200,EMA 100/200,38,14,36.84,23.38,12.62,5.01,5.81,-1.54,-23.22,-35.29,False
EWN,Netherlands,7,trend_ema100_200,EMA 100/200,35,13,37.14,23.17,12.24,4.92,3.86,-5.05,-56.33,-58.5,False
EWN,Netherlands,8,trend_ema100_200,EMA 100/200,30,14,46.67,30.23,16.33,8.39,6.49,-5.18,-24.03,-35.29,False
EWN,Netherlands,9,trend_ema100_200,EMA 100/200,27,14,51.85,33.99,18.36,10.5,7.7,-5.68,-25.38,-35.29,False
EWN,Netherlands,10,trend_ema100_200,EMA 100/200,26,12,46.15,28.76,14.83,8.01,7.15,-2.27,-60.37,-60.94,False
EWN,Netherlands,11,trend_ema100_200,EMA 100/200,24,11,45.83,27.89,14.0,8.73,8.33,-3.35,-31.44,-36.23,False
EWN,Netherlands,12,trend_ema100_200,EMA 100/200,22,11,50.0,30.72,15.4,10.07,9.09,0.18,-35.55,-41.6,False
EWN,Netherlands,1,trend_triple_ma,Triple Moving Average,93,1,1.08,0.19,0.05,0.56,0.39,-2.27,-14.49,-15.77,False
EWN,Netherlands,2,trend_triple_ma,Triple Moving Average,65,5,7.69,3.33,1.32,0.15,0.69,-3.33,-17.29,-20.91,False
EWN,Netherlands,3,trend_triple_ma,Triple Moving Average,52,8,15.38,8.01,3.67,1.49,1.77,-3.1,-19.57,-27.9,False
EWN,Netherlands,4,trend_triple_ma,Triple Moving Average,43,12,27.91,16.75,8.64,1.42,2.34,-2.75,-31.09,-34.07,False
EWN,Netherlands,5,trend_triple_ma,Triple Moving Average,38,13,34.21,21.21,11.21,1.66,1.95,-4.85,-47.68,-54.95,False
EWN,Netherlands,6,trend_triple_ma,Triple Moving Average,32,11,34.38,20.41,10.26,4.38,3.06,-4.67,-53.72,-57.95,False
EWN,Netherlands,7,trend_triple_ma,Triple Moving Average,31,12,38.71,23.73,12.24,4.92,5.45,-2.26,-44.86,-57.95,False
EWN,Netherlands,8,trend_triple_ma,Triple Moving Average,28,13,46.43,29.53,15.6,8.75,2.5,-7.25,-52.3,-57.95,False
EWN,Netherlands,9,trend_triple_ma,Triple Moving Average,24,11,45.83,27.89,14.0,6.24,5.05,-9.61,-31.55,-35.55,False
EWN,Netherlands,10,trend_triple_ma,Triple Moving Average,22,10,45.45,26.92,13.11,6.78,4.93,-8.54,-35.54,-39.96,False
EWN,Netherlands,11,trend_triple_ma,Triple Moving Average,22,9,40.91,23.26,10.96,6.14,4.92,-10.91,-36.65,-44.78,False
EWN,Netherlands,12,trend_triple_ma,Triple Moving Average,22,11,50.0,30.72,15.4,9.51,6.56,-6.32,-40.8,-63.01,False
EWN,Netherlands,1,trend_breakout_100,100-Day Range Breakout,21,0,0.0,0.0,0.0,-1.87,-1.48,-5.3,-11.94,-15.22,False
EWN,Netherlands,2,trend_breakout_100,100-Day Range Breakout,19,2,10.53,2.94,0.88,-0.98,0.48,-4.22,-9.69,-15.22,False
EWN,Netherlands,3,trend_breakout_100,100-Day Range Breakout,19,2,10.53,2.94,0.88,2.51,1.12,-2.31,-26.2,-35.29,False
EWN,Netherlands,4,trend_breakout_100,100-Day Range Breakout,16,3,18.75,6.59,2.21,4.69,2.96,-2.1,-18.78,-35.29,False
EWN,Netherlands,5,trend_breakout_100,100-Day Range Breakout,16,4,25.0,10.18,3.72,5.78,3.63,-0.13,-18.98,-35.29,False
EWN,Netherlands,6,trend_breakout_100,100-Day Range Breakout,16,3,18.75,6.59,2.21,7.51,2.24,-1.32,-30.67,-35.29,False
EWN,Netherlands,7,trend_breakout_100,100-Day Range Breakout,16,6,37.5,18.48,7.64,8.52,3.88,-0.46,-19.03,-35.29,False
EWN,Netherlands,8,trend_breakout_100,100-Day Range Breakout,15,8,53.33,30.12,13.58,10.45,4.79,-0.13,-27.21,-35.29,False
EWN,Netherlands,9,trend_breakout_100,100-Day Range Breakout,14,5,35.71,16.34,6.37,7.15,3.99,1.31,-25.38,-33.86,False
EWN,Netherlands,10,trend_breakout_100,100-Day Range Breakout,14,5,35.71,16.34,6.37,2.78,2.66,-4.07,-35.54,-36.23,False
EWN,Netherlands,11,trend_breakout_100,100-Day Range Breakout,14,6,42.86,21.38,8.81,0.8,3.49,-10.64,-29.05,-36.42,False
EWN,Netherlands,12,trend_breakout_100,100-Day Range Breakout,13,6,46.15,23.21,9.54,9.48,4.9,-7.18,-36.34,-36.82,False
EWN,Netherlands,1,trend_breakout_200,200-Day Range Breakout,18,0,0.0,0.0,0.0,-1.29,-1.67,-4.89,-11.94,-15.22,False
EWN,Netherlands,2,trend_breakout_200,200-Day Range Breakout,16,1,6.25,1.11,0.28,-1.82,-0.69,-4.48,-9.69,-15.22,False
EWN,Netherlands,3,trend_breakout_200,200-Day Range Breakout,16,1,6.25,1.11,0.28,1.52,0.29,-4.98,-26.2,-35.29,False
EWN,Netherlands,4,trend_breakout_200,200-Day Range Breakout,14,2,14.29,4.01,1.2,4.18,1.26,-4.83,-18.78,-35.29,False
EWN,Netherlands,5,trend_breakout_200,200-Day Range Breakout,14,3,21.43,7.57,2.54,4.78,2.51,-3.97,-18.98,-35.29,False
EWN,Netherlands,6,trend_breakout_200,200-Day Range Breakout,14,3,21.43,7.57,2.54,5.88,0.96,-3.98,-30.67,-35.29,False
EWN,Netherlands,7,trend_breakout_200,200-Day Range Breakout,14,4,28.57,11.72,4.27,5.54,2.39,-6.32,-19.03,-35.29,False
EWN,Netherlands,8,trend_breakout_200,200-Day Range Breakout,13,5,38.46,17.71,6.89,2.85,2.46,-3.95,-27.21,-35.29,False
EWN,Netherlands,9,trend_breakout_200,200-Day Range Breakout,13,4,30.77,12.68,4.61,3.78,2.23,0.5,-25.38,-35.29,False
EWN,Netherlands,10,trend_breakout_200,200-Day Range Breakout,13,5,38.46,17.71,6.89,3.73,2.5,-4.15,-35.54,-36.23,False
EWN,Netherlands,11,trend_breakout_200,200-Day Range Breakout,13,7,53.85,29.14,12.55,10.88,6.09,-4.11,-29.05,-36.42,False
EWN,Netherlands,12,trend_breakout_200,200-Day Range Breakout,12,7,58.33,31.95,13.71,14.1,7.09,-6.32,-36.34,-36.82,False
EWN,Netherlands,1,momentum_90,90-Day Absolute Momentum,175,5,2.86,1.23,0.49,0.79,0.75,-1.88,-14.49,-15.87,False
EWN,Netherlands,2,momentum_90,90-Day Absolute Momentum,104,10,9.62,5.31,2.6,0.83,0.5,-4.04,-22.06,-35.29,False
EWN,Netherlands,3,momentum_90,90-Day Absolute Momentum,81,12,14.81,8.68,4.48,1.99,1.08,-3.12,-26.2,-35.29,False
EWN,Netherlands,4,momentum_90,90-Day Absolute Momentum,60,14,23.33,14.44,7.78,3.35,2.73,-1.36,-28.57,-32.49,False
EWN,Netherlands,5,momentum_90,90-Day Absolute Momentum,53,17,32.08,21.09,12.01,5.32,3.61,-4.68,-30.4,-35.29,False
EWN,Netherlands,6,momentum_90,90-Day Absolute Momentum,45,15,33.33,21.36,11.75,2.43,3.73,-6.67,-24.74,-33.3,False
EWN,Netherlands,7,momentum_90,90-Day Absolute Momentum,42,17,40.48,27.04,15.42,5.06,2.93,-5.99,-56.33,-58.5,False
EWN,Netherlands,8,momentum_90,90-Day Absolute Momentum,34,16,47.06,31.45,17.66,9.75,7.27,-0.23,-47.13,-58.5,False
EWN,Netherlands,9,momentum_90,90-Day Absolute Momentum,30,15,50.0,33.15,18.28,9.76,8.23,-3.72,-27.87,-40.02,False
EWN,Netherlands,10,momentum_90,90-Day Absolute Momentum,28,12,42.86,26.51,13.67,5.79,7.59,-3.63,-48.39,-55.53,False
EWN,Netherlands,11,momentum_90,90-Day Absolute Momentum,26,12,46.15,28.76,14.83,7.21,7.55,-3.84,-31.44,-36.23,False
EWN,Netherlands,12,momentum_90,90-Day Absolute Momentum,25,12,48.0,30.03,15.48,9.48,5.47,-7.36,-36.34,-40.84,False
EWN,Netherlands,1,momentum_180,180-Day Absolute Momentum,181,6,3.31,1.53,0.64,0.75,0.59,-2.63,-14.49,-16.54,False
EWN,Netherlands,2,momentum_180,180-Day Absolute Momentum,102,8,7.84,4.03,1.85,1.12,0.92,-3.36,-27.67,-35.29,False
EWN,Netherlands,3,momentum_180,180-Day Absolute Momentum,79,13,16.46,9.88,5.21,2.13,2.37,-2.17,-20.5,-35.29,False
EWN,Netherlands,4,momentum_180,180-Day Absolute Momentum,58,16,27.59,17.75,9.93,3.05,4.01,-1.02,-28.57,-35.29,False
EWN,Netherlands,5,momentum_180,180-Day Absolute Momentum,52,14,26.92,16.77,9.04,4.22,3.51,-0.95,-32.45,-34.92,False
EWN,Netherlands,6,momentum_180,180-Day Absolute Momentum,42,16,38.1,25.0,14.02,4.86,5.84,-3.31,-21.29,-35.29,False
EWN,Netherlands,7,momentum_180,180-Day Absolute Momentum,39,13,33.33,20.63,10.9,4.92,3.21,-6.78,-56.33,-58.5,False
EWN,Netherlands,8,momentum_180,180-Day Absolute Momentum,33,17,51.52,35.22,20.13,10.45,7.03,-6.97,-26.84,-35.29,False
EWN,Netherlands,9,momentum_180,180-Day Absolute Momentum,31,12,38.71,23.73,12.24,5.99,5.72,-4.92,-52.56,-58.5,False
EWN,Netherlands,10,momentum_180,180-Day Absolute Momentum,29,15,51.72,34.43,18.99,13.55,7.68,-3.56,-35.3,-43.32,False
EWN,Netherlands,11,momentum_180,180-Day Absolute Momentum,26,12,46.15,28.76,14.83,8.49,4.83,-3.18,-54.91,-63.49,False
EWN,Netherlands,12,momentum_180,180-Day Absolute Momentum,24,12,50.0,31.43,16.19,11.74,10.51,-0.1,-27.01,-43.32,False
EWN,Netherlands,1,momentum_270,270-Day Absolute Momentum,182,8,4.4,2.24,1.03,1.27,1.1,-1.86,-11.94,-16.54,False
EWN,Netherlands,2,momentum_270,270-Day Absolute Momentum,100,11,11.0,6.25,3.15,1.31,1.2,-3.4,-26.54,-35.29,False
EWN,Netherlands,3,momentum_270,270-Day Absolute Momentum,78,13,16.67,10.01,5.28,2.64,2.48,-2.04,-15.77,-35.29,False
EWN,Netherlands,4,momentum_270,270-Day Absolute Momentum,58,13,22.41,13.59,7.18,2.99,3.35,-1.13,-27.54,-35.29,False
EWN,Netherlands,5,momentum_270,270-Day Absolute Momentum,49,18,36.73,24.66,14.27,4.16,5.29,-1.73,-32.45,-33.3,False
EWN,Netherlands,6,momentum_270,270-Day Absolute Momentum,42,17,40.48,27.04,15.42,5.25,5.88,-4.66,-32.26,-35.29,False
EWN,Netherlands,7,momentum_270,270-Day Absolute Momentum,36,14,38.89,24.78,13.38,6.04,5.56,-5.99,-24.01,-35.29,False
EWN,Netherlands,8,momentum_270,270-Day Absolute Momentum,31,14,45.16,29.16,15.75,8.08,6.65,-3.1,-24.03,-35.29,False
EWN,Netherlands,9,momentum_270,270-Day Absolute Momentum,29,15,51.72,34.43,18.99,12.32,9.5,-0.03,-25.38,-35.29,False
EWN,Netherlands,10,momentum_270,270-Day Absolute Momentum,26,11,42.31,25.54,12.83,3.94,7.27,-5.23,-50.44,-58.5,False
EWN,Netherlands,11,momentum_270,270-Day Absolute Momentum,24,11,45.83,27.89,14.0,8.25,8.93,-1.85,-31.44,-36.23,False
EWN,Netherlands,12,momentum_270,270-Day Absolute Momentum,22,12,54.55,34.66,17.85,12.04,11.27,-1.85,-21.8,-35.29,False
EWN,Netherlands,1,momentum_365,365-Day Absolute Momentum,182,8,4.4,2.24,1.03,1.29,0.94,-2.35,-14.49,-16.54,False
EWN,Netherlands,2,momentum_365,365-Day Absolute Momentum,101,10,9.9,5.47,2.68,0.91,0.82,-4.0,-26.54,-26.44,False
EWN,Netherlands,3,momentum_365,365-Day Absolute Momentum,79,13,16.46,9.88,5.21,1.54,1.36,-3.0,-16.12,-35.29,False
EWN,Netherlands,4,momentum_365,365-Day Absolute Momentum,57,11,19.3,11.13,5.6,1.11,1.69,-3.08,-31.09,-34.07,False
EWN,Netherlands,5,momentum_365,365-Day Absolute Momentum,48,12,25.0,14.92,7.7,1.68,1.96,-6.75,-26.88,-35.29,False
EWN,Netherlands,6,momentum_365,365-Day Absolute Momentum,40,10,25.0,14.19,6.94,2.79,2.72,-2.89,-38.28,-51.9,False
EWN,Netherlands,7,momentum_365,365-Day Absolute Momentum,37,12,32.43,19.63,10.13,4.65,3.2,-1.43,-56.33,-58.5,False
EWN,Netherlands,8,momentum_365,365-Day Absolute Momentum,32,13,40.62,25.52,13.48,1.31,3.62,-5.51,-52.3,-57.95,False
EWN,Netherlands,9,momentum_365,365-Day Absolute Momentum,30,10,33.33,19.23,9.39,1.77,3.81,-8.37,-43.97,-55.53,False
EWN,Netherlands,10,momentum_365,365-Day Absolute Momentum,26,10,38.46,22.43,10.94,3.76,5.38,-3.93,-51.76,-63.01,False
EWN,Netherlands,11,momentum_365,365-Day Absolute Momentum,25,10,40.0,23.4,11.41,7.92,6.36,-3.3,-54.34,-58.5,False
EWN,Netherlands,12,momentum_365,365-Day Absolute Momentum,23,13,56.52,36.81,19.43,12.5,7.94,-5.99,-48.92,-58.5,False
EWN,Netherlands,1,momentum_dual_90_180,Dual Momentum 90/180,154,3,1.95,0.66,0.23,0.75,0.59,-2.01,-14.49,-15.77,False
EWN,Netherlands,2,momentum_dual_90_180,Dual Momentum 90/180,92,9,9.78,5.23,2.49,1.12,0.94,-3.3,-27.67,-35.29,False
EWN,Netherlands,3,momentum_dual_90_180,Dual Momentum 90/180,73,10,13.7,7.61,3.73,1.85,1.61,-2.36,-20.5,-35.29,False
EWN,Netherlands,4,momentum_dual_90_180,Dual Momentum 90/180,54,15,27.78,17.62,9.69,3.69,3.9,-1.15,-28.57,-35.29,False
EWN,Netherlands,5,momentum_dual_90_180,Dual Momentum 90/180,47,12,25.53,15.25,7.87,4.5,3.39,-1.39,-32.45,-34.92,False
EWN,Netherlands,6,momentum_dual_90_180,Dual Momentum 90/180,41,16,39.02,25.66,14.39,3.92,4.75,-5.74,-23.22,-35.29,False
EWN,Netherlands,7,momentum_dual_90_180,Dual Momentum 90/180,37,13,35.14,21.83,11.53,4.98,3.89,-4.85,-56.33,-58.5,False
EWN,Netherlands,8,momentum_dual_90_180,Dual Momentum 90/180,31,15,48.39,31.97,17.62,8.16,8.55,-1.9,-26.84,-35.29,False
EWN,Netherlands,9,momentum_dual_90_180,Dual Momentum 90/180,28,12,42.86,26.51,13.67,6.71,6.45,-4.32,-52.56,-58.5,False
EWN,Netherlands,10,momentum_dual_90_180,Dual Momentum 90/180,26,12,46.15,28.76,14.83,8.99,6.65,-6.67,-48.39,-55.53,False
EWN,Netherlands,11,momentum_dual_90_180,Dual Momentum 90/180,26,11,42.31,25.54,12.83,7.97,5.26,-3.18,-47.13,-63.01,False
EWN,Netherlands,12,momentum_dual_90_180,Dual Momentum 90/180,24,12,50.0,31.43,16.19,10.38,8.47,-1.84,-36.34,-43.32,False
EWN,Netherlands,1,momentum_dual_180_365,Dual Momentum 180/365,149,3,2.01,0.69,0.23,0.78,0.37,-2.77,-14.49,-16.54,False
EWN,Netherlands,2,momentum_dual_180_365,Dual Momentum 180/365,83,5,6.02,2.6,1.03,0.33,0.29,-3.94,-26.54,-26.44,False
EWN,Netherlands,3,momentum_dual_180_365,Dual Momentum 180/365,66,9,13.64,7.34,3.49,1.71,1.53,-2.53,-16.78,-35.29,False
EWN,Netherlands,4,momentum_dual_180_365,Dual Momentum 180/365,48,12,25.0,14.92,7.7,2.26,3.13,-3.09,-18.81,-30.15,False
EWN,Netherlands,5,momentum_dual_180_365,Dual Momentum 180/365,44,10,22.73,12.84,6.28,1.84,1.32,-5.37,-32.45,-35.29,False
EWN,Netherlands,6,momentum_dual_180_365,Dual Momentum 180/365,37,11,29.73,17.49,8.8,3.16,4.31,-2.74,-20.93,-35.29,False
EWN,Netherlands,7,momentum_dual_180_365,Dual Momentum 180/365,35,12,34.29,20.83,10.75,3.71,3.0,-2.7,-56.33,-58.5,False
EWN,Netherlands,8,momentum_dual_180_365,Dual Momentum 180/365,28,12,42.86,26.51,13.67,7.37,6.01,-5.59,-19.24,-35.29,False
EWN,Netherlands,9,momentum_dual_180_365,Dual Momentum 180/365,26,7,26.92,13.7,5.99,3.67,3.41,-6.26,-52.56,-58.5,False
EWN,Netherlands,10,momentum_dual_180_365,Dual Momentum 180/365,25,9,36.0,20.25,9.56,1.89,4.27,-4.15,-51.76,-63.01,False
EWN,Netherlands,11,momentum_dual_180_365,Dual Momentum 180/365,23,10,43.48,25.63,12.49,9.05,5.48,-2.15,-54.34,-58.5,False
EWN,Netherlands,12,momentum_dual_180_365,Dual Momentum 180/365,22,12,54.55,34.66,17.85,12.87,6.98,-4.63,-50.33,-63.49,False
EWN,Netherlands,1,momentum_rank_90,Top Relative Momentum 90,46,0,0.0,0.0,0.0,1.55,1.1,-1.64,-9.74,-11.34,False
EWN,Netherlands,2,momentum_rank_90,Top Relative Momentum 90,32,1,3.12,0.55,0.14,1.32,1.85,-2.02,-9.29,-15.06,False
EWN,Netherlands,3,momentum_rank_90,Top Relative Momentum 90,29,5,17.24,7.6,3.0,3.73,3.35,-2.25,-11.11,-15.68,False
EWN,Netherlands,4,momentum_rank_90,Top Relative Momentum 90,23,8,34.78,18.81,8.56,7.86,5.57,-1.34,-12.17,-16.7,False
EWN,Netherlands,5,momentum_rank_90,Top Relative Momentum 90,19,8,42.11,23.14,10.5,5.89,7.14,1.63,-18.98,-27.07,False
EWN,Netherlands,6,momentum_rank_90,Top Relative Momentum 90,18,7,38.89,20.3,8.83,5.7,4.61,0.91,-30.67,-35.29,False
EWN,Netherlands,7,momentum_rank_90,Top Relative Momentum 90,15,7,46.67,24.81,10.74,8.08,7.87,1.11,-19.03,-33.78,False
EWN,Netherlands,8,momentum_rank_90,Top Relative Momentum 90,15,9,60.0,35.75,16.7,10.45,8.45,2.93,-24.34,-33.86,False
EWN,Netherlands,9,momentum_rank_90,Top Relative Momentum 90,14,6,42.86,21.38,8.81,5.53,6.25,-7.91,-22.59,-33.86,False
EWN,Netherlands,10,momentum_rank_90,Top Relative Momentum 90,14,6,42.86,21.38,8.81,1.26,5.01,-2.82,-22.08,-33.86,False
EWN,Netherlands,11,momentum_rank_90,Top Relative Momentum 90,14,6,42.86,21.38,8.81,5.12,5.63,-3.83,-31.44,-36.23,False
EWN,Netherlands,12,momentum_rank_90,Top Relative Momentum 90,14,5,35.71,16.34,6.37,3.39,6.94,-0.55,-36.34,-36.82,False
EWN,Netherlands,1,momentum,Top Relative Momentum 180,56,1,1.79,0.32,0.08,1.2,0.82,-2.29,-9.74,-12.18,False
EWN,Netherlands,2,momentum,Top Relative Momentum 180,34,1,2.94,0.52,0.13,2.37,1.65,-2.3,-20.02,-35.29,False
EWN,Netherlands,3,momentum,Top Relative Momentum 180,28,4,14.29,5.7,2.1,3.0,2.15,-1.61,-15.77,-35.29,False
EWN,Netherlands,4,momentum,Top Relative Momentum 180,22,5,22.73,10.12,3.98,2.6,1.69,-1.65,-21.51,-35.29,False
EWN,Netherlands,5,momentum,Top Relative Momentum 180,19,9,47.37,27.33,12.85,8.35,5.6,-0.73,-20.11,-35.29,False
EWN,Netherlands,6,momentum,Top Relative Momentum 180,16,6,37.5,18.48,7.64,6.31,6.24,1.29,-14.77,-35.29,False
EWN,Netherlands,7,momentum,Top Relative Momentum 180,14,7,50.0,26.8,11.57,9.59,6.62,-3.4,-24.01,-32.52,False
EWN,Netherlands,8,momentum,Top Relative Momentum 180,13,7,53.85,29.14,12.55,10.34,6.77,-1.43,-19.05,-35.29,False
EWN,Netherlands,9,momentum,Top Relative Momentum 180,13,6,46.15,23.21,9.54,2.33,8.17,-7.3,-15.25,-35.29,False
EWN,Netherlands,10,momentum,Top Relative Momentum 180,12,6,50.0,25.38,10.39,7.55,10.18,0.16,-22.08,-35.29,False
EWN,Netherlands,11,momentum,Top Relative Momentum 180,12,4,33.33,13.81,5.01,7.02,8.45,-2.29,-31.44,-36.23,False
EWN,Netherlands,12,momentum,Top Relative Momentum 180,12,5,41.67,19.33,7.5,5.55,9.32,0.11,-36.34,-36.82,False
EWN,Netherlands,1,momentum_rank_365,Top Relative Momentum 365,47,2,4.26,1.17,0.36,1.65,0.74,-3.09,-8.38,-13.08,False
EWN,Netherlands,2,momentum_rank_365,Top Relative Momentum 365,30,2,6.67,1.85,0.56,1.12,0.57,-3.4,-26.54,-35.29,False
EWN,Netherlands,3,momentum_rank_365,Top Relative Momentum 365,24,3,12.5,4.34,1.47,2.05,2.06,-0.98,-14.71,-30.15,False
EWN,Netherlands,4,momentum_rank_365,Top Relative Momentum 365,19,4,21.05,8.51,3.12,0.12,2.9,-2.1,-21.51,-35.29,False
EWN,Netherlands,5,momentum_rank_365,Top Relative Momentum 365,16,4,25.0,10.18,3.72,1.12,3.7,-2.43,-17.34,-35.29,False
EWN,Netherlands,6,momentum_rank_365,Top Relative Momentum 365,15,4,26.67,10.9,3.98,3.54,5.16,-2.18,-10.19,-35.29,False
EWN,Netherlands,7,momentum_rank_365,Top Relative Momentum 365,14,4,28.57,11.72,4.27,5.33,6.28,1.79,-24.01,-35.29,False
EWN,Netherlands,8,momentum_rank_365,Top Relative Momentum 365,13,4,30.77,12.68,4.61,6.36,5.9,-0.67,-33.54,-35.29,False
EWN,Netherlands,9,momentum_rank_365,Top Relative Momentum 365,12,4,33.33,13.81,5.01,6.92,8.13,-0.65,-11.3,-35.29,False
EWN,Netherlands,10,momentum_rank_365,Top Relative Momentum 365,10,4,40.0,16.82,6.07,2.79,5.92,-5.53,-23.46,-35.69,False
EWN,Netherlands,11,momentum_rank_365,Top Relative Momentum 365,10,2,20.0,5.67,1.69,1.5,3.34,-1.68,-39.17,-41.6,False
EWN,Netherlands,12,momentum_rank_365,Top Relative Momentum 365,10,4,40.0,16.82,6.07,7.33,7.08,0.99,-17.97,-40.16,False
EWN,Netherlands,1,momentum_composite,Composite Momentum,48,0,0.0,0.0,0.0,0.31,0.15,-2.29,-9.74,-12.18,False
EWN,Netherlands,2,momentum_composite,Composite Momentum,29,1,3.45,0.61,0.16,1.6,0.97,-2.36,-20.02,-35.29,False
EWN,Netherlands,3,momentum_composite,Composite Momentum,24,2,8.33,2.32,0.7,2.08,1.7,-1.22,-15.77,-35.29,False
EWN,Netherlands,4,momentum_composite,Composite Momentum,20,5,25.0,11.19,4.4,0.69,3.44,-1.21,-9.06,-35.29,False
EWN,Netherlands,5,momentum_composite,Composite Momentum,16,6,37.5,18.48,7.64,3.28,5.64,1.63,-11.6,-15.06,False
EWN,Netherlands,6,momentum_composite,Composite Momentum,15,6,40.0,19.82,8.18,6.3,4.72,-3.01,-23.22,-35.29,False
EWN,Netherlands,7,momentum_composite,Composite Momentum,12,6,50.0,25.38,10.39,9.59,8.19,4.34,-24.01,-35.29,False
EWN,Netherlands,8,momentum_composite,Composite Momentum,11,7,63.64,35.38,15.1,10.34,10.99,8.04,-13.67,-35.29,False
EWN,Netherlands,9,momentum_composite,Composite Momentum,11,5,45.45,21.27,8.22,8.72,9.76,1.42,-25.38,-35.29,False
EWN,Netherlands,10,momentum_composite,Composite Momentum,10,5,50.0,23.66,9.1,7.81,7.92,-4.42,-20.47,-30.63,False
EWN,Netherlands,11,momentum_composite,Composite Momentum,10,4,40.0,16.82,6.07,3.03,4.21,-6.4,-31.44,-36.23,False
EWN,Netherlands,12,momentum_composite,Composite Momentum,10,4,40.0,16.82,6.07,3.41,5.61,-5.74,-36.34,-36.82,False
EWN,Netherlands,1,drawdown_recovery_20,20% Drawdown Recovery,32,3,9.38,3.24,1.1,0.68,0.85,-2.41,-13.57,-16.27,False
EWN,Netherlands,2,drawdown_recovery_20,20% Drawdown Recovery,24,2,8.33,2.32,0.7,3.54,0.93,-2.5,-26.45,-28.76,False
EWN,Netherlands,3,drawdown_recovery_20,20% Drawdown Recovery,21,4,19.05,7.67,2.82,3.16,2.22,-5.23,-15.49,-31.95,False
EWN,Netherlands,4,drawdown_recovery_20,20% Drawdown Recovery,20,5,25.0,11.19,4.4,4.09,3.78,-2.98,-24.04,-31.95,False
EWN,Netherlands,5,drawdown_recovery_20,20% Drawdown Recovery,17,6,35.29,17.31,7.17,6.33,2.88,-1.86,-25.12,-34.18,False
EWN,Netherlands,6,drawdown_recovery_20,20% Drawdown Recovery,17,6,35.29,17.31,7.17,4.03,3.87,-0.4,-31.67,-35.2,False
EWN,Netherlands,7,drawdown_recovery_20,20% Drawdown Recovery,15,5,33.33,15.18,5.93,6.6,6.0,-3.26,-26.71,-36.5,False
EWN,Netherlands,8,drawdown_recovery_20,20% Drawdown Recovery,14,6,42.86,21.38,8.81,7.5,6.95,-2.49,-20.6,-36.5,False
EWN,Netherlands,9,drawdown_recovery_20,20% Drawdown Recovery,12,6,50.0,25.38,10.39,10.09,11.79,1.91,-26.73,-36.5,False
EWN,Netherlands,10,drawdown_recovery_20,20% Drawdown Recovery,11,6,54.55,28.01,11.43,13.26,13.58,4.88,-32.84,-36.5,False
EWN,Netherlands,11,drawdown_recovery_20,20% Drawdown Recovery,11,6,54.55,28.01,11.43,16.37,16.25,6.63,-36.73,-40.84,False
EWN,Netherlands,12,drawdown_recovery_20,20% Drawdown Recovery,11,9,81.82,52.3,23.96,13.68,20.36,12.2,-13.19,-34.18,False
EWN,Netherlands,1,drawdown_recovery,25% Drawdown Recovery,13,2,15.38,4.33,1.29,0.0,1.56,-2.15,-13.57,-16.27,False
EWN,Netherlands,2,drawdown_recovery,25% Drawdown Recovery,10,2,20.0,5.67,1.69,6.69,3.91,1.64,-26.45,-28.76,False
EWN,Netherlands,3,drawdown_recovery,25% Drawdown Recovery,8,3,37.5,13.68,4.51,6.8,7.96,1.85,-12.59,-31.95,False
EWN,Netherlands,4,drawdown_recovery,25% Drawdown Recovery,7,3,42.86,15.82,5.18,8.11,11.73,5.91,-4.2,-31.95,False
EWN,Netherlands,5,drawdown_recovery,25% Drawdown Recovery,6,3,50.0,18.76,6.09,11.26,13.03,7.53,4.52,-31.95,False
EWN,Netherlands,6,drawdown_recovery,25% Drawdown Recovery,6,3,50.0,18.76,6.09,11.88,11.93,4.69,0.09,-31.95,False
EWN,Netherlands,7,drawdown_recovery,25% Drawdown Recovery,6,5,83.33,43.65,16.02,15.43,16.5,11.3,-9.8,-31.95,False
EWN,Netherlands,8,drawdown_recovery,25% Drawdown Recovery,6,4,66.67,30.0,10.47,15.73,18.72,3.46,-6.67,-31.95,False
EWN,Netherlands,9,drawdown_recovery,25% Drawdown Recovery,5,3,60.0,23.07,7.39,30.06,26.65,5.99,2.41,-31.95,False
EWN,Netherlands,10,drawdown_recovery,25% Drawdown Recovery,5,3,60.0,23.07,7.39,29.39,27.35,6.87,-3.56,-31.95,False
EWN,Netherlands,11,drawdown_recovery,25% Drawdown Recovery,5,3,60.0,23.07,7.39,32.62,29.65,9.21,-2.83,-31.95,False
EWN,Netherlands,12,drawdown_recovery,25% Drawdown Recovery,5,4,80.0,37.55,12.81,32.37,34.25,11.91,9.48,-31.95,False
EWN,Netherlands,1,drawdown_recovery_30,30% Drawdown Recovery,22,2,9.09,2.53,0.76,0.53,1.06,-2.12,-13.57,-16.27,False
EWN,Netherlands,2,drawdown_recovery_30,30% Drawdown Recovery,16,2,12.5,3.5,1.05,4.26,2.26,0.16,-26.45,-28.76,False
EWN,Netherlands,3,drawdown_recovery_30,30% Drawdown Recovery,13,3,23.08,8.18,2.74,5.05,4.1,-5.23,-13.67,-31.95,False
EWN,Netherlands,4,drawdown_recovery_30,30% Drawdown Recovery,12,5,41.67,19.33,7.5,7.98,6.54,1.92,-24.04,-31.95,False
EWN,Netherlands,5,drawdown_recovery_30,30% Drawdown Recovery,10,4,40.0,16.82,6.07,7.21,5.13,0.93,-23.27,-31.95,False
EWN,Netherlands,6,drawdown_recovery_30,30% Drawdown Recovery,10,5,50.0,23.66,9.1,7.65,6.03,0.44,-31.67,-35.2,False
EWN,Netherlands,7,drawdown_recovery_30,30% Drawdown Recovery,9,5,55.56,26.66,10.2,11.12,10.95,-0.64,-26.71,-36.5,False
EWN,Netherlands,8,drawdown_recovery_30,30% Drawdown Recovery,9,5,55.56,26.66,10.2,12.51,9.45,-3.55,-20.6,-36.5,False
EWN,Netherlands,9,drawdown_recovery_30,30% Drawdown Recovery,7,5,71.43,35.89,13.45,21.91,19.07,6.74,-26.73,-36.5,False
EWN,Netherlands,10,drawdown_recovery_30,30% Drawdown Recovery,7,5,71.43,35.89,13.45,19.46,20.03,10.06,-32.84,-36.5,False
EWN,Netherlands,11,drawdown_recovery_30,30% Drawdown Recovery,6,4,66.67,30.0,10.47,24.5,21.79,11.0,-36.73,-40.84,False
EWN,Netherlands,12,drawdown_recovery_30,30% Drawdown Recovery,6,5,83.33,43.65,16.02,25.79,23.85,13.74,-37.9,-45.59,False
EWN,Netherlands,1,drawdown_recovery_40,40% Drawdown Recovery,11,1,9.09,1.62,0.41,-0.71,0.32,-3.27,-13.57,-16.27,False
EWN,Netherlands,2,drawdown_recovery_40,40% Drawdown Recovery,7,1,14.29,2.57,0.65,6.26,1.63,0.75,-26.45,-28.76,False
EWN,Netherlands,3,drawdown_recovery_40,40% Drawdown Recovery,6,2,33.33,9.68,2.84,6.8,5.12,-5.64,-12.59,-31.95,False
EWN,Netherlands,4,drawdown_recovery_40,40% Drawdown Recovery,6,2,33.33,9.68,2.84,6.05,5.33,-2.15,-14.46,-31.95,False
EWN,Netherlands,5,drawdown_recovery_40,40% Drawdown Recovery,5,2,40.0,11.76,3.43,6.74,5.67,4.52,-14.0,-31.95,False
EWN,Netherlands,6,drawdown_recovery_40,40% Drawdown Recovery,5,2,40.0,11.76,3.43,8.83,7.78,0.09,-3.95,-31.95,False
EWN,Netherlands,7,drawdown_recovery_40,40% Drawdown Recovery,5,4,80.0,37.55,12.81,11.82,14.06,11.12,-0.64,-31.95,False
EWN,Netherlands,8,drawdown_recovery_40,40% Drawdown Recovery,4,2,50.0,15.0,4.32,5.71,6.13,-1.87,-6.67,-31.95,False
EWN,Netherlands,9,drawdown_recovery_40,40% Drawdown Recovery,3,1,33.33,6.15,1.53,5.99,13.23,4.81,3.63,-31.95,False
EWN,Netherlands,10,drawdown_recovery_40,40% Drawdown Recovery,3,1,33.33,6.15,1.53,8.14,11.32,2.29,-3.56,-31.95,False
EWN,Netherlands,11,drawdown_recovery_40,40% Drawdown Recovery,3,1,33.33,6.15,1.53,8.51,14.35,2.84,-2.83,-31.95,False
EWN,Netherlands,12,drawdown_recovery_40,40% Drawdown Recovery,3,2,66.67,20.77,5.83,12.49,21.04,10.98,9.48,-31.95,False
EWN,Netherlands,1,rsi14_recovery,RSI 14 Recovery,44,3,6.82,2.35,0.8,2.45,1.85,-0.72,-9.82,-23.74,False
EWN,Netherlands,2,rsi14_recovery,RSI 14 Recovery,40,4,10.0,3.96,1.46,4.17,3.25,0.29,-17.31,-23.74,False
EWN,Netherlands,3,rsi14_recovery,RSI 14 Recovery,37,7,18.92,9.48,4.16,2.77,3.13,-2.89,-16.34,-23.74,False
EWN,Netherlands,4,rsi14_recovery,RSI 14 Recovery,32,10,31.25,17.95,8.77,4.9,5.27,-2.75,-14.46,-27.8,False
EWN,Netherlands,5,rsi14_recovery,RSI 14 Recovery,29,11,37.93,22.69,11.4,4.73,5.2,-6.72,-25.12,-35.29,False
EWN,Netherlands,6,rsi14_recovery,RSI 14 Recovery,26,10,38.46,22.43,10.94,5.44,7.88,-1.36,-13.69,-35.29,False
EWN,Netherlands,7,rsi14_recovery,RSI 14 Recovery,25,8,32.0,17.2,7.84,4.35,6.98,-3.5,-25.47,-35.29,False
EWN,Netherlands,8,rsi14_recovery,RSI 14 Recovery,24,10,41.67,24.47,11.93,6.63,8.26,0.46,-43.42,-55.53,False
EWN,Netherlands,9,rsi14_recovery,RSI 14 Recovery,22,8,36.36,19.73,8.97,6.54,9.15,1.56,-49.94,-58.5,False
EWN,Netherlands,10,rsi14_recovery,RSI 14 Recovery,22,8,36.36,19.73,8.97,6.12,8.65,-1.45,-40.37,-58.5,False
EWN,Netherlands,11,rsi14_recovery,RSI 14 Recovery,19,7,36.84,19.15,8.34,7.51,7.63,-1.54,-48.41,-58.5,False
EWN,Netherlands,12,rsi14_recovery,RSI 14 Recovery,19,9,47.37,27.33,12.85,8.19,8.03,-1.91,-57.54,-61.78,False
EWN,Netherlands,1,rsi28_recovery,RSI 28 Recovery,27,2,7.41,2.06,0.62,2.41,1.19,-3.34,-9.82,-23.74,False
EWN,Netherlands,2,rsi28_recovery,RSI 28 Recovery,25,2,8.0,2.22,0.67,3.41,2.39,-5.02,-17.31,-23.74,False
EWN,Netherlands,3,rsi28_recovery,RSI 28 Recovery,23,6,26.09,12.55,5.23,3.91,2.97,-6.07,-15.49,-23.74,False
EWN,Netherlands,4,rsi28_recovery,RSI 28 Recovery,22,6,27.27,13.15,5.47,5.74,5.87,-4.37,-14.46,-25.18,False
EWN,Netherlands,5,rsi28_recovery,RSI 28 Recovery,21,8,38.1,20.75,9.43,6.24,5.43,-8.78,-25.12,-34.18,False
EWN,Netherlands,6,rsi28_recovery,RSI 28 Recovery,19,8,42.11,23.14,10.5,5.71,10.22,-1.85,-7.75,-31.19,False
EWN,Netherlands,7,rsi28_recovery,RSI 28 Recovery,19,8,42.11,23.14,10.5,4.65,10.55,-0.66,-11.8,-31.19,False
EWN,Netherlands,8,rsi28_recovery,RSI 28 Recovery,19,8,42.11,23.14,10.5,6.73,9.93,-3.02,-17.77,-31.19,False
EWN,Netherlands,9,rsi28_recovery,RSI 28 Recovery,18,8,44.44,24.56,11.13,6.44,11.89,-3.37,-21.71,-33.78,False
EWN,Netherlands,10,rsi28_recovery,RSI 28 Recovery,17,8,47.06,26.16,11.84,8.14,14.59,-0.3,-22.18,-31.19,False
EWN,Netherlands,11,rsi28_recovery,RSI 28 Recovery,17,8,47.06,26.16,11.84,9.37,14.47,3.26,-28.27,-40.73,False
EWN,Netherlands,12,rsi28_recovery,RSI 28 Recovery,16,10,62.5,38.64,18.69,12.44,15.69,7.45,-34.23,-40.73,False
EWN,Netherlands,1,bollinger_recovery,Bollinger Recovery,32,2,6.25,1.73,0.52,4.15,2.0,-2.51,-9.74,-13.65,False
EWN,Netherlands,2,bollinger_recovery,Bollinger Recovery,30,4,13.33,5.31,1.96,5.99,4.34,-2.16,-17.31,-20.57,False
EWN,Netherlands,3,bollinger_recovery,Bollinger Recovery,28,7,25.0,12.68,5.55,2.6,3.36,-3.83,-13.67,-22.36,False
EWN,Netherlands,4,bollinger_recovery,Bollinger Recovery,27,6,22.22,10.61,4.43,4.19,4.83,-2.85,-14.46,-25.18,False
EWN,Netherlands,5,bollinger_recovery,Bollinger Recovery,26,9,34.62,19.41,9.17,4.53,4.78,-3.27,-25.12,-34.18,False
EWN,Netherlands,6,bollinger_recovery,Bollinger Recovery,24,10,41.67,24.47,11.93,6.74,7.55,-0.86,-22.66,-34.18,False
EWN,Netherlands,7,bollinger_recovery,Bollinger Recovery,21,8,38.1,20.75,9.43,4.65,7.54,-5.84,-19.92,-34.18,False
EWN,Netherlands,8,bollinger_recovery,Bollinger Recovery,19,8,42.11,23.14,10.5,8.48,10.17,-2.18,-17.77,-31.19,False
EWN,Netherlands,9,bollinger_recovery,Bollinger Recovery,18,7,38.89,20.3,8.83,5.93,10.34,-0.43,-32.02,-34.92,False
EWN,Netherlands,10,bollinger_recovery,Bollinger Recovery,18,8,44.44,24.56,11.13,7.38,11.11,-2.79,-40.37,-58.5,False
EWN,Netherlands,11,bollinger_recovery,Bollinger Recovery,17,5,29.41,13.28,5.2,6.35,8.35,0.51,-48.41,-58.5,False
EWN,Netherlands,12,bollinger_recovery,Bollinger Recovery,15,7,46.67,24.81,10.74,8.15,15.38,0.46,-14.6,-33.86,False
EWN,Netherlands,1,low_vol_trend,Low-Volatility Trend,117,4,3.42,1.34,0.5,0.73,0.76,-1.75,-14.49,-15.77,False
EWN,Netherlands,2,low_vol_trend,Low-Volatility Trend,69,9,13.04,7.02,3.33,1.78,1.8,-3.23,-20.02,-35.29,False
EWN,Netherlands,3,low_vol_trend,Low-Volatility Trend,55,12,21.82,12.95,6.68,2.49,2.21,-4.13,-26.2,-35.29,False
EWN,Netherlands,4,low_vol_trend,Low-Volatility Trend,41,10,24.39,13.82,6.76,3.78,3.19,-3.13,-24.04,-28.96,False
EWN,Netherlands,5,low_vol_trend,Low-Volatility Trend,38,11,28.95,17.0,8.55,3.84,2.77,-6.25,-32.45,-35.29,False
EWN,Netherlands,6,low_vol_trend,Low-Volatility Trend,32,13,40.62,25.52,13.48,6.19,3.13,-5.14,-48.28,-55.53,False
EWN,Netherlands,7,low_vol_trend,Low-Volatility Trend,30,12,40.0,24.59,12.69,3.85,3.16,-7.99,-56.33,-58.5,False
EWN,Netherlands,8,low_vol_trend,Low-Volatility Trend,27,12,44.44,27.59,14.22,8.16,4.7,-5.53,-52.3,-57.95,False
EWN,Netherlands,9,low_vol_trend,Low-Volatility Trend,24,11,45.83,27.89,14.0,5.03,4.63,-8.75,-52.56,-58.5,False
EWN,Netherlands,10,low_vol_trend,Low-Volatility Trend,23,10,43.48,25.63,12.49,3.71,7.33,-8.46,-32.84,-36.5,False
EWN,Netherlands,11,low_vol_trend,Low-Volatility Trend,22,11,50.0,30.72,15.4,9.06,6.17,-3.95,-36.73,-40.84,False
EWN,Netherlands,12,low_vol_trend,Low-Volatility Trend,20,10,50.0,29.93,14.55,9.71,3.9,-10.43,-54.56,-59.39,False
EWN,Netherlands,1,vol_contraction_trend,Volatility Contraction Trend,48,2,4.17,1.15,0.35,0.8,0.32,-2.22,-14.49,-15.77,False
EWN,Netherlands,2,vol_contraction_trend,Volatility Contraction Trend,36,3,8.33,2.87,0.97,1.96,0.44,-3.47,-27.67,-27.57,False
EWN,Netherlands,3,vol_contraction_trend,Volatility Contraction Trend,31,8,25.81,13.7,6.26,-0.6,0.7,-5.82,-20.5,-27.57,False
EWN,Netherlands,4,vol_contraction_trend,Volatility Contraction Trend,29,9,31.03,17.28,8.17,4.54,2.77,-4.51,-28.57,-35.29,False
EWN,Netherlands,5,vol_contraction_trend,Volatility Contraction Trend,29,11,37.93,22.69,11.4,2.8,3.28,-5.18,-30.4,-35.29,False
EWN,Netherlands,6,vol_contraction_trend,Volatility Contraction Trend,26,10,38.46,22.43,10.94,4.03,3.39,-2.15,-48.28,-55.53,False
EWN,Netherlands,7,vol_contraction_trend,Volatility Contraction Trend,25,10,40.0,23.4,11.41,3.71,4.88,-1.43,-56.33,-58.5,False
EWN,Netherlands,8,vol_contraction_trend,Volatility Contraction Trend,24,8,33.33,17.97,8.18,8.16,3.83,-5.99,-47.13,-58.5,False
EWN,Netherlands,9,vol_contraction_trend,Volatility Contraction Trend,23,10,43.48,25.63,12.49,2.26,3.41,-5.02,-52.56,-58.5,False
EWN,Netherlands,10,vol_contraction_trend,Volatility Contraction Trend,21,11,52.38,32.37,16.22,10.14,7.77,1.33,-35.3,-43.32,False
EWN,Netherlands,11,vol_contraction_trend,Volatility Contraction Trend,20,10,50.0,29.93,14.55,9.55,6.95,-4.81,-33.29,-43.32,False
EWN,Netherlands,12,vol_contraction_trend,Volatility Contraction Trend,19,10,52.63,31.71,15.4,10.46,6.26,-9.2,-50.55,-57.4,False
EWN,Netherlands,1,breadth_trend,Broad-Market Trend,155,4,2.58,1.01,0.37,0.81,0.67,-1.88,-14.49,-16.54,False
EWN,Netherlands,2,breadth_trend,Broad-Market Trend,88,8,9.09,4.68,2.15,0.41,0.78,-3.7,-27.67,-35.29,False
EWN,Netherlands,3,breadth_trend,Broad-Market Trend,71,12,16.9,9.94,5.13,2.17,1.15,-3.07,-29.99,-35.29,False
EWN,Netherlands,4,breadth_trend,Broad-Market Trend,54,12,22.22,13.2,6.81,3.88,2.77,-1.31,-31.09,-35.29,False
EWN,Netherlands,5,breadth_trend,Broad-Market Trend,47,16,34.04,22.17,12.42,4.68,3.0,-2.14,-47.68,-54.95,False
EWN,Netherlands,6,breadth_trend,Broad-Market Trend,40,15,37.5,24.22,13.34,5.11,2.64,-3.58,-53.72,-57.95,False
EWN,Netherlands,7,breadth_trend,Broad-Market Trend,35,15,42.86,27.98,15.42,6.96,6.16,-4.91,-26.71,-36.5,False
EWN,Netherlands,8,breadth_trend,Broad-Market Trend,32,15,46.88,30.87,17.01,8.96,7.61,-0.76,-52.3,-57.95,False
EWN,Netherlands,9,breadth_trend,Broad-Market Trend,29,12,41.38,25.51,13.16,5.99,6.23,-2.38,-60.75,-61.28,False
EWN,Netherlands,10,breadth_trend,Broad-Market Trend,27,16,59.26,40.73,22.9,13.55,8.63,-5.45,-32.84,-36.5,False
EWN,Netherlands,11,breadth_trend,Broad-Market Trend,26,12,46.15,28.76,14.83,7.58,4.73,-4.88,-47.13,-63.01,False
EWN,Netherlands,12,breadth_trend,Broad-Market Trend,24,9,37.5,21.16,9.99,8.56,5.28,-5.04,-40.8,-63.01,False
EWP,Spain,1,buy_hold,Buy & Hold Benchmark,265,20,7.55,4.94,2.91,1.29,1.02,-2.66,-19.68,-24.71,False
EWP,Spain,2,buy_hold,Buy & Hold Benchmark,139,26,18.71,13.1,8.23,1.14,1.34,-4.54,-29.63,-41.6,False
EWP,Spain,3,buy_hold,Buy & Hold Benchmark,106,25,23.58,16.52,10.31,2.32,2.25,-4.53,-32.27,-42.91,False
EWP,Spain,4,buy_hold,Buy & Hold Benchmark,77,23,29.87,20.8,12.77,3.78,3.56,-3.88,-33.13,-34.67,False
EWP,Spain,5,buy_hold,Buy & Hold Benchmark,63,18,28.57,18.9,10.91,5.04,3.47,-5.74,-39.21,-42.91,False
EWP,Spain,6,buy_hold,Buy & Hold Benchmark,53,19,35.85,24.3,14.26,4.7,6.1,-6.51,-38.58,-46.19,False
EWP,Spain,7,buy_hold,Buy & Hold Benchmark,46,19,41.3,28.29,16.63,5.35,6.04,-7.25,-48.97,-55.07,False
EWP,Spain,8,buy_hold,Buy & Hold Benchmark,40,14,35.0,22.13,11.95,4.02,6.27,-9.46,-46.3,-52.09,False
EWP,Spain,9,buy_hold,Buy & Hold Benchmark,36,15,41.67,27.14,14.95,3.36,7.62,-6.18,-38.28,-54.04,False
EWP,Spain,10,buy_hold,Buy & Hold Benchmark,33,14,42.42,27.24,14.71,8.91,10.07,-9.31,-48.15,-55.07,False
EWP,Spain,11,buy_hold,Buy & Hold Benchmark,30,13,43.33,27.38,14.46,2.54,9.43,-6.58,-42.63,-55.07,False
EWP,Spain,12,buy_hold,Buy & Hold Benchmark,28,14,50.0,32.63,17.63,10.41,9.08,-5.07,-47.83,-56.5,False
EWP,Spain,1,trend_price_sma100,Price above SMA 100,163,8,4.91,2.51,1.15,0.66,0.64,-2.53,-16.46,-23.76,False
EWP,Spain,2,trend_price_sma100,Price above SMA 100,96,14,14.58,8.89,4.79,1.31,1.52,-3.62,-21.82,-26.71,False
EWP,Spain,3,trend_price_sma100,Price above SMA 100,76,15,19.74,12.34,6.78,1.73,2.32,-4.17,-27.96,-38.52,False
EWP,Spain,4,trend_price_sma100,Price above SMA 100,60,19,31.67,21.31,12.48,2.63,3.92,-2.25,-29.97,-35.41,False
EWP,Spain,5,trend_price_sma100,Price above SMA 100,49,18,36.73,24.66,14.27,6.49,4.67,-5.66,-41.08,-50.99,False
EWP,Spain,6,trend_price_sma100,Price above SMA 100,42,15,35.71,22.99,12.65,5.91,4.36,-3.7,-43.03,-52.09,False
EWP,Spain,7,trend_price_sma100,Price above SMA 100,38,18,47.37,32.48,18.85,7.62,5.76,-8.08,-42.74,-54.04,False
EWP,Spain,8,trend_price_sma100,Price above SMA 100,34,13,38.24,23.9,12.63,3.64,6.13,-6.23,-48.57,-55.07,False
EWP,Spain,9,trend_price_sma100,Price above SMA 100,32,17,53.12,36.45,20.85,11.69,8.54,-8.1,-21.42,-38.52,False
EWP,Spain,10,trend_price_sma100,Price above SMA 100,29,14,48.28,31.39,16.95,7.14,5.01,-11.64,-48.15,-55.07,False
EWP,Spain,11,trend_price_sma100,Price above SMA 100,26,13,50.0,32.06,16.93,10.08,8.62,-4.58,-24.36,-38.52,False
EWP,Spain,12,trend_price_sma100,Price above SMA 100,26,10,38.46,22.43,10.94,6.52,7.66,-7.17,-48.25,-59.92,False
EWP,Spain,1,trend_price_sma200,Price above SMA 200,164,7,4.27,2.08,0.92,0.78,0.58,-2.56,-16.46,-23.76,False
EWP,Spain,2,trend_price_sma200,Price above SMA 200,93,16,17.2,10.88,6.07,1.57,1.28,-4.26,-21.82,-26.71,False
EWP,Spain,3,trend_price_sma200,Price above SMA 200,73,21,28.77,19.65,11.8,3.06,3.06,-4.49,-27.96,-38.52,False
EWP,Spain,4,trend_price_sma200,Price above SMA 200,57,16,28.07,18.08,10.12,2.71,3.66,-4.28,-21.17,-29.81,False
EWP,Spain,5,trend_price_sma200,Price above SMA 200,47,16,34.04,22.17,12.42,8.01,4.24,-5.09,-30.89,-38.52,False
EWP,Spain,6,trend_price_sma200,Price above SMA 200,39,16,41.03,27.08,15.19,6.44,4.67,-7.09,-33.94,-38.52,False
EWP,Spain,7,trend_price_sma200,Price above SMA 200,38,17,44.74,30.15,17.21,7.78,6.64,-3.39,-48.97,-55.07,False
EWP,Spain,8,trend_price_sma200,Price above SMA 200,33,14,42.42,27.24,14.71,7.1,7.64,-6.1,-29.21,-38.52,False
EWP,Spain,9,trend_price_sma200,Price above SMA 200,28,11,39.29,23.57,11.84,6.72,8.29,-5.87,-36.31,-55.07,False
EWP,Spain,10,trend_price_sma200,Price above SMA 200,27,14,51.85,33.99,18.36,11.43,9.56,-7.05,-42.52,-57.26,False
EWP,Spain,11,trend_price_sma200,Price above SMA 200,25,12,48.0,30.03,15.48,3.07,11.33,-7.28,-45.49,-55.07,False
EWP,Spain,12,trend_price_sma200,Price above SMA 200,23,12,52.17,32.96,16.98,12.57,9.15,-11.48,-41.61,-59.92,False
EWP,Spain,1,trend,SMA 50/200 + Momentum,91,4,4.4,1.72,0.64,1.58,1.11,-1.96,-16.46,-23.76,False
EWP,Spain,2,trend,SMA 50/200 + Momentum,55,8,14.55,7.56,3.46,1.95,2.06,-2.96,-23.61,-25.21,False
EWP,Spain,3,trend,SMA 50/200 + Momentum,47,14,29.79,18.65,10.06,2.65,3.8,-2.75,-16.35,-25.29,False
EWP,Spain,4,trend,SMA 50/200 + Momentum,36,11,30.56,18.0,9.06,3.43,4.21,-2.73,-25.11,-28.11,False
EWP,Spain,5,trend,SMA 50/200 + Momentum,33,10,30.3,17.38,8.49,7.14,4.7,-3.41,-41.08,-50.99,False
EWP,Spain,6,trend,SMA 50/200 + Momentum,27,15,55.56,37.31,20.58,11.91,6.27,-6.54,-27.81,-39.74,False
EWP,Spain,7,trend,SMA 50/200 + Momentum,24,11,45.83,27.89,14.0,8.71,8.88,0.67,-33.2,-52.09,False
EWP,Spain,8,trend,SMA 50/200 + Momentum,22,9,40.91,23.26,10.96,5.35,9.38,1.02,-21.19,-28.11,False
EWP,Spain,9,trend,SMA 50/200 + Momentum,20,9,45.0,25.82,12.15,9.37,8.47,-4.29,-54.35,-54.56,False
EWP,Spain,10,trend,SMA 50/200 + Momentum,18,9,50.0,29.03,13.64,10.45,14.75,0.47,-30.87,-33.4,False
EWP,Spain,11,trend,SMA 50/200 + Momentum,18,10,55.56,33.72,16.36,12.82,12.72,-2.83,-37.2,-57.26,False
EWP,Spain,12,trend,SMA 50/200 + Momentum,16,7,43.75,23.1,10.01,9.64,10.78,-7.08,-28.57,-57.26,False
EWP,Spain,1,trend_sma100_200,SMA 100/200,141,6,4.26,1.96,0.83,0.9,0.88,-2.35,-16.46,-23.76,False
EWP,Spain,2,trend_sma100_200,SMA 100/200,80,14,17.5,10.72,5.78,2.62,1.9,-3.35,-26.99,-38.52,False
EWP,Spain,3,trend_sma100_200,SMA 100/200,63,17,26.98,17.58,10.0,2.88,3.43,-4.05,-27.96,-38.52,False
EWP,Spain,4,trend_sma100_200,SMA 100/200,49,15,30.61,19.52,10.73,3.78,3.19,-4.55,-33.13,-38.52,False
EWP,Spain,5,trend_sma100_200,SMA 100/200,41,17,41.46,27.76,15.83,7.72,5.25,-5.66,-39.21,-39.74,False
EWP,Spain,6,trend_sma100_200,SMA 100/200,36,11,30.56,18.0,9.06,6.12,4.28,-8.26,-26.45,-38.52,False
EWP,Spain,7,trend_sma100_200,SMA 100/200,31,12,38.71,23.73,12.24,1.94,7.06,-7.06,-19.32,-38.52,False
EWP,Spain,8,trend_sma100_200,SMA 100/200,29,12,41.38,25.51,13.16,5.35,7.15,-5.84,-48.57,-55.07,False
EWP,Spain,9,trend_sma100_200,SMA 100/200,27,12,44.44,27.59,14.22,7.13,6.49,-11.57,-36.31,-55.07,False
EWP,Spain,10,trend_sma100_200,SMA 100/200,25,12,48.0,30.03,15.48,2.4,8.61,-10.44,-31.87,-40.34,False
EWP,Spain,11,trend_sma100_200,SMA 100/200,23,9,39.13,22.16,10.45,8.26,8.94,-13.37,-45.49,-55.07,False
EWP,Spain,12,trend_sma100_200,SMA 100/200,21,9,42.86,24.47,11.53,2.68,10.53,-5.86,-20.11,-41.29,False
EWP,Spain,1,trend_ema50_200,EMA 50/200,152,6,3.95,1.82,0.77,0.78,0.6,-2.56,-16.46,-23.76,False
EWP,Spain,2,trend_ema50_200,EMA 50/200,86,16,18.6,11.79,6.58,0.87,1.36,-3.84,-26.99,-38.52,False
EWP,Spain,3,trend_ema50_200,EMA 50/200,66,20,30.3,20.55,12.2,2.54,3.6,-2.82,-18.48,-25.29,False
EWP,Spain,4,trend_ema50_200,EMA 50/200,51,16,31.37,20.33,11.38,3.08,3.76,-4.61,-27.98,-38.52,False
EWP,Spain,5,trend_ema50_200,EMA 50/200,44,16,36.36,23.78,13.33,5.98,4.2,-5.75,-30.81,-38.52,False
EWP,Spain,6,trend_ema50_200,EMA 50/200,38,18,47.37,32.48,18.85,6.75,4.84,-7.3,-27.81,-39.74,False
EWP,Spain,7,trend_ema50_200,EMA 50/200,34,15,44.12,28.88,15.91,9.68,7.34,-3.06,-48.97,-55.07,False
EWP,Spain,8,trend_ema50_200,EMA 50/200,30,12,40.0,24.59,12.69,5.14,7.61,-6.44,-46.3,-52.09,False
EWP,Spain,9,trend_ema50_200,EMA 50/200,28,12,42.86,26.51,13.67,8.39,6.49,-8.27,-36.31,-55.07,False
EWP,Spain,10,trend_ema50_200,EMA 50/200,25,12,48.0,30.03,15.48,2.4,10.4,-6.25,-23.33,-36.81,False
EWP,Spain,11,trend_ema50_200,EMA 50/200,23,9,39.13,22.16,10.45,4.15,5.59,-14.88,-56.0,-57.4,False
EWP,Spain,12,trend_ema50_200,EMA 50/200,21,10,47.62,28.34,13.79,4.23,10.35,-13.46,-27.58,-41.29,False
EWP,Spain,1,trend_ema100_200,EMA 100/200,141,4,2.84,1.11,0.41,0.87,0.61,-2.47,-16.46,-23.76,False
EWP,Spain,2,trend_ema100_200,EMA 100/200,79,15,18.99,11.86,6.51,1.2,2.07,-3.18,-21.15,-26.71,False
EWP,Spain,3,trend_ema100_200,EMA 100/200,63,17,26.98,17.58,10.0,2.76,3.23,-2.94,-32.83,-38.52,False
EWP,Spain,4,trend_ema100_200,EMA 100/200,47,13,27.66,16.94,8.95,2.36,2.84,-4.75,-33.13,-38.52,False
EWP,Spain,5,trend_ema100_200,EMA 100/200,40,16,40.0,26.35,14.78,6.42,4.6,-5.97,-39.21,-39.74,False
EWP,Spain,6,trend_ema100_200,EMA 100/200,35,13,37.14,23.17,12.24,5.73,4.65,-4.42,-24.09,-38.52,False
EWP,Spain,7,trend_ema100_200,EMA 100/200,30,12,40.0,24.59,12.69,5.35,6.3,-5.99,-48.97,-55.07,False
EWP,Spain,8,trend_ema100_200,EMA 100/200,28,11,39.29,23.57,11.84,5.15,6.72,-7.93,-46.3,-52.09,False
EWP,Spain,9,trend_ema100_200,EMA 100/200,26,11,42.31,25.54,12.83,2.54,4.91,-9.4,-36.31,-55.07,False
EWP,Spain,10,trend_ema100_200,EMA 100/200,22,11,50.0,30.72,15.4,9.42,11.29,-5.25,-31.87,-40.34,False
EWP,Spain,11,trend_ema100_200,EMA 100/200,21,9,42.86,24.47,11.53,4.8,6.6,-20.2,-56.0,-57.4,False
EWP,Spain,12,trend_ema100_200,EMA 100/200,21,10,47.62,28.34,13.79,2.68,10.68,-5.86,-28.57,-57.26,False
EWP,Spain,1,trend_triple_ma,Triple Moving Average,78,3,3.85,1.32,0.45,1.3,0.81,-2.54,-12.32,-19.75,False
EWP,Spain,2,trend_triple_ma,Triple Moving Average,57,10,17.54,9.82,4.81,0.77,1.78,-3.57,-13.67,-19.75,False
EWP,Spain,3,trend_triple_ma,Triple Moving Average,48,14,29.17,18.24,9.84,2.25,2.94,-3.16,-32.83,-38.52,False
EWP,Spain,4,trend_triple_ma,Triple Moving Average,37,13,35.14,21.83,11.53,4.31,4.04,-4.55,-31.16,-38.52,False
EWP,Spain,5,trend_triple_ma,Triple Moving Average,35,14,40.0,25.55,13.8,7.61,5.01,-4.28,-30.81,-38.52,False
EWP,Spain,6,trend_triple_ma,Triple Moving Average,31,16,51.61,34.84,19.58,11.91,7.63,-3.15,-19.4,-38.52,False
EWP,Spain,7,trend_triple_ma,Triple Moving Average,27,13,48.15,30.74,16.24,7.61,8.62,0.64,-20.99,-38.52,False
EWP,Spain,8,trend_triple_ma,Triple Moving Average,25,10,40.0,23.4,11.41,5.35,7.42,-4.86,-20.4,-38.52,False
EWP,Spain,9,trend_triple_ma,Triple Moving Average,21,11,52.38,32.37,16.22,10.33,10.52,-3.88,-19.59,-29.9,False
EWP,Spain,10,trend_triple_ma,Triple Moving Average,21,10,47.62,28.34,13.79,4.88,9.93,-11.85,-21.91,-29.9,False
EWP,Spain,11,trend_triple_ma,Triple Moving Average,20,9,45.0,25.82,12.15,8.73,5.72,-19.19,-29.15,-38.58,False
EWP,Spain,12,trend_triple_ma,Triple Moving Average,20,9,45.0,25.82,12.15,3.66,6.53,-10.75,-44.64,-55.5,False
EWP,Spain,1,trend_breakout_100,100-Day Range Breakout,22,1,4.55,0.81,0.21,0.96,1.2,-1.55,-7.99,-11.12,False
EWP,Spain,2,trend_breakout_100,100-Day Range Breakout,20,5,25.0,11.19,4.4,5.54,5.14,0.08,-6.25,-12.89,False
EWP,Spain,3,trend_breakout_100,100-Day Range Breakout,18,10,55.56,33.72,16.36,10.06,4.54,-3.7,-15.92,-19.46,False
EWP,Spain,4,trend_breakout_100,100-Day Range Breakout,16,7,43.75,23.1,10.01,4.47,4.48,-0.4,-21.52,-28.27,False
EWP,Spain,5,trend_breakout_100,100-Day Range Breakout,15,8,53.33,30.12,13.58,10.37,7.36,3.21,-30.81,-32.62,False
EWP,Spain,6,trend_breakout_100,100-Day Range Breakout,14,7,50.0,26.8,11.57,10.92,7.67,-0.42,-25.28,-32.62,False
EWP,Spain,7,trend_breakout_100,100-Day Range Breakout,14,6,42.86,21.38,8.81,9.68,7.62,-1.27,-27.07,-34.29,False
EWP,Spain,8,trend_breakout_100,100-Day Range Breakout,13,7,53.85,29.14,12.55,10.77,8.0,3.52,-25.72,-34.29,False
EWP,Spain,9,trend_breakout_100,100-Day Range Breakout,12,7,58.33,31.95,13.71,15.56,11.27,5.31,-25.7,-34.29,False
EWP,Spain,10,trend_breakout_100,100-Day Range Breakout,12,9,75.0,46.77,21.6,17.48,14.98,9.33,-25.17,-34.29,False
EWP,Spain,11,trend_breakout_100,100-Day Range Breakout,12,8,66.67,39.06,17.43,18.9,14.26,4.37,-29.26,-34.29,False
EWP,Spain,12,trend_breakout_100,100-Day Range Breakout,11,6,54.55,28.01,11.43,12.67,11.78,-3.45,-37.19,-39.38,False
EWP,Spain,1,trend_breakout_200,200-Day Range Breakout,19,1,5.26,0.94,0.24,0.97,1.26,-1.98,-7.99,-11.12,False
EWP,Spain,2,trend_breakout_200,200-Day Range Breakout,17,3,17.65,6.19,2.08,4.95,4.34,-0.95,-6.25,-12.89,False
EWP,Spain,3,trend_breakout_200,200-Day Range Breakout,16,8,50.0,28.0,12.65,7.88,3.62,-4.71,-15.92,-19.46,False
EWP,Spain,4,trend_breakout_200,200-Day Range Breakout,14,6,42.86,21.38,8.81,4.47,3.25,-3.07,-21.52,-28.27,False
EWP,Spain,5,trend_breakout_200,200-Day Range Breakout,13,7,53.85,29.14,12.55,10.16,6.67,5.91,-30.81,-32.62,False
EWP,Spain,6,trend_breakout_200,200-Day Range Breakout,12,5,41.67,19.33,7.5,9.1,5.65,-1.02,-25.28,-32.62,False
EWP,Spain,7,trend_breakout_200,200-Day Range Breakout,12,4,33.33,13.81,5.01,7.69,4.86,-6.51,-27.07,-34.29,False
EWP,Spain,8,trend_breakout_200,200-Day Range Breakout,12,5,41.67,19.33,7.5,9.09,6.05,1.55,-25.72,-34.29,False
EWP,Spain,9,trend_breakout_200,200-Day Range Breakout,11,7,63.64,35.38,15.1,15.16,9.86,6.1,-25.7,-34.29,False
EWP,Spain,10,trend_breakout_200,200-Day Range Breakout,11,8,72.73,43.43,19.27,19.06,12.07,5.99,-31.87,-40.34,False
EWP,Spain,11,trend_breakout_200,200-Day Range Breakout,11,8,72.73,43.43,19.27,20.02,13.89,11.28,-29.26,-41.29,False
EWP,Spain,12,trend_breakout_200,200-Day Range Breakout,10,6,60.0,31.27,12.69,12.23,12.94,-0.1,-37.19,-41.29,False
EWP,Spain,1,momentum_90,90-Day Absolute Momentum,157,8,5.1,2.6,1.2,1.21,0.94,-2.18,-16.46,-23.76,False
EWP,Spain,2,momentum_90,90-Day Absolute Momentum,94,13,13.83,8.26,4.36,1.35,1.07,-4.26,-21.82,-26.71,False
EWP,Spain,3,momentum_90,90-Day Absolute Momentum,72,21,29.17,19.94,11.97,1.94,1.98,-6.16,-32.83,-38.52,False
EWP,Spain,4,momentum_90,90-Day Absolute Momentum,58,17,29.31,19.18,10.91,1.62,2.48,-5.27,-31.16,-38.52,False
EWP,Spain,5,momentum_90,90-Day Absolute Momentum,50,17,34.0,22.44,12.78,6.18,4.03,-6.64,-41.08,-50.99,False
EWP,Spain,6,momentum_90,90-Day Absolute Momentum,43,15,34.88,22.42,12.34,5.46,3.09,-9.4,-43.03,-52.09,False
EWP,Spain,7,momentum_90,90-Day Absolute Momentum,40,19,47.5,32.94,19.4,7.46,5.88,-10.12,-33.2,-52.09,False
EWP,Spain,8,momentum_90,90-Day Absolute Momentum,34,16,47.06,31.45,17.66,7.37,8.25,-5.9,-21.64,-38.52,False
EWP,Spain,9,momentum_90,90-Day Absolute Momentum,30,14,46.67,30.23,16.33,7.65,7.71,-6.91,-24.26,-38.52,False
EWP,Spain,10,momentum_90,90-Day Absolute Momentum,28,14,50.0,32.63,17.63,8.86,7.21,-6.66,-42.52,-57.26,False
EWP,Spain,11,momentum_90,90-Day Absolute Momentum,26,11,42.31,25.54,12.83,3.94,9.04,-8.21,-45.49,-55.07,False
EWP,Spain,12,momentum_90,90-Day Absolute Momentum,25,10,40.0,23.4,11.41,4.64,7.64,-9.84,-28.57,-57.26,False
EWP,Spain,1,momentum_180,180-Day Absolute Momentum,159,8,5.03,2.57,1.18,0.46,0.58,-2.61,-16.46,-23.76,False
EWP,Spain,2,momentum_180,180-Day Absolute Momentum,91,17,18.68,12.0,6.81,1.13,1.3,-4.19,-25.07,-30.23,False
EWP,Spain,3,momentum_180,180-Day Absolute Momentum,71,19,26.76,17.85,10.44,3.25,3.19,-3.44,-32.83,-38.52,False
EWP,Spain,4,momentum_180,180-Day Absolute Momentum,56,16,28.57,18.42,10.31,2.76,3.88,-4.04,-26.35,-33.3,False
EWP,Spain,5,momentum_180,180-Day Absolute Momentum,47,15,31.91,20.4,11.22,3.31,4.05,-6.6,-30.81,-38.52,False
EWP,Spain,6,momentum_180,180-Day Absolute Momentum,38,16,42.11,27.85,15.63,6.63,5.18,-6.74,-27.81,-39.74,False
EWP,Spain,7,momentum_180,180-Day Absolute Momentum,36,15,41.67,27.14,14.95,5.65,5.6,-7.9,-48.97,-55.07,False
EWP,Spain,8,momentum_180,180-Day Absolute Momentum,31,11,35.48,21.12,10.61,3.52,5.4,-10.77,-46.3,-52.09,False
EWP,Spain,9,momentum_180,180-Day Absolute Momentum,28,13,46.43,29.53,15.6,9.37,6.08,-9.58,-39.13,-55.07,False
EWP,Spain,10,momentum_180,180-Day Absolute Momentum,26,11,42.31,25.54,12.83,2.01,9.01,-6.44,-28.24,-38.52,False
EWP,Spain,11,momentum_180,180-Day Absolute Momentum,23,10,43.48,25.63,12.49,4.8,5.19,-18.51,-42.63,-55.07,False
EWP,Spain,12,momentum_180,180-Day Absolute Momentum,21,11,52.38,32.37,16.22,10.15,10.57,-11.41,-23.85,-41.29,False
EWP,Spain,1,momentum_270,270-Day Absolute Momentum,156,8,5.13,2.62,1.2,1.3,1.0,-2.48,-16.46,-23.76,False
EWP,Spain,2,momentum_270,270-Day Absolute Momentum,87,18,20.69,13.51,7.78,0.77,1.98,-3.61,-21.15,-26.71,False
EWP,Spain,3,momentum_270,270-Day Absolute Momentum,70,21,30.0,20.54,12.33,2.71,3.08,-2.95,-27.96,-38.52,False
EWP,Spain,4,momentum_270,270-Day Absolute Momentum,54,16,29.63,19.14,10.71,2.53,3.85,-4.48,-25.32,-30.23,False
EWP,Spain,5,momentum_270,270-Day Absolute Momentum,42,17,40.48,27.04,15.42,4.53,5.14,-6.93,-30.89,-38.52,False
EWP,Spain,6,momentum_270,270-Day Absolute Momentum,36,16,44.44,29.54,16.58,6.75,4.82,-7.78,-28.3,-38.52,False
EWP,Spain,7,momentum_270,270-Day Absolute Momentum,33,14,42.42,27.24,14.71,5.92,6.86,-5.14,-48.97,-55.07,False
EWP,Spain,8,momentum_270,270-Day Absolute Momentum,30,12,40.0,24.59,12.69,4.86,7.01,-5.9,-46.3,-52.09,False
EWP,Spain,9,momentum_270,270-Day Absolute Momentum,28,13,46.43,29.53,15.6,8.91,5.11,-11.99,-38.28,-54.04,False
EWP,Spain,10,momentum_270,270-Day Absolute Momentum,26,11,42.31,25.54,12.83,5.08,8.12,-9.87,-34.57,-41.29,False
EWP,Spain,11,momentum_270,270-Day Absolute Momentum,23,9,39.13,22.16,10.45,1.86,7.27,-11.61,-42.63,-55.07,False
EWP,Spain,12,momentum_270,270-Day Absolute Momentum,22,11,50.0,30.72,15.4,9.03,10.41,-15.96,-28.57,-57.26,False
EWP,Spain,1,momentum_365,365-Day Absolute Momentum,158,8,5.06,2.59,1.19,1.25,1.08,-2.49,-16.46,-23.76,False
EWP,Spain,2,momentum_365,365-Day Absolute Momentum,88,17,19.32,12.43,7.05,0.87,1.32,-4.26,-26.99,-38.52,False
EWP,Spain,3,momentum_365,365-Day Absolute Momentum,71,21,29.58,20.23,12.15,2.31,2.97,-3.34,-27.96,-38.52,False
EWP,Spain,4,momentum_365,365-Day Absolute Momentum,55,16,29.09,18.77,10.51,0.87,3.19,-4.21,-25.11,-38.52,False
EWP,Spain,5,momentum_365,365-Day Absolute Momentum,44,17,38.64,25.72,14.66,2.84,4.98,-6.07,-16.54,-38.52,False
EWP,Spain,6,momentum_365,365-Day Absolute Momentum,37,13,35.14,21.83,11.53,6.51,5.2,-5.62,-20.67,-38.52,False
EWP,Spain,7,momentum_365,365-Day Absolute Momentum,33,14,42.42,27.24,14.71,5.33,6.58,-6.49,-48.97,-55.07,False
EWP,Spain,8,momentum_365,365-Day Absolute Momentum,31,14,45.16,29.16,15.75,4.94,4.33,-11.84,-37.06,-54.04,False
EWP,Spain,9,momentum_365,365-Day Absolute Momentum,27,12,44.44,27.59,14.22,4.02,4.67,-10.71,-38.28,-54.04,False
EWP,Spain,10,momentum_365,365-Day Absolute Momentum,25,12,48.0,30.03,15.48,4.68,8.66,-5.31,-42.52,-57.26,False
EWP,Spain,11,momentum_365,365-Day Absolute Momentum,23,9,39.13,22.16,10.45,4.83,9.79,-5.97,-45.49,-55.07,False
EWP,Spain,12,momentum_365,365-Day Absolute Momentum,23,11,47.83,29.24,14.67,9.81,8.28,-7.31,-41.61,-59.92,False
EWP,Spain,1,momentum_dual_90_180,Dual Momentum 90/180,131,5,3.82,1.64,0.65,0.86,0.54,-2.46,-16.46,-23.76,False
EWP,Spain,2,momentum_dual_90_180,Dual Momentum 90/180,78,12,15.38,9.03,4.66,1.69,1.64,-3.01,-21.82,-26.71,False
EWP,Spain,3,momentum_dual_90_180,Dual Momentum 90/180,62,19,30.65,20.58,12.06,3.03,2.94,-3.69,-32.83,-38.52,False
EWP,Spain,4,momentum_dual_90_180,Dual Momentum 90/180,46,14,30.43,19.08,10.29,2.95,3.44,-2.2,-31.16,-38.52,False
EWP,Spain,5,momentum_dual_90_180,Dual Momentum 90/180,42,15,35.71,22.99,12.65,7.05,4.35,-5.88,-41.08,-50.99,False
EWP,Spain,6,momentum_dual_90_180,Dual Momentum 90/180,35,16,45.71,30.47,17.1,7.41,4.84,-8.77,-27.81,-39.74,False
EWP,Spain,7,momentum_dual_90_180,Dual Momentum 90/180,34,15,44.12,28.88,15.91,6.33,6.22,-11.19,-33.2,-52.09,False
EWP,Spain,8,momentum_dual_90_180,Dual Momentum 90/180,29,11,37.93,22.69,11.4,5.35,7.33,-5.27,-46.3,-52.09,False
EWP,Spain,9,momentum_dual_90_180,Dual Momentum 90/180,25,12,48.0,30.03,15.48,9.65,6.7,-6.94,-54.35,-54.56,False
EWP,Spain,10,momentum_dual_90_180,Dual Momentum 90/180,23,11,47.83,29.24,14.67,4.88,9.84,-6.67,-28.24,-38.52,False
EWP,Spain,11,momentum_dual_90_180,Dual Momentum 90/180,22,10,45.45,26.92,13.11,7.77,7.19,-18.68,-37.2,-57.26,False
EWP,Spain,12,momentum_dual_90_180,Dual Momentum 90/180,21,10,47.62,28.34,13.79,4.23,9.38,-10.57,-20.11,-41.29,False
EWP,Spain,1,momentum_dual_180_365,Dual Momentum 180/365,131,6,4.58,2.12,0.89,0.9,0.87,-2.53,-16.46,-23.76,False
EWP,Spain,2,momentum_dual_180_365,Dual Momentum 180/365,76,15,19.74,12.34,6.78,1.05,1.36,-4.55,-26.99,-38.52,False
EWP,Spain,3,momentum_dual_180_365,Dual Momentum 180/365,62,20,32.26,21.95,13.04,3.02,3.38,-2.88,-27.96,-38.52,False
EWP,Spain,4,momentum_dual_180_365,Dual Momentum 180/365,47,14,29.79,18.65,10.06,1.85,4.44,-3.43,-21.17,-38.52,False
EWP,Spain,5,momentum_dual_180_365,Dual Momentum 180/365,40,15,37.5,24.22,13.34,6.06,5.16,-7.32,-16.54,-38.52,False
EWP,Spain,6,momentum_dual_180_365,Dual Momentum 180/365,34,14,41.18,26.37,14.24,6.32,5.54,-4.47,-24.09,-38.52,False
EWP,Spain,7,momentum_dual_180_365,Dual Momentum 180/365,31,13,41.94,26.42,13.96,5.33,6.53,-7.01,-48.97,-55.07,False
EWP,Spain,8,momentum_dual_180_365,Dual Momentum 180/365,28,11,39.29,23.57,11.84,5.65,4.09,-11.35,-46.3,-52.09,False
EWP,Spain,9,momentum_dual_180_365,Dual Momentum 180/365,25,13,52.0,33.5,17.69,10.42,6.1,-9.87,-39.13,-55.07,False
EWP,Spain,10,momentum_dual_180_365,Dual Momentum 180/365,23,11,47.83,29.24,14.67,2.64,11.23,-3.76,-21.31,-38.52,False
EWP,Spain,11,momentum_dual_180_365,Dual Momentum 180/365,21,9,42.86,24.47,11.53,4.83,9.33,-5.21,-42.63,-55.07,False
EWP,Spain,12,momentum_dual_180_365,Dual Momentum 180/365,20,10,50.0,29.93,14.55,10.83,12.11,-4.33,-32.78,-57.26,False
EWP,Spain,1,momentum_rank_90,Top Relative Momentum 90,64,3,4.69,1.61,0.55,2.07,1.92,-0.5,-12.32,-19.75,False
EWP,Spain,2,momentum_rank_90,Top Relative Momentum 90,42,7,16.67,8.32,3.65,3.2,1.73,-4.27,-21.15,-26.71,False
EWP,Spain,3,momentum_rank_90,Top Relative Momentum 90,36,11,30.56,18.0,9.06,1.59,2.76,-3.61,-19.64,-26.71,False
EWP,Spain,4,momentum_rank_90,Top Relative Momentum 90,28,10,35.71,20.71,10.11,5.98,6.15,-1.59,-21.52,-28.27,False
EWP,Spain,5,momentum_rank_90,Top Relative Momentum 90,27,12,44.44,27.59,14.22,6.06,6.92,0.64,-30.81,-32.62,False
EWP,Spain,6,momentum_rank_90,Top Relative Momentum 90,25,11,44.0,26.67,13.39,5.46,6.96,-3.05,-25.28,-32.62,False
EWP,Spain,7,momentum_rank_90,Top Relative Momentum 90,21,9,42.86,24.47,11.53,9.41,7.96,-6.43,-27.07,-34.29,False
EWP,Spain,8,momentum_rank_90,Top Relative Momentum 90,19,9,47.37,27.33,12.85,7.64,10.23,0.01,-29.21,-36.81,False
EWP,Spain,9,momentum_rank_90,Top Relative Momentum 90,18,10,55.56,33.72,16.36,11.0,6.75,-9.68,-25.32,-36.81,False
EWP,Spain,10,momentum_rank_90,Top Relative Momentum 90,18,10,55.56,33.72,16.36,13.66,6.48,-6.2,-31.87,-40.34,False
EWP,Spain,11,momentum_rank_90,Top Relative Momentum 90,17,9,52.94,30.96,14.52,18.17,11.99,-0.75,-46.05,-55.5,False
EWP,Spain,12,momentum_rank_90,Top Relative Momentum 90,17,11,64.71,41.3,20.61,23.23,12.32,-7.61,-47.83,-56.5,False
EWP,Spain,1,momentum,Top Relative Momentum 180,65,5,7.69,3.33,1.32,1.92,1.68,-1.67,-16.46,-23.76,False
EWP,Spain,2,momentum,Top Relative Momentum 180,41,9,21.95,12.0,5.69,0.77,1.96,-4.28,-21.15,-26.71,False
EWP,Spain,3,momentum,Top Relative Momentum 180,35,12,34.29,20.83,10.75,2.9,3.25,-2.57,-19.64,-26.71,False
EWP,Spain,4,momentum,Top Relative Momentum 180,29,10,34.48,19.94,9.74,5.86,5.68,-1.36,-25.11,-28.11,False
EWP,Spain,5,momentum,Top Relative Momentum 180,26,12,46.15,28.76,14.83,8.97,6.47,-0.33,-41.08,-50.99,False
EWP,Spain,6,momentum,Top Relative Momentum 180,21,10,47.62,28.34,13.79,6.14,4.53,-12.61,-43.03,-52.09,False
EWP,Spain,7,momentum,Top Relative Momentum 180,21,12,57.14,36.55,18.81,14.98,9.42,-7.66,-33.2,-52.09,False
EWP,Spain,8,momentum,Top Relative Momentum 180,19,10,52.63,31.71,15.4,11.49,7.73,-13.62,-46.3,-52.09,False
EWP,Spain,9,momentum,Top Relative Momentum 180,16,11,68.75,44.4,22.11,12.26,8.21,-9.16,-54.35,-54.56,False
EWP,Spain,10,momentum,Top Relative Momentum 180,16,10,62.5,38.64,18.69,17.07,12.19,-8.61,-42.52,-57.26,False
EWP,Spain,11,momentum,Top Relative Momentum 180,15,9,60.0,35.75,16.7,23.0,11.52,-10.43,-37.2,-57.26,False
EWP,Spain,12,momentum,Top Relative Momentum 180,15,8,53.33,30.12,13.58,27.15,11.02,-14.64,-28.57,-57.26,False
EWP,Spain,1,momentum_rank_365,Top Relative Momentum 365,72,4,5.56,2.18,0.81,1.47,1.8,-1.3,-16.46,-23.76,False
EWP,Spain,2,momentum_rank_365,Top Relative Momentum 365,42,10,23.81,13.48,6.59,2.17,2.73,-3.18,-21.15,-26.71,False
EWP,Spain,3,momentum_rank_365,Top Relative Momentum 365,33,9,27.27,15.07,7.13,1.0,4.24,-1.77,-9.21,-25.21,False
EWP,Spain,4,momentum_rank_365,Top Relative Momentum 365,26,10,38.46,22.43,10.94,6.27,6.27,-4.32,-21.17,-28.11,False
EWP,Spain,5,momentum_rank_365,Top Relative Momentum 365,21,7,33.33,17.19,7.5,8.03,7.27,4.8,-16.54,-25.21,False
EWP,Spain,6,momentum_rank_365,Top Relative Momentum 365,19,8,42.11,23.14,10.5,9.27,7.56,-4.7,-20.67,-28.11,False
EWP,Spain,7,momentum_rank_365,Top Relative Momentum 365,17,7,41.18,21.61,9.38,0.36,8.42,-2.26,-25.41,-35.31,False
EWP,Spain,8,momentum_rank_365,Top Relative Momentum 365,16,8,50.0,28.0,12.65,11.47,12.14,-3.82,-21.19,-35.31,False
EWP,Spain,9,momentum_rank_365,Top Relative Momentum 365,15,10,66.67,41.71,20.13,12.38,14.44,1.33,-19.59,-35.31,False
EWP,Spain,10,momentum_rank_365,Top Relative Momentum 365,13,9,69.23,42.37,19.67,14.52,15.91,-5.31,-18.15,-35.31,False
EWP,Spain,11,momentum_rank_365,Top Relative Momentum 365,12,7,58.33,31.95,13.71,14.47,14.54,-6.84,-22.4,-35.31,False
EWP,Spain,12,momentum_rank_365,Top Relative Momentum 365,12,8,66.67,39.06,17.43,20.64,14.51,2.54,-19.05,-35.31,False
EWP,Spain,1,momentum_composite,Composite Momentum,59,2,3.39,0.93,0.28,2.11,1.64,-0.83,-16.46,-23.76,False
EWP,Spain,2,momentum_composite,Composite Momentum,38,5,13.16,5.75,2.28,1.27,1.05,-5.1,-21.15,-26.71,False
EWP,Spain,3,momentum_composite,Composite Momentum,31,9,29.03,16.1,7.62,2.2,3.22,-1.67,-19.62,-25.21,False
EWP,Spain,4,momentum_composite,Composite Momentum,24,7,29.17,14.91,6.52,6.82,5.75,-2.84,-21.17,-28.11,False
EWP,Spain,5,momentum_composite,Composite Momentum,22,8,36.36,19.73,8.97,7.88,8.58,3.43,-16.54,-25.21,False
EWP,Spain,6,momentum_composite,Composite Momentum,18,7,38.89,20.3,8.83,3.09,4.48,-7.34,-20.67,-28.11,False
EWP,Spain,7,momentum_composite,Composite Momentum,18,7,38.89,20.3,8.83,3.49,7.68,-5.12,-20.73,-28.11,False
EWP,Spain,8,momentum_composite,Composite Momentum,17,6,35.29,17.31,7.17,5.78,8.72,-4.07,-29.21,-36.81,False
EWP,Spain,9,momentum_composite,Composite Momentum,16,10,62.5,38.64,18.69,12.04,12.14,-6.21,-25.32,-36.81,False
EWP,Spain,10,momentum_composite,Composite Momentum,14,8,57.14,32.59,14.65,14.23,12.8,-3.58,-31.87,-40.34,False
EWP,Spain,11,momentum_composite,Composite Momentum,13,7,53.85,29.14,12.55,10.77,10.5,-5.31,-46.05,-55.5,False
EWP,Spain,12,momentum_composite,Composite Momentum,13,6,46.15,23.21,9.54,9.48,9.42,-4.58,-47.83,-56.5,False
EWP,Spain,1,drawdown_recovery_20,20% Drawdown Recovery,40,3,7.5,2.58,0.88,0.56,0.24,-3.82,-19.68,-21.09,False
EWP,Spain,2,drawdown_recovery_20,20% Drawdown Recovery,32,5,15.62,6.86,2.71,1.14,0.99,-3.72,-30.41,-31.74,False
EWP,Spain,3,drawdown_recovery_20,20% Drawdown Recovery,26,6,23.08,11.03,4.6,4.05,2.26,-4.55,-20.42,-35.79,False
EWP,Spain,4,drawdown_recovery_20,20% Drawdown Recovery,22,4,18.18,7.31,2.69,0.13,1.56,-5.3,-17.34,-35.79,False
EWP,Spain,5,drawdown_recovery_20,20% Drawdown Recovery,21,4,19.05,7.67,2.82,-0.47,1.54,-4.95,-19.23,-35.79,False
EWP,Spain,6,drawdown_recovery_20,20% Drawdown Recovery,21,7,33.33,17.19,7.5,0.14,1.43,-9.96,-26.45,-35.79,False
EWP,Spain,7,drawdown_recovery_20,20% Drawdown Recovery,18,6,33.33,16.28,6.75,1.48,2.26,-11.69,-42.74,-54.04,False
EWP,Spain,8,drawdown_recovery_20,20% Drawdown Recovery,17,5,29.41,13.28,5.2,-4.72,-3.2,-18.88,-48.57,-55.07,False
EWP,Spain,9,drawdown_recovery_20,20% Drawdown Recovery,15,7,46.67,24.81,10.74,3.94,2.32,-13.07,-36.31,-55.07,False
EWP,Spain,10,drawdown_recovery_20,20% Drawdown Recovery,15,6,40.0,19.82,8.18,6.39,2.06,-15.21,-48.15,-55.07,False
EWP,Spain,11,drawdown_recovery_20,20% Drawdown Recovery,15,6,40.0,19.82,8.18,6.43,2.32,-9.47,-56.0,-57.4,False
EWP,Spain,12,drawdown_recovery_20,20% Drawdown Recovery,15,6,40.0,19.82,8.18,-5.86,4.09,-13.67,-48.25,-59.92,False
EWP,Spain,1,drawdown_recovery,25% Drawdown Recovery,19,2,10.53,2.94,0.88,0.34,-0.72,-5.02,-19.68,-21.09,False
EWP,Spain,2,drawdown_recovery,25% Drawdown Recovery,17,4,23.53,9.55,3.5,1.95,1.36,-3.05,-30.41,-31.74,False
EWP,Spain,3,drawdown_recovery,25% Drawdown Recovery,13,3,23.08,8.18,2.74,1.67,2.88,-3.26,-14.04,-35.79,False
EWP,Spain,4,drawdown_recovery,25% Drawdown Recovery,13,3,23.08,8.18,2.74,-0.3,1.48,-6.08,-13.68,-35.79,False
EWP,Spain,5,drawdown_recovery,25% Drawdown Recovery,12,5,41.67,19.33,7.5,5.66,5.68,-1.2,-16.54,-35.79,False
EWP,Spain,6,drawdown_recovery,25% Drawdown Recovery,11,4,36.36,15.17,5.49,5.38,4.56,-4.0,-18.61,-35.79,False
EWP,Spain,7,drawdown_recovery,25% Drawdown Recovery,10,5,50.0,23.66,9.1,10.62,5.58,-5.29,-27.07,-35.79,False
EWP,Spain,8,drawdown_recovery,25% Drawdown Recovery,10,5,50.0,23.66,9.1,12.14,3.02,-19.53,-29.21,-38.58,False
EWP,Spain,9,drawdown_recovery,25% Drawdown Recovery,8,6,75.0,40.93,16.3,16.86,11.25,8.1,-25.32,-36.81,False
EWP,Spain,10,drawdown_recovery,25% Drawdown Recovery,8,5,62.5,30.57,11.6,16.0,13.17,4.47,-21.31,-36.81,False
EWP,Spain,11,drawdown_recovery,25% Drawdown Recovery,8,5,62.5,30.57,11.6,18.45,15.24,3.35,-18.84,-36.81,False
EWP,Spain,12,drawdown_recovery,25% Drawdown Recovery,8,5,62.5,30.57,11.6,22.46,13.55,-6.48,-23.85,-36.81,False
EWP,Spain,1,drawdown_recovery_30,30% Drawdown Recovery,25,3,12.0,4.17,1.41,0.66,0.6,-2.62,-19.68,-21.09,False
EWP,Spain,2,drawdown_recovery_30,30% Drawdown Recovery,18,3,16.67,5.84,1.96,2.29,1.9,-2.2,-30.41,-31.74,False
EWP,Spain,3,drawdown_recovery_30,30% Drawdown Recovery,16,4,25.0,10.18,3.72,4.05,2.84,-1.92,-20.42,-35.79,False
EWP,Spain,4,drawdown_recovery_30,30% Drawdown Recovery,13,3,23.08,8.18,2.74,0.05,2.82,-2.53,-8.47,-35.79,False
EWP,Spain,5,drawdown_recovery_30,30% Drawdown Recovery,12,3,25.0,8.89,2.97,1.34,4.5,-0.96,-8.97,-35.79,False
EWP,Spain,6,drawdown_recovery_30,30% Drawdown Recovery,12,4,33.33,13.81,5.01,3.07,4.98,-1.85,-19.17,-35.79,False
EWP,Spain,7,drawdown_recovery_30,30% Drawdown Recovery,11,5,45.45,21.27,8.22,4.13,7.66,-2.86,-31.87,-35.79,False
EWP,Spain,8,drawdown_recovery_30,30% Drawdown Recovery,10,5,50.0,23.66,9.1,12.14,5.03,-14.69,-28.89,-38.58,False
EWP,Spain,9,drawdown_recovery_30,30% Drawdown Recovery,9,6,66.67,35.42,14.26,16.79,11.14,3.94,-24.46,-37.54,False
EWP,Spain,10,drawdown_recovery_30,30% Drawdown Recovery,9,5,55.56,26.66,10.2,11.43,9.77,6.39,-25.04,-37.54,False
EWP,Spain,11,drawdown_recovery_30,30% Drawdown Recovery,9,5,55.56,26.66,10.2,11.84,13.23,6.43,-12.08,-37.54,False
EWP,Spain,12,drawdown_recovery_30,30% Drawdown Recovery,8,5,62.5,30.57,11.6,21.94,15.67,-6.81,-8.85,-37.54,False
EWP,Spain,1,drawdown_recovery_40,40% Drawdown Recovery,10,3,30.0,10.78,3.58,2.47,1.67,-5.71,-19.68,-21.09,False
EWP,Spain,2,drawdown_recovery_40,40% Drawdown Recovery,7,2,28.57,8.22,2.43,6.5,4.86,1.46,-30.41,-31.74,False
EWP,Spain,3,drawdown_recovery_40,40% Drawdown Recovery,6,3,50.0,18.76,6.09,8.7,8.03,2.12,-14.04,-35.79,False
EWP,Spain,4,drawdown_recovery_40,40% Drawdown Recovery,4,2,50.0,15.0,4.32,4.64,5.89,-6.68,-8.47,-35.79,False
EWP,Spain,5,drawdown_recovery_40,40% Drawdown Recovery,4,2,50.0,15.0,4.32,9.32,8.87,-0.08,-8.97,-35.79,False
EWP,Spain,6,drawdown_recovery_40,40% Drawdown Recovery,4,1,25.0,4.56,1.14,6.1,9.38,3.93,-0.42,-35.79,False
EWP,Spain,7,drawdown_recovery_40,40% Drawdown Recovery,4,2,50.0,15.0,4.32,13.42,12.47,1.49,-6.43,-35.79,False
EWP,Spain,8,drawdown_recovery_40,40% Drawdown Recovery,3,2,66.67,20.77,5.83,22.85,18.27,15.07,7.29,-35.79,False
EWP,Spain,9,drawdown_recovery_40,40% Drawdown Recovery,3,3,100.0,43.85,12.93,16.94,20.63,14.99,13.05,-35.79,False
EWP,Spain,10,drawdown_recovery_40,40% Drawdown Recovery,3,2,66.67,20.77,5.83,28.88,22.02,18.01,7.14,-35.79,False
EWP,Spain,11,drawdown_recovery_40,40% Drawdown Recovery,3,2,66.67,20.77,5.83,26.51,23.55,16.47,6.43,-35.79,False
EWP,Spain,12,drawdown_recovery_40,40% Drawdown Recovery,3,2,66.67,20.77,5.83,17.54,14.85,4.61,-8.32,-35.79,False
EWP,Spain,1,rsi14_recovery,RSI 14 Recovery,56,5,8.93,3.87,1.54,0.77,0.67,-4.41,-12.42,-20.26,False
EWP,Spain,2,rsi14_recovery,RSI 14 Recovery,48,7,14.58,7.25,3.19,-0.04,0.49,-5.63,-25.07,-30.23,False
EWP,Spain,3,rsi14_recovery,RSI 14 Recovery,40,9,22.5,12.32,5.84,0.99,0.96,-6.97,-32.83,-38.52,False
EWP,Spain,4,rsi14_recovery,RSI 14 Recovery,34,8,23.53,12.44,5.68,-0.08,2.53,-4.85,-31.16,-38.52,False
EWP,Spain,5,rsi14_recovery,RSI 14 Recovery,30,11,36.67,21.87,10.99,4.77,5.0,-8.32,-22.59,-38.52,False
EWP,Spain,6,rsi14_recovery,RSI 14 Recovery,30,11,36.67,21.87,10.99,5.0,6.9,-4.73,-20.88,-38.52,False
EWP,Spain,7,rsi14_recovery,RSI 14 Recovery,27,9,33.33,18.64,8.81,4.3,6.13,-9.24,-31.87,-38.52,False
EWP,Spain,8,rsi14_recovery,RSI 14 Recovery,27,8,29.63,15.85,7.23,3.42,5.7,-10.34,-26.55,-38.52,False
EWP,Spain,9,rsi14_recovery,RSI 14 Recovery,24,8,33.33,17.97,8.18,0.51,6.33,-8.45,-24.26,-38.52,False
EWP,Spain,10,rsi14_recovery,RSI 14 Recovery,23,7,30.43,15.6,6.81,2.4,4.73,-8.58,-26.16,-38.52,False
EWP,Spain,11,rsi14_recovery,RSI 14 Recovery,22,8,36.36,19.73,8.97,2.65,6.09,-14.67,-31.81,-38.52,False
EWP,Spain,12,rsi14_recovery,RSI 14 Recovery,22,10,45.45,26.92,13.11,2.67,6.58,-10.46,-44.34,-46.77,False
EWP,Spain,1,rsi28_recovery,RSI 28 Recovery,28,1,3.57,0.63,0.16,-3.13,-2.17,-7.12,-10.03,-20.39,False
EWP,Spain,2,rsi28_recovery,RSI 28 Recovery,27,3,11.11,3.85,1.3,-1.72,-0.75,-4.86,-25.07,-30.23,False
EWP,Spain,3,rsi28_recovery,RSI 28 Recovery,26,6,23.08,11.03,4.6,-1.65,-0.34,-8.93,-20.76,-33.3,False
EWP,Spain,4,rsi28_recovery,RSI 28 Recovery,24,7,29.17,14.91,6.52,2.96,4.91,-4.77,-15.17,-33.3,False
EWP,Spain,5,rsi28_recovery,RSI 28 Recovery,21,7,33.33,17.19,7.5,5.46,5.87,-10.95,-24.67,-33.3,False
EWP,Spain,6,rsi28_recovery,RSI 28 Recovery,21,8,38.1,20.75,9.43,6.82,8.3,-6.74,-27.99,-38.52,False
EWP,Spain,7,rsi28_recovery,RSI 28 Recovery,20,9,45.0,25.82,12.15,5.95,11.35,-8.58,-24.65,-38.52,False
EWP,Spain,8,rsi28_recovery,RSI 28 Recovery,19,8,42.11,23.14,10.5,3.95,9.52,-12.2,-21.05,-38.52,False
EWP,Spain,9,rsi28_recovery,RSI 28 Recovery,17,9,52.94,30.96,14.52,11.66,9.84,-15.2,-23.29,-38.52,False
EWP,Spain,10,rsi28_recovery,RSI 28 Recovery,17,9,52.94,30.96,14.52,11.28,11.34,-11.52,-17.79,-38.52,False
EWP,Spain,11,rsi28_recovery,RSI 28 Recovery,17,9,52.94,30.96,14.52,17.6,10.55,-12.95,-18.98,-38.52,False
EWP,Spain,12,rsi28_recovery,RSI 28 Recovery,16,8,50.0,28.0,12.65,10.45,10.11,-10.53,-21.87,-38.52,False
EWP,Spain,1,bollinger_recovery,Bollinger Recovery,34,4,11.76,4.67,1.73,1.95,1.64,-2.37,-12.42,-20.26,False
EWP,Spain,2,bollinger_recovery,Bollinger Recovery,30,4,13.33,5.31,1.96,2.95,1.15,-5.42,-21.15,-26.71,False
EWP,Spain,3,bollinger_recovery,Bollinger Recovery,29,8,27.59,14.7,6.71,1.64,1.88,-5.92,-24.69,-29.81,False
EWP,Spain,4,bollinger_recovery,Bollinger Recovery,25,8,32.0,17.2,7.84,4.31,5.67,-3.75,-18.95,-29.81,False
EWP,Spain,5,bollinger_recovery,Bollinger Recovery,24,7,29.17,14.91,6.52,4.35,5.39,-3.49,-28.45,-35.41,False
EWP,Spain,6,bollinger_recovery,Bollinger Recovery,22,7,31.82,16.36,7.14,5.05,5.65,-9.01,-27.99,-38.52,False
EWP,Spain,7,bollinger_recovery,Bollinger Recovery,20,7,35.0,18.12,7.89,5.84,8.1,-7.79,-24.65,-38.52,False
EWP,Spain,8,bollinger_recovery,Bollinger Recovery,19,7,36.84,19.15,8.34,2.6,6.47,-10.48,-21.22,-38.52,False
EWP,Spain,9,bollinger_recovery,Bollinger Recovery,19,7,36.84,19.15,8.34,-4.72,4.88,-15.64,-26.31,-38.52,False
EWP,Spain,10,bollinger_recovery,Bollinger Recovery,17,8,47.06,26.16,11.84,2.46,10.03,-11.52,-34.57,-36.85,False
EWP,Spain,11,bollinger_recovery,Bollinger Recovery,16,8,50.0,28.0,12.65,14.41,10.63,-12.73,-46.6,-46.77,False
EWP,Spain,12,bollinger_recovery,Bollinger Recovery,16,8,50.0,28.0,12.65,8.86,12.81,-8.97,-36.13,-46.82,False
EWP,Spain,1,low_vol_trend,Low-Volatility Trend,88,3,3.41,1.17,0.4,0.44,0.11,-3.01,-16.46,-23.76,False
EWP,Spain,2,low_vol_trend,Low-Volatility Trend,53,10,18.87,10.59,5.18,1.14,1.25,-5.04,-21.82,-26.71,False
EWP,Spain,3,low_vol_trend,Low-Volatility Trend,44,13,29.55,18.16,9.59,1.6,2.14,-4.25,-27.96,-38.52,False
EWP,Spain,4,low_vol_trend,Low-Volatility Trend,34,10,29.41,16.83,8.23,4.02,3.45,-4.35,-26.35,-29.74,False
EWP,Spain,5,low_vol_trend,Low-Volatility Trend,30,11,36.67,21.87,10.99,2.8,3.95,-4.5,-30.89,-38.52,False
EWP,Spain,6,low_vol_trend,Low-Volatility Trend,26,9,34.62,19.41,9.17,4.56,3.42,-10.93,-33.94,-38.52,False
EWP,Spain,7,low_vol_trend,Low-Volatility Trend,25,12,48.0,30.03,15.48,6.5,5.36,-11.13,-48.97,-55.07,False
EWP,Spain,8,low_vol_trend,Low-Volatility Trend,23,12,52.17,32.96,16.98,12.34,6.64,-10.26,-48.57,-55.07,False
EWP,Spain,9,low_vol_trend,Low-Volatility Trend,21,8,38.1,20.75,9.43,4.02,6.5,-9.88,-36.31,-55.07,False
EWP,Spain,10,low_vol_trend,Low-Volatility Trend,18,9,50.0,29.03,13.64,6.79,11.76,-5.25,-14.7,-32.14,False
EWP,Spain,11,low_vol_trend,Low-Volatility Trend,17,7,41.18,21.61,9.38,1.86,2.59,-9.44,-56.0,-57.4,False
EWP,Spain,12,low_vol_trend,Low-Volatility Trend,16,6,37.5,18.48,7.64,0.26,6.81,-10.02,-27.58,-38.58,False
EWP,Spain,1,vol_contraction_trend,Volatility Contraction Trend,47,3,6.38,2.19,0.74,1.84,0.89,-1.98,-13.15,-19.75,False
EWP,Spain,2,vol_contraction_trend,Volatility Contraction Trend,34,6,17.65,8.35,3.49,3.63,2.86,-2.51,-21.82,-21.72,False
EWP,Spain,3,vol_contraction_trend,Volatility Contraction Trend,31,9,29.03,16.1,7.62,1.0,2.67,-3.08,-18.48,-21.72,False
EWP,Spain,4,vol_contraction_trend,Volatility Contraction Trend,28,9,32.14,17.93,8.48,4.7,3.26,-3.29,-27.98,-38.52,False
EWP,Spain,5,vol_contraction_trend,Volatility Contraction Trend,27,12,44.44,27.59,14.22,8.01,4.37,-3.97,-30.81,-38.52,False
EWP,Spain,6,vol_contraction_trend,Volatility Contraction Trend,26,10,38.46,22.43,10.94,5.6,4.98,-6.71,-43.03,-52.09,False
EWP,Spain,7,vol_contraction_trend,Volatility Contraction Trend,23,12,52.17,32.96,16.98,14.68,8.46,-5.14,-33.2,-52.09,False
EWP,Spain,8,vol_contraction_trend,Volatility Contraction Trend,21,12,57.14,36.55,18.81,13.19,10.82,-4.86,-15.76,-38.52,False
EWP,Spain,9,vol_contraction_trend,Volatility Contraction Trend,20,9,45.0,25.82,12.15,6.96,8.09,-3.24,-19.1,-38.52,False
EWP,Spain,10,vol_contraction_trend,Volatility Contraction Trend,18,10,55.56,33.72,16.36,13.18,10.68,-7.24,-21.91,-29.74,False
EWP,Spain,11,vol_contraction_trend,Volatility Contraction Trend,18,8,44.44,24.56,11.13,6.09,8.36,-6.09,-26.6,-33.4,False
EWP,Spain,12,vol_contraction_trend,Volatility Contraction Trend,17,7,41.18,21.61,9.38,4.23,7.63,-10.06,-44.64,-55.5,False
EWP,Spain,1,breadth_trend,Broad-Market Trend,146,4,2.74,1.07,0.4,0.66,0.43,-2.54,-13.15,-19.75,False
EWP,Spain,2,breadth_trend,Broad-Market Trend,82,11,13.41,7.66,3.86,1.88,1.38,-3.49,-21.82,-21.72,False
EWP,Spain,3,breadth_trend,Broad-Market Trend,64,17,26.56,17.3,9.83,2.02,2.34,-3.3,-27.96,-38.52,False
EWP,Spain,4,breadth_trend,Broad-Market Trend,51,14,27.45,17.11,9.23,4.31,3.87,-3.01,-25.11,-29.81,False
EWP,Spain,5,breadth_trend,Broad-Market Trend,43,13,30.23,18.6,9.83,6.06,2.84,-3.4,-41.08,-50.99,False
EWP,Spain,6,breadth_trend,Broad-Market Trend,36,15,41.67,27.14,14.95,6.63,5.66,-3.2,-33.94,-38.52,False
EWP,Spain,7,breadth_trend,Broad-Market Trend,34,16,47.06,31.45,17.66,8.76,7.46,-4.34,-33.2,-52.09,False
EWP,Spain,8,breadth_trend,Broad-Market Trend,30,13,43.33,27.38,14.46,7.82,7.19,-5.28,-46.3,-52.09,False
EWP,Spain,9,breadth_trend,Broad-Market Trend,26,11,42.31,25.54,12.83,7.65,9.04,-4.13,-54.35,-54.56,False
EWP,Spain,10,breadth_trend,Broad-Market Trend,24,14,58.33,38.83,20.97,13.24,10.53,-6.89,-30.87,-33.4,False
EWP,Spain,11,breadth_trend,Broad-Market Trend,23,11,47.83,29.24,14.67,8.36,5.33,-9.46,-37.2,-57.26,False
EWP,Spain,12,breadth_trend,Broad-Market Trend,21,10,47.62,28.34,13.79,9.13,8.22,-13.46,-28.57,-57.26,False
EWQ,France,1,buy_hold,Buy & Hold Benchmark,265,14,5.28,3.17,1.71,1.21,0.87,-2.83,-19.23,-25.79,False
EWQ,France,2,buy_hold,Buy & Hold Benchmark,139,16,11.51,7.21,4.02,1.83,1.04,-3.5,-32.45,-42.65,False
EWQ,France,3,buy_hold,Buy & Hold Benchmark,106,17,16.04,10.26,5.82,2.45,1.55,-2.48,-37.8,-45.35,False
EWQ,France,4,buy_hold,Buy & Hold Benchmark,77,15,19.48,12.18,6.69,3.45,2.84,-2.9,-29.02,-34.7,False
EWQ,France,5,buy_hold,Buy & Hold Benchmark,63,22,34.92,24.33,14.81,5.2,3.33,-5.26,-41.67,-45.35,False
EWQ,France,6,buy_hold,Buy & Hold Benchmark,53,23,43.4,30.95,19.12,6.43,4.9,-6.37,-43.11,-48.25,False
EWQ,France,7,buy_hold,Buy & Hold Benchmark,46,20,43.48,30.21,18.01,4.71,4.94,-3.95,-49.92,-54.46,False
EWQ,France,8,buy_hold,Buy & Hold Benchmark,40,13,32.5,20.08,10.61,5.4,5.04,-3.91,-50.12,-53.56,False
EWQ,France,9,buy_hold,Buy & Hold Benchmark,36,14,38.89,24.78,13.38,6.03,7.03,-6.87,-38.57,-52.21,False
EWQ,France,10,buy_hold,Buy & Hold Benchmark,33,15,45.45,29.84,16.45,6.59,7.95,-8.21,-49.09,-54.46,False
EWQ,France,11,buy_hold,Buy & Hold Benchmark,30,12,40.0,24.59,12.69,4.31,7.3,-6.37,-46.03,-54.46,False
EWQ,France,12,buy_hold,Buy & Hold Benchmark,28,15,53.57,35.81,19.75,10.36,7.95,-0.07,-49.1,-56.4,False
EWQ,France,1,trend_price_sma100,Price above SMA 100,180,4,2.22,0.87,0.32,0.6,0.4,-2.63,-11.76,-15.13,False
EWQ,France,2,trend_price_sma100,Price above SMA 100,108,7,6.48,3.17,1.4,1.51,0.36,-3.23,-26.4,-38.5,False
EWQ,France,3,trend_price_sma100,Price above SMA 100,82,10,12.2,6.76,3.31,1.51,1.52,-2.45,-31.64,-39.23,False
EWQ,France,4,trend_price_sma100,Price above SMA 100,64,16,25.0,16.01,8.96,2.37,2.22,-4.43,-31.97,-34.7,False
EWQ,France,5,trend_price_sma100,Price above SMA 100,56,20,35.71,24.46,14.54,6.87,3.11,-3.67,-42.25,-51.27,False
EWQ,France,6,trend_price_sma100,Price above SMA 100,45,18,40.0,27.02,15.65,5.14,5.51,-4.65,-24.31,-39.23,False
EWQ,France,7,trend_price_sma100,Price above SMA 100,41,14,34.15,21.56,11.64,6.31,3.22,-5.51,-49.92,-54.46,False
EWQ,France,8,trend_price_sma100,Price above SMA 100,36,14,38.89,24.78,13.38,7.95,4.56,-4.46,-23.93,-35.13,False
EWQ,France,9,trend_price_sma100,Price above SMA 100,33,17,51.52,35.22,20.13,10.17,6.63,-4.96,-31.83,-39.23,False
EWQ,France,10,trend_price_sma100,Price above SMA 100,30,15,50.0,33.15,18.28,10.22,4.52,-8.1,-57.14,-58.16,False
EWQ,France,11,trend_price_sma100,Price above SMA 100,27,13,48.15,30.74,16.24,9.24,7.95,-1.04,-48.4,-54.65,False
EWQ,France,12,trend_price_sma100,Price above SMA 100,26,13,50.0,32.06,16.93,10.22,6.79,-4.35,-43.58,-59.43,False
EWQ,France,1,trend_price_sma200,Price above SMA 200,184,3,1.63,0.56,0.19,0.64,0.53,-2.51,-11.76,-15.13,False
EWQ,France,2,trend_price_sma200,Price above SMA 200,101,8,7.92,4.07,1.87,1.53,0.79,-3.57,-26.4,-38.5,False
EWQ,France,3,trend_price_sma200,Price above SMA 200,81,14,17.28,10.58,5.7,2.51,1.39,-2.64,-31.64,-39.23,False
EWQ,France,4,trend_price_sma200,Price above SMA 200,60,14,23.33,14.44,7.78,2.97,2.3,-3.43,-27.99,-39.23,False
EWQ,France,5,trend_price_sma200,Price above SMA 200,52,19,36.54,24.8,14.55,5.94,3.85,-4.7,-24.61,-38.5,False
EWQ,France,6,trend_price_sma200,Price above SMA 200,43,16,37.21,24.38,13.66,6.86,3.17,-3.01,-42.24,-52.21,False
EWQ,France,7,trend_price_sma200,Price above SMA 200,39,16,41.03,27.08,15.19,6.26,3.79,-4.92,-49.92,-54.46,False
EWQ,France,8,trend_price_sma200,Price above SMA 200,35,14,40.0,25.55,13.8,7.48,5.1,-4.39,-50.12,-53.56,False
EWQ,France,9,trend_price_sma200,Price above SMA 200,31,14,45.16,29.16,15.75,5.31,5.27,-6.81,-49.78,-54.46,False
EWQ,France,10,trend_price_sma200,Price above SMA 200,28,11,39.29,23.57,11.84,8.18,7.39,-0.7,-23.97,-38.5,False
EWQ,France,11,trend_price_sma200,Price above SMA 200,25,11,44.0,26.67,13.39,8.81,5.83,-3.26,-49.64,-59.43,False
EWQ,France,12,trend_price_sma200,Price above SMA 200,25,11,44.0,26.67,13.39,7.65,5.06,-6.73,-34.55,-58.63,False
EWQ,France,1,trend,SMA 50/200 + Momentum,90,1,1.11,0.2,0.05,0.75,0.62,-1.7,-11.71,-15.13,False
EWQ,France,2,trend,SMA 50/200 + Momentum,54,5,9.26,4.02,1.6,1.79,1.66,-2.18,-19.65,-19.55,False
EWQ,France,3,trend,SMA 50/200 + Momentum,45,5,11.11,4.84,1.92,4.37,2.93,-1.71,-15.9,-26.77,False
EWQ,France,4,trend,SMA 50/200 + Momentum,35,6,17.14,8.1,3.39,4.58,2.92,-4.23,-23.26,-24.71,False
EWQ,France,5,trend,SMA 50/200 + Momentum,30,9,30.0,16.66,7.88,6.16,4.3,0.7,-35.7,-35.77,False
EWQ,France,6,trend,SMA 50/200 + Momentum,26,8,30.77,16.5,7.52,4.77,6.3,1.05,-24.18,-35.13,False
EWQ,France,7,trend,SMA 50/200 + Momentum,25,10,40.0,23.4,11.41,6.26,5.7,-4.51,-25.41,-35.13,False
EWQ,France,8,trend,SMA 50/200 + Momentum,22,10,45.45,26.92,13.11,9.46,8.72,-2.87,-13.62,-24.99,False
EWQ,France,9,trend,SMA 50/200 + Momentum,21,9,42.86,24.47,11.53,7.3,7.7,-2.38,-19.42,-23.06,False
EWQ,France,10,trend,SMA 50/200 + Momentum,17,9,52.94,30.96,14.52,11.01,8.96,-5.06,-18.35,-28.26,False
EWQ,France,11,trend,SMA 50/200 + Momentum,16,8,50.0,28.0,12.65,9.65,8.05,1.41,-25.57,-35.82,False
EWQ,France,12,trend,SMA 50/200 + Momentum,16,6,37.5,18.48,7.64,7.9,9.14,2.24,-17.37,-35.82,False
EWQ,France,1,trend_sma100_200,SMA 100/200,157,1,0.64,0.11,0.03,0.83,0.66,-1.81,-13.96,-21.26,False
EWQ,France,2,trend_sma100_200,SMA 100/200,86,8,9.3,4.79,2.2,1.94,1.48,-1.84,-26.4,-38.5,False
EWQ,France,3,trend_sma100_200,SMA 100/200,69,9,13.04,7.02,3.33,3.0,1.83,-2.28,-31.64,-39.23,False
EWQ,France,4,trend_sma100_200,SMA 100/200,50,9,18.0,9.77,4.63,3.42,2.24,-4.04,-31.97,-34.7,False
EWQ,France,5,trend_sma100_200,SMA 100/200,44,11,25.0,14.57,7.33,5.15,3.07,-1.9,-27.56,-39.23,False
EWQ,France,6,trend_sma100_200,SMA 100/200,38,13,34.21,21.21,11.21,6.18,5.74,1.7,-23.64,-39.23,False
EWQ,France,7,trend_sma100_200,SMA 100/200,34,10,29.41,16.83,8.23,5.92,5.53,-0.36,-21.02,-38.5,False
EWQ,France,8,trend_sma100_200,SMA 100/200,29,12,41.38,25.51,13.16,6.66,4.68,-3.78,-24.36,-30.98,False
EWQ,France,9,trend_sma100_200,SMA 100/200,26,11,42.31,25.54,12.83,6.49,5.03,-9.64,-26.33,-39.23,False
EWQ,France,10,trend_sma100_200,SMA 100/200,25,13,52.0,33.5,17.69,13.35,4.53,-14.29,-32.5,-39.23,False
EWQ,France,11,trend_sma100_200,SMA 100/200,23,10,43.48,25.63,12.49,8.81,6.57,-4.66,-27.27,-39.23,False
EWQ,France,12,trend_sma100_200,SMA 100/200,23,9,39.13,22.16,10.45,7.19,7.82,-4.72,-16.25,-39.23,False
EWQ,France,1,trend_ema50_200,EMA 50/200,168,2,1.19,0.33,0.1,0.82,0.67,-2.02,-11.76,-15.13,False
EWQ,France,2,trend_ema50_200,EMA 50/200,94,9,9.57,5.12,2.43,1.71,1.0,-2.96,-26.4,-38.5,False
EWQ,France,3,trend_ema50_200,EMA 50/200,76,12,15.79,9.27,4.78,2.23,1.59,-2.52,-24.69,-38.5,False
EWQ,France,4,trend_ema50_200,EMA 50/200,56,12,21.43,12.71,6.56,3.47,2.49,-3.98,-29.02,-38.5,False
EWQ,France,5,trend_ema50_200,EMA 50/200,46,15,32.61,20.87,11.48,6.23,3.68,-1.86,-42.25,-51.27,False
EWQ,France,6,trend_ema50_200,EMA 50/200,39,14,35.9,22.74,12.28,6.29,4.56,-1.5,-28.61,-39.23,False
EWQ,France,7,trend_ema50_200,EMA 50/200,36,16,44.44,29.54,16.58,5.72,6.28,-0.84,-38.3,-53.56,False
EWQ,France,8,trend_ema50_200,EMA 50/200,33,14,42.42,27.24,14.71,8.02,5.41,1.14,-50.12,-53.56,False
EWQ,France,9,trend_ema50_200,EMA 50/200,28,11,39.29,23.57,11.84,7.45,6.65,-6.07,-57.31,-57.48,False
EWQ,France,10,trend_ema50_200,EMA 50/200,26,13,50.0,32.06,16.93,10.22,8.38,-3.71,-32.5,-34.11,False
EWQ,France,11,trend_ema50_200,EMA 50/200,25,11,44.0,26.67,13.39,8.78,7.36,-4.73,-41.56,-58.63,False
EWQ,France,12,trend_ema50_200,EMA 50/200,24,11,45.83,27.89,14.0,6.76,7.54,-5.14,-34.55,-58.63,False
EWQ,France,1,trend_ema100_200,EMA 100/200,161,1,0.62,0.11,0.03,0.83,0.65,-1.93,-11.76,-15.13,False
EWQ,France,2,trend_ema100_200,EMA 100/200,90,8,8.89,4.57,2.1,1.94,1.24,-1.84,-26.4,-38.5,False
EWQ,France,3,trend_ema100_200,EMA 100/200,72,8,11.11,5.74,2.63,3.64,2.02,-2.31,-24.69,-38.5,False
EWQ,France,4,trend_ema100_200,EMA 100/200,53,9,16.98,9.2,4.36,3.4,2.56,-2.24,-29.02,-38.5,False
EWQ,France,5,trend_ema100_200,EMA 100/200,44,12,27.27,16.35,8.44,5.7,2.99,-1.35,-42.25,-51.27,False
EWQ,France,6,trend_ema100_200,EMA 100/200,38,14,36.84,23.38,12.62,5.45,4.16,-1.52,-24.31,-39.23,False
EWQ,France,7,trend_ema100_200,EMA 100/200,34,12,35.29,21.49,11.09,5.72,5.63,-0.57,-38.3,-53.56,False
EWQ,France,8,trend_ema100_200,EMA 100/200,31,11,35.48,21.12,10.61,7.53,5.23,-2.52,-50.12,-53.56,False
EWQ,France,9,trend_ema100_200,EMA 100/200,28,12,42.86,26.51,13.67,6.86,5.24,-6.07,-57.31,-57.48,False
EWQ,France,10,trend_ema100_200,EMA 100/200,24,12,50.0,31.43,16.19,8.98,6.73,-7.56,-32.5,-39.23,False
EWQ,France,11,trend_ema100_200,EMA 100/200,24,11,45.83,27.89,14.0,7.88,5.32,-4.8,-41.56,-58.63,False
EWQ,France,12,trend_ema100_200,EMA 100/200,21,10,47.62,28.34,13.79,7.19,9.35,-4.44,-18.17,-39.23,False
EWQ,France,1,trend_triple_ma,Triple Moving Average,92,1,1.09,0.19,0.05,0.32,0.44,-2.33,-7.81,-15.13,False
EWQ,France,2,trend_triple_ma,Triple Moving Average,59,4,6.78,2.67,0.99,1.53,1.39,-1.31,-11.39,-15.13,False
EWQ,France,3,trend_triple_ma,Triple Moving Average,52,5,9.62,4.18,1.66,3.0,2.41,-2.0,-31.64,-39.23,False
EWQ,France,4,trend_triple_ma,Triple Moving Average,39,10,25.64,14.57,7.12,5.22,4.52,-2.42,-21.67,-27.98,False
EWQ,France,5,trend_triple_ma,Triple Moving Average,34,13,38.24,23.9,12.63,5.99,4.54,0.16,-35.7,-35.77,False
EWQ,France,6,trend_triple_ma,Triple Moving Average,31,9,29.03,16.1,7.62,4.59,4.75,-0.07,-24.31,-39.23,False
EWQ,France,7,trend_triple_ma,Triple Moving Average,28,11,39.29,23.57,11.84,6.93,7.63,1.91,-16.35,-39.23,False
EWQ,France,8,trend_triple_ma,Triple Moving Average,26,10,38.46,22.43,10.94,8.48,6.72,-4.73,-16.61,-39.23,False
EWQ,France,9,trend_triple_ma,Triple Moving Average,22,11,50.0,30.72,15.4,8.8,8.34,-2.78,-23.51,-39.23,False
EWQ,France,10,trend_triple_ma,Triple Moving Average,21,8,38.1,20.75,9.43,5.13,6.62,-7.09,-21.65,-39.23,False
EWQ,France,11,trend_triple_ma,Triple Moving Average,20,9,45.0,25.82,12.15,5.81,5.34,-10.54,-25.57,-39.23,False
EWQ,France,12,trend_triple_ma,Triple Moving Average,20,8,40.0,21.88,9.93,7.58,6.47,-6.51,-28.38,-39.23,False
EWQ,France,1,trend_breakout_100,100-Day Range Breakout,33,0,0.0,0.0,0.0,-0.35,-0.02,-2.97,-7.02,-14.39,False
EWQ,France,2,trend_breakout_100,100-Day Range Breakout,28,3,10.71,3.71,1.26,2.79,2.76,-1.04,-11.39,-14.39,False
EWQ,France,3,trend_breakout_100,100-Day Range Breakout,22,3,13.64,4.75,1.6,2.48,2.26,-0.57,-31.64,-39.23,False
EWQ,France,4,trend_breakout_100,100-Day Range Breakout,22,6,27.27,13.15,5.47,6.56,5.35,0.83,-27.94,-39.23,False
EWQ,France,5,trend_breakout_100,100-Day Range Breakout,20,7,35.0,18.12,7.89,7.78,7.19,2.32,-18.04,-39.23,False
EWQ,France,6,trend_breakout_100,100-Day Range Breakout,18,7,38.89,20.3,8.83,6.47,7.22,1.64,-13.41,-39.23,False
EWQ,France,7,trend_breakout_100,100-Day Range Breakout,18,9,50.0,29.03,13.64,10.6,9.1,3.28,-26.67,-39.23,False
EWQ,France,8,trend_breakout_100,100-Day Range Breakout,17,8,47.06,26.16,11.84,9.37,10.02,4.56,-17.23,-39.23,False
EWQ,France,9,trend_breakout_100,100-Day Range Breakout,16,10,62.5,38.64,18.69,12.32,10.62,2.6,-20.93,-36.24,False
EWQ,France,10,trend_breakout_100,100-Day Range Breakout,15,9,60.0,35.75,16.7,17.86,11.48,1.36,-21.64,-36.24,False
EWQ,France,11,trend_breakout_100,100-Day Range Breakout,15,7,46.67,24.81,10.74,9.65,7.84,0.32,-21.65,-39.23,False
EWQ,France,12,trend_breakout_100,100-Day Range Breakout,15,6,40.0,19.82,8.18,7.82,6.24,-8.04,-18.17,-39.23,False
EWQ,France,1,trend_breakout_200,200-Day Range Breakout,27,0,0.0,0.0,0.0,0.4,0.61,-1.65,-7.02,-14.39,False
EWQ,France,2,trend_breakout_200,200-Day Range Breakout,23,3,13.04,4.54,1.53,3.27,2.75,-1.18,-11.39,-14.39,False
EWQ,France,3,trend_breakout_200,200-Day Range Breakout,19,2,10.53,2.94,0.88,2.58,1.81,-1.04,-31.64,-39.23,False
EWQ,France,4,trend_breakout_200,200-Day Range Breakout,19,5,26.32,11.81,4.63,7.44,5.36,0.86,-27.94,-39.23,False
EWQ,France,5,trend_breakout_200,200-Day Range Breakout,18,6,33.33,16.28,6.75,6.97,6.59,2.21,-18.04,-39.23,False
EWQ,France,6,trend_breakout_200,200-Day Range Breakout,16,4,25.0,10.18,3.72,6.45,5.2,-0.28,-13.41,-39.23,False
EWQ,France,7,trend_breakout_200,200-Day Range Breakout,16,7,43.75,23.1,10.01,8.01,6.86,2.2,-26.67,-39.23,False
EWQ,France,8,trend_breakout_200,200-Day Range Breakout,16,6,37.5,18.48,7.64,8.48,7.77,1.67,-17.23,-39.23,False
EWQ,France,9,trend_breakout_200,200-Day Range Breakout,16,7,43.75,23.1,10.01,6.18,6.65,-3.2,-20.93,-39.23,False
EWQ,France,10,trend_breakout_200,200-Day Range Breakout,15,8,53.33,30.12,13.58,13.35,7.28,-6.48,-21.64,-39.23,False
EWQ,France,11,trend_breakout_200,200-Day Range Breakout,15,7,46.67,24.81,10.74,8.81,7.95,-1.01,-19.77,-39.23,False
EWQ,France,12,trend_breakout_200,200-Day Range Breakout,14,5,35.71,16.34,6.37,7.09,7.43,1.39,-14.05,-39.23,False
EWQ,France,1,momentum_90,90-Day Absolute Momentum,177,2,1.13,0.31,0.09,0.81,0.66,-1.93,-11.76,-15.13,False
EWQ,France,2,momentum_90,90-Day Absolute Momentum,103,7,6.8,3.33,1.47,1.55,0.34,-3.02,-26.4,-38.5,False
EWQ,France,3,momentum_90,90-Day Absolute Momentum,81,10,12.35,6.85,3.35,1.7,0.83,-2.9,-31.64,-39.23,False
EWQ,France,4,momentum_90,90-Day Absolute Momentum,61,13,21.31,12.9,6.81,2.75,1.95,-3.21,-29.02,-34.7,False
EWQ,France,5,momentum_90,90-Day Absolute Momentum,53,17,32.08,21.09,12.01,5.98,3.46,-4.53,-42.25,-51.27,False
EWQ,France,6,momentum_90,90-Day Absolute Momentum,45,16,35.56,23.22,13.01,2.9,2.3,-8.07,-33.23,-48.35,False
EWQ,France,7,momentum_90,90-Day Absolute Momentum,41,15,36.59,23.59,12.99,5.98,4.07,-4.98,-38.3,-53.56,False
EWQ,France,8,momentum_90,90-Day Absolute Momentum,35,15,42.86,27.98,15.42,8.75,5.54,-5.81,-50.12,-53.56,False
EWQ,France,9,momentum_90,90-Day Absolute Momentum,30,16,53.33,36.14,20.31,11.64,9.17,-2.94,-27.25,-39.23,False
EWQ,France,10,momentum_90,90-Day Absolute Momentum,28,12,42.86,26.51,13.67,5.31,6.57,-8.61,-24.49,-39.23,False
EWQ,France,11,momentum_90,90-Day Absolute Momentum,26,12,46.15,28.76,14.83,9.59,7.89,-4.56,-28.27,-32.88,False
EWQ,France,12,momentum_90,90-Day Absolute Momentum,26,12,46.15,28.76,14.83,5.56,4.83,-5.18,-34.55,-58.63,False
EWQ,France,1,momentum_180,180-Day Absolute Momentum,179,2,1.12,0.31,0.09,0.81,0.73,-2.12,-12.15,-17.68,False
EWQ,France,2,momentum_180,180-Day Absolute Momentum,100,9,9.0,4.81,2.28,2.12,1.16,-3.23,-26.4,-38.5,False
EWQ,France,3,momentum_180,180-Day Absolute Momentum,79,11,13.92,7.96,4.01,2.58,1.94,-2.42,-31.64,-39.23,False
EWQ,France,4,momentum_180,180-Day Absolute Momentum,60,14,23.33,14.44,7.78,3.73,3.33,-4.12,-26.86,-31.35,False
EWQ,France,5,momentum_180,180-Day Absolute Momentum,50,16,32.0,20.76,11.62,4.97,3.6,-5.04,-35.7,-39.23,False
EWQ,France,6,momentum_180,180-Day Absolute Momentum,42,17,40.48,27.04,15.42,5.6,3.3,-6.03,-42.24,-52.21,False
EWQ,France,7,momentum_180,180-Day Absolute Momentum,38,18,47.37,32.48,18.85,7.81,5.27,-5.35,-49.92,-54.46,False
EWQ,France,8,momentum_180,180-Day Absolute Momentum,32,15,46.88,30.87,17.01,8.53,5.56,-5.1,-50.12,-53.56,False
EWQ,France,9,momentum_180,180-Day Absolute Momentum,29,14,48.28,31.39,16.95,8.89,4.77,-9.75,-49.78,-54.46,False
EWQ,France,10,momentum_180,180-Day Absolute Momentum,28,16,57.14,39.07,21.97,11.66,7.29,-9.78,-24.49,-39.23,False
EWQ,France,11,momentum_180,180-Day Absolute Momentum,26,11,42.31,25.54,12.83,6.14,4.76,-3.91,-49.64,-59.43,False
EWQ,France,12,momentum_180,180-Day Absolute Momentum,24,12,50.0,31.43,16.19,10.12,10.51,-2.79,-17.37,-39.23,False
EWQ,France,1,momentum_270,270-Day Absolute Momentum,181,3,1.66,0.57,0.19,0.83,0.66,-2.51,-12.15,-17.68,False
EWQ,France,2,momentum_270,270-Day Absolute Momentum,98,9,9.18,4.91,2.33,1.51,0.86,-3.42,-26.4,-38.5,False
EWQ,France,3,momentum_270,270-Day Absolute Momentum,77,10,12.99,7.21,3.53,2.63,2.2,-1.77,-24.69,-38.5,False
EWQ,France,4,momentum_270,270-Day Absolute Momentum,59,11,18.64,10.74,5.41,3.39,3.12,-2.26,-23.04,-38.5,False
EWQ,France,5,momentum_270,270-Day Absolute Momentum,49,17,34.69,22.92,13.06,3.45,4.27,-2.81,-35.7,-35.77,False
EWQ,France,6,momentum_270,270-Day Absolute Momentum,39,17,43.59,29.3,16.73,7.3,4.68,-7.91,-24.31,-39.23,False
EWQ,France,7,momentum_270,270-Day Absolute Momentum,37,13,35.14,21.83,11.53,4.29,5.17,-5.18,-19.75,-39.23,False
EWQ,France,8,momentum_270,270-Day Absolute Momentum,31,10,32.26,18.57,9.07,8.75,5.63,-2.52,-28.35,-39.23,False
EWQ,France,9,momentum_270,270-Day Absolute Momentum,30,14,46.67,30.23,16.33,7.3,7.77,-3.46,-17.04,-38.5,False
EWQ,France,10,momentum_270,270-Day Absolute Momentum,25,11,44.0,26.67,13.39,3.75,6.84,-7.18,-43.43,-54.46,False
EWQ,France,11,momentum_270,270-Day Absolute Momentum,24,11,45.83,27.89,14.0,9.02,9.18,-2.57,-25.57,-39.23,False
EWQ,France,12,momentum_270,270-Day Absolute Momentum,23,12,52.17,32.96,16.98,10.05,7.8,-9.8,-31.4,-39.23,False
EWQ,France,1,momentum_365,365-Day Absolute Momentum,183,5,2.73,1.17,0.47,0.81,0.7,-2.5,-12.15,-17.68,False
EWQ,France,2,momentum_365,365-Day Absolute Momentum,98,9,9.18,4.91,2.33,1.25,0.49,-3.64,-26.4,-38.5,False
EWQ,France,3,momentum_365,365-Day Absolute Momentum,75,10,13.33,7.41,3.63,1.82,1.68,-2.57,-20.42,-26.12,False
EWQ,France,4,momentum_365,365-Day Absolute Momentum,57,9,15.79,8.54,4.05,2.75,1.93,-2.9,-31.97,-39.23,False
EWQ,France,5,momentum_365,365-Day Absolute Momentum,47,12,25.53,15.25,7.87,4.64,2.98,-5.0,-24.09,-39.23,False
EWQ,France,6,momentum_365,365-Day Absolute Momentum,41,13,31.71,19.56,10.34,3.3,3.53,-3.4,-28.61,-39.23,False
EWQ,France,7,momentum_365,365-Day Absolute Momentum,35,14,40.0,25.55,13.8,3.46,3.7,-3.12,-49.92,-54.46,False
EWQ,France,8,momentum_365,365-Day Absolute Momentum,33,12,36.36,22.19,11.45,5.07,5.2,-4.99,-37.5,-52.21,False
EWQ,France,9,momentum_365,365-Day Absolute Momentum,29,10,34.48,19.94,9.74,1.82,6.38,-2.91,-22.9,-39.23,False
EWQ,France,10,momentum_365,365-Day Absolute Momentum,25,10,40.0,23.4,11.41,4.68,6.34,-6.19,-49.09,-54.46,False
EWQ,France,11,momentum_365,365-Day Absolute Momentum,24,11,45.83,27.89,14.0,9.02,8.96,-2.83,-24.75,-39.23,False
EWQ,France,12,momentum_365,365-Day Absolute Momentum,23,10,43.48,25.63,12.49,9.6,6.71,-6.96,-49.1,-56.4,False
EWQ,France,1,momentum_dual_90_180,Dual Momentum 90/180,148,1,0.68,0.12,0.03,0.76,0.67,-1.79,-11.76,-15.13,False
EWQ,France,2,momentum_dual_90_180,Dual Momentum 90/180,87,7,8.05,3.95,1.74,1.97,1.0,-2.23,-26.4,-38.5,False
EWQ,France,3,momentum_dual_90_180,Dual Momentum 90/180,72,7,9.72,4.79,2.11,2.95,1.55,-2.52,-31.64,-39.23,False
EWQ,France,4,momentum_dual_90_180,Dual Momentum 90/180,51,11,21.57,12.49,6.29,3.39,3.16,-1.45,-29.02,-31.35,False
EWQ,France,5,momentum_dual_90_180,Dual Momentum 90/180,46,18,39.13,26.39,15.28,7.47,3.17,-5.04,-42.25,-51.27,False
EWQ,France,6,momentum_dual_90_180,Dual Momentum 90/180,40,16,40.0,26.35,14.78,7.08,3.78,-3.71,-24.18,-39.23,False
EWQ,France,7,momentum_dual_90_180,Dual Momentum 90/180,35,15,42.86,27.98,15.42,6.31,5.52,-4.68,-38.3,-53.56,False
EWQ,France,8,momentum_dual_90_180,Dual Momentum 90/180,29,13,44.83,28.41,15.01,8.75,7.45,-3.32,-20.23,-32.43,False
EWQ,France,9,momentum_dual_90_180,Dual Momentum 90/180,27,14,51.85,33.99,18.36,10.31,5.68,-6.37,-57.31,-57.48,False
EWQ,France,10,momentum_dual_90_180,Dual Momentum 90/180,26,12,46.15,28.76,14.83,4.94,5.93,-11.68,-24.49,-39.23,False
EWQ,France,11,momentum_dual_90_180,Dual Momentum 90/180,24,11,45.83,27.89,14.0,7.1,4.87,-11.19,-41.56,-58.63,False
EWQ,France,12,momentum_dual_90_180,Dual Momentum 90/180,22,11,50.0,30.72,15.4,6.77,6.57,-6.0,-44.83,-54.24,False
EWQ,France,1,momentum_dual_180_365,Dual Momentum 180/365,151,2,1.32,0.36,0.11,0.81,0.64,-2.5,-12.15,-17.68,False
EWQ,France,2,momentum_dual_180_365,Dual Momentum 180/365,81,8,9.88,5.09,2.33,1.26,0.62,-3.43,-26.4,-38.5,False
EWQ,France,3,momentum_dual_180_365,Dual Momentum 180/365,64,7,10.94,5.4,2.38,3.13,2.07,-2.34,-20.42,-26.77,False
EWQ,France,4,momentum_dual_180_365,Dual Momentum 180/365,50,6,12.0,5.62,2.36,3.29,2.18,-4.19,-27.99,-39.23,False
EWQ,France,5,momentum_dual_180_365,Dual Momentum 180/365,40,9,22.5,12.32,5.84,5.62,1.8,-5.85,-35.7,-39.23,False
EWQ,France,6,momentum_dual_180_365,Dual Momentum 180/365,35,12,34.29,20.83,10.75,4.82,2.96,-3.45,-42.24,-52.21,False
EWQ,France,7,momentum_dual_180_365,Dual Momentum 180/365,31,14,45.16,29.16,15.75,6.28,4.07,-6.25,-49.92,-54.46,False
EWQ,France,8,momentum_dual_180_365,Dual Momentum 180/365,29,11,37.93,22.69,11.4,4.94,4.21,-5.35,-39.71,-54.46,False
EWQ,France,9,momentum_dual_180_365,Dual Momentum 180/365,25,10,40.0,23.4,11.41,2.7,6.84,-1.57,-22.9,-39.23,False
EWQ,France,10,momentum_dual_180_365,Dual Momentum 180/365,23,10,43.48,25.63,12.49,3.5,3.38,-8.48,-57.14,-58.16,False
EWQ,France,11,momentum_dual_180_365,Dual Momentum 180/365,22,10,45.45,26.92,13.11,8.11,6.26,-11.18,-27.27,-39.23,False
EWQ,France,12,momentum_dual_180_365,Dual Momentum 180/365,21,9,42.86,24.47,11.53,9.6,8.65,1.08,-49.1,-56.4,False
EWQ,France,1,momentum_rank_90,Top Relative Momentum 90,41,1,2.44,0.43,0.11,1.21,0.54,-1.98,-11.71,-13.05,False
EWQ,France,2,momentum_rank_90,Top Relative Momentum 90,29,2,6.9,1.91,0.58,2.32,0.94,-2.38,-21.54,-22.51,False
EWQ,France,3,momentum_rank_90,Top Relative Momentum 90,22,1,4.55,0.81,0.21,2.24,1.6,-1.83,-18.7,-21.68,False
EWQ,France,4,momentum_rank_90,Top Relative Momentum 90,22,5,22.73,10.12,3.98,-0.65,1.93,-4.68,-21.67,-27.98,False
EWQ,France,5,momentum_rank_90,Top Relative Momentum 90,18,6,33.33,16.28,6.75,1.9,2.11,-5.46,-35.7,-35.77,False
EWQ,France,6,momentum_rank_90,Top Relative Momentum 90,18,8,44.44,24.56,11.13,3.07,2.01,-9.98,-28.61,-35.77,False
EWQ,France,7,momentum_rank_90,Top Relative Momentum 90,17,7,41.18,21.61,9.38,4.56,2.53,-12.1,-28.33,-36.2,False
EWQ,France,8,momentum_rank_90,Top Relative Momentum 90,15,5,33.33,15.18,5.93,5.47,2.51,-9.75,-28.35,-36.2,False
EWQ,France,9,momentum_rank_90,Top Relative Momentum 90,14,7,50.0,26.8,11.57,9.38,4.76,-8.35,-26.04,-36.2,False
EWQ,France,10,momentum_rank_90,Top Relative Momentum 90,13,6,46.15,23.21,9.54,8.59,7.73,-5.65,-21.2,-36.2,False
EWQ,France,11,momentum_rank_90,Top Relative Momentum 90,13,6,46.15,23.21,9.54,7.73,5.48,-13.17,-21.65,-39.23,False
EWQ,France,12,momentum_rank_90,Top Relative Momentum 90,13,7,53.85,29.14,12.55,11.97,6.5,-9.96,-25.75,-39.23,False
EWQ,France,1,momentum,Top Relative Momentum 180,47,1,2.13,0.38,0.1,0.1,0.23,-3.03,-9.85,-12.93,False
EWQ,France,2,momentum,Top Relative Momentum 180,29,2,6.9,1.91,0.58,1.97,1.57,-2.38,-11.39,-14.29,False
EWQ,France,3,momentum,Top Relative Momentum 180,24,1,4.17,0.74,0.19,0.12,-1.04,-8.12,-31.64,-39.23,False
EWQ,France,4,momentum,Top Relative Momentum 180,18,3,16.67,5.84,1.96,3.66,2.22,-4.56,-13.03,-15.36,False
EWQ,France,5,momentum,Top Relative Momentum 180,18,5,27.78,12.5,4.9,-0.7,0.58,-7.54,-17.34,-22.51,False
EWQ,France,6,momentum,Top Relative Momentum 180,17,3,17.65,6.19,2.08,0.75,-1.47,-10.49,-25.43,-39.23,False
EWQ,France,7,momentum,Top Relative Momentum 180,17,5,29.41,13.28,5.2,-3.36,-3.06,-10.76,-26.67,-39.23,False
EWQ,France,8,momentum,Top Relative Momentum 180,14,5,35.71,16.34,6.37,2.59,1.58,-10.86,-22.62,-39.23,False
EWQ,France,9,momentum,Top Relative Momentum 180,13,5,38.46,17.71,6.89,1.01,2.64,-7.08,-20.93,-39.23,False
EWQ,France,10,momentum,Top Relative Momentum 180,13,4,30.77,12.68,4.61,-3.66,2.74,-7.09,-23.15,-39.23,False
EWQ,France,11,momentum,Top Relative Momentum 180,13,5,38.46,17.71,6.89,0.02,3.2,-14.19,-27.27,-39.23,False
EWQ,France,12,momentum,Top Relative Momentum 180,12,5,41.67,19.33,7.5,-4.41,2.14,-9.35,-20.33,-39.23,False
EWQ,France,1,momentum_rank_365,Top Relative Momentum 365,46,0,0.0,0.0,0.0,-0.59,-0.02,-2.79,-9.82,-13.4,False
EWQ,France,2,momentum_rank_365,Top Relative Momentum 365,25,2,8.0,2.22,0.67,0.35,0.55,-4.39,-10.22,-13.46,False
EWQ,France,3,momentum_rank_365,Top Relative Momentum 365,21,2,9.52,2.65,0.8,0.18,0.11,-2.15,-20.51,-22.17,False
EWQ,France,4,momentum_rank_365,Top Relative Momentum 365,17,2,11.76,3.29,0.99,1.32,0.56,-2.7,-15.44,-20.87,False
EWQ,France,5,momentum_rank_365,Top Relative Momentum 365,13,1,7.69,1.37,0.35,2.71,1.25,-6.72,-14.66,-22.51,False
EWQ,France,6,momentum_rank_365,Top Relative Momentum 365,12,2,16.67,4.7,1.4,3.81,1.44,-1.79,-21.04,-22.51,False
EWQ,France,7,momentum_rank_365,Top Relative Momentum 365,12,3,25.0,8.89,2.97,2.56,2.83,-1.47,-13.0,-22.51,False
EWQ,France,8,momentum_rank_365,Top Relative Momentum 365,11,3,27.27,9.75,3.25,-0.12,0.6,-6.76,-22.62,-24.58,False
EWQ,France,9,momentum_rank_365,Top Relative Momentum 365,10,2,20.0,5.67,1.69,5.09,1.95,-10.09,-20.24,-25.41,False
EWQ,France,10,momentum_rank_365,Top Relative Momentum 365,10,3,30.0,10.78,3.58,3.86,1.72,-8.6,-23.15,-25.41,False
EWQ,France,11,momentum_rank_365,Top Relative Momentum 365,9,2,22.22,6.32,1.88,-6.09,-1.61,-7.69,-27.27,-31.46,False
EWQ,France,12,momentum_rank_365,Top Relative Momentum 365,9,4,44.44,18.88,6.78,3.26,-0.26,-13.95,-31.4,-38.75,False
EWQ,France,1,momentum_composite,Composite Momentum,34,0,0.0,0.0,0.0,0.05,-0.03,-1.8,-7.92,-13.05,False
EWQ,France,2,momentum_composite,Composite Momentum,25,1,4.0,0.71,0.18,2.26,0.33,-2.38,-21.54,-22.51,False
EWQ,France,3,momentum_composite,Composite Momentum,20,1,5.0,0.89,0.23,3.07,1.59,-2.59,-18.7,-21.68,False
EWQ,France,4,momentum_composite,Composite Momentum,19,4,21.05,8.51,3.12,5.57,3.18,-4.79,-13.03,-19.55,False
EWQ,France,5,momentum_composite,Composite Momentum,16,6,37.5,18.48,7.64,4.08,3.06,-5.92,-15.68,-22.51,False
EWQ,France,6,momentum_composite,Composite Momentum,15,6,40.0,19.82,8.18,-0.89,1.01,-11.34,-25.43,-39.23,False
EWQ,France,7,momentum_composite,Composite Momentum,15,6,40.0,19.82,8.18,1.99,3.01,-8.6,-19.3,-39.23,False
EWQ,France,8,momentum_composite,Composite Momentum,13,3,23.08,8.18,2.74,2.93,2.0,-9.21,-22.62,-39.23,False
EWQ,France,9,momentum_composite,Composite Momentum,13,6,46.15,23.21,9.54,1.56,4.16,-7.08,-16.96,-39.23,False
EWQ,France,10,momentum_composite,Composite Momentum,13,6,46.15,23.21,9.54,5.27,5.91,-7.09,-23.15,-39.23,False
EWQ,France,11,momentum_composite,Composite Momentum,11,5,45.45,21.27,8.22,7.73,8.42,-0.48,-27.27,-39.23,False
EWQ,France,12,momentum_composite,Composite Momentum,11,7,63.64,35.38,15.1,13.88,10.95,-4.41,-20.33,-39.23,False
EWQ,France,1,drawdown_recovery_20,20% Drawdown Recovery,32,1,3.12,0.55,0.14,-0.14,-0.55,-4.7,-19.23,-20.81,False
EWQ,France,2,drawdown_recovery_20,20% Drawdown Recovery,25,1,4.0,0.71,0.18,2.9,-0.85,-3.99,-27.44,-30.75,False
EWQ,France,3,drawdown_recovery_20,20% Drawdown Recovery,21,3,14.29,4.98,1.68,1.42,0.77,-2.51,-20.42,-32.62,False
EWQ,France,4,drawdown_recovery_20,20% Drawdown Recovery,19,5,26.32,11.81,4.63,4.58,2.21,-3.81,-21.03,-32.62,False
EWQ,France,5,drawdown_recovery_20,20% Drawdown Recovery,18,6,33.33,16.28,6.75,5.14,2.64,2.32,-23.4,-32.62,False
EWQ,France,6,drawdown_recovery_20,20% Drawdown Recovery,18,5,27.78,12.5,4.9,3.92,4.2,1.31,-28.09,-33.19,False
EWQ,France,7,drawdown_recovery_20,20% Drawdown Recovery,17,8,47.06,26.16,11.84,6.24,5.96,0.51,-22.82,-34.25,False
EWQ,France,8,drawdown_recovery_20,20% Drawdown Recovery,14,6,42.86,21.38,8.81,7.9,4.12,0.49,-31.53,-37.59,False
EWQ,France,9,drawdown_recovery_20,20% Drawdown Recovery,13,7,53.85,29.14,12.55,14.58,9.03,-1.57,-27.25,-37.59,False
EWQ,France,10,drawdown_recovery_20,20% Drawdown Recovery,13,7,53.85,29.14,12.55,12.98,9.89,4.68,-26.84,-37.59,False
EWQ,France,11,drawdown_recovery_20,20% Drawdown Recovery,13,7,53.85,29.14,12.55,17.67,12.71,6.69,-27.27,-37.59,False
EWQ,France,12,drawdown_recovery_20,20% Drawdown Recovery,13,9,69.23,42.37,19.67,14.5,13.3,9.72,-29.67,-37.59,False
EWQ,France,1,drawdown_recovery,25% Drawdown Recovery,13,0,0.0,0.0,0.0,-0.04,-0.6,-1.33,-19.23,-20.81,False
EWQ,France,2,drawdown_recovery,25% Drawdown Recovery,10,0,0.0,0.0,0.0,6.01,1.76,-0.11,-27.44,-30.75,False
EWQ,France,3,drawdown_recovery,25% Drawdown Recovery,9,4,44.44,18.88,6.78,8.65,4.6,-1.66,-13.35,-32.62,False
EWQ,France,4,drawdown_recovery,25% Drawdown Recovery,9,3,33.33,12.06,3.99,6.72,4.18,-2.24,-13.78,-32.62,False
EWQ,France,5,drawdown_recovery,25% Drawdown Recovery,8,3,37.5,13.68,4.51,7.78,7.59,3.16,-4.24,-32.62,False
EWQ,France,6,drawdown_recovery,25% Drawdown Recovery,8,4,50.0,21.52,7.68,9.08,8.55,-0.34,-8.07,-32.62,False
EWQ,France,7,drawdown_recovery,25% Drawdown Recovery,8,6,75.0,40.93,16.3,11.54,13.49,8.82,-0.13,-32.62,False
EWQ,France,8,drawdown_recovery,25% Drawdown Recovery,8,5,62.5,30.57,11.6,12.36,12.24,7.26,-15.98,-32.62,False
EWQ,France,9,drawdown_recovery,25% Drawdown Recovery,7,5,71.43,35.89,13.45,16.16,17.71,9.37,-3.26,-32.62,False
EWQ,France,10,drawdown_recovery,25% Drawdown Recovery,7,4,57.14,25.05,8.86,18.04,17.33,7.13,-12.76,-32.62,False
EWQ,France,11,drawdown_recovery,25% Drawdown Recovery,7,5,71.43,35.89,13.45,17.67,17.04,10.01,-25.57,-35.82,False
EWQ,France,12,drawdown_recovery,25% Drawdown Recovery,6,5,83.33,43.65,16.02,23.46,21.3,14.99,-17.37,-35.82,False
EWQ,France,1,drawdown_recovery_30,30% Drawdown Recovery,19,1,5.26,0.94,0.24,0.29,0.33,-1.3,-19.23,-20.81,False
EWQ,France,2,drawdown_recovery_30,30% Drawdown Recovery,14,0,0.0,0.0,0.0,4.36,1.6,0.76,-27.44,-30.75,False
EWQ,France,3,drawdown_recovery_30,30% Drawdown Recovery,12,3,25.0,8.89,2.97,4.92,2.77,-3.04,-13.35,-32.62,False
EWQ,France,4,drawdown_recovery_30,30% Drawdown Recovery,11,5,45.45,21.27,8.22,6.72,1.74,-6.06,-21.03,-32.62,False
EWQ,France,5,drawdown_recovery_30,30% Drawdown Recovery,10,5,50.0,23.66,9.1,7.04,1.89,-4.54,-24.62,-32.62,False
EWQ,France,6,drawdown_recovery_30,30% Drawdown Recovery,10,4,40.0,16.82,6.07,6.32,3.8,-1.87,-28.09,-33.19,False
EWQ,France,7,drawdown_recovery_30,30% Drawdown Recovery,10,6,60.0,31.27,12.69,12.68,6.96,-6.55,-22.82,-34.25,False
EWQ,France,8,drawdown_recovery_30,30% Drawdown Recovery,9,5,55.56,26.66,10.2,11.1,3.5,-15.98,-19.97,-34.25,False
EWQ,France,9,drawdown_recovery_30,30% Drawdown Recovery,8,5,62.5,30.57,11.6,16.44,10.3,-5.36,-21.5,-34.25,False
EWQ,France,10,drawdown_recovery_30,30% Drawdown Recovery,8,4,50.0,21.52,7.68,11.71,10.86,-0.45,-23.97,-34.25,False
EWQ,France,11,drawdown_recovery_30,30% Drawdown Recovery,7,3,42.86,15.82,5.18,9.0,11.16,-5.35,-27.27,-34.25,False
EWQ,France,12,drawdown_recovery_30,30% Drawdown Recovery,6,5,83.33,43.65,16.02,19.02,18.09,11.18,-18.15,-32.62,False
EWQ,France,1,drawdown_recovery_40,40% Drawdown Recovery,7,1,14.29,2.57,0.65,0.67,-0.73,-2.47,-19.23,-20.81,False
EWQ,France,2,drawdown_recovery_40,40% Drawdown Recovery,4,0,0.0,0.0,0.0,6.26,-1.38,-3.46,-27.44,-30.75,False
EWQ,France,3,drawdown_recovery_40,40% Drawdown Recovery,4,1,25.0,4.56,1.14,1.91,2.18,-5.22,-13.35,-32.62,False
EWQ,France,4,drawdown_recovery_40,40% Drawdown Recovery,4,1,25.0,4.56,1.14,-3.81,0.07,-5.72,-6.75,-32.62,False
EWQ,France,5,drawdown_recovery_40,40% Drawdown Recovery,3,1,33.33,6.15,1.53,3.17,3.75,-1.97,-7.1,-32.62,False
EWQ,France,6,drawdown_recovery_40,40% Drawdown Recovery,3,0,0.0,0.0,0.0,6.03,3.02,1.22,-3.59,-32.62,False
EWQ,France,7,drawdown_recovery_40,40% Drawdown Recovery,3,2,66.67,20.77,5.83,11.53,9.96,8.02,4.51,-32.62,False
EWQ,France,8,drawdown_recovery_40,40% Drawdown Recovery,3,2,66.67,20.77,5.83,12.74,3.22,-1.62,-15.98,-32.62,False
EWQ,France,9,drawdown_recovery_40,40% Drawdown Recovery,2,2,100.0,34.24,9.01,17.34,17.34,15.72,14.1,-32.62,False
EWQ,France,10,drawdown_recovery_40,40% Drawdown Recovery,2,2,100.0,34.24,9.01,17.1,17.1,16.63,16.15,-32.62,False
EWQ,France,11,drawdown_recovery_40,40% Drawdown Recovery,2,2,100.0,34.24,9.01,22.37,22.37,20.32,18.27,-32.62,False
EWQ,France,12,drawdown_recovery_40,40% Drawdown Recovery,2,2,100.0,34.24,9.01,26.37,26.37,25.27,24.16,-32.62,False
EWQ,France,1,rsi14_recovery,RSI 14 Recovery,48,4,8.33,3.29,1.22,1.03,1.38,-1.28,-11.71,-15.42,False
EWQ,France,2,rsi14_recovery,RSI 14 Recovery,41,6,14.63,6.88,2.88,3.78,3.12,-1.53,-14.07,-18.77,False
EWQ,France,3,rsi14_recovery,RSI 14 Recovery,38,7,18.42,9.22,4.05,3.68,3.06,-1.71,-20.51,-26.77,False
EWQ,France,4,rsi14_recovery,RSI 14 Recovery,33,8,24.24,12.83,5.86,3.33,3.29,-0.87,-31.97,-34.7,False
EWQ,France,5,rsi14_recovery,RSI 14 Recovery,31,10,32.26,18.57,9.07,4.64,2.74,-2.94,-29.35,-39.23,False
EWQ,France,6,rsi14_recovery,RSI 14 Recovery,27,10,37.04,21.53,10.51,7.42,5.71,-1.74,-24.31,-39.23,False
EWQ,France,7,rsi14_recovery,RSI 14 Recovery,26,12,46.15,28.76,14.83,4.8,6.54,-0.69,-24.2,-39.23,False
EWQ,France,8,rsi14_recovery,RSI 14 Recovery,24,13,54.17,35.07,18.52,10.63,9.23,2.28,-22.53,-39.23,False
EWQ,France,9,rsi14_recovery,RSI 14 Recovery,22,13,59.09,38.73,20.44,13.32,11.26,4.62,-31.83,-38.61,False
EWQ,France,10,rsi14_recovery,RSI 14 Recovery,21,14,66.67,45.37,24.48,16.15,12.72,2.79,-26.18,-38.61,False
EWQ,France,11,rsi14_recovery,RSI 14 Recovery,21,13,61.9,40.88,21.56,18.27,13.7,8.81,-27.16,-38.61,False
EWQ,France,12,rsi14_recovery,RSI 14 Recovery,20,12,60.0,38.66,19.88,15.48,12.78,-0.2,-28.38,-38.61,False
EWQ,France,1,rsi28_recovery,RSI 28 Recovery,23,4,17.39,6.98,2.57,1.95,2.02,-1.31,-7.63,-10.03,False
EWQ,France,2,rsi28_recovery,RSI 28 Recovery,23,3,13.04,4.54,1.53,4.2,2.17,-3.62,-21.06,-24.67,False
EWQ,France,3,rsi28_recovery,RSI 28 Recovery,22,5,22.73,10.12,3.98,2.73,2.65,-3.65,-20.42,-25.37,False
EWQ,France,4,rsi28_recovery,RSI 28 Recovery,21,6,28.57,13.81,5.74,3.33,3.13,-6.81,-12.56,-25.37,False
EWQ,France,5,rsi28_recovery,RSI 28 Recovery,18,7,38.89,20.3,8.83,4.84,4.79,-3.5,-16.69,-25.37,False
EWQ,France,6,rsi28_recovery,RSI 28 Recovery,18,7,38.89,20.3,8.83,5.16,7.79,1.29,-9.8,-25.37,False
EWQ,France,7,rsi28_recovery,RSI 28 Recovery,17,7,41.18,21.61,9.38,6.24,9.05,0.37,-12.23,-25.37,False
EWQ,France,8,rsi28_recovery,RSI 28 Recovery,17,6,35.29,17.31,7.17,6.02,8.28,-6.49,-16.18,-28.25,False
EWQ,France,9,rsi28_recovery,RSI 28 Recovery,17,9,52.94,30.96,14.52,12.54,7.9,-7.58,-22.9,-35.82,False
EWQ,France,10,rsi28_recovery,RSI 28 Recovery,16,9,56.25,33.18,15.54,14.49,10.9,-4.02,-26.01,-38.61,False
EWQ,France,11,rsi28_recovery,RSI 28 Recovery,16,9,56.25,33.18,15.54,18.63,13.01,0.04,-24.49,-38.61,False
EWQ,France,12,rsi28_recovery,RSI 28 Recovery,14,9,64.29,38.76,18.06,22.3,16.44,1.22,-28.38,-38.61,False
EWQ,France,1,bollinger_recovery,Bollinger Recovery,33,3,9.09,3.14,1.06,0.55,0.32,-3.99,-11.71,-14.39,False
EWQ,France,2,bollinger_recovery,Bollinger Recovery,32,6,18.75,8.89,3.72,2.14,1.88,-2.06,-19.17,-26.77,False
EWQ,France,3,bollinger_recovery,Bollinger Recovery,32,6,18.75,8.89,3.72,2.62,1.91,-2.55,-31.82,-34.7,False
EWQ,France,4,bollinger_recovery,Bollinger Recovery,29,5,17.24,7.6,3.0,4.24,2.94,-6.75,-23.04,-34.7,False
EWQ,France,5,bollinger_recovery,Bollinger Recovery,28,10,35.71,20.71,10.11,5.16,3.69,-7.31,-26.48,-35.13,False
EWQ,France,6,bollinger_recovery,Bollinger Recovery,24,10,41.67,24.47,11.93,7.99,7.15,1.24,-21.36,-22.51,False
EWQ,France,7,bollinger_recovery,Bollinger Recovery,22,10,45.45,26.92,13.11,8.02,7.65,-6.75,-18.8,-24.09,False
EWQ,France,8,bollinger_recovery,Bollinger Recovery,20,10,50.0,29.93,14.55,10.73,8.23,-9.07,-22.62,-31.67,False
EWQ,France,9,bollinger_recovery,Bollinger Recovery,19,10,52.63,31.71,15.4,14.1,9.21,-9.94,-22.9,-35.82,False
EWQ,France,10,bollinger_recovery,Bollinger Recovery,19,11,57.89,36.28,18.15,16.59,9.72,-12.65,-26.34,-35.82,False
EWQ,France,11,bollinger_recovery,Bollinger Recovery,18,11,61.11,38.62,19.3,17.43,10.13,-12.45,-27.27,-36.24,False
EWQ,France,12,bollinger_recovery,Bollinger Recovery,18,10,55.56,33.72,16.36,17.49,10.56,-14.44,-28.38,-36.24,False
EWQ,France,1,low_vol_trend,Low-Volatility Trend,136,1,0.74,0.13,0.03,0.69,0.6,-2.35,-11.76,-14.39,False
EWQ,France,2,low_vol_trend,Low-Volatility Trend,77,8,10.39,5.36,2.46,1.77,1.0,-2.58,-26.4,-38.5,False
EWQ,France,3,low_vol_trend,Low-Volatility Trend,61,9,14.75,7.96,3.78,2.51,1.33,-2.59,-31.64,-39.23,False
EWQ,France,4,low_vol_trend,Low-Volatility Trend,47,9,19.15,10.42,4.94,1.84,1.6,-3.27,-27.99,-39.23,False
EWQ,France,5,low_vol_trend,Low-Volatility Trend,40,14,35.0,22.13,11.95,4.69,3.17,-2.31,-24.61,-38.5,False
EWQ,France,6,low_vol_trend,Low-Volatility Trend,33,11,33.33,19.75,9.93,4.72,4.3,-1.87,-28.09,-39.23,False
EWQ,France,7,low_vol_trend,Low-Volatility Trend,31,11,35.48,21.12,10.61,6.26,3.26,-6.18,-49.92,-54.46,False
EWQ,France,8,low_vol_trend,Low-Volatility Trend,29,9,31.03,17.28,8.17,7.16,4.66,-3.78,-24.36,-39.23,False
EWQ,France,9,low_vol_trend,Low-Volatility Trend,24,12,50.0,31.43,16.19,8.03,7.57,0.46,-24.27,-39.23,False
EWQ,France,10,low_vol_trend,Low-Volatility Trend,24,11,45.83,27.89,14.0,7.76,5.4,-8.27,-57.14,-58.16,False
EWQ,France,11,low_vol_trend,Low-Volatility Trend,20,9,45.0,25.82,12.15,9.23,7.37,1.28,-41.56,-58.63,False
EWQ,France,12,low_vol_trend,Low-Volatility Trend,19,8,42.11,23.14,10.5,7.79,6.5,-2.75,-29.67,-39.23,False
EWQ,France,1,vol_contraction_trend,Volatility Contraction Trend,49,1,2.04,0.36,0.09,0.1,0.23,-2.3,-11.76,-13.4,False
EWQ,France,2,vol_contraction_trend,Volatility Contraction Trend,36,5,13.89,6.08,2.41,1.98,1.51,-1.04,-21.06,-24.67,False
EWQ,France,3,vol_contraction_trend,Volatility Contraction Trend,32,7,21.88,11.02,4.83,3.12,2.86,-1.77,-20.42,-25.37,False
EWQ,France,4,vol_contraction_trend,Volatility Contraction Trend,28,7,25.0,12.68,5.55,4.81,3.17,-6.7,-27.99,-39.23,False
EWQ,France,5,vol_contraction_trend,Volatility Contraction Trend,27,11,40.74,24.51,12.31,8.6,3.65,-8.1,-24.61,-39.23,False
EWQ,France,6,vol_contraction_trend,Volatility Contraction Trend,25,9,36.0,20.25,9.56,5.26,4.25,-4.67,-46.82,-53.56,False
EWQ,France,7,vol_contraction_trend,Volatility Contraction Trend,23,10,43.48,25.63,12.49,2.83,4.83,-3.37,-38.3,-53.56,False
EWQ,France,8,vol_contraction_trend,Volatility Contraction Trend,22,8,36.36,19.73,8.97,6.46,4.65,-6.74,-30.39,-39.23,False
EWQ,France,9,vol_contraction_trend,Volatility Contraction Trend,21,6,28.57,13.81,5.74,4.89,4.36,-6.55,-21.69,-39.23,False
EWQ,France,10,vol_contraction_trend,Volatility Contraction Trend,20,9,45.0,25.82,12.15,8.43,5.82,-9.71,-21.5,-39.23,False
EWQ,France,11,vol_contraction_trend,Volatility Contraction Trend,18,10,55.56,33.72,16.36,12.57,6.17,-6.19,-28.27,-39.23,False
EWQ,France,12,vol_contraction_trend,Volatility Contraction Trend,17,8,47.06,26.16,11.84,9.7,8.44,-5.01,-44.83,-54.24,False
EWQ,France,1,breadth_trend,Broad-Market Trend,162,3,1.85,0.63,0.22,0.82,0.63,-2.45,-11.76,-15.13,False
EWQ,France,2,breadth_trend,Broad-Market Trend,90,5,5.56,2.4,0.95,1.66,0.79,-3.36,-26.4,-38.5,False
EWQ,France,3,breadth_trend,Broad-Market Trend,73,11,15.07,8.63,4.34,2.51,1.44,-2.29,-31.64,-39.23,False
EWQ,France,4,breadth_trend,Broad-Market Trend,55,11,20.0,11.55,5.81,3.72,2.59,-0.44,-29.02,-39.23,False
EWQ,France,5,breadth_trend,Broad-Market Trend,47,13,27.66,16.94,8.95,6.09,3.56,0.77,-42.25,-51.27,False
EWQ,France,6,breadth_trend,Broad-Market Trend,40,14,35.0,22.13,11.95,5.61,4.23,-1.16,-28.61,-39.23,False
EWQ,France,7,breadth_trend,Broad-Market Trend,36,15,41.67,27.14,14.95,6.14,5.44,-2.64,-38.3,-53.56,False
EWQ,France,8,breadth_trend,Broad-Market Trend,33,12,36.36,22.19,11.45,8.23,5.8,-0.63,-50.12,-53.56,False
EWQ,France,9,breadth_trend,Broad-Market Trend,29,16,55.17,37.55,21.11,10.76,6.13,-1.57,-57.31,-57.48,False
EWQ,France,10,breadth_trend,Broad-Market Trend,26,13,50.0,32.06,16.93,10.31,8.99,5.29,-32.5,-38.5,False
EWQ,France,11,breadth_trend,Broad-Market Trend,25,11,44.0,26.67,13.39,8.81,6.25,-3.26,-41.56,-58.63,False
EWQ,France,12,breadth_trend,Broad-Market Trend,24,11,45.83,27.89,14.0,7.82,4.97,-5.71,-34.55,-58.63,False
EWS,Singapore,1,buy_hold,Buy & Hold Benchmark,265,16,6.04,3.75,2.09,0.82,0.9,-2.95,-22.43,-28.52,False
EWS,Singapore,2,buy_hold,Buy & Hold Benchmark,139,26,18.71,13.1,8.23,1.44,1.3,-3.94,-35.06,-47.03,False
EWS,Singapore,3,buy_hold,Buy & Hold Benchmark,106,22,20.75,14.12,8.55,1.78,2.24,-4.28,-43.22,-48.0,False
EWS,Singapore,4,buy_hold,Buy & Hold Benchmark,77,18,23.38,15.33,8.84,2.07,3.12,-6.62,-30.28,-38.03,False
EWS,Singapore,5,buy_hold,Buy & Hold Benchmark,63,17,26.98,17.58,10.0,4.75,3.02,-3.8,-41.2,-48.0,False
EWS,Singapore,6,buy_hold,Buy & Hold Benchmark,53,19,35.85,24.3,14.26,5.43,4.92,-6.62,-46.96,-53.81,False
EWS,Singapore,7,buy_hold,Buy & Hold Benchmark,46,15,32.61,20.87,11.48,5.05,5.02,-7.24,-54.67,-57.84,False
EWS,Singapore,8,buy_hold,Buy & Hold Benchmark,40,20,50.0,35.2,21.03,9.69,6.38,-5.77,-50.58,-56.29,False
EWS,Singapore,9,buy_hold,Buy & Hold Benchmark,36,18,50.0,34.47,20.02,9.61,7.79,-5.67,-40.59,-57.05,False
EWS,Singapore,10,buy_hold,Buy & Hold Benchmark,33,15,45.45,29.84,16.45,4.83,9.6,-9.79,-49.95,-57.84,False
EWS,Singapore,11,buy_hold,Buy & Hold Benchmark,30,12,40.0,24.59,12.69,2.56,8.37,-12.15,-50.03,-57.84,False
EWS,Singapore,12,buy_hold,Buy & Hold Benchmark,28,15,53.57,35.81,19.75,11.12,9.93,-6.7,-61.01,-65.63,False
EWS,Singapore,1,trend_price_sma100,Price above SMA 100,163,5,3.07,1.32,0.52,1.17,1.13,-1.94,-11.67,-16.04,False
EWS,Singapore,2,trend_price_sma100,Price above SMA 100,96,12,12.5,7.3,3.77,2.4,1.05,-4.05,-26.71,-27.27,False
EWS,Singapore,3,trend_price_sma100,Price above SMA 100,73,9,12.33,6.62,3.15,1.44,2.35,-3.84,-30.38,-40.0,False
EWS,Singapore,4,trend_price_sma100,Price above SMA 100,56,13,23.21,14.1,7.45,4.03,2.44,-4.47,-36.8,-40.0,False
EWS,Singapore,5,trend_price_sma100,Price above SMA 100,49,15,30.61,19.52,10.73,5.92,2.23,-4.97,-52.55,-52.88,False
EWS,Singapore,6,trend_price_sma100,Price above SMA 100,41,16,39.02,25.66,14.39,5.99,5.22,-1.01,-46.96,-53.81,False
EWS,Singapore,7,trend_price_sma100,Price above SMA 100,39,13,33.33,20.63,10.9,2.92,4.91,-7.16,-43.74,-56.29,False
EWS,Singapore,8,trend_price_sma100,Price above SMA 100,33,13,39.39,24.68,13.04,4.44,5.34,-4.66,-50.58,-56.29,False
EWS,Singapore,9,trend_price_sma100,Price above SMA 100,29,12,41.38,25.51,13.16,7.11,8.21,-6.89,-22.24,-53.81,False
EWS,Singapore,10,trend_price_sma100,Price above SMA 100,29,13,44.83,28.41,15.01,4.21,7.48,-12.16,-45.18,-57.05,False
EWS,Singapore,11,trend_price_sma100,Price above SMA 100,26,11,42.31,25.54,12.83,3.82,6.65,-6.23,-37.6,-59.11,False
EWS,Singapore,12,trend_price_sma100,Price above SMA 100,23,12,52.17,32.96,16.98,11.26,11.82,-5.36,-26.55,-53.81,False
EWS,Singapore,1,trend_price_sma200,Price above SMA 200,172,6,3.49,1.61,0.68,1.29,1.1,-1.93,-11.67,-16.04,False
EWS,Singapore,2,trend_price_sma200,Price above SMA 200,97,14,14.43,8.8,4.74,2.21,1.53,-3.49,-26.16,-26.06,False
EWS,Singapore,3,trend_price_sma200,Price above SMA 200,74,10,13.51,7.51,3.68,1.97,2.73,-1.99,-16.47,-26.06,False
EWS,Singapore,4,trend_price_sma200,Price above SMA 200,57,12,21.05,12.47,6.44,4.22,3.07,-1.7,-21.73,-27.52,False
EWS,Singapore,5,trend_price_sma200,Price above SMA 200,48,15,31.25,19.95,10.97,4.73,2.99,-1.93,-28.5,-37.69,False
EWS,Singapore,6,trend_price_sma200,Price above SMA 200,40,14,35.0,22.13,11.95,4.92,5.94,-1.93,-24.04,-37.69,False
EWS,Singapore,7,trend_price_sma200,Price above SMA 200,38,15,39.47,25.6,14.1,5.05,4.07,-5.19,-54.67,-57.84,False
EWS,Singapore,8,trend_price_sma200,Price above SMA 200,32,14,43.75,28.17,15.21,5.21,5.07,-4.84,-50.58,-56.29,False
EWS,Singapore,9,trend_price_sma200,Price above SMA 200,29,12,41.38,25.51,13.16,5.08,6.01,-7.11,-50.69,-57.84,False
EWS,Singapore,10,trend_price_sma200,Price above SMA 200,28,13,46.43,29.53,15.6,8.36,8.53,-6.07,-32.34,-37.69,False
EWS,Singapore,11,trend_price_sma200,Price above SMA 200,25,11,44.0,26.67,13.39,5.88,6.54,-6.07,-50.84,-60.57,False
EWS,Singapore,12,trend_price_sma200,Price above SMA 200,23,10,43.48,25.63,12.49,8.0,10.89,-6.71,-25.47,-59.11,False
EWS,Singapore,1,trend,SMA 50/200 + Momentum,87,3,3.45,1.18,0.4,1.0,1.27,-1.76,-10.84,-15.11,False
EWS,Singapore,2,trend,SMA 50/200 + Momentum,57,7,12.28,6.08,2.67,1.52,1.79,-2.83,-13.95,-19.4,False
EWS,Singapore,3,trend,SMA 50/200 + Momentum,45,9,20.0,10.9,5.17,4.8,4.23,-0.15,-16.47,-23.33,False
EWS,Singapore,4,trend,SMA 50/200 + Momentum,35,8,22.86,12.07,5.51,4.15,4.2,-1.55,-17.62,-28.0,False
EWS,Singapore,5,trend,SMA 50/200 + Momentum,33,12,36.36,22.19,11.45,5.92,7.05,2.35,-25.06,-30.87,False
EWS,Singapore,6,trend,SMA 50/200 + Momentum,27,10,37.04,21.53,10.51,5.08,9.05,-0.72,-8.83,-28.0,False
EWS,Singapore,7,trend,SMA 50/200 + Momentum,24,11,45.83,27.89,14.0,8.22,10.12,-1.62,-8.55,-28.0,False
EWS,Singapore,8,trend,SMA 50/200 + Momentum,23,13,56.52,36.81,19.43,13.9,10.32,-6.32,-28.56,-37.69,False
EWS,Singapore,9,trend,SMA 50/200 + Momentum,20,14,70.0,48.1,25.94,13.55,11.1,-5.45,-22.74,-37.69,False
EWS,Singapore,10,trend,SMA 50/200 + Momentum,19,11,57.89,36.28,18.15,10.43,12.84,-3.68,-22.62,-37.69,False
EWS,Singapore,11,trend,SMA 50/200 + Momentum,17,10,58.82,36.01,17.45,15.51,13.16,-1.85,-27.42,-37.69,False
EWS,Singapore,12,trend,SMA 50/200 + Momentum,17,9,52.94,30.96,14.52,12.58,12.45,-6.93,-21.96,-37.69,False
EWS,Singapore,1,trend_sma100_200,SMA 100/200,146,5,3.42,1.47,0.59,1.42,1.29,-1.77,-10.84,-15.61,False
EWS,Singapore,2,trend_sma100_200,SMA 100/200,81,10,12.35,6.85,3.35,2.56,1.9,-3.12,-26.16,-26.06,False
EWS,Singapore,3,trend_sma100_200,SMA 100/200,63,10,15.87,8.86,4.34,2.26,3.54,-1.24,-16.47,-22.55,False
EWS,Singapore,4,trend_sma100_200,SMA 100/200,46,11,23.91,13.91,7.0,3.88,3.81,-2.51,-22.37,-26.06,False
EWS,Singapore,5,trend_sma100_200,SMA 100/200,40,12,30.0,18.07,9.33,5.43,4.48,-2.97,-30.54,-37.69,False
EWS,Singapore,6,trend_sma100_200,SMA 100/200,33,14,42.42,27.24,14.71,8.13,6.87,-1.29,-24.04,-37.69,False
EWS,Singapore,7,trend_sma100_200,SMA 100/200,31,12,38.71,23.73,12.24,8.79,6.85,-2.7,-17.89,-37.69,False
EWS,Singapore,8,trend_sma100_200,SMA 100/200,26,13,50.0,32.06,16.93,10.44,10.17,-3.73,-20.49,-31.33,False
EWS,Singapore,9,trend_sma100_200,SMA 100/200,25,13,52.0,33.5,17.69,10.45,10.85,-2.61,-22.99,-31.33,False
EWS,Singapore,10,trend_sma100_200,SMA 100/200,24,13,54.17,35.07,18.52,10.26,7.7,-7.42,-45.18,-57.05,False
EWS,Singapore,11,trend_sma100_200,SMA 100/200,23,13,56.52,36.81,19.43,12.7,10.93,-3.24,-27.42,-37.69,False
EWS,Singapore,12,trend_sma100_200,SMA 100/200,21,10,47.62,28.34,13.79,8.0,10.88,-7.2,-25.7,-37.69,False
EWS,Singapore,1,trend_ema50_200,EMA 50/200,160,5,3.12,1.34,0.53,1.19,0.86,-2.04,-11.67,-16.04,False
EWS,Singapore,2,trend_ema50_200,EMA 50/200,90,14,15.56,9.5,5.12,1.36,1.26,-3.77,-26.16,-26.06,False
EWS,Singapore,3,trend_ema50_200,EMA 50/200,69,10,14.49,8.07,3.95,1.86,2.28,-1.83,-16.47,-20.66,False
EWS,Singapore,4,trend_ema50_200,EMA 50/200,52,9,17.31,9.38,4.45,2.5,2.11,-4.01,-26.43,-37.69,False
EWS,Singapore,5,trend_ema50_200,EMA 50/200,44,12,27.27,16.35,8.44,4.89,2.96,-3.61,-30.54,-37.69,False
EWS,Singapore,6,trend_ema50_200,EMA 50/200,37,13,35.14,21.83,11.53,3.14,6.0,-1.44,-24.04,-37.69,False
EWS,Singapore,7,trend_ema50_200,EMA 50/200,35,14,40.0,25.55,13.8,8.79,3.48,-6.96,-54.67,-57.84,False
EWS,Singapore,8,trend_ema50_200,EMA 50/200,31,12,38.71,23.73,12.24,5.72,3.99,-6.17,-50.58,-56.29,False
EWS,Singapore,9,trend_ema50_200,EMA 50/200,29,14,48.28,31.39,16.95,5.67,5.48,-10.39,-50.69,-57.84,False
EWS,Singapore,10,trend_ema50_200,EMA 50/200,25,13,52.0,33.5,17.69,10.14,7.51,-8.92,-32.34,-35.25,False
EWS,Singapore,11,trend_ema50_200,EMA 50/200,24,12,50.0,31.43,16.19,10.18,6.1,-5.95,-50.84,-60.57,False
EWS,Singapore,12,trend_ema50_200,EMA 50/200,21,10,47.62,28.34,13.79,8.0,12.06,-7.2,-25.25,-37.69,False
EWS,Singapore,1,trend_ema100_200,EMA 100/200,154,4,2.6,1.01,0.38,1.19,0.87,-1.93,-11.67,-15.61,False
EWS,Singapore,2,trend_ema100_200,EMA 100/200,86,11,12.79,7.29,3.67,1.55,0.91,-3.8,-26.16,-26.06,False
EWS,Singapore,3,trend_ema100_200,EMA 100/200,68,10,14.71,8.19,4.01,2.03,2.87,-1.51,-16.47,-20.66,False
EWS,Singapore,4,trend_ema100_200,EMA 100/200,50,8,16.0,8.34,3.82,2.5,3.02,-4.6,-17.26,-26.06,False
EWS,Singapore,5,trend_ema100_200,EMA 100/200,43,13,30.23,18.6,9.83,6.38,3.63,-3.22,-30.54,-37.69,False
EWS,Singapore,6,trend_ema100_200,EMA 100/200,36,14,38.89,24.78,13.38,6.11,4.52,-2.77,-24.04,-37.69,False
EWS,Singapore,7,trend_ema100_200,EMA 100/200,35,13,37.14,23.17,12.24,5.53,4.3,-3.38,-54.67,-57.84,False
EWS,Singapore,8,trend_ema100_200,EMA 100/200,31,12,38.71,23.73,12.24,5.12,3.59,-6.74,-50.58,-56.29,False
EWS,Singapore,9,trend_ema100_200,EMA 100/200,28,14,50.0,32.63,17.63,8.81,6.59,-5.45,-50.69,-57.84,False
EWS,Singapore,10,trend_ema100_200,EMA 100/200,23,12,52.17,32.96,16.98,10.53,9.02,-3.89,-32.34,-35.25,False
EWS,Singapore,11,trend_ema100_200,EMA 100/200,22,10,45.45,26.92,13.11,4.84,6.03,-5.44,-50.84,-60.57,False
EWS,Singapore,12,trend_ema100_200,EMA 100/200,21,10,47.62,28.34,13.79,6.15,10.12,-3.85,-25.7,-37.69,False
EWS,Singapore,1,trend_triple_ma,Triple Moving Average,91,2,2.2,0.6,0.18,1.4,0.93,-1.92,-10.84,-16.04,False
EWS,Singapore,2,trend_triple_ma,Triple Moving Average,61,7,11.48,5.67,2.5,1.52,0.41,-3.86,-26.16,-26.06,False
EWS,Singapore,3,trend_triple_ma,Triple Moving Average,53,9,16.98,9.2,4.36,1.49,1.94,-3.25,-29.92,-37.69,False
EWS,Singapore,4,trend_triple_ma,Triple Moving Average,41,11,26.83,15.69,7.9,5.63,2.77,-6.87,-30.28,-37.69,False
EWS,Singapore,5,trend_triple_ma,Triple Moving Average,38,13,34.21,21.21,11.21,3.17,2.52,-5.08,-45.42,-55.47,False
EWS,Singapore,6,trend_triple_ma,Triple Moving Average,32,13,40.62,25.52,13.48,5.97,3.8,-5.71,-52.29,-56.29,False
EWS,Singapore,7,trend_triple_ma,Triple Moving Average,29,11,37.93,22.69,11.4,4.69,4.42,-3.06,-43.74,-56.29,False
EWS,Singapore,8,trend_triple_ma,Triple Moving Average,27,12,44.44,27.59,14.22,4.48,3.42,-9.03,-50.58,-56.29,False
EWS,Singapore,9,trend_triple_ma,Triple Moving Average,24,13,54.17,35.07,18.52,11.51,8.57,-6.97,-17.81,-31.33,False
EWS,Singapore,10,trend_triple_ma,Triple Moving Average,22,12,54.55,34.66,17.85,10.26,8.18,-10.78,-22.67,-31.33,False
EWS,Singapore,11,trend_triple_ma,Triple Moving Average,21,12,57.14,36.55,18.81,13.36,8.77,-10.55,-27.56,-37.69,False
EWS,Singapore,12,trend_triple_ma,Triple Moving Average,19,10,52.63,31.71,15.4,11.49,11.36,-2.74,-26.54,-59.11,False
EWS,Singapore,1,trend_breakout_100,100-Day Range Breakout,23,0,0.0,0.0,0.0,1.81,0.77,-3.46,-9.87,-15.11,False
EWS,Singapore,2,trend_breakout_100,100-Day Range Breakout,21,3,14.29,4.98,1.68,0.42,1.08,-2.91,-26.16,-26.06,False
EWS,Singapore,3,trend_breakout_100,100-Day Range Breakout,19,3,15.79,5.52,1.86,2.3,1.33,-4.8,-15.21,-26.06,False
EWS,Singapore,4,trend_breakout_100,100-Day Range Breakout,17,4,23.53,9.55,3.5,5.13,4.3,-3.25,-9.66,-19.81,False
EWS,Singapore,5,trend_breakout_100,100-Day Range Breakout,17,7,41.18,21.61,9.38,4.75,5.71,-1.11,-25.06,-26.06,False
EWS,Singapore,6,trend_breakout_100,100-Day Range Breakout,17,8,47.06,26.16,11.84,7.68,9.31,-1.44,-17.12,-26.06,False
EWS,Singapore,7,trend_breakout_100,100-Day Range Breakout,17,7,41.18,21.61,9.38,7.25,8.91,-2.33,-18.16,-26.06,False
EWS,Singapore,8,trend_breakout_100,100-Day Range Breakout,16,9,56.25,33.18,15.54,12.08,9.57,-4.79,-23.88,-27.43,False
EWS,Singapore,9,trend_breakout_100,100-Day Range Breakout,15,9,60.0,35.75,16.7,13.01,13.76,-2.74,-17.81,-27.43,False
EWS,Singapore,10,trend_breakout_100,100-Day Range Breakout,13,6,46.15,23.21,9.54,8.53,12.78,-3.3,-22.67,-27.43,False
EWS,Singapore,11,trend_breakout_100,100-Day Range Breakout,13,7,53.85,29.14,12.55,12.49,12.53,-1.85,-22.47,-27.43,False
EWS,Singapore,12,trend_breakout_100,100-Day Range Breakout,13,7,53.85,29.14,12.55,15.92,15.76,3.68,-26.54,-28.17,False
EWS,Singapore,1,trend_breakout_200,200-Day Range Breakout,18,0,0.0,0.0,0.0,2.15,0.47,-5.09,-9.87,-15.11,False
EWS,Singapore,2,trend_breakout_200,200-Day Range Breakout,16,1,6.25,1.11,0.28,-1.69,-0.67,-3.55,-26.16,-26.06,False
EWS,Singapore,3,trend_breakout_200,200-Day Range Breakout,15,2,13.33,3.74,1.12,-0.03,0.07,-4.8,-15.21,-26.06,False
EWS,Singapore,4,trend_breakout_200,200-Day Range Breakout,13,2,15.38,4.33,1.29,5.13,3.31,-6.62,-9.66,-17.1,False
EWS,Singapore,5,trend_breakout_200,200-Day Range Breakout,13,5,38.46,17.71,6.89,4.75,3.85,-3.0,-25.06,-26.06,False
EWS,Singapore,6,trend_breakout_200,200-Day Range Breakout,13,5,38.46,17.71,6.89,7.54,5.16,-8.05,-17.12,-26.06,False
EWS,Singapore,7,trend_breakout_200,200-Day Range Breakout,13,4,30.77,12.68,4.61,6.69,4.22,-5.64,-18.16,-26.06,False
EWS,Singapore,8,trend_breakout_200,200-Day Range Breakout,13,7,53.85,29.14,12.55,11.94,2.97,-8.93,-23.88,-27.43,False
EWS,Singapore,9,trend_breakout_200,200-Day Range Breakout,13,7,53.85,29.14,12.55,10.39,7.54,-2.79,-17.81,-28.0,False
EWS,Singapore,10,trend_breakout_200,200-Day Range Breakout,11,3,27.27,9.75,3.25,1.6,3.8,-7.9,-22.67,-28.0,False
EWS,Singapore,11,trend_breakout_200,200-Day Range Breakout,11,5,45.45,21.27,8.22,0.57,3.95,-6.2,-22.49,-31.33,False
EWS,Singapore,12,trend_breakout_200,200-Day Range Breakout,10,4,40.0,16.82,6.07,0.66,7.7,-6.79,-26.54,-31.33,False
EWS,Singapore,1,momentum_90,90-Day Absolute Momentum,169,7,4.14,2.02,0.89,1.05,1.17,-2.06,-11.67,-16.04,False
EWS,Singapore,2,momentum_90,90-Day Absolute Momentum,100,13,13.0,7.76,4.09,1.55,1.33,-3.9,-26.16,-26.06,False
EWS,Singapore,3,momentum_90,90-Day Absolute Momentum,74,10,13.51,7.51,3.68,2.82,2.81,-2.56,-29.92,-37.69,False
EWS,Singapore,4,momentum_90,90-Day Absolute Momentum,59,12,20.34,12.04,6.21,4.15,3.5,-4.37,-21.58,-27.52,False
EWS,Singapore,5,momentum_90,90-Day Absolute Momentum,47,15,31.91,20.4,11.22,6.58,4.35,-3.16,-28.5,-37.69,False
EWS,Singapore,6,momentum_90,90-Day Absolute Momentum,43,15,34.88,22.42,12.34,3.85,4.83,-4.72,-40.27,-53.97,False
EWS,Singapore,7,momentum_90,90-Day Absolute Momentum,38,14,36.84,23.38,12.62,5.05,5.44,-6.85,-54.67,-57.84,False
EWS,Singapore,8,momentum_90,90-Day Absolute Momentum,33,17,51.52,35.22,20.13,11.01,6.96,-5.41,-50.58,-56.29,False
EWS,Singapore,9,momentum_90,90-Day Absolute Momentum,29,12,41.38,25.51,13.16,7.11,9.34,-5.78,-50.69,-57.84,False
EWS,Singapore,10,momentum_90,90-Day Absolute Momentum,28,13,46.43,29.53,15.6,6.57,9.84,-7.33,-32.34,-37.69,False
EWS,Singapore,11,momentum_90,90-Day Absolute Momentum,26,12,46.15,28.76,14.83,4.3,7.69,-5.9,-50.84,-60.57,False
EWS,Singapore,12,momentum_90,90-Day Absolute Momentum,24,12,50.0,31.43,16.19,7.47,11.48,-2.69,-51.31,-58.9,False
EWS,Singapore,1,momentum_180,180-Day Absolute Momentum,170,7,4.12,2.01,0.89,1.27,1.08,-1.92,-12.5,-15.61,False
EWS,Singapore,2,momentum_180,180-Day Absolute Momentum,93,13,13.98,8.35,4.41,2.22,1.8,-2.6,-26.16,-35.05,False
EWS,Singapore,3,momentum_180,180-Day Absolute Momentum,73,11,15.07,8.63,4.34,2.46,3.01,-0.84,-29.92,-37.69,False
EWS,Singapore,4,momentum_180,180-Day Absolute Momentum,55,12,21.82,12.95,6.68,4.15,3.13,-1.69,-26.43,-37.69,False
EWS,Singapore,5,momentum_180,180-Day Absolute Momentum,47,13,27.66,16.94,8.95,5.03,3.68,-3.3,-28.5,-35.05,False
EWS,Singapore,6,momentum_180,180-Day Absolute Momentum,38,16,42.11,27.85,15.63,5.64,6.18,-1.77,-26.43,-37.69,False
EWS,Singapore,7,momentum_180,180-Day Absolute Momentum,35,12,34.29,20.83,10.75,6.57,4.96,-2.37,-54.67,-57.84,False
EWS,Singapore,8,momentum_180,180-Day Absolute Momentum,31,13,41.94,26.42,13.96,8.37,6.31,-4.08,-50.58,-56.29,False
EWS,Singapore,9,momentum_180,180-Day Absolute Momentum,28,14,50.0,32.63,17.63,9.57,7.45,-5.45,-50.69,-57.84,False
EWS,Singapore,10,momentum_180,180-Day Absolute Momentum,26,14,53.85,35.46,19.15,12.91,9.91,-5.66,-32.34,-35.25,False
EWS,Singapore,11,momentum_180,180-Day Absolute Momentum,25,13,52.0,33.5,17.69,10.86,7.77,-6.28,-50.84,-60.57,False
EWS,Singapore,12,momentum_180,180-Day Absolute Momentum,22,11,50.0,30.72,15.4,11.48,12.63,-6.37,-15.01,-37.69,False
EWS,Singapore,1,momentum_270,270-Day Absolute Momentum,165,3,1.82,0.62,0.21,1.17,0.72,-1.94,-17.13,-17.61,False
EWS,Singapore,2,momentum_270,270-Day Absolute Momentum,88,10,11.36,6.29,3.08,0.99,0.5,-3.47,-26.16,-35.05,False
EWS,Singapore,3,momentum_270,270-Day Absolute Momentum,70,8,11.43,5.91,2.71,1.78,1.54,-3.15,-20.59,-35.05,False
EWS,Singapore,4,momentum_270,270-Day Absolute Momentum,54,10,18.52,10.38,5.08,1.99,1.78,-2.8,-30.28,-37.69,False
EWS,Singapore,5,momentum_270,270-Day Absolute Momentum,45,11,24.44,14.24,7.16,4.43,3.12,-1.69,-21.9,-37.69,False
EWS,Singapore,6,momentum_270,270-Day Absolute Momentum,38,13,34.21,21.21,11.21,5.02,4.52,-6.29,-17.47,-35.05,False
EWS,Singapore,7,momentum_270,270-Day Absolute Momentum,35,14,40.0,25.55,13.8,5.53,3.96,-7.0,-29.45,-30.87,False
EWS,Singapore,8,momentum_270,270-Day Absolute Momentum,28,13,46.43,29.53,15.6,6.48,3.83,-8.72,-28.56,-37.69,False
EWS,Singapore,9,momentum_270,270-Day Absolute Momentum,26,12,46.15,28.76,14.83,6.83,5.71,-4.02,-23.15,-37.69,False
EWS,Singapore,10,momentum_270,270-Day Absolute Momentum,24,9,37.5,21.16,9.99,2.04,4.84,-4.84,-47.6,-57.84,False
EWS,Singapore,11,momentum_270,270-Day Absolute Momentum,23,9,39.13,22.16,10.45,6.38,6.14,-7.99,-37.6,-59.11,False
EWS,Singapore,12,momentum_270,270-Day Absolute Momentum,21,9,42.86,24.47,11.53,-1.08,5.03,-13.18,-28.35,-37.69,False
EWS,Singapore,1,momentum_365,365-Day Absolute Momentum,163,3,1.84,0.63,0.21,1.17,0.66,-1.85,-17.13,-17.61,False
EWS,Singapore,2,momentum_365,365-Day Absolute Momentum,87,9,10.34,5.54,2.63,1.72,0.76,-3.34,-26.16,-35.05,False
EWS,Singapore,3,momentum_365,365-Day Absolute Momentum,68,11,16.18,9.28,4.67,2.89,2.25,-1.07,-16.47,-30.5,False
EWS,Singapore,4,momentum_365,365-Day Absolute Momentum,50,12,24.0,14.3,7.38,1.99,1.95,-3.7,-30.28,-37.69,False
EWS,Singapore,5,momentum_365,365-Day Absolute Momentum,41,12,29.27,17.61,9.09,6.15,4.24,-1.36,-22.14,-37.69,False
EWS,Singapore,6,momentum_365,365-Day Absolute Momentum,36,11,30.56,18.0,9.06,3.41,3.56,-2.82,-45.69,-52.51,False
EWS,Singapore,7,momentum_365,365-Day Absolute Momentum,31,13,41.94,26.42,13.96,5.34,3.55,-7.42,-29.45,-37.69,False
EWS,Singapore,8,momentum_365,365-Day Absolute Momentum,28,12,42.86,26.51,13.67,6.04,5.96,-4.74,-20.68,-37.69,False
EWS,Singapore,9,momentum_365,365-Day Absolute Momentum,25,11,44.0,26.67,13.39,3.39,3.78,-7.11,-45.53,-56.94,False
EWS,Singapore,10,momentum_365,365-Day Absolute Momentum,24,11,45.83,27.89,14.0,3.51,6.04,-7.79,-47.6,-57.84,False
EWS,Singapore,11,momentum_365,365-Day Absolute Momentum,22,10,45.45,26.92,13.11,5.5,8.23,-8.45,-20.9,-37.69,False
EWS,Singapore,12,momentum_365,365-Day Absolute Momentum,21,9,42.86,24.47,11.53,1.33,6.25,-6.22,-51.31,-58.9,False
EWS,Singapore,1,momentum_dual_90_180,Dual Momentum 90/180,146,5,3.42,1.47,0.59,1.08,1.01,-2.01,-10.84,-15.61,False
EWS,Singapore,2,momentum_dual_90_180,Dual Momentum 90/180,85,10,11.76,6.52,3.19,2.22,1.31,-3.49,-26.16,-26.06,False
EWS,Singapore,3,momentum_dual_90_180,Dual Momentum 90/180,66,9,13.64,7.34,3.49,3.04,2.68,-2.56,-29.92,-37.69,False
EWS,Singapore,4,momentum_dual_90_180,Dual Momentum 90/180,51,11,21.57,12.49,6.29,4.15,2.57,-2.36,-25.83,-37.69,False
EWS,Singapore,5,momentum_dual_90_180,Dual Momentum 90/180,42,13,30.95,19.07,10.07,4.89,4.12,-3.34,-28.5,-33.75,False
EWS,Singapore,6,momentum_dual_90_180,Dual Momentum 90/180,35,15,42.86,27.98,15.42,4.26,6.4,-2.32,-26.43,-37.69,False
EWS,Singapore,7,momentum_dual_90_180,Dual Momentum 90/180,32,10,31.25,17.95,8.77,6.16,5.96,-2.78,-22.24,-37.69,False
EWS,Singapore,8,momentum_dual_90_180,Dual Momentum 90/180,30,12,40.0,24.59,12.69,7.88,5.44,-4.37,-50.58,-56.29,False
EWS,Singapore,9,momentum_dual_90_180,Dual Momentum 90/180,28,15,53.57,35.81,19.75,10.41,8.1,-5.45,-50.69,-57.84,False
EWS,Singapore,10,momentum_dual_90_180,Dual Momentum 90/180,25,13,52.0,33.5,17.69,13.11,8.17,-6.33,-32.34,-35.25,False
EWS,Singapore,11,momentum_dual_90_180,Dual Momentum 90/180,24,13,54.17,35.07,18.52,11.27,8.47,-5.49,-37.6,-59.11,False
EWS,Singapore,12,momentum_dual_90_180,Dual Momentum 90/180,21,11,52.38,32.37,16.22,14.96,10.1,-7.2,-51.31,-58.9,False
EWS,Singapore,1,momentum_dual_180_365,Dual Momentum 180/365,134,3,2.24,0.76,0.26,1.38,0.88,-1.77,-12.5,-15.61,False
EWS,Singapore,2,momentum_dual_180_365,Dual Momentum 180/365,74,7,9.46,4.66,2.05,1.88,1.08,-3.06,-26.16,-35.05,False
EWS,Singapore,3,momentum_dual_180_365,Dual Momentum 180/365,58,7,12.07,5.97,2.63,2.74,2.97,0.03,-16.47,-19.4,False
EWS,Singapore,4,momentum_dual_180_365,Dual Momentum 180/365,45,13,28.89,17.73,9.37,2.62,2.6,-3.26,-26.43,-37.69,False
EWS,Singapore,5,momentum_dual_180_365,Dual Momentum 180/365,39,9,23.08,12.65,5.99,2.91,2.22,-3.5,-28.5,-37.69,False
EWS,Singapore,6,momentum_dual_180_365,Dual Momentum 180/365,32,10,31.25,17.95,8.77,4.23,5.11,-2.21,-21.35,-37.69,False
EWS,Singapore,7,momentum_dual_180_365,Dual Momentum 180/365,29,12,41.38,25.51,13.16,5.75,3.03,-4.89,-54.67,-57.84,False
EWS,Singapore,8,momentum_dual_180_365,Dual Momentum 180/365,26,11,42.31,25.54,12.83,8.23,5.77,-5.3,-22.06,-37.69,False
EWS,Singapore,9,momentum_dual_180_365,Dual Momentum 180/365,22,11,50.0,30.72,15.4,8.53,8.62,-1.81,-21.79,-37.69,False
EWS,Singapore,10,momentum_dual_180_365,Dual Momentum 180/365,22,9,40.91,23.26,10.96,2.22,4.5,-7.97,-58.58,-59.37,False
EWS,Singapore,11,momentum_dual_180_365,Dual Momentum 180/365,19,9,47.37,27.33,12.85,0.39,7.45,-9.18,-27.93,-33.33,False
EWS,Singapore,12,momentum_dual_180_365,Dual Momentum 180/365,18,9,50.0,29.03,13.64,9.23,7.54,-6.19,-51.31,-58.9,False
EWS,Singapore,1,momentum_rank_90,Top Relative Momentum 90,57,3,5.26,1.81,0.61,2.23,1.34,-1.24,-18.2,-18.1,False
EWS,Singapore,2,momentum_rank_90,Top Relative Momentum 90,41,7,17.07,8.53,3.74,-0.68,0.02,-5.44,-26.16,-26.06,False
EWS,Singapore,3,momentum_rank_90,Top Relative Momentum 90,35,8,22.86,12.07,5.51,1.76,3.06,-4.97,-20.78,-27.65,False
EWS,Singapore,4,momentum_rank_90,Top Relative Momentum 90,31,6,19.35,9.19,3.84,1.37,-0.39,-6.75,-42.85,-53.1,False
EWS,Singapore,5,momentum_rank_90,Top Relative Momentum 90,30,9,30.0,16.66,7.88,3.65,1.75,-8.12,-49.77,-53.97,False
EWS,Singapore,6,momentum_rank_90,Top Relative Momentum 90,26,9,34.62,19.41,9.17,3.64,4.75,-2.66,-40.27,-53.97,False
EWS,Singapore,7,momentum_rank_90,Top Relative Momentum 90,24,10,41.67,24.47,11.93,5.51,5.44,-6.0,-45.36,-53.97,False
EWS,Singapore,8,momentum_rank_90,Top Relative Momentum 90,23,10,43.48,25.63,12.49,4.05,3.57,-6.65,-54.1,-55.63,False
EWS,Singapore,9,momentum_rank_90,Top Relative Momentum 90,22,10,45.45,26.92,13.11,7.98,6.03,-6.44,-45.53,-56.94,False
EWS,Singapore,10,momentum_rank_90,Top Relative Momentum 90,21,9,42.86,24.47,11.53,4.21,5.87,-12.72,-31.87,-56.94,False
EWS,Singapore,11,momentum_rank_90,Top Relative Momentum 90,20,8,40.0,21.88,9.93,3.88,7.38,-10.67,-24.43,-56.94,False
EWS,Singapore,12,momentum_rank_90,Top Relative Momentum 90,19,8,42.11,23.14,10.5,6.6,8.68,-8.99,-25.25,-56.94,False
EWS,Singapore,1,momentum,Top Relative Momentum 180,51,4,7.84,3.09,1.15,2.21,2.52,-1.35,-9.03,-15.61,False
EWS,Singapore,2,momentum,Top Relative Momentum 180,32,4,12.5,4.97,1.83,3.03,2.49,-2.96,-13.6,-15.5,False
EWS,Singapore,3,momentum,Top Relative Momentum 180,25,6,24.0,11.5,4.79,5.41,5.54,-0.15,-11.87,-23.33,False
EWS,Singapore,4,momentum,Top Relative Momentum 180,21,7,33.33,17.19,7.5,4.88,4.69,-3.26,-15.65,-28.0,False
EWS,Singapore,5,momentum,Top Relative Momentum 180,19,8,42.11,23.14,10.5,7.29,8.9,-0.51,-10.0,-21.47,False
EWS,Singapore,6,momentum,Top Relative Momentum 180,15,7,46.67,24.81,10.74,7.21,9.6,0.86,-16.94,-23.33,False
EWS,Singapore,7,momentum,Top Relative Momentum 180,15,7,46.67,24.81,10.74,8.66,8.98,-2.24,-18.16,-31.33,False
EWS,Singapore,8,momentum,Top Relative Momentum 180,15,8,53.33,30.12,13.58,11.69,9.42,2.18,-23.88,-31.33,False
EWS,Singapore,9,momentum,Top Relative Momentum 180,15,9,60.0,35.75,16.7,12.2,11.83,4.1,-17.81,-31.33,False
EWS,Singapore,10,momentum,Top Relative Momentum 180,14,8,57.14,32.59,14.65,11.57,11.82,0.41,-22.67,-27.43,False
EWS,Singapore,11,momentum,Top Relative Momentum 180,12,8,66.67,39.06,17.43,15.85,17.24,-0.92,-22.47,-27.43,False
EWS,Singapore,12,momentum,Top Relative Momentum 180,11,6,54.55,28.01,11.43,17.37,12.98,-0.99,-26.54,-37.69,False
EWS,Singapore,1,momentum_rank_365,Top Relative Momentum 365,51,3,5.88,2.02,0.69,1.17,0.63,-1.95,-17.13,-17.61,False
EWS,Singapore,2,momentum_rank_365,Top Relative Momentum 365,32,4,12.5,4.97,1.83,2.24,0.48,-4.46,-26.16,-26.06,False
EWS,Singapore,3,momentum_rank_365,Top Relative Momentum 365,28,4,14.29,5.7,2.1,2.72,-0.61,-6.11,-42.48,-51.62,False
EWS,Singapore,4,momentum_rank_365,Top Relative Momentum 365,22,4,18.18,7.31,2.69,1.25,-2.25,-9.27,-49.44,-52.51,False
EWS,Singapore,5,momentum_rank_365,Top Relative Momentum 365,19,6,31.58,15.36,6.38,6.41,0.22,-6.79,-39.88,-52.51,False
EWS,Singapore,6,momentum_rank_365,Top Relative Momentum 365,17,4,23.53,9.55,3.5,7.21,0.86,-6.13,-26.0,-37.69,False
EWS,Singapore,7,momentum_rank_365,Top Relative Momentum 365,16,4,25.0,10.18,3.72,1.2,-0.97,-6.14,-54.67,-57.84,False
EWS,Singapore,8,momentum_rank_365,Top Relative Momentum 365,15,4,26.67,10.9,3.98,-0.07,-0.31,-11.29,-42.53,-55.58,False
EWS,Singapore,9,momentum_rank_365,Top Relative Momentum 365,13,5,38.46,17.71,6.89,7.11,4.48,-12.42,-21.79,-37.69,False
EWS,Singapore,10,momentum_rank_365,Top Relative Momentum 365,12,5,41.67,19.33,7.5,5.19,4.36,-11.17,-32.34,-37.69,False
EWS,Singapore,11,momentum_rank_365,Top Relative Momentum 365,10,4,40.0,16.82,6.07,-0.87,1.8,-5.9,-52.07,-57.84,False
EWS,Singapore,12,momentum_rank_365,Top Relative Momentum 365,10,3,30.0,10.78,3.58,4.49,4.15,-8.03,-45.73,-57.84,False
EWS,Singapore,1,momentum_composite,Composite Momentum,50,4,8.0,3.15,1.17,2.85,2.34,-1.15,-9.87,-15.61,False
EWS,Singapore,2,momentum_composite,Composite Momentum,32,4,12.5,4.97,1.83,1.92,0.88,-3.53,-26.16,-26.06,False
EWS,Singapore,3,momentum_composite,Composite Momentum,23,7,30.43,15.6,6.81,5.9,4.74,-0.84,-15.21,-26.06,False
EWS,Singapore,4,momentum_composite,Composite Momentum,21,7,33.33,17.19,7.5,4.67,2.83,-3.04,-19.09,-28.0,False
EWS,Singapore,5,momentum_composite,Composite Momentum,21,7,33.33,17.19,7.5,6.7,3.66,-4.33,-28.5,-33.75,False
EWS,Singapore,6,momentum_composite,Composite Momentum,17,8,47.06,26.16,11.84,7.54,4.47,-2.13,-48.42,-57.05,False
EWS,Singapore,7,momentum_composite,Composite Momentum,17,8,47.06,26.16,11.84,9.85,2.88,-7.64,-54.67,-57.84,False
EWS,Singapore,8,momentum_composite,Composite Momentum,16,7,43.75,23.1,10.01,8.93,4.08,-8.5,-46.09,-57.84,False
EWS,Singapore,9,momentum_composite,Composite Momentum,15,8,53.33,30.12,13.58,12.2,9.19,-2.16,-17.81,-28.0,False
EWS,Singapore,10,momentum_composite,Composite Momentum,15,8,53.33,30.12,13.58,12.71,8.76,-7.63,-22.67,-28.0,False
EWS,Singapore,11,momentum_composite,Composite Momentum,15,8,53.33,30.12,13.58,18.35,7.97,-13.66,-32.02,-36.59,False
EWS,Singapore,12,momentum_composite,Composite Momentum,14,7,50.0,26.8,11.57,11.99,5.92,-11.76,-51.31,-58.9,False
EWS,Singapore,1,drawdown_recovery_20,20% Drawdown Recovery,29,4,13.79,5.5,2.03,-0.93,0.41,-5.67,-15.38,-28.52,False
EWS,Singapore,2,drawdown_recovery_20,20% Drawdown Recovery,24,5,20.83,9.24,3.64,0.98,1.89,-6.5,-21.07,-28.52,False
EWS,Singapore,3,drawdown_recovery_20,20% Drawdown Recovery,20,3,15.0,5.24,1.76,0.3,3.04,-6.28,-29.3,-32.2,False
EWS,Singapore,4,drawdown_recovery_20,20% Drawdown Recovery,18,5,27.78,12.5,4.9,3.99,2.52,-4.61,-32.84,-44.07,False
EWS,Singapore,5,drawdown_recovery_20,20% Drawdown Recovery,16,5,31.25,14.16,5.54,4.53,2.72,-1.9,-39.04,-44.07,False
EWS,Singapore,6,drawdown_recovery_20,20% Drawdown Recovery,16,6,37.5,18.48,7.64,4.95,2.44,-2.89,-51.54,-57.05,False
EWS,Singapore,7,drawdown_recovery_20,20% Drawdown Recovery,16,5,31.25,14.16,5.54,3.93,2.69,-4.45,-54.67,-57.84,False
EWS,Singapore,8,drawdown_recovery_20,20% Drawdown Recovery,14,5,35.71,16.34,6.37,6.22,7.65,-0.02,-46.09,-57.84,False
EWS,Singapore,9,drawdown_recovery_20,20% Drawdown Recovery,13,5,38.46,17.71,6.89,7.11,10.91,0.14,-50.69,-57.84,False
EWS,Singapore,10,drawdown_recovery_20,20% Drawdown Recovery,13,5,38.46,17.71,6.89,4.52,8.85,-2.44,-58.58,-59.37,False
EWS,Singapore,11,drawdown_recovery_20,20% Drawdown Recovery,13,6,46.15,23.21,9.54,9.32,7.05,-8.99,-50.84,-60.57,False
EWS,Singapore,12,drawdown_recovery_20,20% Drawdown Recovery,13,5,38.46,17.71,6.89,2.12,5.77,-9.56,-43.72,-60.57,False
EWS,Singapore,1,drawdown_recovery,25% Drawdown Recovery,14,2,14.29,4.01,1.2,-0.74,1.5,-5.11,-12.24,-16.19,False
EWS,Singapore,2,drawdown_recovery,25% Drawdown Recovery,11,3,27.27,9.75,3.25,5.89,3.41,-3.48,-21.07,-26.86,False
EWS,Singapore,3,drawdown_recovery,25% Drawdown Recovery,11,2,18.18,5.14,1.53,2.26,4.2,-0.98,-29.3,-32.2,False
EWS,Singapore,4,drawdown_recovery,25% Drawdown Recovery,10,3,30.0,10.78,3.58,4.83,2.33,1.89,-32.84,-44.07,False
EWS,Singapore,5,drawdown_recovery,25% Drawdown Recovery,10,4,40.0,16.82,6.07,4.34,5.5,-0.01,-39.04,-44.07,False
EWS,Singapore,6,drawdown_recovery,25% Drawdown Recovery,10,3,30.0,10.78,3.58,6.76,6.95,1.15,-51.54,-56.08,False
EWS,Singapore,7,drawdown_recovery,25% Drawdown Recovery,10,3,30.0,10.78,3.58,2.75,7.15,-4.95,-48.84,-56.94,False
EWS,Singapore,8,drawdown_recovery,25% Drawdown Recovery,8,3,37.5,13.68,4.51,6.95,15.22,-2.67,-20.06,-56.94,False
EWS,Singapore,9,drawdown_recovery,25% Drawdown Recovery,8,3,37.5,13.68,4.51,4.34,13.05,-6.03,-15.56,-56.94,False
EWS,Singapore,10,drawdown_recovery,25% Drawdown Recovery,8,2,25.0,7.15,2.12,0.88,9.7,-6.46,-11.08,-56.94,False
EWS,Singapore,11,drawdown_recovery,25% Drawdown Recovery,8,3,37.5,13.68,4.51,0.48,9.43,-10.7,-15.62,-56.94,False
EWS,Singapore,12,drawdown_recovery,25% Drawdown Recovery,8,3,37.5,13.68,4.51,4.01,10.99,-5.24,-20.16,-56.94,False
EWS,Singapore,1,drawdown_recovery_30,30% Drawdown Recovery,19,4,21.05,8.51,3.12,-0.93,1.68,-6.0,-15.38,-28.52,False
EWS,Singapore,2,drawdown_recovery_30,30% Drawdown Recovery,14,5,35.71,16.34,6.37,-0.37,3.32,-7.06,-21.07,-28.52,False
EWS,Singapore,3,drawdown_recovery_30,30% Drawdown Recovery,12,3,25.0,8.89,2.97,0.06,4.29,-8.03,-29.3,-32.2,False
EWS,Singapore,4,drawdown_recovery_30,30% Drawdown Recovery,11,4,36.36,15.17,5.49,5.45,4.17,-1.16,-32.84,-44.07,False
EWS,Singapore,5,drawdown_recovery_30,30% Drawdown Recovery,9,4,44.44,18.88,6.78,6.61,4.65,-1.82,-39.04,-44.07,False
EWS,Singapore,6,drawdown_recovery_30,30% Drawdown Recovery,9,4,44.44,18.88,6.78,7.54,6.02,0.22,-51.54,-56.08,False
EWS,Singapore,7,drawdown_recovery_30,30% Drawdown Recovery,9,3,33.33,12.06,3.99,5.34,7.65,-5.64,-48.84,-56.94,False
EWS,Singapore,8,drawdown_recovery_30,30% Drawdown Recovery,8,3,37.5,13.68,4.51,5.8,14.07,-4.39,-20.06,-56.94,False
EWS,Singapore,9,drawdown_recovery_30,30% Drawdown Recovery,7,3,42.86,15.82,5.18,4.14,11.74,-9.61,-30.81,-56.94,False
EWS,Singapore,10,drawdown_recovery_30,30% Drawdown Recovery,7,3,42.86,15.82,5.18,4.52,14.2,-3.43,-23.94,-56.94,False
EWS,Singapore,11,drawdown_recovery_30,30% Drawdown Recovery,7,3,42.86,15.82,5.18,5.88,10.22,-12.3,-26.69,-56.94,False
EWS,Singapore,12,drawdown_recovery_30,30% Drawdown Recovery,7,3,42.86,15.82,5.18,9.76,10.71,-14.86,-26.55,-56.94,False
EWS,Singapore,1,drawdown_recovery_40,40% Drawdown Recovery,14,4,28.57,11.72,4.27,-3.5,2.2,-6.2,-15.38,-28.52,False
EWS,Singapore,2,drawdown_recovery_40,40% Drawdown Recovery,10,5,50.0,23.66,9.1,4.16,4.73,-10.26,-21.07,-28.52,False
EWS,Singapore,3,drawdown_recovery_40,40% Drawdown Recovery,8,2,25.0,7.15,2.12,2.16,6.98,-6.28,-29.3,-32.2,False
EWS,Singapore,4,drawdown_recovery_40,40% Drawdown Recovery,7,3,42.86,15.82,5.18,5.45,2.85,-2.6,-32.84,-44.07,False
EWS,Singapore,5,drawdown_recovery_40,40% Drawdown Recovery,6,3,50.0,18.76,6.09,9.21,4.12,1.53,-39.04,-44.07,False
EWS,Singapore,6,drawdown_recovery_40,40% Drawdown Recovery,5,3,60.0,23.07,7.39,11.56,6.43,3.91,-51.54,-56.08,False
EWS,Singapore,7,drawdown_recovery_40,40% Drawdown Recovery,5,2,40.0,11.76,3.43,6.61,10.35,5.34,-48.84,-56.94,False
EWS,Singapore,8,drawdown_recovery_40,40% Drawdown Recovery,4,2,50.0,15.0,4.32,23.95,20.24,-2.2,-20.06,-56.94,False
EWS,Singapore,9,drawdown_recovery_40,40% Drawdown Recovery,4,2,50.0,15.0,4.32,22.37,18.58,-0.79,-15.56,-56.94,False
EWS,Singapore,10,drawdown_recovery_40,40% Drawdown Recovery,4,2,50.0,15.0,4.32,19.53,18.97,0.62,-11.08,-56.94,False
EWS,Singapore,11,drawdown_recovery_40,40% Drawdown Recovery,4,2,50.0,15.0,4.32,5.6,14.03,-10.64,-15.62,-56.94,False
EWS,Singapore,12,drawdown_recovery_40,40% Drawdown Recovery,4,2,50.0,15.0,4.32,5.83,14.61,-12.21,-20.16,-56.94,False
EWS,Singapore,1,rsi14_recovery,RSI 14 Recovery,62,2,3.23,0.89,0.27,-0.62,-0.25,-3.69,-15.38,-28.52,False
EWS,Singapore,2,rsi14_recovery,RSI 14 Recovery,52,5,9.62,4.18,1.66,0.99,0.63,-3.47,-26.16,-28.52,False
EWS,Singapore,3,rsi14_recovery,RSI 14 Recovery,43,4,9.3,3.68,1.36,2.65,0.9,-7.16,-29.3,-32.2,False
EWS,Singapore,4,rsi14_recovery,RSI 14 Recovery,40,6,15.0,7.06,2.96,2.22,2.69,-4.58,-32.84,-44.07,False
EWS,Singapore,5,rsi14_recovery,RSI 14 Recovery,33,11,33.33,19.75,9.93,-0.11,2.09,-4.52,-39.04,-44.07,False
EWS,Singapore,6,rsi14_recovery,RSI 14 Recovery,31,12,38.71,23.73,12.24,-0.21,2.54,-7.27,-51.54,-56.08,False
EWS,Singapore,7,rsi14_recovery,RSI 14 Recovery,26,11,42.31,25.54,12.83,4.04,4.81,-4.69,-48.84,-57.05,False
EWS,Singapore,8,rsi14_recovery,RSI 14 Recovery,25,11,44.0,26.67,13.39,7.21,6.22,-3.57,-53.42,-57.84,False
EWS,Singapore,9,rsi14_recovery,RSI 14 Recovery,24,11,45.83,27.89,14.0,5.47,5.49,-6.27,-44.6,-57.84,False
EWS,Singapore,10,rsi14_recovery,RSI 14 Recovery,23,10,43.48,25.63,12.49,4.52,5.15,-7.76,-49.95,-57.84,False
EWS,Singapore,11,rsi14_recovery,RSI 14 Recovery,21,9,42.86,24.47,11.53,4.27,5.18,-9.86,-57.43,-59.37,False
EWS,Singapore,12,rsi14_recovery,RSI 14 Recovery,21,7,33.33,17.19,7.5,-0.66,4.9,-9.56,-49.48,-60.57,False
EWS,Singapore,1,rsi28_recovery,RSI 28 Recovery,32,2,6.25,1.73,0.52,-0.29,1.35,-3.37,-15.38,-28.52,False
EWS,Singapore,2,rsi28_recovery,RSI 28 Recovery,29,4,13.79,5.5,2.03,1.21,3.24,-2.62,-18.97,-28.52,False
EWS,Singapore,3,rsi28_recovery,RSI 28 Recovery,26,4,15.38,6.15,2.27,3.84,3.77,-3.15,-29.3,-32.2,False
EWS,Singapore,4,rsi28_recovery,RSI 28 Recovery,24,7,29.17,14.91,6.52,4.93,6.4,-0.21,-32.84,-44.07,False
EWS,Singapore,5,rsi28_recovery,RSI 28 Recovery,21,8,38.1,20.75,9.43,5.58,6.87,-0.41,-39.04,-44.07,False
EWS,Singapore,6,rsi28_recovery,RSI 28 Recovery,21,8,38.1,20.75,9.43,2.62,5.48,-6.3,-51.54,-56.08,False
EWS,Singapore,7,rsi28_recovery,RSI 28 Recovery,20,8,40.0,21.88,9.93,6.0,7.47,-2.09,-48.84,-56.94,False
EWS,Singapore,8,rsi28_recovery,RSI 28 Recovery,20,7,35.0,18.12,7.89,4.83,10.65,-4.31,-20.06,-56.94,False
EWS,Singapore,9,rsi28_recovery,RSI 28 Recovery,19,7,36.84,19.15,8.34,6.8,10.96,-9.44,-18.72,-56.94,False
EWS,Singapore,10,rsi28_recovery,RSI 28 Recovery,16,5,31.25,14.16,5.54,3.98,11.19,-7.12,-20.45,-56.94,False
EWS,Singapore,11,rsi28_recovery,RSI 28 Recovery,16,7,43.75,23.1,10.01,1.41,11.15,-9.2,-15.62,-56.94,False
EWS,Singapore,12,rsi28_recovery,RSI 28 Recovery,16,6,37.5,18.48,7.64,3.08,12.18,-3.74,-20.16,-56.94,False
EWS,Singapore,1,bollinger_recovery,Bollinger Recovery,36,2,5.56,1.54,0.46,0.98,0.6,-2.86,-15.38,-28.52,False
EWS,Singapore,2,bollinger_recovery,Bollinger Recovery,34,5,14.71,6.45,2.55,1.64,2.08,-2.67,-26.16,-28.52,False
EWS,Singapore,3,bollinger_recovery,Bollinger Recovery,32,5,15.62,6.86,2.71,3.21,3.23,-4.56,-15.21,-28.52,False
EWS,Singapore,4,bollinger_recovery,Bollinger Recovery,28,8,28.57,15.25,6.96,5.47,6.05,-0.21,-19.09,-28.52,False
EWS,Singapore,5,bollinger_recovery,Bollinger Recovery,28,11,39.29,23.57,11.84,5.89,6.88,-3.38,-18.23,-28.52,False
EWS,Singapore,6,bollinger_recovery,Bollinger Recovery,28,12,42.86,26.51,13.67,7.71,5.93,-6.44,-26.43,-37.69,False
EWS,Singapore,7,bollinger_recovery,Bollinger Recovery,26,12,46.15,28.76,14.83,7.49,6.83,-7.04,-20.44,-37.69,False
EWS,Singapore,8,bollinger_recovery,Bollinger Recovery,21,8,38.1,20.75,9.43,3.76,6.72,-6.64,-18.0,-37.69,False
EWS,Singapore,9,bollinger_recovery,Bollinger Recovery,20,9,45.0,25.82,12.15,6.83,8.48,-8.98,-18.47,-37.69,False
EWS,Singapore,10,bollinger_recovery,Bollinger Recovery,18,7,38.89,20.3,8.83,4.67,7.63,-5.88,-20.64,-37.69,False
EWS,Singapore,11,bollinger_recovery,Bollinger Recovery,18,8,44.44,24.56,11.13,1.41,7.27,-13.1,-24.43,-37.69,False
EWS,Singapore,12,bollinger_recovery,Bollinger Recovery,17,6,35.29,17.31,7.17,6.64,10.18,-9.56,-33.43,-39.18,False
EWS,Singapore,1,low_vol_trend,Low-Volatility Trend,110,1,0.91,0.16,0.04,1.23,0.85,-1.83,-9.87,-15.61,False
EWS,Singapore,2,low_vol_trend,Low-Volatility Trend,67,3,4.48,1.53,0.52,1.58,0.64,-3.48,-26.16,-26.06,False
EWS,Singapore,3,low_vol_trend,Low-Volatility Trend,50,3,6.0,2.06,0.7,1.55,1.76,-1.73,-10.91,-16.34,False
EWS,Singapore,4,low_vol_trend,Low-Volatility Trend,39,6,15.38,7.25,3.04,1.91,2.16,-1.4,-21.73,-26.06,False
EWS,Singapore,5,low_vol_trend,Low-Volatility Trend,35,9,25.71,14.16,6.71,3.88,3.09,0.39,-24.76,-37.69,False
EWS,Singapore,6,low_vol_trend,Low-Volatility Trend,29,9,31.03,17.28,8.17,5.99,4.46,-0.73,-24.04,-37.69,False
EWS,Singapore,7,low_vol_trend,Low-Volatility Trend,27,12,44.44,27.59,14.22,8.88,5.58,-3.01,-22.24,-37.69,False
EWS,Singapore,8,low_vol_trend,Low-Volatility Trend,23,10,43.48,25.63,12.49,7.85,6.77,-1.34,-22.06,-37.69,False
EWS,Singapore,9,low_vol_trend,Low-Volatility Trend,21,9,42.86,24.47,11.53,5.67,6.31,-3.62,-17.29,-37.69,False
EWS,Singapore,10,low_vol_trend,Low-Volatility Trend,21,10,47.62,28.34,13.79,8.45,7.5,-4.26,-24.94,-37.69,False
EWS,Singapore,11,low_vol_trend,Low-Volatility Trend,18,10,55.56,33.72,16.36,15.24,9.65,-3.93,-24.43,-31.67,False
EWS,Singapore,12,low_vol_trend,Low-Volatility Trend,16,8,50.0,28.0,12.65,8.95,6.92,-9.95,-21.9,-37.69,False
EWS,Singapore,1,vol_contraction_trend,Volatility Contraction Trend,55,3,5.45,1.87,0.64,1.5,1.15,-2.55,-9.62,-16.04,False
EWS,Singapore,2,vol_contraction_trend,Volatility Contraction Trend,42,4,9.52,3.77,1.39,2.43,1.6,-3.22,-12.48,-19.81,False
EWS,Singapore,3,vol_contraction_trend,Volatility Contraction Trend,36,6,16.67,7.87,3.29,3.83,2.82,-1.78,-16.03,-23.33,False
EWS,Singapore,4,vol_contraction_trend,Volatility Contraction Trend,32,9,28.12,15.56,7.37,3.49,2.63,-6.3,-30.28,-37.69,False
EWS,Singapore,5,vol_contraction_trend,Volatility Contraction Trend,29,11,37.93,22.69,11.4,4.7,4.43,-2.28,-45.42,-55.47,False
EWS,Singapore,6,vol_contraction_trend,Volatility Contraction Trend,28,12,42.86,26.51,13.67,7.41,5.16,-1.94,-52.29,-56.29,False
EWS,Singapore,7,vol_contraction_trend,Volatility Contraction Trend,26,12,46.15,28.76,14.83,7.45,4.01,-5.61,-43.74,-56.29,False
EWS,Singapore,8,vol_contraction_trend,Volatility Contraction Trend,24,9,37.5,21.16,9.99,7.24,3.73,-5.15,-50.58,-56.29,False
EWS,Singapore,9,vol_contraction_trend,Volatility Contraction Trend,22,9,40.91,23.26,10.96,4.95,5.84,-5.21,-57.42,-57.87,False
EWS,Singapore,10,vol_contraction_trend,Volatility Contraction Trend,20,8,40.0,21.88,9.93,3.84,4.87,-6.91,-47.01,-59.11,False
EWS,Singapore,11,vol_contraction_trend,Volatility Contraction Trend,19,9,47.37,27.33,12.85,9.16,8.54,-3.38,-37.6,-59.11,False
EWS,Singapore,12,vol_contraction_trend,Volatility Contraction Trend,16,9,56.25,33.18,15.54,12.89,12.36,-3.99,-25.47,-59.11,False
EWS,Singapore,1,breadth_trend,Broad-Market Trend,158,4,2.53,0.99,0.37,1.23,1.04,-2.01,-10.84,-16.04,False
EWS,Singapore,2,breadth_trend,Broad-Market Trend,88,10,11.36,6.29,3.08,1.22,1.01,-3.37,-26.16,-26.06,False
EWS,Singapore,3,breadth_trend,Broad-Market Trend,68,10,14.71,8.19,4.01,1.53,1.94,-3.94,-24.93,-27.52,False
EWS,Singapore,4,breadth_trend,Broad-Market Trend,53,10,18.87,10.59,5.18,3.47,2.3,-1.9,-30.28,-37.69,False
EWS,Singapore,5,breadth_trend,Broad-Market Trend,44,14,31.82,20.0,10.79,5.34,2.44,-2.88,-45.42,-55.47,False
EWS,Singapore,6,breadth_trend,Broad-Market Trend,37,11,29.73,17.49,8.8,2.54,4.19,-2.5,-24.04,-37.69,False
EWS,Singapore,7,breadth_trend,Broad-Market Trend,35,15,42.86,27.98,15.42,6.77,6.24,-2.01,-43.74,-56.29,False
EWS,Singapore,8,breadth_trend,Broad-Market Trend,31,14,45.16,29.16,15.75,5.12,4.96,-4.42,-50.58,-56.29,False
EWS,Singapore,9,breadth_trend,Broad-Market Trend,28,12,42.86,26.51,13.67,5.24,6.15,-6.12,-57.42,-57.87,False
EWS,Singapore,10,breadth_trend,Broad-Market Trend,26,13,50.0,32.06,16.93,9.89,8.81,-3.06,-32.34,-35.25,False
EWS,Singapore,11,breadth_trend,Broad-Market Trend,25,11,44.0,26.67,13.39,8.36,6.48,-6.07,-37.6,-59.11,False
EWS,Singapore,12,breadth_trend,Broad-Market Trend,22,10,45.45,26.92,13.11,8.18,8.15,-14.25,-25.7,-59.11,False
EWT,Taiwan,1,buy_hold,Buy & Hold Benchmark,226,21,9.29,6.16,3.67,0.77,0.89,-3.27,-18.05,-29.73,False
EWT,Taiwan,2,buy_hold,Buy & Hold Benchmark,118,19,16.1,10.56,6.16,2.24,1.67,-3.73,-29.41,-41.38,False
EWT,Taiwan,3,buy_hold,Buy & Hold Benchmark,90,21,23.33,15.8,9.46,3.76,2.66,-3.92,-38.67,-47.1,False
EWT,Taiwan,4,buy_hold,Buy & Hold Benchmark,65,20,30.77,20.89,12.4,3.57,3.02,-1.89,-37.62,-38.74,False
EWT,Taiwan,5,buy_hold,Buy & Hold Benchmark,53,17,32.08,21.09,12.01,5.05,5.52,-3.39,-41.29,-47.1,False
EWT,Taiwan,6,buy_hold,Buy & Hold Benchmark,45,17,37.78,25.11,14.31,6.1,6.9,-0.51,-44.21,-52.56,False
EWT,Taiwan,7,buy_hold,Buy & Hold Benchmark,39,15,38.46,24.89,13.71,7.17,6.76,-0.39,-56.98,-61.71,False
EWT,Taiwan,8,buy_hold,Buy & Hold Benchmark,34,17,50.0,34.07,19.47,9.78,9.64,-1.34,-55.31,-60.35,False
EWT,Taiwan,9,buy_hold,Buy & Hold Benchmark,30,16,53.33,36.14,20.31,10.6,9.04,1.59,-34.75,-53.14,False
EWT,Taiwan,10,buy_hold,Buy & Hold Benchmark,28,16,57.14,39.07,21.97,10.92,11.8,1.16,-55.34,-61.8,False
EWT,Taiwan,11,buy_hold,Buy & Hold Benchmark,25,13,52.0,33.5,17.69,11.32,10.84,-1.82,-47.44,-61.87,False
EWT,Taiwan,12,buy_hold,Buy & Hold Benchmark,24,10,41.67,24.47,11.93,7.01,14.35,-0.77,-48.84,-61.87,False
EWT,Taiwan,1,trend_price_sma100,Price above SMA 100,153,14,9.15,5.53,2.98,0.82,1.55,-2.48,-16.84,-18.04,False
EWT,Taiwan,2,trend_price_sma100,Price above SMA 100,90,14,15.56,9.5,5.12,2.23,2.62,-2.54,-19.9,-22.81,False
EWT,Taiwan,3,trend_price_sma100,Price above SMA 100,66,12,18.18,10.72,5.53,5.46,3.35,-2.38,-24.44,-29.49,False
EWT,Taiwan,4,trend_price_sma100,Price above SMA 100,53,15,28.3,17.97,9.88,3.57,4.11,-2.03,-26.08,-27.86,False
EWT,Taiwan,5,trend_price_sma100,Price above SMA 100,44,14,31.82,20.0,10.79,6.48,5.63,-4.74,-24.0,-29.49,False
EWT,Taiwan,6,trend_price_sma100,Price above SMA 100,38,13,34.21,21.21,11.21,7.12,7.97,0.42,-27.63,-28.17,False
EWT,Taiwan,7,trend_price_sma100,Price above SMA 100,36,15,41.67,27.14,14.95,6.72,5.58,-2.65,-33.28,-41.09,False
EWT,Taiwan,8,trend_price_sma100,Price above SMA 100,30,10,33.33,19.23,9.39,7.55,6.66,0.76,-55.31,-60.35,False
EWT,Taiwan,9,trend_price_sma100,Price above SMA 100,27,12,44.44,27.59,14.22,9.58,9.35,1.03,-56.57,-61.71,False
EWT,Taiwan,10,trend_price_sma100,Price above SMA 100,25,14,56.0,37.07,20.02,13.44,12.51,-1.6,-31.61,-47.33,False
EWT,Taiwan,11,trend_price_sma100,Price above SMA 100,23,11,47.83,29.24,14.67,6.41,8.39,-1.57,-52.2,-61.87,False
EWT,Taiwan,12,trend_price_sma100,Price above SMA 100,23,12,52.17,32.96,16.98,10.28,12.97,-4.84,-52.98,-61.87,False
EWT,Taiwan,1,trend_price_sma200,Price above SMA 200,162,11,6.79,3.83,1.93,0.55,0.98,-2.63,-16.84,-18.04,False
EWT,Taiwan,2,trend_price_sma200,Price above SMA 200,93,13,13.98,8.35,4.41,1.69,1.05,-4.19,-25.31,-27.51,False
EWT,Taiwan,3,trend_price_sma200,Price above SMA 200,71,13,18.31,11.02,5.82,3.67,2.63,-2.73,-24.44,-29.49,False
EWT,Taiwan,4,trend_price_sma200,Price above SMA 200,54,16,29.63,19.14,10.71,3.32,2.75,-5.47,-32.59,-33.36,False
EWT,Taiwan,5,trend_price_sma200,Price above SMA 200,45,13,28.89,17.73,9.37,3.9,4.58,-0.39,-18.12,-39.08,False
EWT,Taiwan,6,trend_price_sma200,Price above SMA 200,38,12,31.58,19.08,9.85,6.23,6.37,-5.77,-53.32,-60.35,False
EWT,Taiwan,7,trend_price_sma200,Price above SMA 200,34,13,38.24,23.9,12.63,5.56,4.74,-2.77,-33.28,-41.09,False
EWT,Taiwan,8,trend_price_sma200,Price above SMA 200,29,11,37.93,22.69,11.4,3.52,5.76,-5.02,-42.53,-57.75,False
EWT,Taiwan,9,trend_price_sma200,Price above SMA 200,28,11,39.29,23.57,11.84,5.51,5.53,-3.28,-56.57,-61.71,False
EWT,Taiwan,10,trend_price_sma200,Price above SMA 200,24,14,58.33,38.83,20.97,11.79,10.67,-1.75,-31.61,-47.33,False
EWT,Taiwan,11,trend_price_sma200,Price above SMA 200,23,14,60.87,40.79,22.02,11.93,8.5,-3.4,-36.13,-47.33,False
EWT,Taiwan,12,trend_price_sma200,Price above SMA 200,21,13,61.9,40.88,21.56,11.93,9.3,-5.62,-50.13,-61.87,False
EWT,Taiwan,1,trend,SMA 50/200 + Momentum,75,6,8.0,3.72,1.56,0.82,1.65,-2.7,-10.14,-16.65,False
EWT,Taiwan,2,trend,SMA 50/200 + Momentum,50,6,12.0,5.62,2.36,2.16,2.44,-2.33,-11.58,-27.51,False
EWT,Taiwan,3,trend,SMA 50/200 + Momentum,38,8,21.05,11.07,5.06,3.48,2.66,-3.37,-20.7,-29.49,False
EWT,Taiwan,4,trend,SMA 50/200 + Momentum,31,7,22.58,11.39,4.99,3.84,3.59,-2.15,-25.67,-29.72,False
EWT,Taiwan,5,trend,SMA 50/200 + Momentum,28,8,28.57,15.25,6.96,2.75,4.73,-1.37,-31.75,-36.18,False
EWT,Taiwan,6,trend,SMA 50/200 + Momentum,24,8,33.33,17.97,8.18,6.12,4.22,-8.94,-36.81,-41.35,False
EWT,Taiwan,7,trend,SMA 50/200 + Momentum,23,9,39.13,22.16,10.45,6.27,4.83,-3.43,-29.55,-47.33,False
EWT,Taiwan,8,trend,SMA 50/200 + Momentum,21,11,52.38,32.37,16.22,10.2,8.9,-0.69,-33.17,-47.33,False
EWT,Taiwan,9,trend,SMA 50/200 + Momentum,19,11,57.89,36.28,18.15,11.0,14.16,3.03,-31.32,-47.33,False
EWT,Taiwan,10,trend,SMA 50/200 + Momentum,17,8,47.06,26.16,11.84,9.94,13.88,3.3,-24.91,-47.33,False
EWT,Taiwan,11,trend,SMA 50/200 + Momentum,17,8,47.06,26.16,11.84,9.97,10.64,6.01,-32.67,-47.33,False
EWT,Taiwan,12,trend,SMA 50/200 + Momentum,17,11,64.71,41.3,20.61,14.48,15.25,5.72,-33.01,-47.33,False
EWT,Taiwan,1,trend_sma100_200,SMA 100/200,136,7,5.15,2.52,1.11,0.29,0.84,-2.61,-11.56,-16.65,False
EWT,Taiwan,2,trend_sma100_200,SMA 100/200,81,9,11.11,5.96,2.83,1.69,1.18,-3.59,-23.56,-27.51,False
EWT,Taiwan,3,trend_sma100_200,SMA 100/200,59,13,22.03,13.35,7.05,1.86,2.28,-5.02,-24.47,-29.49,False
EWT,Taiwan,4,trend_sma100_200,SMA 100/200,48,12,25.0,14.92,7.7,1.96,2.36,-1.73,-22.28,-37.76,False
EWT,Taiwan,5,trend_sma100_200,SMA 100/200,38,10,26.32,14.97,7.32,4.81,4.96,-1.68,-27.01,-29.49,False
EWT,Taiwan,6,trend_sma100_200,SMA 100/200,33,12,36.36,22.19,11.45,3.53,5.6,-2.18,-27.84,-36.18,False
EWT,Taiwan,7,trend_sma100_200,SMA 100/200,31,13,41.94,26.42,13.96,3.64,5.2,-1.41,-31.86,-41.35,False
EWT,Taiwan,8,trend_sma100_200,SMA 100/200,26,11,42.31,25.54,12.83,6.94,7.6,1.58,-25.52,-47.33,False
EWT,Taiwan,9,trend_sma100_200,SMA 100/200,25,14,56.0,37.07,20.02,10.89,10.86,0.06,-23.69,-47.33,False
EWT,Taiwan,10,trend_sma100_200,SMA 100/200,24,12,50.0,31.43,16.19,9.95,9.17,-6.27,-32.84,-47.33,False
EWT,Taiwan,11,trend_sma100_200,SMA 100/200,20,7,35.0,18.12,7.89,6.19,9.47,1.11,-21.66,-47.33,False
EWT,Taiwan,12,trend_sma100_200,SMA 100/200,20,9,45.0,25.82,12.15,9.09,10.12,-4.87,-28.82,-47.33,False
EWT,Taiwan,1,trend_ema50_200,EMA 50/200,155,10,6.45,3.54,1.74,0.37,0.79,-2.78,-16.84,-18.04,False
EWT,Taiwan,2,trend_ema50_200,EMA 50/200,88,9,10.23,5.47,2.6,1.51,0.8,-3.55,-23.56,-27.51,False
EWT,Taiwan,3,trend_ema50_200,EMA 50/200,67,14,20.9,12.88,6.94,1.86,1.54,-4.09,-24.47,-27.51,False
EWT,Taiwan,4,trend_ema50_200,EMA 50/200,53,14,26.42,16.44,8.86,3.25,1.93,-2.7,-32.59,-33.36,False
EWT,Taiwan,5,trend_ema50_200,EMA 50/200,43,11,25.58,14.93,7.51,2.6,2.81,-1.88,-46.27,-56.07,False
EWT,Taiwan,6,trend_ema50_200,EMA 50/200,37,11,29.73,17.49,8.8,5.3,5.09,-4.34,-53.32,-60.35,False
EWT,Taiwan,7,trend_ema50_200,EMA 50/200,33,12,36.36,22.19,11.45,3.13,3.41,-4.82,-46.12,-57.67,False
EWT,Taiwan,8,trend_ema50_200,EMA 50/200,29,12,41.38,25.51,13.16,4.25,4.27,-1.86,-55.37,-61.8,False
EWT,Taiwan,9,trend_ema50_200,EMA 50/200,25,12,48.0,30.03,15.48,7.73,7.84,1.45,-23.69,-47.33,False
EWT,Taiwan,10,trend_ema50_200,EMA 50/200,24,13,54.17,35.07,18.52,10.92,9.09,-0.33,-31.61,-47.33,False
EWT,Taiwan,11,trend_ema50_200,EMA 50/200,22,9,40.91,23.26,10.96,6.21,5.11,-1.89,-56.93,-61.8,False
EWT,Taiwan,12,trend_ema50_200,EMA 50/200,21,9,42.86,24.47,11.53,6.37,9.67,-4.62,-44.2,-61.8,False
EWT,Taiwan,1,trend_ema100_200,EMA 100/200,151,10,6.62,3.64,1.78,0.39,0.86,-2.69,-16.84,-18.04,False
EWT,Taiwan,2,trend_ema100_200,EMA 100/200,85,10,11.76,6.52,3.19,1.69,0.71,-3.77,-25.31,-27.51,False
EWT,Taiwan,3,trend_ema100_200,EMA 100/200,63,11,17.46,10.04,5.05,3.38,2.26,-3.45,-19.26,-27.51,False
EWT,Taiwan,4,trend_ema100_200,EMA 100/200,49,14,28.57,17.85,9.63,3.25,2.18,-2.08,-26.08,-29.72,False
EWT,Taiwan,5,trend_ema100_200,EMA 100/200,40,12,30.0,18.07,9.33,1.73,1.81,-3.54,-46.27,-56.07,False
EWT,Taiwan,6,trend_ema100_200,EMA 100/200,35,10,28.57,16.33,7.98,5.03,4.39,0.55,-53.32,-60.35,False
EWT,Taiwan,7,trend_ema100_200,EMA 100/200,32,10,31.25,17.95,8.77,6.76,3.65,-7.79,-46.12,-57.67,False
EWT,Taiwan,8,trend_ema100_200,EMA 100/200,27,14,51.85,33.99,18.36,10.2,5.81,-1.1,-55.37,-61.8,False
EWT,Taiwan,9,trend_ema100_200,EMA 100/200,24,11,45.83,27.89,14.0,9.56,9.86,1.22,-31.32,-47.33,False
EWT,Taiwan,10,trend_ema100_200,EMA 100/200,23,9,39.13,22.16,10.45,5.47,5.38,-2.51,-31.61,-47.33,False
EWT,Taiwan,11,trend_ema100_200,EMA 100/200,21,8,38.1,20.75,9.43,6.0,7.03,-3.09,-56.93,-61.8,False
EWT,Taiwan,12,trend_ema100_200,EMA 100/200,20,8,40.0,21.88,9.93,7.45,8.81,-4.87,-44.2,-61.8,False
EWT,Taiwan,1,trend_triple_ma,Triple Moving Average,72,4,5.56,2.18,0.81,-0.62,0.05,-3.2,-10.14,-16.65,False
EWT,Taiwan,2,trend_triple_ma,Triple Moving Average,52,4,7.69,3.03,1.12,1.0,1.12,-3.7,-13.38,-22.24,False
EWT,Taiwan,3,trend_triple_ma,Triple Moving Average,43,9,20.93,11.42,5.42,-0.22,1.93,-3.71,-20.7,-29.49,False
EWT,Taiwan,4,trend_triple_ma,Triple Moving Average,36,9,25.0,13.75,6.51,0.95,1.96,-3.04,-19.52,-27.86,False
EWT,Taiwan,5,trend_triple_ma,Triple Moving Average,31,9,29.03,16.1,7.62,3.13,4.18,-4.87,-27.01,-27.28,False
EWT,Taiwan,6,trend_triple_ma,Triple Moving Average,29,9,31.03,17.28,8.17,4.12,4.13,-6.55,-28.26,-36.18,False
EWT,Taiwan,7,trend_triple_ma,Triple Moving Average,28,11,39.29,23.57,11.84,6.3,5.43,-4.4,-27.45,-36.18,False
EWT,Taiwan,8,trend_triple_ma,Triple Moving Average,22,10,45.45,26.92,13.11,7.59,6.68,-2.09,-35.26,-42.39,False
EWT,Taiwan,9,trend_triple_ma,Triple Moving Average,21,11,52.38,32.37,16.22,10.95,7.14,-1.22,-23.69,-47.33,False
EWT,Taiwan,10,trend_triple_ma,Triple Moving Average,18,9,50.0,29.03,13.64,10.5,13.17,3.5,-22.07,-47.33,False
EWT,Taiwan,11,trend_triple_ma,Triple Moving Average,18,6,33.33,16.28,6.75,4.77,11.36,1.02,-25.75,-47.33,False
EWT,Taiwan,12,trend_triple_ma,Triple Moving Average,18,6,33.33,16.28,6.75,7.7,11.18,-3.57,-21.15,-47.33,False
EWT,Taiwan,1,trend_breakout_100,100-Day Range Breakout,19,2,10.53,2.94,0.88,-2.21,-0.73,-3.68,-10.14,-16.58,False
EWT,Taiwan,2,trend_breakout_100,100-Day Range Breakout,17,1,5.88,1.05,0.27,-0.21,-0.31,-3.77,-14.36,-16.58,False
EWT,Taiwan,3,trend_breakout_100,100-Day Range Breakout,16,1,6.25,1.11,0.28,-2.56,-0.24,-4.05,-17.68,-26.27,False
EWT,Taiwan,4,trend_breakout_100,100-Day Range Breakout,13,2,15.38,4.33,1.29,0.59,1.61,-1.89,-20.48,-26.27,False
EWT,Taiwan,5,trend_breakout_100,100-Day Range Breakout,12,3,25.0,8.89,2.97,1.47,1.41,-1.37,-26.74,-28.52,False
EWT,Taiwan,6,trend_breakout_100,100-Day Range Breakout,11,4,36.36,15.17,5.49,1.58,2.6,-6.03,-19.8,-28.52,False
EWT,Taiwan,7,trend_breakout_100,100-Day Range Breakout,11,5,45.45,21.27,8.22,5.21,5.15,-1.87,-19.35,-28.52,False
EWT,Taiwan,8,trend_breakout_100,100-Day Range Breakout,11,5,45.45,21.27,8.22,0.66,4.75,-4.62,-19.87,-28.52,False
EWT,Taiwan,9,trend_breakout_100,100-Day Range Breakout,10,5,50.0,23.66,9.1,7.55,6.36,-0.63,-15.12,-28.52,False
EWT,Taiwan,10,trend_breakout_100,100-Day Range Breakout,10,5,50.0,23.66,9.1,7.79,7.42,-2.16,-8.46,-28.52,False
EWT,Taiwan,11,trend_breakout_100,100-Day Range Breakout,9,3,33.33,12.06,3.99,2.53,7.74,1.55,-10.58,-28.52,False
EWT,Taiwan,12,trend_breakout_100,100-Day Range Breakout,9,3,33.33,12.06,3.99,2.48,5.39,-0.08,-12.96,-28.52,False
EWT,Taiwan,1,trend_breakout_200,200-Day Range Breakout,14,1,7.14,1.27,0.32,-2.51,-1.09,-3.67,-10.14,-15.79,False
EWT,Taiwan,2,trend_breakout_200,200-Day Range Breakout,13,1,7.69,1.37,0.35,-0.57,-0.22,-3.77,-14.36,-16.39,False
EWT,Taiwan,3,trend_breakout_200,200-Day Range Breakout,12,1,8.33,1.49,0.38,-1.9,0.59,-3.64,-17.68,-26.27,False
EWT,Taiwan,4,trend_breakout_200,200-Day Range Breakout,9,2,22.22,6.32,1.88,1.78,3.23,0.36,-20.48,-26.27,False
EWT,Taiwan,5,trend_breakout_200,200-Day Range Breakout,8,2,25.0,7.15,2.12,3.07,1.02,-0.54,-26.74,-28.52,False
EWT,Taiwan,6,trend_breakout_200,200-Day Range Breakout,7,3,42.86,15.82,5.18,7.62,5.34,-1.16,-19.8,-28.52,False
EWT,Taiwan,7,trend_breakout_200,200-Day Range Breakout,7,3,42.86,15.82,5.18,7.2,4.73,0.51,-19.35,-28.52,False
EWT,Taiwan,8,trend_breakout_200,200-Day Range Breakout,7,3,42.86,15.82,5.18,-1.11,3.12,-3.82,-19.87,-28.52,False
EWT,Taiwan,9,trend_breakout_200,200-Day Range Breakout,7,3,42.86,15.82,5.18,4.1,4.4,-1.16,-15.12,-28.52,False
EWT,Taiwan,10,trend_breakout_200,200-Day Range Breakout,7,3,42.86,15.82,5.18,6.87,6.47,0.66,-8.46,-28.52,False
EWT,Taiwan,11,trend_breakout_200,200-Day Range Breakout,7,2,28.57,8.22,2.43,3.08,4.52,1.77,-10.58,-28.52,False
EWT,Taiwan,12,trend_breakout_200,200-Day Range Breakout,7,2,28.57,8.22,2.43,3.48,4.14,-0.78,-12.96,-28.52,False
EWT,Taiwan,1,momentum_90,90-Day Absolute Momentum,160,10,6.25,3.43,1.68,0.46,0.91,-2.76,-16.84,-18.04,False
EWT,Taiwan,2,momentum_90,90-Day Absolute Momentum,93,11,11.83,6.73,3.39,1.99,1.38,-2.9,-25.31,-27.51,False
EWT,Taiwan,3,momentum_90,90-Day Absolute Momentum,71,14,19.72,12.13,6.53,1.82,1.81,-2.68,-24.44,-29.49,False
EWT,Taiwan,4,momentum_90,90-Day Absolute Momentum,55,13,23.64,14.37,7.59,2.92,2.69,-2.0,-32.59,-33.36,False
EWT,Taiwan,5,momentum_90,90-Day Absolute Momentum,46,14,30.43,19.08,10.29,2.87,4.62,-3.03,-24.0,-39.08,False
EWT,Taiwan,6,momentum_90,90-Day Absolute Momentum,38,11,28.95,17.0,8.55,4.68,5.27,-2.61,-34.11,-40.99,False
EWT,Taiwan,7,momentum_90,90-Day Absolute Momentum,35,14,40.0,25.55,13.8,5.04,6.11,-1.49,-46.12,-57.67,False
EWT,Taiwan,8,momentum_90,90-Day Absolute Momentum,31,11,35.48,21.12,10.61,6.43,5.6,-3.48,-55.31,-60.35,False
EWT,Taiwan,9,momentum_90,90-Day Absolute Momentum,27,12,44.44,27.59,14.22,8.1,7.48,-1.54,-49.77,-61.8,False
EWT,Taiwan,10,momentum_90,90-Day Absolute Momentum,25,12,48.0,30.03,15.48,9.7,13.75,0.41,-20.64,-47.33,False
EWT,Taiwan,11,momentum_90,90-Day Absolute Momentum,24,13,54.17,35.07,18.52,11.24,7.08,-2.44,-56.93,-61.8,False
EWT,Taiwan,12,momentum_90,90-Day Absolute Momentum,23,12,52.17,32.96,16.98,10.28,11.28,-3.56,-44.2,-61.8,False
EWT,Taiwan,1,momentum_180,180-Day Absolute Momentum,162,9,5.56,2.95,1.4,0.55,0.94,-2.63,-16.84,-18.04,False
EWT,Taiwan,2,momentum_180,180-Day Absolute Momentum,90,12,13.33,7.79,4.02,1.4,0.87,-3.58,-23.56,-27.51,False
EWT,Taiwan,3,momentum_180,180-Day Absolute Momentum,69,11,15.94,9.14,4.6,2.15,1.98,-2.53,-24.47,-29.49,False
EWT,Taiwan,4,momentum_180,180-Day Absolute Momentum,53,15,28.3,17.97,9.88,2.68,2.49,-5.29,-32.59,-33.36,False
EWT,Taiwan,5,momentum_180,180-Day Absolute Momentum,45,13,28.89,17.73,9.37,3.9,3.2,0.19,-46.27,-56.07,False
EWT,Taiwan,6,momentum_180,180-Day Absolute Momentum,36,11,30.56,18.0,9.06,5.71,6.67,-4.79,-28.26,-36.18,False
EWT,Taiwan,7,momentum_180,180-Day Absolute Momentum,32,14,43.75,28.17,15.21,8.04,5.96,-1.45,-56.98,-61.71,False
EWT,Taiwan,8,momentum_180,180-Day Absolute Momentum,29,13,44.83,28.41,15.01,8.7,6.72,-3.62,-35.26,-42.39,False
EWT,Taiwan,9,momentum_180,180-Day Absolute Momentum,26,10,38.46,22.43,10.94,7.61,5.82,-2.59,-56.57,-61.71,False
EWT,Taiwan,10,momentum_180,180-Day Absolute Momentum,25,15,60.0,40.74,22.47,14.63,9.84,5.41,-32.84,-47.33,False
EWT,Taiwan,11,momentum_180,180-Day Absolute Momentum,22,12,54.55,34.66,17.85,10.79,9.31,3.16,-52.2,-61.87,False
EWT,Taiwan,12,momentum_180,180-Day Absolute Momentum,20,12,60.0,38.66,19.88,12.53,8.54,-2.14,-52.98,-61.87,False
EWT,Taiwan,1,momentum_270,270-Day Absolute Momentum,161,15,9.32,5.73,3.14,0.74,1.2,-2.75,-16.84,-18.04,False
EWT,Taiwan,2,momentum_270,270-Day Absolute Momentum,87,9,10.34,5.54,2.63,2.2,1.64,-3.47,-23.56,-25.11,False
EWT,Taiwan,3,momentum_270,270-Day Absolute Momentum,67,15,22.39,14.06,7.73,3.0,2.95,-3.38,-23.95,-27.51,False
EWT,Taiwan,4,momentum_270,270-Day Absolute Momentum,51,16,31.37,20.33,11.38,3.25,4.06,-2.61,-22.28,-29.49,False
EWT,Taiwan,5,momentum_270,270-Day Absolute Momentum,42,11,26.19,15.3,7.7,2.96,4.06,-4.38,-18.94,-29.49,False
EWT,Taiwan,6,momentum_270,270-Day Absolute Momentum,34,12,35.29,21.49,11.09,6.67,4.95,1.46,-28.26,-36.18,False
EWT,Taiwan,7,momentum_270,270-Day Absolute Momentum,33,14,42.42,27.24,14.71,5.21,5.31,-1.78,-33.28,-41.09,False
EWT,Taiwan,8,momentum_270,270-Day Absolute Momentum,27,14,51.85,33.99,18.36,10.9,9.27,-3.57,-35.26,-42.39,False
EWT,Taiwan,9,momentum_270,270-Day Absolute Momentum,26,14,53.85,35.46,19.15,10.73,10.63,-5.62,-22.47,-47.33,False
EWT,Taiwan,10,momentum_270,270-Day Absolute Momentum,24,10,41.67,24.47,11.93,7.09,7.15,-5.53,-39.51,-57.75,False
EWT,Taiwan,11,momentum_270,270-Day Absolute Momentum,22,11,50.0,30.72,15.4,9.89,9.01,-4.56,-46.22,-61.71,False
EWT,Taiwan,12,momentum_270,270-Day Absolute Momentum,20,10,50.0,29.93,14.55,10.68,10.85,-5.82,-22.92,-47.33,False
EWT,Taiwan,1,momentum_365,365-Day Absolute Momentum,157,13,8.28,4.9,2.59,0.74,1.07,-2.81,-16.84,-18.04,False
EWT,Taiwan,2,momentum_365,365-Day Absolute Momentum,84,14,16.67,10.2,5.49,1.84,1.49,-4.21,-23.56,-25.11,False
EWT,Taiwan,3,momentum_365,365-Day Absolute Momentum,66,15,22.73,14.29,7.85,1.75,2.65,-3.11,-23.95,-27.51,False
EWT,Taiwan,4,momentum_365,365-Day Absolute Momentum,49,17,34.69,22.92,13.06,4.01,3.37,-2.7,-37.62,-38.74,False
EWT,Taiwan,5,momentum_365,365-Day Absolute Momentum,41,13,31.71,19.56,10.34,6.31,5.66,-3.39,-27.01,-29.49,False
EWT,Taiwan,6,momentum_365,365-Day Absolute Momentum,35,10,28.57,16.33,7.98,5.3,6.56,-3.32,-34.11,-40.99,False
EWT,Taiwan,7,momentum_365,365-Day Absolute Momentum,31,12,38.71,23.73,12.24,6.11,6.56,-0.66,-56.98,-61.71,False
EWT,Taiwan,8,momentum_365,365-Day Absolute Momentum,28,12,42.86,26.51,13.67,6.74,8.45,-6.43,-55.37,-61.8,False
EWT,Taiwan,9,momentum_365,365-Day Absolute Momentum,24,11,45.83,27.89,14.0,7.92,7.38,-0.87,-38.49,-57.75,False
EWT,Taiwan,10,momentum_365,365-Day Absolute Momentum,21,10,47.62,28.34,13.79,7.92,12.23,-7.48,-18.13,-29.59,False
EWT,Taiwan,11,momentum_365,365-Day Absolute Momentum,20,10,50.0,29.93,14.55,9.08,7.33,-3.62,-47.44,-61.87,False
EWT,Taiwan,12,momentum_365,365-Day Absolute Momentum,20,10,50.0,29.93,14.55,9.63,11.03,-6.69,-25.99,-60.35,False
EWT,Taiwan,1,momentum_dual_90_180,Dual Momentum 90/180,142,8,5.63,2.88,1.32,0.08,0.7,-2.79,-16.84,-18.04,False
EWT,Taiwan,2,momentum_dual_90_180,Dual Momentum 90/180,82,9,10.98,5.88,2.79,1.4,1.11,-3.28,-23.56,-27.51,False
EWT,Taiwan,3,momentum_dual_90_180,Dual Momentum 90/180,66,11,16.67,9.57,4.82,1.47,0.83,-2.79,-24.47,-29.49,False
EWT,Taiwan,4,momentum_dual_90_180,Dual Momentum 90/180,50,12,24.0,14.3,7.38,2.48,1.77,-3.49,-32.59,-33.36,False
EWT,Taiwan,5,momentum_dual_90_180,Dual Momentum 90/180,42,11,26.19,15.3,7.7,3.52,4.08,0.2,-36.31,-40.85,False
EWT,Taiwan,6,momentum_dual_90_180,Dual Momentum 90/180,35,10,28.57,16.33,7.98,4.51,3.85,-6.85,-48.06,-57.58,False
EWT,Taiwan,7,momentum_dual_90_180,Dual Momentum 90/180,32,14,43.75,28.17,15.21,4.88,5.74,-1.75,-56.98,-61.71,False
EWT,Taiwan,8,momentum_dual_90_180,Dual Momentum 90/180,28,11,39.29,23.57,11.84,5.86,4.6,-3.42,-51.59,-61.71,False
EWT,Taiwan,9,momentum_dual_90_180,Dual Momentum 90/180,25,9,36.0,20.25,9.56,7.49,7.38,-1.74,-23.69,-47.33,False
EWT,Taiwan,10,momentum_dual_90_180,Dual Momentum 90/180,24,15,62.5,42.71,23.56,12.36,9.2,2.29,-58.49,-61.71,False
EWT,Taiwan,11,momentum_dual_90_180,Dual Momentum 90/180,21,11,52.38,32.37,16.22,10.55,6.34,-9.27,-46.22,-61.71,False
EWT,Taiwan,12,momentum_dual_90_180,Dual Momentum 90/180,20,11,55.0,34.21,17.13,10.4,10.73,-1.11,-34.2,-61.71,False
EWT,Taiwan,1,momentum_dual_180_365,Dual Momentum 180/365,127,8,6.3,3.23,1.48,0.93,1.12,-2.46,-16.84,-18.04,False
EWT,Taiwan,2,momentum_dual_180_365,Dual Momentum 180/365,72,9,12.5,6.72,3.19,1.4,0.76,-4.21,-23.56,-25.11,False
EWT,Taiwan,3,momentum_dual_180_365,Dual Momentum 180/365,56,9,16.07,8.69,4.13,1.75,1.98,-2.6,-22.49,-27.51,False
EWT,Taiwan,4,momentum_dual_180_365,Dual Momentum 180/365,42,10,23.81,13.48,6.59,3.41,2.05,-4.8,-26.08,-27.86,False
EWT,Taiwan,5,momentum_dual_180_365,Dual Momentum 180/365,37,10,27.03,15.4,7.53,4.45,3.71,-3.39,-46.27,-56.07,False
EWT,Taiwan,6,momentum_dual_180_365,Dual Momentum 180/365,30,9,30.0,16.66,7.88,6.82,6.85,-2.29,-27.63,-29.49,False
EWT,Taiwan,7,momentum_dual_180_365,Dual Momentum 180/365,26,9,34.62,19.41,9.17,3.07,5.03,-1.59,-56.98,-61.71,False
EWT,Taiwan,8,momentum_dual_180_365,Dual Momentum 180/365,23,7,30.43,15.6,6.81,3.57,2.42,-6.52,-42.53,-57.75,False
EWT,Taiwan,9,momentum_dual_180_365,Dual Momentum 180/365,21,7,33.33,17.19,7.5,7.27,4.84,0.38,-56.57,-61.71,False
EWT,Taiwan,10,momentum_dual_180_365,Dual Momentum 180/365,19,8,42.11,23.14,10.5,6.0,9.28,-9.47,-26.33,-29.59,False
EWT,Taiwan,11,momentum_dual_180_365,Dual Momentum 180/365,18,9,50.0,29.03,13.64,8.61,4.75,-8.19,-47.44,-61.87,False
EWT,Taiwan,12,momentum_dual_180_365,Dual Momentum 180/365,17,8,47.06,26.16,11.84,8.34,3.73,-9.47,-52.98,-61.87,False
EWT,Taiwan,1,momentum_rank_90,Top Relative Momentum 90,69,7,10.14,5.0,2.2,0.15,1.45,-2.75,-12.43,-16.65,False
EWT,Taiwan,2,momentum_rank_90,Top Relative Momentum 90,48,6,12.5,5.86,2.46,1.74,2.55,-3.94,-11.58,-27.51,False
EWT,Taiwan,3,momentum_rank_90,Top Relative Momentum 90,37,12,32.43,19.63,10.13,3.96,3.54,-2.31,-24.44,-29.49,False
EWT,Taiwan,4,momentum_rank_90,Top Relative Momentum 90,31,7,22.58,11.39,4.99,2.48,4.04,-2.25,-20.01,-27.51,False
EWT,Taiwan,5,momentum_rank_90,Top Relative Momentum 90,26,9,34.62,19.41,9.17,6.81,5.55,-3.0,-24.0,-29.59,False
EWT,Taiwan,6,momentum_rank_90,Top Relative Momentum 90,25,10,40.0,23.4,11.41,5.03,6.59,-8.37,-34.11,-40.99,False
EWT,Taiwan,7,momentum_rank_90,Top Relative Momentum 90,22,8,36.36,19.73,8.97,1.88,4.72,-4.51,-46.12,-57.67,False
EWT,Taiwan,8,momentum_rank_90,Top Relative Momentum 90,22,8,36.36,19.73,8.97,6.12,7.54,-5.66,-55.37,-61.8,False
EWT,Taiwan,9,momentum_rank_90,Top Relative Momentum 90,21,10,47.62,28.34,13.79,9.87,8.71,-4.48,-56.57,-61.71,False
EWT,Taiwan,10,momentum_rank_90,Top Relative Momentum 90,15,9,60.0,35.75,16.7,22.05,19.64,5.39,-20.64,-47.33,False
EWT,Taiwan,11,momentum_rank_90,Top Relative Momentum 90,15,8,53.33,30.12,13.58,13.12,16.27,-3.64,-21.37,-47.33,False
EWT,Taiwan,12,momentum_rank_90,Top Relative Momentum 90,15,8,53.33,30.12,13.58,18.59,15.67,-0.84,-27.72,-47.33,False
EWT,Taiwan,1,momentum,Top Relative Momentum 180,58,5,8.62,3.74,1.48,0.45,1.7,-1.78,-11.49,-16.65,False
EWT,Taiwan,2,momentum,Top Relative Momentum 180,36,3,8.33,2.87,0.97,2.47,2.11,-4.31,-18.84,-27.51,False
EWT,Taiwan,3,momentum,Top Relative Momentum 180,28,6,21.43,10.21,4.26,1.06,1.62,-1.29,-24.47,-29.49,False
EWT,Taiwan,4,momentum,Top Relative Momentum 180,23,5,21.74,9.66,3.81,3.79,2.72,-1.05,-17.88,-27.51,False
EWT,Taiwan,5,momentum,Top Relative Momentum 180,21,7,33.33,17.19,7.5,8.06,5.31,-8.86,-20.53,-29.08,False
EWT,Taiwan,6,momentum,Top Relative Momentum 180,16,7,43.75,23.1,10.01,4.8,7.71,-4.41,-27.84,-36.18,False
EWT,Taiwan,7,momentum,Top Relative Momentum 180,16,7,43.75,23.1,10.01,6.39,5.39,-10.93,-31.86,-41.35,False
EWT,Taiwan,8,momentum,Top Relative Momentum 180,16,6,37.5,18.48,7.64,6.04,7.71,-5.38,-25.52,-47.33,False
EWT,Taiwan,9,momentum,Top Relative Momentum 180,13,7,53.85,29.14,12.55,12.92,4.85,-8.64,-33.02,-47.33,False
EWT,Taiwan,10,momentum,Top Relative Momentum 180,11,5,45.45,21.27,8.22,4.28,6.61,-10.04,-27.4,-47.33,False
EWT,Taiwan,11,momentum,Top Relative Momentum 180,11,5,45.45,21.27,8.22,3.05,5.14,-17.87,-21.66,-47.33,False
EWT,Taiwan,12,momentum,Top Relative Momentum 180,11,5,45.45,21.27,8.22,-3.07,4.66,-13.79,-28.82,-47.33,False
EWT,Taiwan,1,momentum_rank_365,Top Relative Momentum 365,62,4,6.45,2.54,0.94,0.27,0.79,-2.42,-13.32,-17.14,False
EWT,Taiwan,2,momentum_rank_365,Top Relative Momentum 365,37,5,13.51,5.91,2.34,-2.74,0.16,-5.5,-17.7,-25.11,False
EWT,Taiwan,3,momentum_rank_365,Top Relative Momentum 365,30,6,20.0,9.5,3.97,1.28,1.59,-4.49,-12.81,-27.51,False
EWT,Taiwan,4,momentum_rank_365,Top Relative Momentum 365,22,6,27.27,13.15,5.47,4.76,2.49,-6.09,-17.09,-25.94,False
EWT,Taiwan,5,momentum_rank_365,Top Relative Momentum 365,20,7,35.0,18.12,7.89,3.11,4.05,-6.34,-18.54,-29.49,False
EWT,Taiwan,6,momentum_rank_365,Top Relative Momentum 365,17,5,29.41,13.28,5.2,-0.31,4.1,-7.18,-27.63,-29.59,False
EWT,Taiwan,7,momentum_rank_365,Top Relative Momentum 365,16,6,37.5,18.48,7.64,-0.46,6.02,-4.54,-18.5,-29.49,False
EWT,Taiwan,8,momentum_rank_365,Top Relative Momentum 365,15,5,33.33,15.18,5.93,6.43,4.81,-4.28,-27.85,-29.49,False
EWT,Taiwan,9,momentum_rank_365,Top Relative Momentum 365,15,6,40.0,19.82,8.18,3.39,7.33,-4.13,-22.69,-33.65,False
EWT,Taiwan,10,momentum_rank_365,Top Relative Momentum 365,14,6,42.86,21.38,8.81,5.26,10.25,-2.79,-22.47,-29.49,False
EWT,Taiwan,11,momentum_rank_365,Top Relative Momentum 365,13,5,38.46,17.71,6.89,6.0,7.76,-9.27,-22.7,-29.49,False
EWT,Taiwan,12,momentum_rank_365,Top Relative Momentum 365,11,5,45.45,21.27,8.22,5.16,9.88,-12.01,-20.38,-38.88,False
EWT,Taiwan,1,momentum_composite,Composite Momentum,55,4,7.27,2.86,1.06,0.15,1.62,-2.12,-9.57,-16.65,False
EWT,Taiwan,2,momentum_composite,Composite Momentum,34,2,5.88,1.63,0.49,1.33,0.92,-4.41,-17.64,-27.51,False
EWT,Taiwan,3,momentum_composite,Composite Momentum,27,6,22.22,10.61,4.43,1.1,2.07,-1.29,-22.49,-29.49,False
EWT,Taiwan,4,momentum_composite,Composite Momentum,22,4,18.18,7.31,2.69,3.42,2.45,-0.19,-26.74,-29.72,False
EWT,Taiwan,5,momentum_composite,Composite Momentum,21,7,33.33,17.19,7.5,5.38,2.83,-2.62,-36.31,-40.85,False
EWT,Taiwan,6,momentum_composite,Composite Momentum,19,7,36.84,19.15,8.34,4.86,2.33,-8.94,-48.06,-57.58,False
EWT,Taiwan,7,momentum_composite,Composite Momentum,16,4,25.0,10.18,3.72,2.66,-0.69,-8.92,-56.98,-61.71,False
EWT,Taiwan,8,momentum_composite,Composite Momentum,16,3,18.75,6.59,2.21,4.12,-0.92,-7.07,-51.59,-61.71,False
EWT,Taiwan,9,momentum_composite,Composite Momentum,15,6,40.0,19.82,8.18,6.79,1.15,-7.04,-56.57,-61.71,False
EWT,Taiwan,10,momentum_composite,Composite Momentum,14,6,42.86,21.38,8.81,0.64,2.3,-10.31,-58.49,-61.71,False
EWT,Taiwan,11,momentum_composite,Composite Momentum,14,6,42.86,21.38,8.81,2.52,1.55,-13.31,-46.22,-61.71,False
EWT,Taiwan,12,momentum_composite,Composite Momentum,14,5,35.71,16.34,6.37,-1.76,1.22,-10.97,-34.2,-61.71,False
EWT,Taiwan,1,drawdown_recovery_20,20% Drawdown Recovery,32,4,12.5,4.97,1.83,1.12,1.49,-3.86,-13.56,-18.01,False
EWT,Taiwan,2,drawdown_recovery_20,20% Drawdown Recovery,22,4,18.18,7.31,2.69,4.35,4.54,-0.69,-9.59,-18.01,False
EWT,Taiwan,3,drawdown_recovery_20,20% Drawdown Recovery,18,6,33.33,16.28,6.75,7.02,6.97,2.99,-14.43,-18.2,False
EWT,Taiwan,4,drawdown_recovery_20,20% Drawdown Recovery,16,6,37.5,18.48,7.64,6.98,8.25,-0.71,-10.93,-21.18,False
EWT,Taiwan,5,drawdown_recovery_20,20% Drawdown Recovery,15,7,46.67,24.81,10.74,8.3,9.46,-1.14,-14.33,-25.77,False
EWT,Taiwan,6,drawdown_recovery_20,20% Drawdown Recovery,13,6,46.15,23.21,9.54,9.49,9.19,0.08,-18.66,-27.92,False
EWT,Taiwan,7,drawdown_recovery_20,20% Drawdown Recovery,13,6,46.15,23.21,9.54,7.41,12.6,5.26,-33.28,-41.09,False
EWT,Taiwan,8,drawdown_recovery_20,20% Drawdown Recovery,12,7,58.33,31.95,13.71,10.93,14.06,6.45,-42.53,-57.75,False
EWT,Taiwan,9,drawdown_recovery_20,20% Drawdown Recovery,11,7,63.64,35.38,15.1,16.16,15.71,2.45,-50.07,-61.87,False
EWT,Taiwan,10,drawdown_recovery_20,20% Drawdown Recovery,11,7,63.64,35.38,15.1,15.04,17.38,3.92,-44.75,-61.87,False
EWT,Taiwan,11,drawdown_recovery_20,20% Drawdown Recovery,10,7,70.0,39.68,16.82,25.43,25.49,11.08,-52.2,-61.87,False
EWT,Taiwan,12,drawdown_recovery_20,20% Drawdown Recovery,10,8,80.0,49.02,21.55,22.7,30.96,11.04,-52.98,-61.87,False
EWT,Taiwan,1,drawdown_recovery,25% Drawdown Recovery,14,4,28.57,11.72,4.27,5.31,3.32,-2.9,-13.56,-18.01,False
EWT,Taiwan,2,drawdown_recovery,25% Drawdown Recovery,10,4,40.0,16.82,6.07,6.07,9.09,3.37,-9.59,-18.01,False
EWT,Taiwan,3,drawdown_recovery,25% Drawdown Recovery,9,4,44.44,18.88,6.78,9.79,10.29,3.07,1.29,-18.01,False
EWT,Taiwan,4,drawdown_recovery,25% Drawdown Recovery,9,5,55.56,26.66,10.2,10.81,13.71,5.86,-10.93,-18.01,False
EWT,Taiwan,5,drawdown_recovery,25% Drawdown Recovery,8,5,62.5,30.57,11.6,20.06,16.7,6.32,-5.51,-18.01,False
EWT,Taiwan,6,drawdown_recovery,25% Drawdown Recovery,8,4,50.0,21.52,7.68,14.99,14.57,6.51,-6.29,-18.01,False
EWT,Taiwan,7,drawdown_recovery,25% Drawdown Recovery,8,6,75.0,40.93,16.3,20.62,21.36,9.59,-2.42,-18.01,False
EWT,Taiwan,8,drawdown_recovery,25% Drawdown Recovery,8,5,62.5,30.57,11.6,25.67,24.71,6.93,-5.09,-18.01,False
EWT,Taiwan,9,drawdown_recovery,25% Drawdown Recovery,7,5,71.43,35.89,13.45,30.57,30.43,13.38,-1.34,-18.01,False
EWT,Taiwan,10,drawdown_recovery,25% Drawdown Recovery,7,5,71.43,35.89,13.45,23.66,30.04,13.04,3.54,-18.01,False
EWT,Taiwan,11,drawdown_recovery,25% Drawdown Recovery,7,5,71.43,35.89,13.45,25.02,37.36,12.99,2.24,-26.27,False
EWT,Taiwan,12,drawdown_recovery,25% Drawdown Recovery,7,6,85.71,48.69,19.03,28.91,47.23,14.89,5.62,-26.27,False
EWT,Taiwan,1,drawdown_recovery_30,30% Drawdown Recovery,16,3,18.75,6.59,2.21,-1.86,0.06,-5.24,-13.56,-18.01,False
EWT,Taiwan,2,drawdown_recovery_30,30% Drawdown Recovery,11,2,18.18,5.14,1.53,0.08,4.51,-1.85,-9.59,-18.01,False
EWT,Taiwan,3,drawdown_recovery_30,30% Drawdown Recovery,8,2,25.0,7.15,2.12,3.71,4.77,2.43,-14.43,-18.2,False
EWT,Taiwan,4,drawdown_recovery_30,30% Drawdown Recovery,7,2,28.57,8.22,2.43,6.57,11.64,3.23,-6.43,-18.01,False
EWT,Taiwan,5,drawdown_recovery_30,30% Drawdown Recovery,6,4,66.67,30.0,10.47,16.79,14.66,4.54,-6.9,-19.26,False
EWT,Taiwan,6,drawdown_recovery_30,30% Drawdown Recovery,6,3,50.0,18.76,6.09,11.54,11.84,6.11,-9.71,-21.6,False
EWT,Taiwan,7,drawdown_recovery_30,30% Drawdown Recovery,6,4,66.67,30.0,10.47,14.55,19.05,7.88,0.84,-21.6,False
EWT,Taiwan,8,drawdown_recovery_30,30% Drawdown Recovery,6,4,66.67,30.0,10.47,15.31,17.12,8.63,-5.09,-21.6,False
EWT,Taiwan,9,drawdown_recovery_30,30% Drawdown Recovery,5,3,60.0,23.07,7.39,16.16,18.28,6.23,-5.44,-26.27,False
EWT,Taiwan,10,drawdown_recovery_30,30% Drawdown Recovery,5,3,60.0,23.07,7.39,15.04,18.43,3.54,-9.49,-26.27,False
EWT,Taiwan,11,drawdown_recovery_30,30% Drawdown Recovery,4,3,75.0,30.06,9.4,27.17,28.86,16.77,2.24,-21.6,False
EWT,Taiwan,12,drawdown_recovery_30,30% Drawdown Recovery,4,4,100.0,51.01,16.52,32.92,38.37,22.92,13.81,-21.6,False
EWT,Taiwan,1,drawdown_recovery_40,40% Drawdown Recovery,12,3,25.0,8.89,2.97,-1.15,0.79,-5.67,-13.56,-18.01,False
EWT,Taiwan,2,drawdown_recovery_40,40% Drawdown Recovery,8,2,25.0,7.15,2.12,2.4,5.85,-4.43,-9.59,-18.01,False
EWT,Taiwan,3,drawdown_recovery_40,40% Drawdown Recovery,6,2,33.33,9.68,2.84,7.07,5.71,3.31,-14.43,-18.2,False
EWT,Taiwan,4,drawdown_recovery_40,40% Drawdown Recovery,5,2,40.0,11.76,3.43,6.57,13.64,0.59,-6.43,-18.01,False
EWT,Taiwan,5,drawdown_recovery_40,40% Drawdown Recovery,4,3,75.0,30.06,9.4,20.06,17.99,12.3,-6.9,-19.26,False
EWT,Taiwan,6,drawdown_recovery_40,40% Drawdown Recovery,4,2,50.0,15.0,4.32,12.73,11.99,1.31,-9.71,-21.6,False
EWT,Taiwan,7,drawdown_recovery_40,40% Drawdown Recovery,4,2,50.0,15.0,4.32,19.01,21.29,5.48,0.84,-21.6,False
EWT,Taiwan,8,drawdown_recovery_40,40% Drawdown Recovery,4,3,75.0,30.06,9.4,17.05,18.99,7.36,-5.09,-21.6,False
EWT,Taiwan,9,drawdown_recovery_40,40% Drawdown Recovery,3,2,66.67,20.77,5.83,18.54,23.01,6.55,-5.44,-26.27,False
EWT,Taiwan,10,drawdown_recovery_40,40% Drawdown Recovery,3,2,66.67,20.77,5.83,33.43,24.53,11.97,-9.49,-26.27,False
EWT,Taiwan,11,drawdown_recovery_40,40% Drawdown Recovery,2,2,100.0,34.24,9.01,45.8,45.8,39.26,32.73,-21.6,False
EWT,Taiwan,12,drawdown_recovery_40,40% Drawdown Recovery,2,2,100.0,34.24,9.01,56.85,56.85,48.36,39.88,-21.6,False
EWT,Taiwan,1,rsi14_recovery,RSI 14 Recovery,44,0,0.0,0.0,0.0,2.07,0.65,-1.88,-13.56,-18.01,False
EWT,Taiwan,2,rsi14_recovery,RSI 14 Recovery,41,5,12.2,5.32,2.11,0.72,0.87,-2.27,-23.56,-23.46,False
EWT,Taiwan,3,rsi14_recovery,RSI 14 Recovery,36,7,19.44,9.75,4.28,3.34,2.46,-0.33,-17.58,-25.94,False
EWT,Taiwan,4,rsi14_recovery,RSI 14 Recovery,32,8,25.0,13.25,6.05,4.56,5.47,-1.82,-18.04,-24.38,False
EWT,Taiwan,5,rsi14_recovery,RSI 14 Recovery,28,10,35.71,20.71,10.11,6.64,7.79,0.6,-25.37,-26.52,False
EWT,Taiwan,6,rsi14_recovery,RSI 14 Recovery,25,11,44.0,26.67,13.39,8.44,8.61,-3.44,-22.62,-27.53,False
EWT,Taiwan,7,rsi14_recovery,RSI 14 Recovery,23,11,47.83,29.24,14.67,8.96,9.87,1.41,-25.38,-29.59,False
EWT,Taiwan,8,rsi14_recovery,RSI 14 Recovery,22,11,50.0,30.72,15.4,8.94,11.35,2.32,-33.17,-34.94,False
EWT,Taiwan,9,rsi14_recovery,RSI 14 Recovery,19,8,42.11,23.14,10.5,7.73,11.76,1.73,-11.95,-29.59,False
EWT,Taiwan,10,rsi14_recovery,RSI 14 Recovery,18,10,55.56,33.72,16.36,10.98,13.06,1.03,-20.58,-29.59,False
EWT,Taiwan,11,rsi14_recovery,RSI 14 Recovery,17,10,58.82,36.01,17.45,11.93,14.22,-1.82,-17.85,-29.59,False
EWT,Taiwan,12,rsi14_recovery,RSI 14 Recovery,17,10,58.82,36.01,17.45,14.53,17.55,1.82,-19.18,-31.34,False
EWT,Taiwan,1,rsi28_recovery,RSI 28 Recovery,26,0,0.0,0.0,0.0,1.67,0.73,-1.28,-12.43,-14.43,False
EWT,Taiwan,2,rsi28_recovery,RSI 28 Recovery,25,2,8.0,2.22,0.67,1.31,0.9,-2.74,-13.38,-17.02,False
EWT,Taiwan,3,rsi28_recovery,RSI 28 Recovery,24,3,12.5,4.34,1.47,1.42,2.16,0.03,-14.43,-18.2,False
EWT,Taiwan,4,rsi28_recovery,RSI 28 Recovery,21,2,9.52,2.65,0.8,4.32,2.39,-1.54,-14.84,-20.04,False
EWT,Taiwan,5,rsi28_recovery,RSI 28 Recovery,20,5,25.0,11.19,4.4,6.46,3.58,-5.6,-27.01,-27.28,False
EWT,Taiwan,6,rsi28_recovery,RSI 28 Recovery,18,5,27.78,12.5,4.9,4.46,4.45,0.28,-19.3,-27.28,False
EWT,Taiwan,7,rsi28_recovery,RSI 28 Recovery,16,5,31.25,14.16,5.54,4.43,5.85,0.82,-21.74,-28.15,False
EWT,Taiwan,8,rsi28_recovery,RSI 28 Recovery,15,6,40.0,19.82,8.18,4.7,7.19,0.74,-22.6,-28.9,False
EWT,Taiwan,9,rsi28_recovery,RSI 28 Recovery,15,6,40.0,19.82,8.18,4.62,7.74,-0.64,-16.65,-29.59,False
EWT,Taiwan,10,rsi28_recovery,RSI 28 Recovery,15,8,53.33,30.12,13.58,10.4,9.19,-9.32,-23.34,-29.59,False
EWT,Taiwan,11,rsi28_recovery,RSI 28 Recovery,15,9,60.0,35.75,16.7,15.76,12.81,-2.35,-21.1,-29.59,False
EWT,Taiwan,12,rsi28_recovery,RSI 28 Recovery,14,9,64.29,38.76,18.06,14.6,9.21,-5.23,-22.12,-29.59,False
EWT,Taiwan,1,bollinger_recovery,Bollinger Recovery,27,1,3.7,0.66,0.17,1.42,0.47,-2.32,-12.43,-15.83,False
EWT,Taiwan,2,bollinger_recovery,Bollinger Recovery,26,4,15.38,6.15,2.27,0.73,1.45,-1.25,-23.56,-23.46,False
EWT,Taiwan,3,bollinger_recovery,Bollinger Recovery,24,3,12.5,4.34,1.47,2.88,3.45,0.03,-15.01,-23.46,False
EWT,Taiwan,4,bollinger_recovery,Bollinger Recovery,22,4,18.18,7.31,2.69,4.3,4.78,-1.35,-18.04,-24.38,False
EWT,Taiwan,5,bollinger_recovery,Bollinger Recovery,21,6,28.57,13.81,5.74,2.22,7.15,-5.51,-18.94,-25.16,False
EWT,Taiwan,6,bollinger_recovery,Bollinger Recovery,20,8,40.0,21.88,9.93,4.23,8.16,-4.15,-12.7,-25.16,False
EWT,Taiwan,7,bollinger_recovery,Bollinger Recovery,18,9,50.0,29.03,13.64,9.57,9.6,-1.03,-14.47,-29.59,False
EWT,Taiwan,8,bollinger_recovery,Bollinger Recovery,17,9,52.94,30.96,14.52,11.26,12.01,-3.9,-11.51,-29.59,False
EWT,Taiwan,9,bollinger_recovery,Bollinger Recovery,14,7,50.0,26.8,11.57,9.46,8.98,-0.43,-11.95,-29.59,False
EWT,Taiwan,10,bollinger_recovery,Bollinger Recovery,14,9,64.29,38.76,18.06,11.55,11.0,3.52,-23.34,-29.59,False
EWT,Taiwan,11,bollinger_recovery,Bollinger Recovery,14,10,71.43,45.35,21.81,16.62,13.54,3.43,-21.1,-29.59,False
EWT,Taiwan,12,bollinger_recovery,Bollinger Recovery,13,8,61.54,35.52,15.92,17.27,14.06,-8.44,-22.12,-31.34,False
EWT,Taiwan,1,low_vol_trend,Low-Volatility Trend,60,1,1.67,0.29,0.08,0.03,0.41,-2.49,-11.56,-15.83,False
EWT,Taiwan,2,low_vol_trend,Low-Volatility Trend,39,4,10.26,4.06,1.5,2.05,0.97,-3.5,-23.56,-23.46,False
EWT,Taiwan,3,low_vol_trend,Low-Volatility Trend,30,5,16.67,7.34,2.9,1.75,2.52,-3.45,-17.58,-25.94,False
EWT,Taiwan,4,low_vol_trend,Low-Volatility Trend,22,7,31.82,16.36,7.14,1.83,2.93,-1.26,-26.08,-26.31,False
EWT,Taiwan,5,low_vol_trend,Low-Volatility Trend,20,5,25.0,11.19,4.4,2.63,2.98,-6.66,-20.96,-29.49,False
EWT,Taiwan,6,low_vol_trend,Low-Volatility Trend,19,5,26.32,11.81,4.63,6.41,3.88,-1.82,-21.15,-29.59,False
EWT,Taiwan,7,low_vol_trend,Low-Volatility Trend,17,8,47.06,26.16,11.84,7.2,5.97,-1.39,-32.35,-33.1,False
EWT,Taiwan,8,low_vol_trend,Low-Volatility Trend,15,5,33.33,15.18,5.93,4.25,3.2,-7.01,-34.62,-35.7,False
EWT,Taiwan,9,low_vol_trend,Low-Volatility Trend,15,6,40.0,19.82,8.18,3.28,5.5,-3.87,-20.22,-35.7,False
EWT,Taiwan,10,low_vol_trend,Low-Volatility Trend,14,7,50.0,26.8,11.57,9.6,8.81,5.77,-25.29,-35.7,False
EWT,Taiwan,11,low_vol_trend,Low-Volatility Trend,13,6,46.15,23.21,9.54,6.85,8.05,1.55,-20.69,-35.7,False
EWT,Taiwan,12,low_vol_trend,Low-Volatility Trend,12,7,58.33,31.95,13.71,12.08,9.2,-3.3,-18.44,-35.7,False
EWT,Taiwan,1,vol_contraction_trend,Volatility Contraction Trend,45,3,6.67,2.29,0.78,0.18,0.54,-3.31,-16.84,-18.04,False
EWT,Taiwan,2,vol_contraction_trend,Volatility Contraction Trend,37,6,16.22,7.65,3.2,0.93,1.39,-2.89,-19.9,-22.81,False
EWT,Taiwan,3,vol_contraction_trend,Volatility Contraction Trend,32,10,31.25,17.95,8.77,1.84,1.97,-4.67,-24.44,-26.27,False
EWT,Taiwan,4,vol_contraction_trend,Volatility Contraction Trend,28,11,39.29,23.57,11.84,4.28,3.8,-2.41,-37.62,-38.74,False
EWT,Taiwan,5,vol_contraction_trend,Volatility Contraction Trend,28,9,32.14,17.93,8.48,2.56,3.9,-2.78,-46.27,-56.07,False
EWT,Taiwan,6,vol_contraction_trend,Volatility Contraction Trend,25,6,24.0,11.5,4.79,3.73,3.2,-5.07,-53.32,-60.35,False
EWT,Taiwan,7,vol_contraction_trend,Volatility Contraction Trend,22,9,40.91,23.26,10.96,5.18,4.18,-3.33,-48.35,-60.35,False
EWT,Taiwan,8,vol_contraction_trend,Volatility Contraction Trend,20,9,45.0,25.82,12.15,6.66,6.51,-4.95,-55.31,-60.35,False
EWT,Taiwan,9,vol_contraction_trend,Volatility Contraction Trend,18,8,44.44,24.56,11.13,6.89,6.62,-1.6,-56.04,-60.35,False
EWT,Taiwan,10,vol_contraction_trend,Volatility Contraction Trend,17,8,47.06,26.16,11.84,8.72,8.43,4.93,-41.05,-60.35,False
EWT,Taiwan,11,vol_contraction_trend,Volatility Contraction Trend,17,8,47.06,26.16,11.84,9.97,10.1,1.41,-32.67,-60.35,False
EWT,Taiwan,12,vol_contraction_trend,Volatility Contraction Trend,17,9,52.94,30.96,14.52,10.07,12.09,-0.08,-35.89,-60.35,False
EWT,Taiwan,1,breadth_trend,Broad-Market Trend,139,9,6.47,3.44,1.64,0.72,0.98,-2.54,-16.84,-18.04,False
EWT,Taiwan,2,breadth_trend,Broad-Market Trend,80,10,12.5,6.93,3.4,1.21,0.79,-4.19,-25.31,-27.51,False
EWT,Taiwan,3,breadth_trend,Broad-Market Trend,63,12,19.05,11.25,5.8,2.84,1.97,-3.94,-23.95,-30.7,False
EWT,Taiwan,4,breadth_trend,Broad-Market Trend,49,12,24.49,14.6,7.54,3.25,2.62,-3.32,-37.62,-38.74,False
EWT,Taiwan,5,breadth_trend,Broad-Market Trend,40,11,27.5,16.11,8.1,6.65,4.09,0.37,-46.27,-56.07,False
EWT,Taiwan,6,breadth_trend,Broad-Market Trend,35,10,28.57,16.33,7.98,4.96,4.03,-6.85,-53.32,-60.35,False
EWT,Taiwan,7,breadth_trend,Broad-Market Trend,31,12,38.71,23.73,12.24,3.64,4.49,-2.01,-48.35,-60.35,False
EWT,Taiwan,8,breadth_trend,Broad-Market Trend,28,12,42.86,26.51,13.67,7.64,5.67,-3.69,-55.31,-60.35,False
EWT,Taiwan,9,breadth_trend,Broad-Market Trend,26,10,38.46,22.43,10.94,7.75,6.84,-1.9,-56.04,-60.35,False
EWT,Taiwan,10,breadth_trend,Broad-Market Trend,23,14,60.87,40.79,22.02,12.14,12.65,2.21,-24.91,-47.33,False
EWT,Taiwan,11,breadth_trend,Broad-Market Trend,21,12,57.14,36.55,18.81,10.55,8.07,-2.26,-36.13,-47.33,False
EWT,Taiwan,12,breadth_trend,Broad-Market Trend,20,10,50.0,29.93,14.55,8.21,5.38,-5.65,-50.13,-61.87,False
EWU,United Kingdom,1,buy_hold,Buy & Hold Benchmark,265,7,2.64,1.29,0.57,0.64,0.6,-2.33,-13.1,-26.03,False
EWU,United Kingdom,2,buy_hold,Buy & Hold Benchmark,139,8,5.76,2.94,1.35,1.07,0.61,-2.92,-28.56,-41.46,False
EWU,United Kingdom,3,buy_hold,Buy & Hold Benchmark,106,14,13.21,8.03,4.33,2.12,1.4,-1.94,-36.67,-43.23,False
EWU,United Kingdom,4,buy_hold,Buy & Hold Benchmark,77,12,15.58,9.15,4.72,2.33,2.18,-4.03,-28.65,-35.18,False
EWU,United Kingdom,5,buy_hold,Buy & Hold Benchmark,63,14,22.22,13.72,7.4,4.15,2.46,-2.67,-40.81,-43.23,False
EWU,United Kingdom,6,buy_hold,Buy & Hold Benchmark,53,17,32.08,21.09,12.01,4.37,3.97,-4.8,-44.15,-47.47,False
EWU,United Kingdom,7,buy_hold,Buy & Hold Benchmark,46,15,32.61,20.87,11.48,4.65,3.58,-4.38,-50.25,-54.11,False
EWU,United Kingdom,8,buy_hold,Buy & Hold Benchmark,40,12,30.0,18.07,9.33,4.37,3.99,-3.98,-49.8,-52.42,False
EWU,United Kingdom,9,buy_hold,Buy & Hold Benchmark,36,15,41.67,27.14,14.95,6.34,5.24,-4.86,-39.44,-52.68,False
EWU,United Kingdom,10,buy_hold,Buy & Hold Benchmark,33,14,42.42,27.24,14.71,7.06,6.4,-6.31,-49.53,-54.11,False
EWU,United Kingdom,11,buy_hold,Buy & Hold Benchmark,30,13,43.33,27.38,14.46,6.53,5.23,-6.05,-48.28,-54.11,False
EWU,United Kingdom,12,buy_hold,Buy & Hold Benchmark,28,12,42.86,26.51,13.67,8.57,6.03,-1.13,-51.02,-57.38,False
EWU,United Kingdom,1,trend_price_sma100,Price above SMA 100,179,1,0.56,0.1,0.03,0.43,0.59,-1.63,-10.39,-15.47,False
EWU,United Kingdom,2,trend_price_sma100,Price above SMA 100,108,4,3.7,1.45,0.54,1.09,0.68,-2.06,-27.36,-40.91,False
EWU,United Kingdom,3,trend_price_sma100,Price above SMA 100,81,7,8.64,4.25,1.87,2.62,1.55,-2.11,-32.02,-42.43,False
EWU,United Kingdom,4,trend_price_sma100,Price above SMA 100,63,10,15.87,8.86,4.34,2.9,2.42,-3.16,-18.94,-20.22,False
EWU,United Kingdom,5,trend_price_sma100,Price above SMA 100,52,13,25.0,15.23,8.04,4.75,3.83,-0.37,-39.41,-50.93,False
EWU,United Kingdom,6,trend_price_sma100,Price above SMA 100,44,14,31.82,20.0,10.79,4.68,4.42,-2.71,-25.66,-42.51,False
EWU,United Kingdom,7,trend_price_sma100,Price above SMA 100,40,16,40.0,26.35,14.78,4.32,2.91,-6.55,-50.25,-54.11,False
EWU,United Kingdom,8,trend_price_sma100,Price above SMA 100,36,12,33.33,20.21,10.43,5.93,5.09,-0.82,-20.33,-42.43,False
EWU,United Kingdom,9,trend_price_sma100,Price above SMA 100,33,13,39.39,24.68,13.04,6.61,5.98,-6.39,-18.52,-42.51,False
EWU,United Kingdom,10,trend_price_sma100,Price above SMA 100,30,13,43.33,27.38,14.46,8.1,3.47,-7.95,-57.37,-58.28,False
EWU,United Kingdom,11,trend_price_sma100,Price above SMA 100,27,12,44.44,27.59,14.22,7.12,5.64,-2.81,-50.87,-59.8,False
EWU,United Kingdom,12,trend_price_sma100,Price above SMA 100,25,14,56.0,37.07,20.02,11.47,6.45,-5.13,-32.68,-42.51,False
EWU,United Kingdom,1,trend_price_sma200,Price above SMA 200,190,0,0.0,0.0,0.0,0.72,0.47,-1.78,-10.39,-15.47,False
EWU,United Kingdom,2,trend_price_sma200,Price above SMA 200,106,2,1.89,0.52,0.16,1.69,0.32,-2.99,-27.36,-40.91,False
EWU,United Kingdom,3,trend_price_sma200,Price above SMA 200,80,9,11.25,6.03,2.87,3.08,1.72,-2.69,-32.02,-42.43,False
EWU,United Kingdom,4,trend_price_sma200,Price above SMA 200,61,5,8.2,3.55,1.41,3.14,2.13,-1.99,-18.94,-22.87,False
EWU,United Kingdom,5,trend_price_sma200,Price above SMA 200,51,10,19.61,11.02,5.39,4.24,3.03,-0.9,-22.94,-42.43,False
EWU,United Kingdom,6,trend_price_sma200,Price above SMA 200,41,14,34.15,21.56,11.64,4.0,2.84,-6.65,-25.66,-42.51,False
EWU,United Kingdom,7,trend_price_sma200,Price above SMA 200,39,14,35.9,22.74,12.28,4.32,4.27,-3.84,-19.57,-42.51,False
EWU,United Kingdom,8,trend_price_sma200,Price above SMA 200,36,13,36.11,22.48,11.87,5.95,5.24,-2.7,-16.67,-42.51,False
EWU,United Kingdom,9,trend_price_sma200,Price above SMA 200,31,12,38.71,23.73,12.24,6.8,4.62,-4.76,-16.98,-42.51,False
EWU,United Kingdom,10,trend_price_sma200,Price above SMA 200,29,15,51.72,34.43,18.99,10.16,6.39,-5.24,-20.01,-25.55,False
EWU,United Kingdom,11,trend_price_sma200,Price above SMA 200,26,13,50.0,32.06,16.93,7.93,4.95,-6.19,-24.26,-28.99,False
EWU,United Kingdom,12,trend_price_sma200,Price above SMA 200,24,12,50.0,31.43,16.19,9.53,6.65,-6.08,-22.48,-42.51,False
EWU,United Kingdom,1,trend,SMA 50/200 + Momentum,72,0,0.0,0.0,0.0,0.68,0.51,-0.97,-12.2,-12.44,False
EWU,United Kingdom,2,trend,SMA 50/200 + Momentum,48,2,4.17,1.15,0.35,1.27,1.06,-1.59,-15.59,-17.43,False
EWU,United Kingdom,3,trend,SMA 50/200 + Momentum,38,3,7.89,2.72,0.92,3.08,1.75,-0.85,-13.82,-17.74,False
EWU,United Kingdom,4,trend,SMA 50/200 + Momentum,31,4,12.9,5.13,1.89,4.2,2.92,-0.33,-15.26,-22.15,False
EWU,United Kingdom,5,trend,SMA 50/200 + Momentum,27,7,25.93,13.17,5.76,3.4,3.45,0.36,-22.94,-22.84,False
EWU,United Kingdom,6,trend,SMA 50/200 + Momentum,24,5,20.83,9.24,3.64,5.48,4.82,0.71,-18.48,-20.47,False
EWU,United Kingdom,7,trend,SMA 50/200 + Momentum,22,7,31.82,16.36,7.14,6.81,7.25,-0.79,-4.64,-22.15,False
EWU,United Kingdom,8,trend,SMA 50/200 + Momentum,21,9,42.86,24.47,11.53,6.39,8.23,2.79,-20.22,-22.15,False
EWU,United Kingdom,9,trend,SMA 50/200 + Momentum,19,8,42.11,23.14,10.5,7.79,7.77,2.84,-21.53,-23.78,False
EWU,United Kingdom,10,trend,SMA 50/200 + Momentum,16,7,43.75,23.1,10.01,5.78,7.51,-1.49,-8.53,-20.52,False
EWU,United Kingdom,11,trend,SMA 50/200 + Momentum,16,7,43.75,23.1,10.01,7.11,8.76,1.67,-13.19,-22.92,False
EWU,United Kingdom,12,trend,SMA 50/200 + Momentum,15,8,53.33,30.12,13.58,10.01,9.1,1.37,-8.38,-22.92,False
EWU,United Kingdom,1,trend_sma100_200,SMA 100/200,161,0,0.0,0.0,0.0,0.74,0.52,-1.35,-9.32,-15.31,False
EWU,United Kingdom,2,trend_sma100_200,SMA 100/200,89,3,3.37,1.15,0.39,1.85,0.39,-3.08,-27.36,-40.91,False
EWU,United Kingdom,3,trend_sma100_200,SMA 100/200,70,6,8.57,3.99,1.68,2.56,1.72,-1.31,-23.81,-40.91,False
EWU,United Kingdom,4,trend_sma100_200,SMA 100/200,53,5,9.43,4.1,1.63,4.2,2.46,-3.2,-18.01,-40.91,False
EWU,United Kingdom,5,trend_sma100_200,SMA 100/200,45,9,20.0,10.9,5.17,4.42,2.37,-0.83,-22.94,-40.91,False
EWU,United Kingdom,6,trend_sma100_200,SMA 100/200,40,10,25.0,14.19,6.94,3.78,2.57,-4.43,-18.48,-40.91,False
EWU,United Kingdom,7,trend_sma100_200,SMA 100/200,37,9,24.32,13.36,6.33,4.38,3.81,-2.68,-18.38,-40.91,False
EWU,United Kingdom,8,trend_sma100_200,SMA 100/200,31,12,38.71,23.73,12.24,5.76,5.87,-3.91,-15.73,-25.0,False
EWU,United Kingdom,9,trend_sma100_200,SMA 100/200,28,10,35.71,20.71,10.11,6.26,5.18,0.13,-25.26,-42.51,False
EWU,United Kingdom,10,trend_sma100_200,SMA 100/200,25,11,44.0,26.67,13.39,8.3,3.75,-5.24,-33.19,-42.51,False
EWU,United Kingdom,11,trend_sma100_200,SMA 100/200,23,11,47.83,29.24,14.67,5.25,4.71,-6.93,-21.42,-42.51,False
EWU,United Kingdom,12,trend_sma100_200,SMA 100/200,23,11,47.83,29.24,14.67,7.25,5.32,-5.03,-23.25,-42.51,False
EWU,United Kingdom,1,trend_ema50_200,EMA 50/200,170,0,0.0,0.0,0.0,0.74,0.55,-1.15,-10.39,-15.31,False
EWU,United Kingdom,2,trend_ema50_200,EMA 50/200,93,2,2.15,0.59,0.18,1.46,0.58,-3.08,-17.97,-20.41,False
EWU,United Kingdom,3,trend_ema50_200,EMA 50/200,74,6,8.11,3.77,1.58,2.23,1.51,-1.28,-23.81,-40.91,False
EWU,United Kingdom,4,trend_ema50_200,EMA 50/200,52,9,17.31,9.38,4.45,4.37,3.02,-2.03,-13.22,-20.22,False
EWU,United Kingdom,5,trend_ema50_200,EMA 50/200,44,9,20.45,11.15,5.29,4.86,2.85,-0.53,-29.3,-42.51,False
EWU,United Kingdom,6,trend_ema50_200,EMA 50/200,39,10,25.64,14.57,7.12,5.03,2.74,-3.6,-23.14,-42.51,False
EWU,United Kingdom,7,trend_ema50_200,EMA 50/200,37,9,24.32,13.36,6.33,6.46,4.87,-2.44,-17.75,-42.51,False
EWU,United Kingdom,8,trend_ema50_200,EMA 50/200,32,12,37.5,22.93,11.83,6.47,5.53,-0.74,-16.67,-42.51,False
EWU,United Kingdom,9,trend_ema50_200,EMA 50/200,28,11,39.29,23.57,11.84,6.66,7.21,2.78,-23.57,-42.43,False
EWU,United Kingdom,10,trend_ema50_200,EMA 50/200,25,13,52.0,33.5,17.69,10.98,5.55,-5.24,-33.19,-42.51,False
EWU,United Kingdom,11,trend_ema50_200,EMA 50/200,22,11,50.0,30.72,15.4,9.1,6.71,-2.65,-17.19,-24.91,False
EWU,United Kingdom,12,trend_ema50_200,EMA 50/200,22,13,59.09,38.73,20.44,11.64,7.06,-4.72,-25.57,-42.51,False
EWU,United Kingdom,1,trend_ema100_200,EMA 100/200,166,0,0.0,0.0,0.0,0.74,0.56,-1.18,-10.39,-15.31,False
EWU,United Kingdom,2,trend_ema100_200,EMA 100/200,94,2,2.13,0.59,0.18,0.93,0.45,-1.99,-27.36,-40.91,False
EWU,United Kingdom,3,trend_ema100_200,EMA 100/200,70,7,10.0,4.93,2.17,2.38,1.66,-1.31,-16.63,-20.41,False
EWU,United Kingdom,4,trend_ema100_200,EMA 100/200,51,9,17.65,9.57,4.54,4.31,2.42,-2.03,-27.73,-42.51,False
EWU,United Kingdom,5,trend_ema100_200,EMA 100/200,43,7,16.28,8.12,3.57,4.59,3.11,-2.11,-23.18,-42.51,False
EWU,United Kingdom,6,trend_ema100_200,EMA 100/200,38,10,26.32,14.97,7.32,4.24,3.72,-0.52,-18.48,-42.51,False
EWU,United Kingdom,7,trend_ema100_200,EMA 100/200,35,12,34.29,20.83,10.75,5.2,4.66,-2.95,-17.49,-42.51,False
EWU,United Kingdom,8,trend_ema100_200,EMA 100/200,31,11,35.48,21.12,10.61,6.54,5.63,-0.21,-20.33,-42.43,False
EWU,United Kingdom,9,trend_ema100_200,EMA 100/200,27,12,44.44,27.59,14.22,6.7,6.46,-0.67,-20.76,-40.91,False
EWU,United Kingdom,10,trend_ema100_200,EMA 100/200,24,13,54.17,35.07,18.52,11.19,6.39,-3.64,-33.19,-36.85,False
EWU,United Kingdom,11,trend_ema100_200,EMA 100/200,22,12,54.55,34.66,17.85,10.89,6.33,-2.65,-25.42,-42.51,False
EWU,United Kingdom,12,trend_ema100_200,EMA 100/200,22,11,50.0,30.72,15.4,9.32,7.06,-2.6,-21.13,-42.51,False
EWU,United Kingdom,1,trend_triple_ma,Triple Moving Average,83,0,0.0,0.0,0.0,-0.04,-0.03,-2.18,-10.39,-11.14,False
EWU,United Kingdom,2,trend_triple_ma,Triple Moving Average,57,3,5.26,1.81,0.61,-0.34,0.22,-3.08,-15.3,-20.41,False
EWU,United Kingdom,3,trend_triple_ma,Triple Moving Average,49,3,6.12,2.1,0.71,1.29,0.77,-2.71,-16.63,-22.87,False
EWU,United Kingdom,4,trend_triple_ma,Triple Moving Average,39,4,10.26,4.06,1.5,2.95,1.77,-0.75,-27.73,-42.51,False
EWU,United Kingdom,5,trend_triple_ma,Triple Moving Average,37,8,21.62,11.39,5.21,3.91,2.2,-2.25,-23.18,-42.51,False
EWU,United Kingdom,6,trend_triple_ma,Triple Moving Average,31,7,22.58,11.39,4.99,5.03,3.56,-0.5,-16.92,-42.51,False
EWU,United Kingdom,7,trend_triple_ma,Triple Moving Average,29,8,27.59,14.7,6.71,6.17,4.2,-0.36,-17.49,-42.51,False
EWU,United Kingdom,8,trend_triple_ma,Triple Moving Average,26,10,38.46,22.43,10.94,4.75,4.0,-2.81,-16.67,-42.51,False
EWU,United Kingdom,9,trend_triple_ma,Triple Moving Average,23,8,34.78,18.81,8.56,6.32,4.93,-0.52,-23.57,-42.43,False
EWU,United Kingdom,10,trend_triple_ma,Triple Moving Average,22,9,40.91,23.26,10.96,6.02,5.63,-0.57,-23.23,-25.61,False
EWU,United Kingdom,11,trend_triple_ma,Triple Moving Average,22,9,40.91,23.26,10.96,6.69,4.01,-3.64,-24.7,-28.68,False
EWU,United Kingdom,12,trend_triple_ma,Triple Moving Average,19,9,47.37,27.33,12.85,9.21,6.02,-2.55,-25.57,-42.51,False
EWU,United Kingdom,1,trend_breakout_100,100-Day Range Breakout,21,0,0.0,0.0,0.0,-1.19,-1.15,-3.98,-10.39,-11.14,False
EWU,United Kingdom,2,trend_breakout_100,100-Day Range Breakout,21,1,4.76,0.85,0.22,2.38,1.16,-3.01,-10.39,-15.14,False
EWU,United Kingdom,3,trend_breakout_100,100-Day Range Breakout,20,1,5.0,0.89,0.23,0.16,0.67,-2.34,-13.82,-17.61,False
EWU,United Kingdom,4,trend_breakout_100,100-Day Range Breakout,18,1,5.56,0.99,0.25,4.53,1.8,-0.49,-15.26,-20.44,False
EWU,United Kingdom,5,trend_breakout_100,100-Day Range Breakout,15,2,13.33,3.74,1.12,5.14,2.49,1.44,-22.94,-22.84,False
EWU,United Kingdom,6,trend_breakout_100,100-Day Range Breakout,15,5,33.33,15.18,5.93,7.21,4.74,1.43,-13.45,-22.84,False
EWU,United Kingdom,7,trend_breakout_100,100-Day Range Breakout,14,5,35.71,16.34,6.37,5.76,4.88,2.78,-13.24,-22.84,False
EWU,United Kingdom,8,trend_breakout_100,100-Day Range Breakout,13,4,30.77,12.68,4.61,6.15,3.81,3.24,-20.22,-22.84,False
EWU,United Kingdom,9,trend_breakout_100,100-Day Range Breakout,13,5,38.46,17.71,6.89,4.17,3.13,-3.94,-21.53,-23.78,False
EWU,United Kingdom,10,trend_breakout_100,100-Day Range Breakout,12,3,25.0,8.89,2.97,5.94,3.27,-4.76,-25.95,-26.54,False
EWU,United Kingdom,11,trend_breakout_100,100-Day Range Breakout,12,5,41.67,19.33,7.5,2.7,3.39,-2.99,-33.2,-38.22,False
EWU,United Kingdom,12,trend_breakout_100,100-Day Range Breakout,11,3,27.27,9.75,3.25,1.64,-1.09,-5.92,-46.9,-57.0,False
EWU,United Kingdom,1,trend_breakout_200,200-Day Range Breakout,19,0,0.0,0.0,0.0,-0.71,-0.96,-4.03,-10.39,-11.14,False
EWU,United Kingdom,2,trend_breakout_200,200-Day Range Breakout,19,1,5.26,0.94,0.24,1.85,0.72,-3.32,-10.39,-15.14,False
EWU,United Kingdom,3,trend_breakout_200,200-Day Range Breakout,19,1,5.26,0.94,0.24,0.05,0.39,-2.59,-13.82,-17.61,False
EWU,United Kingdom,4,trend_breakout_200,200-Day Range Breakout,17,2,11.76,3.29,0.99,4.75,1.8,-0.69,-15.26,-20.44,False
EWU,United Kingdom,5,trend_breakout_200,200-Day Range Breakout,15,2,13.33,3.74,1.12,2.9,1.61,-2.61,-22.94,-22.84,False
EWU,United Kingdom,6,trend_breakout_200,200-Day Range Breakout,15,4,26.67,10.9,3.98,7.21,3.15,-3.39,-13.45,-22.84,False
EWU,United Kingdom,7,trend_breakout_200,200-Day Range Breakout,14,4,28.57,11.72,4.27,5.76,3.54,-1.22,-13.24,-22.84,False
EWU,United Kingdom,8,trend_breakout_200,200-Day Range Breakout,13,4,30.77,12.68,4.61,6.15,3.54,0.84,-20.22,-22.84,False
EWU,United Kingdom,9,trend_breakout_200,200-Day Range Breakout,13,4,30.77,12.68,4.61,3.35,2.44,-3.94,-21.53,-23.78,False
EWU,United Kingdom,10,trend_breakout_200,200-Day Range Breakout,12,2,16.67,4.7,1.4,2.39,1.01,-5.22,-25.95,-26.54,False
EWU,United Kingdom,11,trend_breakout_200,200-Day Range Breakout,12,4,33.33,13.81,5.01,2.48,2.21,-4.12,-33.2,-38.22,False
EWU,United Kingdom,12,trend_breakout_200,200-Day Range Breakout,11,4,36.36,15.17,5.49,1.64,-0.1,-5.92,-46.9,-57.0,False
EWU,United Kingdom,1,momentum_90,90-Day Absolute Momentum,178,0,0.0,0.0,0.0,0.42,0.3,-1.91,-10.39,-15.47,False
EWU,United Kingdom,2,momentum_90,90-Day Absolute Momentum,105,2,1.9,0.52,0.16,0.48,-0.01,-3.06,-17.97,-18.73,False
EWU,United Kingdom,3,momentum_90,90-Day Absolute Momentum,83,7,8.43,4.15,1.83,1.56,0.82,-3.33,-23.81,-40.91,False
EWU,United Kingdom,4,momentum_90,90-Day Absolute Momentum,64,5,7.81,3.38,1.34,2.37,2.02,-0.88,-26.29,-29.5,False
EWU,United Kingdom,5,momentum_90,90-Day Absolute Momentum,51,11,21.57,12.49,6.29,4.12,1.7,-2.37,-39.41,-50.93,False
EWU,United Kingdom,6,momentum_90,90-Day Absolute Momentum,44,10,22.73,12.84,6.28,3.74,1.78,-6.86,-23.14,-42.51,False
EWU,United Kingdom,7,momentum_90,90-Day Absolute Momentum,42,13,30.95,19.07,10.07,3.78,2.9,-4.87,-42.45,-52.42,False
EWU,United Kingdom,8,momentum_90,90-Day Absolute Momentum,36,13,36.11,22.48,11.87,5.19,4.31,-3.89,-49.8,-52.42,False
EWU,United Kingdom,9,momentum_90,90-Day Absolute Momentum,33,15,45.45,29.84,16.45,7.24,5.25,-6.39,-21.53,-42.51,False
EWU,United Kingdom,10,momentum_90,90-Day Absolute Momentum,31,11,35.48,21.12,10.61,6.86,3.87,-7.1,-46.76,-58.31,False
EWU,United Kingdom,11,momentum_90,90-Day Absolute Momentum,27,11,40.74,24.51,12.31,5.74,4.62,-7.34,-49.52,-55.01,False
EWU,United Kingdom,12,momentum_90,90-Day Absolute Momentum,26,10,38.46,22.43,10.94,6.94,3.29,-6.88,-33.49,-58.31,False
EWU,United Kingdom,1,momentum_180,180-Day Absolute Momentum,177,2,1.13,0.31,0.09,0.73,0.64,-1.15,-10.39,-15.31,False
EWU,United Kingdom,2,momentum_180,180-Day Absolute Momentum,99,3,3.03,1.04,0.35,1.53,0.59,-2.94,-27.36,-40.91,False
EWU,United Kingdom,3,momentum_180,180-Day Absolute Momentum,74,7,9.46,4.66,2.05,2.14,1.83,-0.8,-32.02,-42.43,False
EWU,United Kingdom,4,momentum_180,180-Day Absolute Momentum,57,6,10.53,4.91,2.06,4.24,3.29,-1.29,-17.62,-22.21,False
EWU,United Kingdom,5,momentum_180,180-Day Absolute Momentum,49,7,14.29,7.1,3.12,4.37,2.58,-3.87,-23.18,-42.51,False
EWU,United Kingdom,6,momentum_180,180-Day Absolute Momentum,41,11,26.83,15.69,7.9,3.88,2.82,-7.92,-21.58,-42.43,False
EWU,United Kingdom,7,momentum_180,180-Day Absolute Momentum,39,11,28.21,16.54,8.32,3.54,3.97,-4.36,-18.38,-40.91,False
EWU,United Kingdom,8,momentum_180,180-Day Absolute Momentum,33,11,33.33,19.75,9.93,5.76,4.94,-3.45,-17.65,-23.03,False
EWU,United Kingdom,9,momentum_180,180-Day Absolute Momentum,30,11,36.67,21.87,10.99,6.23,4.61,-10.1,-25.26,-42.51,False
EWU,United Kingdom,10,momentum_180,180-Day Absolute Momentum,28,15,53.57,35.81,19.75,10.57,5.33,-5.22,-33.19,-42.51,False
EWU,United Kingdom,11,momentum_180,180-Day Absolute Momentum,24,11,45.83,27.89,14.0,7.27,4.22,-7.85,-21.46,-42.51,False
EWU,United Kingdom,12,momentum_180,180-Day Absolute Momentum,24,11,45.83,27.89,14.0,5.88,6.28,-3.79,-18.14,-42.51,False
EWU,United Kingdom,1,momentum_270,270-Day Absolute Momentum,174,2,1.15,0.32,0.1,0.99,0.79,-1.18,-11.16,-15.31,False
EWU,United Kingdom,2,momentum_270,270-Day Absolute Momentum,95,3,3.16,1.08,0.37,1.53,0.88,-2.81,-17.97,-20.41,False
EWU,United Kingdom,3,momentum_270,270-Day Absolute Momentum,73,8,10.96,5.66,2.59,2.04,1.95,-0.65,-23.81,-40.91,False
EWU,United Kingdom,4,momentum_270,270-Day Absolute Momentum,56,6,10.71,5.0,2.1,3.88,2.55,-2.19,-18.94,-21.74,False
EWU,United Kingdom,5,momentum_270,270-Day Absolute Momentum,45,10,22.22,12.54,6.14,5.14,3.0,-0.71,-29.3,-42.51,False
EWU,United Kingdom,6,momentum_270,270-Day Absolute Momentum,38,12,31.58,19.08,9.85,5.05,4.24,-4.64,-23.14,-42.51,False
EWU,United Kingdom,7,momentum_270,270-Day Absolute Momentum,36,9,25.0,13.75,6.51,6.77,4.08,-3.86,-38.9,-52.68,False
EWU,United Kingdom,8,momentum_270,270-Day Absolute Momentum,30,10,33.33,19.23,9.39,5.0,5.73,0.27,-19.06,-42.51,False
EWU,United Kingdom,9,momentum_270,270-Day Absolute Momentum,28,11,39.29,23.57,11.84,7.82,6.03,-1.78,-23.57,-42.43,False
EWU,United Kingdom,10,momentum_270,270-Day Absolute Momentum,25,12,48.0,30.03,15.48,9.65,5.99,-4.21,-49.53,-54.11,False
EWU,United Kingdom,11,momentum_270,270-Day Absolute Momentum,23,13,56.52,36.81,19.43,10.6,7.55,-1.91,-19.34,-42.51,False
EWU,United Kingdom,12,momentum_270,270-Day Absolute Momentum,21,12,57.14,36.55,18.81,13.38,7.9,-0.42,-25.57,-42.51,False
EWU,United Kingdom,1,momentum_365,365-Day Absolute Momentum,180,2,1.11,0.31,0.09,0.99,0.71,-1.23,-11.16,-15.31,False
EWU,United Kingdom,2,momentum_365,365-Day Absolute Momentum,95,2,2.11,0.58,0.18,1.07,0.43,-2.94,-17.97,-20.41,False
EWU,United Kingdom,3,momentum_365,365-Day Absolute Momentum,73,9,12.33,6.62,3.15,2.62,1.8,-2.63,-32.02,-42.43,False
EWU,United Kingdom,4,momentum_365,365-Day Absolute Momentum,56,8,14.29,7.42,3.4,3.54,1.92,-2.37,-27.74,-42.43,False
EWU,United Kingdom,5,momentum_365,365-Day Absolute Momentum,46,8,17.39,9.09,4.16,4.41,2.81,-1.35,-21.77,-42.43,False
EWU,United Kingdom,6,momentum_365,365-Day Absolute Momentum,39,11,28.21,16.54,8.32,5.03,2.04,-6.58,-23.15,-42.43,False
EWU,United Kingdom,7,momentum_365,365-Day Absolute Momentum,36,9,25.0,13.75,6.51,6.62,3.22,-3.15,-50.25,-54.11,False
EWU,United Kingdom,8,momentum_365,365-Day Absolute Momentum,29,11,37.93,22.69,11.4,6.37,4.8,1.47,-37.58,-52.68,False
EWU,United Kingdom,9,momentum_365,365-Day Absolute Momentum,27,13,48.15,30.74,16.24,7.58,5.19,-4.47,-23.57,-42.43,False
EWU,United Kingdom,10,momentum_365,365-Day Absolute Momentum,26,11,42.31,25.54,12.83,7.68,3.32,-6.62,-49.53,-54.11,False
EWU,United Kingdom,11,momentum_365,365-Day Absolute Momentum,22,11,50.0,30.72,15.4,9.28,6.82,-2.15,-25.42,-42.51,False
EWU,United Kingdom,12,momentum_365,365-Day Absolute Momentum,22,11,50.0,30.72,15.4,9.59,6.05,-2.88,-51.02,-57.38,False
EWU,United Kingdom,1,momentum_dual_90_180,Dual Momentum 90/180,147,0,0.0,0.0,0.0,0.64,0.5,-1.06,-10.39,-15.31,False
EWU,United Kingdom,2,momentum_dual_90_180,Dual Momentum 90/180,88,3,3.41,1.17,0.4,0.87,0.43,-2.88,-17.97,-20.0,False
EWU,United Kingdom,3,momentum_dual_90_180,Dual Momentum 90/180,68,5,7.35,3.18,1.26,1.82,1.64,-1.04,-23.81,-40.91,False
EWU,United Kingdom,4,momentum_dual_90_180,Dual Momentum 90/180,53,5,9.43,4.1,1.63,4.2,2.84,-0.71,-17.62,-22.21,False
EWU,United Kingdom,5,momentum_dual_90_180,Dual Momentum 90/180,45,10,22.22,12.54,6.14,4.37,2.69,-0.1,-23.18,-42.51,False
EWU,United Kingdom,6,momentum_dual_90_180,Dual Momentum 90/180,39,10,25.64,14.57,7.12,3.88,2.72,-4.99,-21.58,-42.43,False
EWU,United Kingdom,7,momentum_dual_90_180,Dual Momentum 90/180,37,11,29.73,17.49,8.8,3.76,4.09,-4.64,-18.38,-40.91,False
EWU,United Kingdom,8,momentum_dual_90_180,Dual Momentum 90/180,31,11,35.48,21.12,10.61,5.74,4.86,-3.98,-17.65,-22.77,False
EWU,United Kingdom,9,momentum_dual_90_180,Dual Momentum 90/180,29,13,44.83,28.41,15.01,6.61,5.63,-6.91,-25.26,-42.51,False
EWU,United Kingdom,10,momentum_dual_90_180,Dual Momentum 90/180,26,14,53.85,35.46,19.15,11.19,5.44,-7.48,-33.19,-42.51,False
EWU,United Kingdom,11,momentum_dual_90_180,Dual Momentum 90/180,23,11,47.83,29.24,14.67,7.93,5.11,-11.48,-17.24,-42.51,False
EWU,United Kingdom,12,momentum_dual_90_180,Dual Momentum 90/180,23,10,43.48,25.63,12.49,4.49,4.35,-6.52,-32.68,-42.51,False
EWU,United Kingdom,1,momentum_dual_180_365,Dual Momentum 180/365,149,1,0.67,0.12,0.03,0.74,0.72,-1.14,-10.39,-15.31,False
EWU,United Kingdom,2,momentum_dual_180_365,Dual Momentum 180/365,81,1,1.23,0.22,0.06,1.53,0.49,-2.82,-17.97,-20.41,False
EWU,United Kingdom,3,momentum_dual_180_365,Dual Momentum 180/365,62,9,14.52,7.83,3.72,2.38,1.78,-1.34,-32.02,-42.43,False
EWU,United Kingdom,4,momentum_dual_180_365,Dual Momentum 180/365,47,7,14.89,7.41,3.26,4.3,3.01,-1.08,-27.74,-42.43,False
EWU,United Kingdom,5,momentum_dual_180_365,Dual Momentum 180/365,38,7,18.42,9.22,4.05,5.41,3.11,0.45,-22.94,-42.43,False
EWU,United Kingdom,6,momentum_dual_180_365,Dual Momentum 180/365,34,11,32.35,19.13,9.62,4.82,3.13,-4.26,-21.58,-42.43,False
EWU,United Kingdom,7,momentum_dual_180_365,Dual Momentum 180/365,31,10,32.26,18.57,9.07,4.84,4.9,-1.56,-21.61,-42.43,False
EWU,United Kingdom,8,momentum_dual_180_365,Dual Momentum 180/365,26,12,46.15,28.76,14.83,6.97,5.49,-2.45,-20.33,-42.43,False
EWU,United Kingdom,9,momentum_dual_180_365,Dual Momentum 180/365,25,12,48.0,30.03,15.48,9.97,4.51,-6.68,-23.57,-42.43,False
EWU,United Kingdom,10,momentum_dual_180_365,Dual Momentum 180/365,22,11,50.0,30.72,15.4,9.75,6.37,-3.3,-26.9,-42.43,False
EWU,United Kingdom,11,momentum_dual_180_365,Dual Momentum 180/365,21,11,52.38,32.37,16.22,10.6,7.73,-1.07,-18.42,-42.43,False
EWU,United Kingdom,12,momentum_dual_180_365,Dual Momentum 180/365,20,10,50.0,29.93,14.55,9.83,9.9,0.0,-10.85,-42.43,False
EWU,United Kingdom,1,momentum_rank_90,Top Relative Momentum 90,19,0,0.0,0.0,0.0,0.22,0.42,-0.92,-4.45,-11.75,False
EWU,United Kingdom,2,momentum_rank_90,Top Relative Momentum 90,16,2,12.5,3.5,1.05,3.29,2.67,-1.82,-4.76,-11.75,False
EWU,United Kingdom,3,momentum_rank_90,Top Relative Momentum 90,16,1,6.25,1.11,0.28,4.09,2.63,-1.21,-9.74,-11.75,False
EWU,United Kingdom,4,momentum_rank_90,Top Relative Momentum 90,15,2,13.33,3.74,1.12,6.24,4.01,-0.64,-5.74,-15.14,False
EWU,United Kingdom,5,momentum_rank_90,Top Relative Momentum 90,14,4,28.57,11.72,4.27,3.09,2.06,-5.58,-13.95,-17.91,False
EWU,United Kingdom,6,momentum_rank_90,Top Relative Momentum 90,13,5,38.46,17.71,6.89,6.66,5.11,0.88,-12.9,-18.08,False
EWU,United Kingdom,7,momentum_rank_90,Top Relative Momentum 90,13,5,38.46,17.71,6.89,8.05,5.73,-2.93,-15.74,-18.08,False
EWU,United Kingdom,8,momentum_rank_90,Top Relative Momentum 90,13,5,38.46,17.71,6.89,6.42,4.82,1.26,-20.31,-24.91,False
EWU,United Kingdom,9,momentum_rank_90,Top Relative Momentum 90,13,6,46.15,23.21,9.54,7.79,7.94,6.56,-17.37,-24.91,False
EWU,United Kingdom,10,momentum_rank_90,Top Relative Momentum 90,12,7,58.33,31.95,13.71,11.99,8.36,0.29,-13.94,-24.91,False
EWU,United Kingdom,11,momentum_rank_90,Top Relative Momentum 90,12,6,50.0,25.38,10.39,9.92,7.04,-0.36,-21.46,-28.99,False
EWU,United Kingdom,12,momentum_rank_90,Top Relative Momentum 90,12,7,58.33,31.95,13.71,12.4,8.51,-0.92,-16.96,-28.99,False
EWU,United Kingdom,1,momentum,Top Relative Momentum 180,11,0,0.0,0.0,0.0,-0.46,-0.73,-1.94,-4.3,-9.07,False
EWU,United Kingdom,2,momentum,Top Relative Momentum 180,10,0,0.0,0.0,0.0,-0.48,0.52,-3.01,-4.5,-13.62,False
EWU,United Kingdom,3,momentum,Top Relative Momentum 180,9,0,0.0,0.0,0.0,0.38,0.43,-0.91,-12.64,-12.88,False
EWU,United Kingdom,4,momentum,Top Relative Momentum 180,9,2,22.22,6.32,1.88,-4.98,-0.61,-5.72,-9.92,-15.36,False
EWU,United Kingdom,5,momentum,Top Relative Momentum 180,9,2,22.22,6.32,1.88,-4.81,0.82,-7.78,-12.8,-17.91,False
EWU,United Kingdom,6,momentum,Top Relative Momentum 180,9,3,33.33,12.06,3.99,-7.37,-0.88,-10.95,-12.9,-20.52,False
EWU,United Kingdom,7,momentum,Top Relative Momentum 180,9,3,33.33,12.06,3.99,-6.48,-1.16,-12.81,-19.27,-23.68,False
EWU,United Kingdom,8,momentum,Top Relative Momentum 180,9,3,33.33,12.06,3.99,-3.33,1.31,-7.54,-13.63,-23.68,False
EWU,United Kingdom,9,momentum,Top Relative Momentum 180,9,3,33.33,12.06,3.99,-0.09,0.8,-7.2,-12.38,-23.68,False
EWU,United Kingdom,10,momentum,Top Relative Momentum 180,9,2,22.22,6.32,1.88,0.59,0.96,-4.49,-13.94,-23.68,False
EWU,United Kingdom,11,momentum,Top Relative Momentum 180,9,2,22.22,6.32,1.88,-2.92,-0.18,-5.68,-21.46,-28.99,False
EWU,United Kingdom,12,momentum,Top Relative Momentum 180,9,3,33.33,12.06,3.99,1.58,3.5,-0.7,-16.96,-28.99,False
EWU,United Kingdom,1,momentum_rank_365,Top Relative Momentum 365,24,0,0.0,0.0,0.0,1.62,1.12,-0.54,-7.08,-12.59,False
EWU,United Kingdom,2,momentum_rank_365,Top Relative Momentum 365,15,1,6.67,1.19,0.3,3.77,1.48,-1.14,-13.14,-18.0,False
EWU,United Kingdom,3,momentum_rank_365,Top Relative Momentum 365,13,1,7.69,1.37,0.35,0.27,1.68,-3.2,-9.36,-18.0,False
EWU,United Kingdom,4,momentum_rank_365,Top Relative Momentum 365,10,3,30.0,10.78,3.58,8.65,4.22,-4.99,-10.06,-13.25,False
EWU,United Kingdom,5,momentum_rank_365,Top Relative Momentum 365,9,3,33.33,12.06,3.99,5.29,2.99,-3.53,-14.97,-21.74,False
EWU,United Kingdom,6,momentum_rank_365,Top Relative Momentum 365,9,2,22.22,6.32,1.88,5.42,2.21,-8.29,-18.48,-21.74,False
EWU,United Kingdom,7,momentum_rank_365,Top Relative Momentum 365,9,1,11.11,1.99,0.5,0.71,4.75,-3.6,-4.72,-22.15,False
EWU,United Kingdom,8,momentum_rank_365,Top Relative Momentum 365,8,3,37.5,13.68,4.51,6.0,8.49,3.48,-8.19,-21.74,False
EWU,United Kingdom,9,momentum_rank_365,Top Relative Momentum 365,8,3,37.5,13.68,4.51,5.09,7.34,1.97,-2.89,-21.74,False
EWU,United Kingdom,10,momentum_rank_365,Top Relative Momentum 365,8,2,25.0,7.15,2.12,6.48,7.6,1.68,-7.75,-21.74,False
EWU,United Kingdom,11,momentum_rank_365,Top Relative Momentum 365,7,4,57.14,25.05,8.86,11.29,6.09,4.81,-25.42,-42.51,False
EWU,United Kingdom,12,momentum_rank_365,Top Relative Momentum 365,7,4,57.14,25.05,8.86,11.6,5.77,0.93,-21.13,-42.51,False
EWU,United Kingdom,1,momentum_composite,Composite Momentum,11,0,0.0,0.0,0.0,0.77,1.38,-0.92,-5.41,-9.01,False
EWU,United Kingdom,2,momentum_composite,Composite Momentum,8,2,25.0,7.15,2.12,4.16,4.89,2.32,-3.1,-11.45,False
EWU,United Kingdom,3,momentum_composite,Composite Momentum,7,1,14.29,2.57,0.65,4.17,4.21,1.58,-5.03,-11.45,False
EWU,United Kingdom,4,momentum_composite,Composite Momentum,7,1,14.29,2.57,0.65,6.92,4.19,1.36,-5.72,-12.08,False
EWU,United Kingdom,5,momentum_composite,Composite Momentum,7,2,28.57,8.22,2.43,3.88,2.12,-2.74,-13.95,-15.04,False
EWU,United Kingdom,6,momentum_composite,Composite Momentum,6,2,33.33,9.68,2.84,-2.46,-0.48,-11.83,-18.48,-20.22,False
EWU,United Kingdom,7,momentum_composite,Composite Momentum,5,1,20.0,3.62,0.91,3.68,4.1,-6.48,-15.74,-17.33,False
EWU,United Kingdom,8,momentum_composite,Composite Momentum,5,2,40.0,11.76,3.43,5.6,5.53,-3.33,-20.31,-24.91,False
EWU,United Kingdom,9,momentum_composite,Composite Momentum,5,2,40.0,11.76,3.43,6.56,5.63,-0.09,-17.37,-24.91,False
EWU,United Kingdom,10,momentum_composite,Composite Momentum,5,3,60.0,23.07,7.39,11.49,10.36,0.59,-6.11,-24.91,False
EWU,United Kingdom,11,momentum_composite,Composite Momentum,5,2,40.0,11.76,3.43,1.41,4.75,-5.68,-7.34,-24.91,False
EWU,United Kingdom,12,momentum_composite,Composite Momentum,5,2,40.0,11.76,3.43,-0.22,5.2,-0.7,-1.59,-24.91,False
EWU,United Kingdom,1,drawdown_recovery_20,20% Drawdown Recovery,19,1,5.26,0.94,0.24,0.21,0.83,-2.21,-12.86,-19.6,False
EWU,United Kingdom,2,drawdown_recovery_20,20% Drawdown Recovery,15,1,6.67,1.19,0.3,3.6,1.16,0.66,-22.3,-28.51,False
EWU,United Kingdom,3,drawdown_recovery_20,20% Drawdown Recovery,14,1,7.14,1.27,0.32,4.42,3.32,2.54,-11.74,-30.29,False
EWU,United Kingdom,4,drawdown_recovery_20,20% Drawdown Recovery,13,2,15.38,4.33,1.29,4.32,2.77,0.41,-17.3,-30.29,False
EWU,United Kingdom,5,drawdown_recovery_20,20% Drawdown Recovery,12,5,41.67,19.33,7.5,9.59,4.01,3.33,-26.06,-32.01,False
EWU,United Kingdom,6,drawdown_recovery_20,20% Drawdown Recovery,12,5,41.67,19.33,7.5,9.13,3.78,2.22,-40.69,-52.68,False
EWU,United Kingdom,7,drawdown_recovery_20,20% Drawdown Recovery,11,4,36.36,15.17,5.49,6.46,2.62,-3.21,-50.25,-54.11,False
EWU,United Kingdom,8,drawdown_recovery_20,20% Drawdown Recovery,11,4,36.36,15.17,5.49,5.46,4.51,-2.72,-44.05,-54.11,False
EWU,United Kingdom,9,drawdown_recovery_20,20% Drawdown Recovery,10,5,50.0,23.66,9.1,8.27,6.87,4.51,-49.31,-54.11,False
EWU,United Kingdom,10,drawdown_recovery_20,20% Drawdown Recovery,10,4,40.0,16.82,6.07,8.31,6.67,1.83,-57.37,-58.28,False
EWU,United Kingdom,11,drawdown_recovery_20,20% Drawdown Recovery,10,7,70.0,39.68,16.82,12.25,9.78,2.36,-50.87,-59.8,False
EWU,United Kingdom,12,drawdown_recovery_20,20% Drawdown Recovery,10,6,60.0,31.27,12.69,11.19,9.6,6.85,-44.97,-59.8,False
EWU,United Kingdom,1,drawdown_recovery,25% Drawdown Recovery,4,1,25.0,4.56,1.14,1.47,4.01,-0.1,-3.98,-7.67,False
EWU,United Kingdom,2,drawdown_recovery,25% Drawdown Recovery,3,1,33.33,6.15,1.53,2.78,4.89,1.07,-0.63,-8.68,False
EWU,United Kingdom,3,drawdown_recovery,25% Drawdown Recovery,3,1,33.33,6.15,1.53,7.89,9.67,4.01,0.13,-10.36,False
EWU,United Kingdom,4,drawdown_recovery,25% Drawdown Recovery,3,2,66.67,20.77,5.83,11.51,14.78,9.06,6.61,-10.36,False
EWU,United Kingdom,5,drawdown_recovery,25% Drawdown Recovery,3,2,66.67,20.77,5.83,14.64,18.47,12.22,9.81,-10.36,False
EWU,United Kingdom,6,drawdown_recovery,25% Drawdown Recovery,3,3,100.0,43.85,12.93,18.81,21.98,16.94,15.07,-10.36,False
EWU,United Kingdom,7,drawdown_recovery,25% Drawdown Recovery,3,3,100.0,43.85,12.93,24.65,26.25,20.69,16.72,-10.36,False
EWU,United Kingdom,8,drawdown_recovery,25% Drawdown Recovery,3,3,100.0,43.85,12.93,23.29,25.97,19.76,16.23,-10.36,False
EWU,United Kingdom,9,drawdown_recovery,25% Drawdown Recovery,3,3,100.0,43.85,12.93,29.54,26.45,23.43,17.33,-10.36,False
EWU,United Kingdom,10,drawdown_recovery,25% Drawdown Recovery,3,3,100.0,43.85,12.93,28.1,24.53,21.37,14.64,-13.18,False
EWU,United Kingdom,11,drawdown_recovery,25% Drawdown Recovery,3,3,100.0,43.85,12.93,26.42,29.26,23.07,19.73,-13.18,False
EWU,United Kingdom,12,drawdown_recovery,25% Drawdown Recovery,3,3,100.0,43.85,12.93,28.26,25.4,20.32,12.38,-13.18,False
EWU,United Kingdom,1,drawdown_recovery_30,30% Drawdown Recovery,6,1,16.67,3.01,0.76,-0.6,0.34,-3.16,-12.86,-19.6,False
EWU,United Kingdom,2,drawdown_recovery_30,30% Drawdown Recovery,4,1,25.0,4.56,1.14,1.56,-1.66,-4.62,-22.3,-28.51,False
EWU,United Kingdom,3,drawdown_recovery_30,30% Drawdown Recovery,4,1,25.0,4.56,1.14,3.74,5.22,-0.25,-7.58,-30.29,False
EWU,United Kingdom,4,drawdown_recovery_30,30% Drawdown Recovery,4,0,0.0,0.0,0.0,1.9,2.77,-0.16,-2.03,-30.29,False
EWU,United Kingdom,5,drawdown_recovery_30,30% Drawdown Recovery,3,2,66.67,20.77,5.83,10.47,5.79,2.45,-5.56,-30.29,False
EWU,United Kingdom,6,drawdown_recovery_30,30% Drawdown Recovery,3,1,33.33,6.15,1.53,8.5,9.18,7.96,7.43,-30.29,False
EWU,United Kingdom,7,drawdown_recovery_30,30% Drawdown Recovery,3,2,66.67,20.77,5.83,13.66,14.28,10.06,6.46,-30.29,False
EWU,United Kingdom,8,drawdown_recovery_30,30% Drawdown Recovery,3,2,66.67,20.77,5.83,14.82,11.48,5.48,-3.87,-30.29,False
EWU,United Kingdom,9,drawdown_recovery_30,30% Drawdown Recovery,2,2,100.0,34.24,9.01,22.84,22.84,21.68,20.53,-30.29,False
EWU,United Kingdom,10,drawdown_recovery_30,30% Drawdown Recovery,2,2,100.0,34.24,9.01,27.51,27.51,26.04,24.57,-30.29,False
EWU,United Kingdom,11,drawdown_recovery_30,30% Drawdown Recovery,2,2,100.0,34.24,9.01,32.65,32.65,30.36,28.07,-30.29,False
EWU,United Kingdom,12,drawdown_recovery_30,30% Drawdown Recovery,2,2,100.0,34.24,9.01,35.14,35.14,33.62,32.11,-30.29,False
EWU,United Kingdom,1,drawdown_recovery_40,40% Drawdown Recovery,6,1,16.67,3.01,0.76,-0.6,0.34,-3.16,-12.86,-19.6,False
EWU,United Kingdom,2,drawdown_recovery_40,40% Drawdown Recovery,4,1,25.0,4.56,1.14,1.56,-1.66,-4.62,-22.3,-28.51,False
EWU,United Kingdom,3,drawdown_recovery_40,40% Drawdown Recovery,4,1,25.0,4.56,1.14,3.74,5.22,-0.25,-7.58,-30.29,False
EWU,United Kingdom,4,drawdown_recovery_40,40% Drawdown Recovery,4,0,0.0,0.0,0.0,1.9,2.77,-0.16,-2.03,-30.29,False
EWU,United Kingdom,5,drawdown_recovery_40,40% Drawdown Recovery,3,2,66.67,20.77,5.83,10.47,5.79,2.45,-5.56,-30.29,False
EWU,United Kingdom,6,drawdown_recovery_40,40% Drawdown Recovery,3,1,33.33,6.15,1.53,8.5,9.18,7.96,7.43,-30.29,False
EWU,United Kingdom,7,drawdown_recovery_40,40% Drawdown Recovery,3,2,66.67,20.77,5.83,13.66,14.28,10.06,6.46,-30.29,False
EWU,United Kingdom,8,drawdown_recovery_40,40% Drawdown Recovery,3,2,66.67,20.77,5.83,14.82,11.48,5.48,-3.87,-30.29,False
EWU,United Kingdom,9,drawdown_recovery_40,40% Drawdown Recovery,2,2,100.0,34.24,9.01,22.84,22.84,21.68,20.53,-30.29,False
EWU,United Kingdom,10,drawdown_recovery_40,40% Drawdown Recovery,2,2,100.0,34.24,9.01,27.51,27.51,26.04,24.57,-30.29,False
EWU,United Kingdom,11,drawdown_recovery_40,40% Drawdown Recovery,2,2,100.0,34.24,9.01,32.65,32.65,30.36,28.07,-30.29,False
EWU,United Kingdom,12,drawdown_recovery_40,40% Drawdown Recovery,2,2,100.0,34.24,9.01,35.14,35.14,33.62,32.11,-30.29,False
EWU,United Kingdom,1,rsi14_recovery,RSI 14 Recovery,47,0,0.0,0.0,0.0,0.64,0.83,-1.13,-6.54,-12.59,False
EWU,United Kingdom,2,rsi14_recovery,RSI 14 Recovery,41,2,4.88,1.35,0.41,2.62,1.18,-1.29,-15.59,-18.0,False
EWU,United Kingdom,3,rsi14_recovery,RSI 14 Recovery,37,2,5.41,1.5,0.45,4.07,2.31,-0.26,-12.88,-18.0,False
EWU,United Kingdom,4,rsi14_recovery,RSI 14 Recovery,34,5,14.71,6.45,2.55,4.38,2.62,-3.24,-18.94,-22.15,False
EWU,United Kingdom,5,rsi14_recovery,RSI 14 Recovery,30,7,23.33,11.79,5.17,3.2,2.95,-1.78,-16.05,-23.81,False
EWU,United Kingdom,6,rsi14_recovery,RSI 14 Recovery,28,7,25.0,12.68,5.55,2.5,1.96,-5.13,-25.66,-42.51,False
EWU,United Kingdom,7,rsi14_recovery,RSI 14 Recovery,24,7,29.17,14.91,6.52,2.48,2.59,-3.21,-24.06,-42.51,False
EWU,United Kingdom,8,rsi14_recovery,RSI 14 Recovery,21,8,38.1,20.75,9.43,-1.06,1.15,-5.21,-37.58,-52.68,False
EWU,United Kingdom,9,rsi14_recovery,RSI 14 Recovery,19,6,31.58,15.36,6.38,5.53,2.56,-1.39,-44.66,-54.11,False
EWU,United Kingdom,10,rsi14_recovery,RSI 14 Recovery,19,5,26.32,11.81,4.63,5.64,3.2,-4.79,-40.7,-54.11,False
EWU,United Kingdom,11,rsi14_recovery,RSI 14 Recovery,18,7,38.89,20.3,8.83,6.5,3.38,-3.69,-48.28,-54.11,False
EWU,United Kingdom,12,rsi14_recovery,RSI 14 Recovery,18,6,33.33,16.28,6.75,6.89,3.27,-7.15,-55.53,-58.77,False
EWU,United Kingdom,1,rsi28_recovery,RSI 28 Recovery,29,0,0.0,0.0,0.0,1.75,0.63,-2.79,-7.46,-11.53,False
EWU,United Kingdom,2,rsi28_recovery,RSI 28 Recovery,26,0,0.0,0.0,0.0,1.38,-0.18,-4.64,-15.59,-18.0,False
EWU,United Kingdom,3,rsi28_recovery,RSI 28 Recovery,24,1,4.17,0.74,0.19,2.65,1.02,-4.03,-12.88,-18.0,False
EWU,United Kingdom,4,rsi28_recovery,RSI 28 Recovery,22,2,9.09,2.53,0.76,0.75,0.73,-5.32,-12.37,-22.15,False
EWU,United Kingdom,5,rsi28_recovery,RSI 28 Recovery,22,4,18.18,7.31,2.69,1.74,0.84,-4.22,-16.05,-23.81,False
EWU,United Kingdom,6,rsi28_recovery,RSI 28 Recovery,20,5,25.0,11.19,4.4,2.18,0.66,-7.54,-25.66,-42.51,False
EWU,United Kingdom,7,rsi28_recovery,RSI 28 Recovery,18,7,38.89,20.3,8.83,-0.11,2.02,-6.89,-24.06,-42.51,False
EWU,United Kingdom,8,rsi28_recovery,RSI 28 Recovery,16,6,37.5,18.48,7.64,2.53,1.85,-9.76,-37.58,-52.68,False
EWU,United Kingdom,9,rsi28_recovery,RSI 28 Recovery,16,7,43.75,23.1,10.01,5.15,2.22,-8.8,-44.66,-54.11,False
EWU,United Kingdom,10,rsi28_recovery,RSI 28 Recovery,16,7,43.75,23.1,10.01,7.35,3.99,-8.28,-40.7,-54.11,False
EWU,United Kingdom,11,rsi28_recovery,RSI 28 Recovery,16,8,50.0,28.0,12.65,6.93,5.26,-6.48,-48.28,-54.11,False
EWU,United Kingdom,12,rsi28_recovery,RSI 28 Recovery,14,7,50.0,26.8,11.57,8.76,9.26,-5.14,-23.25,-24.91,False
EWU,United Kingdom,1,bollinger_recovery,Bollinger Recovery,36,0,0.0,0.0,0.0,-0.61,-0.59,-3.19,-7.19,-16.17,False
EWU,United Kingdom,2,bollinger_recovery,Bollinger Recovery,34,0,0.0,0.0,0.0,-0.57,-1.26,-4.73,-17.97,-18.0,False
EWU,United Kingdom,3,bollinger_recovery,Bollinger Recovery,32,0,0.0,0.0,0.0,1.15,0.01,-4.86,-12.88,-18.0,False
EWU,United Kingdom,4,bollinger_recovery,Bollinger Recovery,30,3,10.0,3.46,1.17,2.61,1.06,-4.26,-17.3,-22.15,False
EWU,United Kingdom,5,bollinger_recovery,Bollinger Recovery,27,5,18.52,8.18,3.23,1.16,0.53,-3.91,-26.06,-32.01,False
EWU,United Kingdom,6,bollinger_recovery,Bollinger Recovery,26,6,23.08,11.03,4.6,2.39,1.26,-3.85,-40.69,-52.68,False
EWU,United Kingdom,7,bollinger_recovery,Bollinger Recovery,24,8,33.33,17.97,8.18,3.01,2.39,-2.87,-50.25,-54.11,False
EWU,United Kingdom,8,bollinger_recovery,Bollinger Recovery,20,4,20.0,8.07,2.96,1.29,0.21,-4.96,-44.05,-54.11,False
EWU,United Kingdom,9,bollinger_recovery,Bollinger Recovery,19,6,31.58,15.36,6.38,1.74,-0.49,-5.78,-49.31,-54.11,False
EWU,United Kingdom,10,bollinger_recovery,Bollinger Recovery,19,7,36.84,19.15,8.34,-2.86,-0.54,-9.03,-57.37,-58.28,False
EWU,United Kingdom,11,bollinger_recovery,Bollinger Recovery,18,7,38.89,20.3,8.83,1.0,0.6,-8.87,-50.87,-59.8,False
EWU,United Kingdom,12,bollinger_recovery,Bollinger Recovery,17,6,35.29,17.31,7.17,-3.27,1.47,-12.6,-44.97,-59.8,False
EWU,United Kingdom,1,low_vol_trend,Low-Volatility Trend,176,0,0.0,0.0,0.0,0.74,0.59,-1.37,-10.39,-15.47,False
EWU,United Kingdom,2,low_vol_trend,Low-Volatility Trend,100,1,1.0,0.18,0.05,1.3,0.43,-2.87,-17.97,-20.0,False
EWU,United Kingdom,3,low_vol_trend,Low-Volatility Trend,76,9,11.84,6.36,3.02,3.08,2.32,-1.94,-13.82,-17.74,False
EWU,United Kingdom,4,low_vol_trend,Low-Volatility Trend,60,4,6.67,2.62,0.97,2.75,1.75,-3.05,-16.48,-22.87,False
EWU,United Kingdom,5,low_vol_trend,Low-Volatility Trend,49,10,20.41,11.48,5.62,4.73,2.94,-2.96,-22.94,-22.87,False
EWU,United Kingdom,6,low_vol_trend,Low-Volatility Trend,41,13,31.71,19.56,10.34,4.0,2.91,-6.43,-25.66,-42.51,False
EWU,United Kingdom,7,low_vol_trend,Low-Volatility Trend,38,12,31.58,19.08,9.85,4.48,4.5,-3.58,-19.57,-42.51,False
EWU,United Kingdom,8,low_vol_trend,Low-Volatility Trend,35,12,34.29,20.83,10.75,3.91,4.58,-2.91,-16.67,-42.51,False
EWU,United Kingdom,9,low_vol_trend,Low-Volatility Trend,31,12,38.71,23.73,12.24,6.8,4.28,-7.93,-16.98,-42.51,False
EWU,United Kingdom,10,low_vol_trend,Low-Volatility Trend,28,14,50.0,32.63,17.63,10.27,7.31,-5.22,-20.01,-25.55,False
EWU,United Kingdom,11,low_vol_trend,Low-Volatility Trend,26,13,50.0,32.06,16.93,7.93,5.73,-3.99,-24.26,-28.99,False
EWU,United Kingdom,12,low_vol_trend,Low-Volatility Trend,24,10,41.67,24.47,11.93,8.22,5.88,-4.01,-22.48,-42.51,False
EWU,United Kingdom,1,vol_contraction_trend,Volatility Contraction Trend,48,0,0.0,0.0,0.0,0.54,0.45,-2.47,-9.07,-15.47,False
EWU,United Kingdom,2,vol_contraction_trend,Volatility Contraction Trend,37,1,2.7,0.48,0.12,1.74,0.19,-2.25,-27.36,-40.91,False
EWU,United Kingdom,3,vol_contraction_trend,Volatility Contraction Trend,30,3,10.0,3.46,1.17,3.58,0.9,-4.87,-16.65,-20.41,False
EWU,United Kingdom,4,vol_contraction_trend,Volatility Contraction Trend,29,5,17.24,7.6,3.0,3.14,1.81,-2.33,-27.73,-42.51,False
EWU,United Kingdom,5,vol_contraction_trend,Volatility Contraction Trend,28,5,17.86,7.88,3.11,1.56,1.51,-5.99,-22.94,-40.91,False
EWU,United Kingdom,6,vol_contraction_trend,Volatility Contraction Trend,26,8,30.77,16.5,7.52,3.29,2.48,-6.45,-25.66,-42.51,False
EWU,United Kingdom,7,vol_contraction_trend,Volatility Contraction Trend,24,6,25.0,12.0,5.0,5.76,3.71,-2.5,-19.57,-42.51,False
EWU,United Kingdom,8,vol_contraction_trend,Volatility Contraction Trend,22,7,31.82,16.36,7.14,5.34,3.64,-7.59,-17.65,-42.51,False
EWU,United Kingdom,9,vol_contraction_trend,Volatility Contraction Trend,22,8,36.36,19.73,8.97,6.56,4.53,-4.79,-23.23,-40.91,False
EWU,United Kingdom,10,vol_contraction_trend,Volatility Contraction Trend,19,5,26.32,11.81,4.63,5.92,4.99,0.35,-25.95,-40.91,False
EWU,United Kingdom,11,vol_contraction_trend,Volatility Contraction Trend,19,6,31.58,15.36,6.38,5.92,3.98,-2.17,-33.2,-40.91,False
EWU,United Kingdom,12,vol_contraction_trend,Volatility Contraction Trend,18,7,38.89,20.3,8.83,4.91,3.45,-5.42,-46.9,-57.0,False
EWU,United Kingdom,1,breadth_trend,Broad-Market Trend,166,0,0.0,0.0,0.0,0.44,0.42,-1.31,-10.39,-15.47,False
EWU,United Kingdom,2,breadth_trend,Broad-Market Trend,92,1,1.09,0.19,0.05,1.07,0.28,-2.87,-27.36,-40.91,False
EWU,United Kingdom,3,breadth_trend,Broad-Market Trend,71,6,8.45,3.93,1.65,2.23,1.06,-2.11,-32.02,-42.43,False
EWU,United Kingdom,4,breadth_trend,Broad-Market Trend,55,4,7.27,2.86,1.06,4.2,2.21,-1.3,-27.73,-42.51,False
EWU,United Kingdom,5,breadth_trend,Broad-Market Trend,47,8,17.02,8.89,4.07,4.59,2.63,-2.28,-22.94,-22.87,False
EWU,United Kingdom,6,breadth_trend,Broad-Market Trend,39,11,28.21,16.54,8.32,3.88,2.98,-5.62,-25.66,-42.51,False
EWU,United Kingdom,7,breadth_trend,Broad-Market Trend,36,12,33.33,20.21,10.43,4.32,4.65,-3.27,-18.04,-42.51,False
EWU,United Kingdom,8,breadth_trend,Broad-Market Trend,33,12,36.36,22.19,11.45,7.24,5.3,1.03,-16.67,-42.51,False
EWU,United Kingdom,9,breadth_trend,Broad-Market Trend,28,12,42.86,26.51,13.67,7.69,6.4,-0.49,-23.57,-42.43,False
EWU,United Kingdom,10,breadth_trend,Broad-Market Trend,27,14,51.85,33.99,18.36,10.98,5.97,-1.58,-33.19,-40.91,False
EWU,United Kingdom,11,breadth_trend,Broad-Market Trend,25,12,48.0,30.03,15.48,5.46,4.88,-6.78,-24.26,-25.88,False
EWU,United Kingdom,12,breadth_trend,Broad-Market Trend,22,9,40.91,23.26,10.96,6.22,4.7,-7.77,-25.57,-42.51,False
EWW,Mexico,1,buy_hold,Buy & Hold Benchmark,265,28,10.57,7.41,4.71,1.15,1.11,-3.26,-30.09,-35.65,False
EWW,Mexico,2,buy_hold,Buy & Hold Benchmark,139,26,18.71,13.1,8.23,2.43,1.39,-6.41,-42.2,-52.7,False
EWW,Mexico,3,buy_hold,Buy & Hold Benchmark,106,27,25.47,18.14,11.53,3.43,2.5,-5.96,-45.12,-52.7,False
EWW,Mexico,4,buy_hold,Buy & Hold Benchmark,77,27,35.06,25.35,16.19,1.14,4.0,-6.76,-29.65,-48.01,False
EWW,Mexico,5,buy_hold,Buy & Hold Benchmark,63,22,34.92,24.33,14.81,3.81,4.19,-6.02,-47.25,-52.7,False
EWW,Mexico,6,buy_hold,Buy & Hold Benchmark,53,20,37.74,25.94,15.43,1.09,6.83,-6.57,-48.79,-55.05,False
EWW,Mexico,7,buy_hold,Buy & Hold Benchmark,46,18,39.13,26.39,15.28,6.24,7.4,-6.19,-53.03,-60.4,False
EWW,Mexico,8,buy_hold,Buy & Hold Benchmark,40,20,50.0,35.2,21.03,10.37,7.11,-10.16,-55.2,-60.12,False
EWW,Mexico,9,buy_hold,Buy & Hold Benchmark,36,16,44.44,29.54,16.58,6.11,8.73,-12.3,-44.16,-60.4,False
EWW,Mexico,10,buy_hold,Buy & Hold Benchmark,33,16,48.48,32.5,18.26,6.66,10.54,-7.46,-55.01,-60.4,False
EWW,Mexico,11,buy_hold,Buy & Hold Benchmark,30,13,43.33,27.38,14.46,2.4,10.27,-8.65,-50.92,-60.4,False
EWW,Mexico,12,buy_hold,Buy & Hold Benchmark,28,14,50.0,32.63,17.63,9.53,10.11,-5.61,-49.25,-60.4,False
EWW,Mexico,1,trend_price_sma100,Price above SMA 100,159,13,8.18,4.84,2.55,1.48,1.29,-3.01,-18.17,-20.12,False
EWW,Mexico,2,trend_price_sma100,Price above SMA 100,96,17,17.71,11.36,6.44,1.68,1.06,-6.75,-42.2,-47.51,False
EWW,Mexico,3,trend_price_sma100,Price above SMA 100,73,20,27.4,18.49,10.96,3.15,2.75,-4.89,-42.58,-47.68,False
EWW,Mexico,4,trend_price_sma100,Price above SMA 100,59,21,35.59,24.6,14.81,4.94,4.23,-7.13,-28.01,-47.51,False
EWW,Mexico,5,trend_price_sma100,Price above SMA 100,47,16,34.04,22.17,12.42,4.8,6.67,-2.84,-47.9,-49.42,False
EWW,Mexico,6,trend_price_sma100,Price above SMA 100,42,16,38.1,25.0,14.02,2.68,4.98,-7.22,-53.4,-60.12,False
EWW,Mexico,7,trend_price_sma100,Price above SMA 100,41,15,36.59,23.59,12.99,5.66,5.25,-7.43,-44.63,-60.12,False
EWW,Mexico,8,trend_price_sma100,Price above SMA 100,34,13,38.24,23.9,12.63,6.19,8.18,-5.4,-26.69,-47.68,False
EWW,Mexico,9,trend_price_sma100,Price above SMA 100,31,13,41.94,26.42,13.96,7.21,7.22,-13.32,-46.71,-60.4,False
EWW,Mexico,10,trend_price_sma100,Price above SMA 100,29,12,41.38,25.51,13.16,6.25,8.42,-13.64,-49.9,-64.37,False
EWW,Mexico,11,trend_price_sma100,Price above SMA 100,26,11,42.31,25.54,12.83,1.06,11.93,-11.02,-44.03,-64.37,False
EWW,Mexico,12,trend_price_sma100,Price above SMA 100,24,10,41.67,24.47,11.93,5.71,11.89,-8.88,-47.15,-60.4,False
EWW,Mexico,1,trend_price_sma200,Price above SMA 200,170,13,7.65,4.52,2.39,0.59,0.55,-3.92,-18.17,-21.71,False
EWW,Mexico,2,trend_price_sma200,Price above SMA 200,98,13,13.27,7.92,4.18,0.65,0.87,-6.78,-24.13,-26.84,False
EWW,Mexico,3,trend_price_sma200,Price above SMA 200,78,18,23.08,15.13,8.72,1.94,1.83,-6.02,-37.43,-47.51,False
EWW,Mexico,4,trend_price_sma200,Price above SMA 200,58,20,34.48,23.56,14.0,3.1,2.77,-7.75,-23.21,-30.51,False
EWW,Mexico,5,trend_price_sma200,Price above SMA 200,50,18,36.0,24.14,13.96,4.53,3.42,-6.79,-47.9,-49.42,False
EWW,Mexico,6,trend_price_sma200,Price above SMA 200,43,16,37.21,24.38,13.66,4.83,4.31,-7.68,-42.05,-54.68,False
EWW,Mexico,7,trend_price_sma200,Price above SMA 200,41,16,39.02,25.66,14.39,5.11,4.72,-6.48,-53.03,-60.4,False
EWW,Mexico,8,trend_price_sma200,Price above SMA 200,34,15,44.12,28.88,15.91,8.16,6.88,-1.25,-55.2,-60.12,False
EWW,Mexico,9,trend_price_sma200,Price above SMA 200,31,12,38.71,23.73,12.24,4.66,5.6,-12.98,-46.71,-60.4,False
EWW,Mexico,10,trend_price_sma200,Price above SMA 200,27,12,44.44,27.59,14.22,3.0,8.82,-13.75,-24.44,-47.68,False
EWW,Mexico,11,trend_price_sma200,Price above SMA 200,26,11,42.31,25.54,12.83,1.7,6.76,-12.46,-63.1,-63.69,False
EWW,Mexico,12,trend_price_sma200,Price above SMA 200,25,12,48.0,30.03,15.48,3.33,8.49,-18.4,-43.5,-64.37,False
EWW,Mexico,1,trend,SMA 50/200 + Momentum,91,6,6.59,3.06,1.29,1.28,0.56,-3.18,-13.04,-18.75,False
EWW,Mexico,2,trend,SMA 50/200 + Momentum,57,9,15.79,8.54,4.05,0.46,1.37,-4.82,-16.05,-25.62,False
EWW,Mexico,3,trend,SMA 50/200 + Momentum,45,12,26.67,15.96,8.24,3.79,3.14,-0.83,-26.84,-31.0,False
EWW,Mexico,4,trend,SMA 50/200 + Momentum,37,14,37.84,24.06,12.99,3.92,3.24,-6.73,-29.65,-30.51,False
EWW,Mexico,5,trend,SMA 50/200 + Momentum,32,11,34.38,20.41,10.26,6.68,1.6,-10.48,-48.91,-60.12,False
EWW,Mexico,6,trend,SMA 50/200 + Momentum,27,10,37.04,21.53,10.51,7.8,3.84,-4.77,-53.4,-60.12,False
EWW,Mexico,7,trend,SMA 50/200 + Momentum,27,9,33.33,18.64,8.81,7.25,5.94,-3.01,-44.63,-60.12,False
EWW,Mexico,8,trend,SMA 50/200 + Momentum,23,12,52.17,32.96,16.98,11.68,8.18,-7.09,-55.2,-60.12,False
EWW,Mexico,9,trend,SMA 50/200 + Momentum,23,11,47.83,29.24,14.67,7.12,7.41,-12.56,-63.39,-63.57,False
EWW,Mexico,10,trend,SMA 50/200 + Momentum,22,11,50.0,30.72,15.4,10.32,8.83,-13.49,-49.9,-64.37,False
EWW,Mexico,11,trend,SMA 50/200 + Momentum,20,10,50.0,29.93,14.55,11.5,5.85,-16.62,-44.03,-64.37,False
EWW,Mexico,12,trend,SMA 50/200 + Momentum,17,10,58.82,36.01,17.45,10.81,9.32,-6.64,-43.5,-64.37,False
EWW,Mexico,1,trend_sma100_200,SMA 100/200,137,12,8.76,5.08,2.62,1.27,0.63,-3.78,-14.31,-21.71,False
EWW,Mexico,2,trend_sma100_200,SMA 100/200,79,10,12.66,7.02,3.44,-0.12,0.26,-6.42,-42.2,-47.51,False
EWW,Mexico,3,trend_sma100_200,SMA 100/200,63,13,20.63,12.48,6.59,4.34,2.08,-4.35,-37.43,-47.51,False
EWW,Mexico,4,trend_sma100_200,SMA 100/200,46,14,30.43,19.08,10.29,1.69,1.96,-8.22,-29.65,-47.51,False
EWW,Mexico,5,trend_sma100_200,SMA 100/200,39,16,41.03,27.08,15.19,4.95,1.98,-7.49,-48.91,-60.12,False
EWW,Mexico,6,trend_sma100_200,SMA 100/200,33,13,39.39,24.68,13.04,6.23,2.86,-9.35,-53.4,-60.12,False
EWW,Mexico,7,trend_sma100_200,SMA 100/200,33,13,39.39,24.68,13.04,5.03,4.2,-2.44,-44.63,-60.12,False
EWW,Mexico,8,trend_sma100_200,SMA 100/200,28,12,42.86,26.51,13.67,5.69,6.74,-0.57,-55.2,-60.12,False
EWW,Mexico,9,trend_sma100_200,SMA 100/200,26,12,46.15,28.76,14.83,4.14,5.69,-13.24,-63.39,-63.57,False
EWW,Mexico,10,trend_sma100_200,SMA 100/200,25,12,48.0,30.03,15.48,7.81,6.81,-13.44,-49.9,-64.37,False
EWW,Mexico,11,trend_sma100_200,SMA 100/200,24,10,41.67,24.47,11.93,6.22,7.64,-8.18,-44.03,-64.37,False
EWW,Mexico,12,trend_sma100_200,SMA 100/200,22,12,54.55,34.66,17.85,13.16,9.82,-11.22,-43.5,-53.71,False
EWW,Mexico,1,trend_ema50_200,EMA 50/200,156,12,7.69,4.45,2.3,1.21,0.61,-3.79,-18.17,-18.75,False
EWW,Mexico,2,trend_ema50_200,EMA 50/200,88,9,10.23,5.47,2.6,1.76,0.91,-5.43,-21.94,-26.91,False
EWW,Mexico,3,trend_ema50_200,EMA 50/200,69,14,20.29,12.49,6.73,3.32,2.12,-3.82,-37.43,-47.51,False
EWW,Mexico,4,trend_ema50_200,EMA 50/200,52,16,30.77,19.91,11.15,2.74,2.75,-5.89,-25.04,-30.51,False
EWW,Mexico,5,trend_ema50_200,EMA 50/200,45,16,35.56,23.22,13.01,3.91,2.67,-7.32,-40.43,-47.68,False
EWW,Mexico,6,trend_ema50_200,EMA 50/200,36,14,38.89,24.78,13.38,7.05,2.74,-9.89,-42.05,-54.68,False
EWW,Mexico,7,trend_ema50_200,EMA 50/200,35,14,40.0,25.55,13.8,6.15,3.38,-7.65,-53.03,-60.4,False
EWW,Mexico,8,trend_ema50_200,EMA 50/200,31,14,45.16,29.16,15.75,9.3,5.49,-5.55,-55.2,-60.12,False
EWW,Mexico,9,trend_ema50_200,EMA 50/200,28,12,42.86,26.51,13.67,2.1,5.91,-10.9,-46.71,-60.4,False
EWW,Mexico,10,trend_ema50_200,EMA 50/200,25,11,44.0,26.67,13.39,7.24,7.26,-13.62,-31.1,-47.68,False
EWW,Mexico,11,trend_ema50_200,EMA 50/200,24,9,37.5,21.16,9.99,3.63,6.16,-9.42,-63.1,-63.69,False
EWW,Mexico,12,trend_ema50_200,EMA 50/200,23,10,43.48,25.63,12.49,1.28,8.16,-10.44,-43.5,-53.71,False
EWW,Mexico,1,trend_ema100_200,EMA 100/200,154,11,7.14,4.03,2.03,0.59,0.18,-4.1,-18.57,-19.48,False
EWW,Mexico,2,trend_ema100_200,EMA 100/200,86,9,10.47,5.6,2.66,1.02,0.38,-5.15,-42.2,-47.51,False
EWW,Mexico,3,trend_ema100_200,EMA 100/200,66,12,18.18,10.72,5.53,1.81,1.46,-6.85,-19.55,-28.07,False
EWW,Mexico,4,trend_ema100_200,EMA 100/200,52,14,26.92,16.77,9.04,1.47,1.41,-8.54,-37.77,-47.68,False
EWW,Mexico,5,trend_ema100_200,EMA 100/200,41,14,34.15,21.56,11.64,3.22,2.11,-7.22,-31.47,-47.68,False
EWW,Mexico,6,trend_ema100_200,EMA 100/200,36,13,36.11,22.48,11.87,1.14,1.44,-11.37,-42.05,-54.68,False
EWW,Mexico,7,trend_ema100_200,EMA 100/200,35,14,40.0,25.55,13.8,5.03,2.55,-10.53,-53.03,-60.4,False
EWW,Mexico,8,trend_ema100_200,EMA 100/200,28,11,39.29,23.57,11.84,7.02,6.06,-4.72,-55.2,-60.12,False
EWW,Mexico,9,trend_ema100_200,EMA 100/200,27,11,40.74,24.51,12.31,1.46,4.84,-9.08,-46.71,-60.4,False
EWW,Mexico,10,trend_ema100_200,EMA 100/200,25,11,44.0,26.67,13.39,7.24,6.59,-13.51,-31.1,-47.68,False
EWW,Mexico,11,trend_ema100_200,EMA 100/200,24,9,37.5,21.16,9.99,4.14,5.33,-11.43,-63.1,-63.69,False
EWW,Mexico,12,trend_ema100_200,EMA 100/200,22,10,45.45,26.92,13.11,3.63,8.64,-9.5,-43.5,-53.71,False
EWW,Mexico,1,trend_triple_ma,Triple Moving Average,81,4,4.94,1.94,0.72,0.55,0.09,-3.21,-21.17,-25.62,False
EWW,Mexico,2,trend_triple_ma,Triple Moving Average,59,6,10.17,4.74,1.99,1.12,0.48,-5.99,-16.05,-28.07,False
EWW,Mexico,3,trend_triple_ma,Triple Moving Average,46,10,21.74,12.26,6.0,4.53,2.36,-4.71,-42.58,-47.68,False
EWW,Mexico,4,trend_triple_ma,Triple Moving Average,39,14,35.9,22.74,12.28,1.78,3.04,-2.91,-36.76,-47.68,False
EWW,Mexico,5,trend_triple_ma,Triple Moving Average,34,12,35.29,21.49,11.09,4.72,3.84,-4.56,-48.91,-60.12,False
EWW,Mexico,6,trend_triple_ma,Triple Moving Average,32,11,34.38,20.41,10.26,1.14,0.21,-12.2,-53.4,-60.12,False
EWW,Mexico,7,trend_triple_ma,Triple Moving Average,30,11,36.67,21.87,10.99,5.39,2.98,-10.27,-44.63,-60.12,False
EWW,Mexico,8,trend_triple_ma,Triple Moving Average,28,13,46.43,29.53,15.6,6.79,4.36,-12.45,-55.2,-60.12,False
EWW,Mexico,9,trend_triple_ma,Triple Moving Average,25,12,48.0,30.03,15.48,3.62,7.82,-15.73,-27.93,-47.68,False
EWW,Mexico,10,trend_triple_ma,Triple Moving Average,21,10,47.62,28.34,13.79,9.26,11.62,-9.79,-27.91,-47.68,False
EWW,Mexico,11,trend_triple_ma,Triple Moving Average,20,10,50.0,29.93,14.55,10.78,11.01,-4.05,-49.56,-53.71,False
EWW,Mexico,12,trend_triple_ma,Triple Moving Average,19,11,57.89,36.28,18.15,15.28,11.57,-4.07,-48.45,-64.37,False
EWW,Mexico,1,trend_breakout_100,100-Day Range Breakout,29,2,6.9,1.91,0.58,-1.38,-0.49,-4.44,-11.74,-17.84,False
EWW,Mexico,2,trend_breakout_100,100-Day Range Breakout,27,2,7.41,2.06,0.62,1.12,0.05,-6.02,-16.05,-28.07,False
EWW,Mexico,3,trend_breakout_100,100-Day Range Breakout,25,6,24.0,11.5,4.79,5.42,1.81,-6.53,-16.71,-28.07,False
EWW,Mexico,4,trend_breakout_100,100-Day Range Breakout,23,7,30.43,15.6,6.81,1.52,1.73,-7.93,-29.65,-30.08,False
EWW,Mexico,5,trend_breakout_100,100-Day Range Breakout,22,9,40.91,23.26,10.96,-0.12,-0.02,-12.07,-48.91,-60.12,False
EWW,Mexico,6,trend_breakout_100,100-Day Range Breakout,20,9,45.0,25.82,12.15,6.19,2.05,-8.59,-53.4,-60.12,False
EWW,Mexico,7,trend_breakout_100,100-Day Range Breakout,20,8,40.0,21.88,9.93,6.95,4.75,-8.21,-44.63,-60.12,False
EWW,Mexico,8,trend_breakout_100,100-Day Range Breakout,19,10,52.63,31.71,15.4,12.41,7.27,-2.41,-55.2,-60.12,False
EWW,Mexico,9,trend_breakout_100,100-Day Range Breakout,17,9,52.94,30.96,14.52,12.13,5.39,-16.1,-63.39,-63.57,False
EWW,Mexico,10,trend_breakout_100,100-Day Range Breakout,15,10,66.67,41.71,20.13,15.52,8.52,-6.91,-49.9,-64.37,False
EWW,Mexico,11,trend_breakout_100,100-Day Range Breakout,15,9,60.0,35.75,16.7,13.26,8.71,-15.51,-44.03,-64.37,False
EWW,Mexico,12,trend_breakout_100,100-Day Range Breakout,14,8,57.14,32.59,14.65,15.76,10.67,-17.81,-37.9,-64.37,False
EWW,Mexico,1,trend_breakout_200,200-Day Range Breakout,24,1,4.17,0.74,0.19,-1.85,-1.74,-4.87,-11.74,-17.84,False
EWW,Mexico,2,trend_breakout_200,200-Day Range Breakout,22,2,9.09,2.53,0.76,0.2,-0.05,-6.41,-16.05,-28.07,False
EWW,Mexico,3,trend_breakout_200,200-Day Range Breakout,20,3,15.0,5.24,1.76,1.25,-0.04,-9.98,-16.71,-28.07,False
EWW,Mexico,4,trend_breakout_200,200-Day Range Breakout,18,5,27.78,12.5,4.9,0.96,0.49,-11.69,-29.65,-30.08,False
EWW,Mexico,5,trend_breakout_200,200-Day Range Breakout,17,7,41.18,21.61,9.38,-0.31,-0.99,-18.96,-48.91,-60.12,False
EWW,Mexico,6,trend_breakout_200,200-Day Range Breakout,16,7,43.75,23.1,10.01,4.08,0.99,-11.57,-53.4,-60.12,False
EWW,Mexico,7,trend_breakout_200,200-Day Range Breakout,16,6,37.5,18.48,7.64,6.95,4.57,-8.21,-44.63,-60.12,False
EWW,Mexico,8,trend_breakout_200,200-Day Range Breakout,15,8,53.33,30.12,13.58,12.41,7.3,-2.41,-55.2,-60.12,False
EWW,Mexico,9,trend_breakout_200,200-Day Range Breakout,14,7,50.0,26.8,11.57,8.46,2.44,-13.55,-63.39,-63.57,False
EWW,Mexico,10,trend_breakout_200,200-Day Range Breakout,13,7,53.85,29.14,12.55,12.86,4.58,-14.69,-49.9,-64.37,False
EWW,Mexico,11,trend_breakout_200,200-Day Range Breakout,13,7,53.85,29.14,12.55,11.81,5.11,-20.17,-44.03,-64.37,False
EWW,Mexico,12,trend_breakout_200,200-Day Range Breakout,11,5,45.45,21.27,8.22,9.53,9.06,-16.56,-37.9,-64.37,False
EWW,Mexico,1,momentum_90,90-Day Absolute Momentum,166,12,7.23,4.18,2.16,0.79,0.58,-3.76,-18.57,-21.71,False
EWW,Mexico,2,momentum_90,90-Day Absolute Momentum,101,14,13.86,8.44,4.54,-0.12,0.07,-6.9,-21.94,-26.84,False
EWW,Mexico,3,momentum_90,90-Day Absolute Momentum,79,20,25.32,17.03,10.09,2.47,2.28,-6.91,-37.43,-47.51,False
EWW,Mexico,4,momentum_90,90-Day Absolute Momentum,62,21,33.87,23.34,14.04,2.27,3.37,-6.09,-29.65,-30.51,False
EWW,Mexico,5,momentum_90,90-Day Absolute Momentum,52,18,34.62,23.15,13.39,2.18,3.32,-6.93,-48.91,-60.12,False
EWW,Mexico,6,momentum_90,90-Day Absolute Momentum,43,16,37.21,24.38,13.66,2.56,4.91,-5.87,-42.05,-54.68,False
EWW,Mexico,7,momentum_90,90-Day Absolute Momentum,38,14,36.84,23.38,12.62,6.68,6.93,-5.47,-26.7,-47.68,False
EWW,Mexico,8,momentum_90,90-Day Absolute Momentum,36,14,38.89,24.78,13.38,5.08,5.25,-9.36,-55.2,-60.12,False
EWW,Mexico,9,momentum_90,90-Day Absolute Momentum,31,13,41.94,26.42,13.96,5.29,4.94,-14.12,-46.71,-60.4,False
EWW,Mexico,10,momentum_90,90-Day Absolute Momentum,28,12,42.86,26.51,13.67,7.42,10.99,-5.17,-22.39,-47.51,False
EWW,Mexico,11,momentum_90,90-Day Absolute Momentum,27,12,44.44,27.59,14.22,1.09,9.52,-11.29,-63.1,-63.69,False
EWW,Mexico,12,momentum_90,90-Day Absolute Momentum,24,11,45.83,27.89,14.0,-0.86,8.99,-10.16,-43.5,-53.71,False
EWW,Mexico,1,momentum_180,180-Day Absolute Momentum,172,13,7.56,4.47,2.36,1.21,0.84,-3.28,-14.31,-21.71,False
EWW,Mexico,2,momentum_180,180-Day Absolute Momentum,96,11,11.46,6.52,3.28,0.69,0.45,-4.99,-42.2,-47.51,False
EWW,Mexico,3,momentum_180,180-Day Absolute Momentum,75,18,24.0,15.75,9.08,2.99,1.57,-6.0,-42.65,-55.05,False
EWW,Mexico,4,momentum_180,180-Day Absolute Momentum,56,20,35.71,24.46,14.54,3.57,2.52,-6.33,-28.01,-47.51,False
EWW,Mexico,5,momentum_180,180-Day Absolute Momentum,49,19,38.78,26.43,15.52,4.15,4.25,-6.84,-29.18,-47.51,False
EWW,Mexico,6,momentum_180,180-Day Absolute Momentum,40,14,35.0,22.13,11.95,4.38,3.68,-5.9,-46.82,-60.4,False
EWW,Mexico,7,momentum_180,180-Day Absolute Momentum,36,13,36.11,22.48,11.87,5.24,3.22,-8.52,-53.03,-60.4,False
EWW,Mexico,8,momentum_180,180-Day Absolute Momentum,31,13,41.94,26.42,13.96,3.95,5.27,-4.47,-55.2,-60.12,False
EWW,Mexico,9,momentum_180,180-Day Absolute Momentum,28,11,39.29,23.57,11.84,1.49,5.12,-10.56,-51.74,-60.4,False
EWW,Mexico,10,momentum_180,180-Day Absolute Momentum,27,12,44.44,27.59,14.22,7.24,7.58,-8.18,-31.1,-59.84,False
EWW,Mexico,11,momentum_180,180-Day Absolute Momentum,26,12,46.15,28.76,14.83,3.63,6.22,-9.96,-51.22,-64.62,False
EWW,Mexico,12,momentum_180,180-Day Absolute Momentum,25,12,48.0,30.03,15.48,7.53,7.1,-11.72,-43.5,-59.84,False
EWW,Mexico,1,momentum_270,270-Day Absolute Momentum,171,13,7.6,4.5,2.37,0.96,0.65,-3.74,-18.22,-19.48,False
EWW,Mexico,2,momentum_270,270-Day Absolute Momentum,93,14,15.05,9.18,4.95,0.92,0.59,-6.71,-42.2,-47.51,False
EWW,Mexico,3,momentum_270,270-Day Absolute Momentum,73,14,19.18,11.78,6.35,1.1,1.58,-3.38,-23.8,-28.07,False
EWW,Mexico,4,momentum_270,270-Day Absolute Momentum,56,18,32.14,21.4,12.37,0.99,1.46,-7.16,-37.77,-48.01,False
EWW,Mexico,5,momentum_270,270-Day Absolute Momentum,48,18,37.5,25.22,14.59,1.6,2.91,-6.68,-31.47,-47.68,False
EWW,Mexico,6,momentum_270,270-Day Absolute Momentum,40,14,35.0,22.13,11.95,3.06,3.5,-7.12,-42.05,-54.68,False
EWW,Mexico,7,momentum_270,270-Day Absolute Momentum,36,16,44.44,29.54,16.58,6.93,3.73,-9.33,-53.03,-60.4,False
EWW,Mexico,8,momentum_270,270-Day Absolute Momentum,31,12,38.71,23.73,12.24,7.03,6.64,-2.23,-26.44,-48.01,False
EWW,Mexico,9,momentum_270,270-Day Absolute Momentum,28,12,42.86,26.51,13.67,7.16,7.5,-4.52,-34.84,-47.68,False
EWW,Mexico,10,momentum_270,270-Day Absolute Momentum,25,12,48.0,30.03,15.48,8.71,7.24,-8.72,-41.92,-60.4,False
EWW,Mexico,11,momentum_270,270-Day Absolute Momentum,25,11,44.0,26.67,13.39,4.15,5.63,-16.97,-51.22,-64.62,False
EWW,Mexico,12,momentum_270,270-Day Absolute Momentum,22,10,45.45,26.92,13.11,7.89,8.22,-10.63,-43.5,-53.71,False
EWW,Mexico,1,momentum_365,365-Day Absolute Momentum,173,15,8.67,5.32,2.92,0.75,0.77,-3.35,-18.22,-19.48,False
EWW,Mexico,2,momentum_365,365-Day Absolute Momentum,91,12,13.19,7.71,3.98,1.12,0.98,-6.74,-21.94,-25.62,False
EWW,Mexico,3,momentum_365,365-Day Absolute Momentum,72,17,23.61,15.3,8.69,2.43,2.08,-6.06,-42.65,-55.05,False
EWW,Mexico,4,momentum_365,365-Day Absolute Momentum,55,16,29.09,18.77,10.51,1.33,2.64,-7.28,-29.65,-48.01,False
EWW,Mexico,5,momentum_365,365-Day Absolute Momentum,46,17,36.96,24.52,13.98,6.19,3.52,-6.54,-40.43,-47.68,False
EWW,Mexico,6,momentum_365,365-Day Absolute Momentum,39,15,38.46,24.89,13.71,-0.5,3.01,-6.51,-42.05,-54.68,False
EWW,Mexico,7,momentum_365,365-Day Absolute Momentum,37,15,40.54,26.35,14.51,6.3,3.37,-8.17,-53.03,-60.4,False
EWW,Mexico,8,momentum_365,365-Day Absolute Momentum,31,12,38.71,23.73,12.24,7.03,7.16,-5.29,-44.02,-60.4,False
EWW,Mexico,9,momentum_365,365-Day Absolute Momentum,28,12,42.86,26.51,13.67,4.16,5.83,-11.44,-44.16,-60.4,False
EWW,Mexico,10,momentum_365,365-Day Absolute Momentum,26,12,46.15,28.76,14.83,7.58,8.98,-10.3,-49.9,-64.37,False
EWW,Mexico,11,momentum_365,365-Day Absolute Momentum,25,11,44.0,26.67,13.39,4.27,6.03,-16.97,-47.03,-60.4,False
EWW,Mexico,12,momentum_365,365-Day Absolute Momentum,23,11,47.83,29.24,14.67,7.53,8.16,-11.67,-44.39,-64.62,False
EWW,Mexico,1,momentum_dual_90_180,Dual Momentum 90/180,140,8,5.71,2.92,1.34,1.21,0.34,-3.83,-18.57,-21.71,False
EWW,Mexico,2,momentum_dual_90_180,Dual Momentum 90/180,84,9,10.71,5.74,2.73,0.42,-0.01,-6.68,-21.94,-26.91,False
EWW,Mexico,3,momentum_dual_90_180,Dual Momentum 90/180,68,16,23.53,15.03,8.4,2.43,1.76,-6.68,-37.43,-47.51,False
EWW,Mexico,4,momentum_dual_90_180,Dual Momentum 90/180,52,18,34.62,23.15,13.39,2.74,2.17,-5.89,-29.65,-30.51,False
EWW,Mexico,5,momentum_dual_90_180,Dual Momentum 90/180,45,16,35.56,23.22,13.01,2.38,1.49,-9.31,-48.91,-60.12,False
EWW,Mexico,6,momentum_dual_90_180,Dual Momentum 90/180,37,13,35.14,21.83,11.53,2.02,1.52,-11.09,-46.82,-60.4,False
EWW,Mexico,7,momentum_dual_90_180,Dual Momentum 90/180,33,12,36.36,22.19,11.45,6.46,5.12,-7.78,-26.7,-47.68,False
EWW,Mexico,8,momentum_dual_90_180,Dual Momentum 90/180,30,14,46.67,30.23,16.33,7.21,5.28,-4.63,-55.2,-60.12,False
EWW,Mexico,9,momentum_dual_90_180,Dual Momentum 90/180,28,12,42.86,26.51,13.67,2.54,4.31,-10.56,-51.74,-60.4,False
EWW,Mexico,10,momentum_dual_90_180,Dual Momentum 90/180,26,13,50.0,32.06,16.93,10.69,8.41,-7.67,-31.1,-47.68,False
EWW,Mexico,11,momentum_dual_90_180,Dual Momentum 90/180,25,12,48.0,30.03,15.48,4.14,6.68,-10.26,-44.03,-64.37,False
EWW,Mexico,12,momentum_dual_90_180,Dual Momentum 90/180,22,9,40.91,23.26,10.96,3.1,5.55,-11.5,-43.5,-53.71,False
EWW,Mexico,1,momentum_dual_180_365,Dual Momentum 180/365,145,11,7.59,4.29,2.16,0.55,0.66,-3.7,-13.04,-18.75,False
EWW,Mexico,2,momentum_dual_180_365,Dual Momentum 180/365,82,10,12.2,6.76,3.31,0.17,0.78,-5.15,-21.94,-26.84,False
EWW,Mexico,3,momentum_dual_180_365,Dual Momentum 180/365,66,14,21.21,13.08,7.05,2.22,1.58,-5.54,-42.65,-55.05,False
EWW,Mexico,4,momentum_dual_180_365,Dual Momentum 180/365,50,13,26.0,15.87,8.38,1.9,2.6,-7.62,-23.21,-28.62,False
EWW,Mexico,5,momentum_dual_180_365,Dual Momentum 180/365,42,16,38.1,25.0,14.02,4.97,2.69,-7.12,-40.43,-47.68,False
EWW,Mexico,6,momentum_dual_180_365,Dual Momentum 180/365,37,12,32.43,19.63,10.13,-0.5,0.56,-7.93,-46.82,-60.4,False
EWW,Mexico,7,momentum_dual_180_365,Dual Momentum 180/365,33,14,42.42,27.24,14.71,8.74,3.85,-10.72,-53.03,-60.4,False
EWW,Mexico,8,momentum_dual_180_365,Dual Momentum 180/365,29,12,41.38,25.51,13.16,7.03,5.01,-4.15,-55.2,-60.12,False
EWW,Mexico,9,momentum_dual_180_365,Dual Momentum 180/365,26,10,38.46,22.43,10.94,-0.49,3.06,-11.6,-51.74,-60.4,False
EWW,Mexico,10,momentum_dual_180_365,Dual Momentum 180/365,24,11,45.83,27.89,14.0,0.16,6.76,-13.67,-29.02,-59.84,False
EWW,Mexico,11,momentum_dual_180_365,Dual Momentum 180/365,23,9,39.13,22.16,10.45,3.12,4.69,-15.96,-51.22,-64.62,False
EWW,Mexico,12,momentum_dual_180_365,Dual Momentum 180/365,23,11,47.83,29.24,14.67,7.53,5.88,-21.05,-43.5,-64.37,False
EWW,Mexico,1,momentum_rank_90,Top Relative Momentum 90,84,7,8.33,4.1,1.8,1.12,0.65,-3.76,-18.57,-21.71,False
EWW,Mexico,2,momentum_rank_90,Top Relative Momentum 90,56,10,17.86,10.0,4.9,1.88,0.23,-6.28,-42.2,-47.51,False
EWW,Mexico,3,momentum_rank_90,Top Relative Momentum 90,46,11,23.91,13.91,7.0,2.81,2.51,-2.15,-19.55,-26.91,False
EWW,Mexico,4,momentum_rank_90,Top Relative Momentum 90,37,11,29.73,17.49,8.8,1.78,2.34,-6.73,-37.77,-47.68,False
EWW,Mexico,5,momentum_rank_90,Top Relative Momentum 90,33,10,30.3,17.38,8.49,0.07,1.74,-10.03,-31.47,-47.68,False
EWW,Mexico,6,momentum_rank_90,Top Relative Momentum 90,31,8,25.81,13.7,6.26,0.85,1.13,-10.16,-25.49,-47.68,False
EWW,Mexico,7,momentum_rank_90,Top Relative Momentum 90,30,9,30.0,16.66,7.88,2.47,2.55,-11.0,-49.62,-60.4,False
EWW,Mexico,8,momentum_rank_90,Top Relative Momentum 90,28,11,39.29,23.57,11.84,5.69,4.44,-12.33,-55.5,-60.4,False
EWW,Mexico,9,momentum_rank_90,Top Relative Momentum 90,24,11,45.83,27.89,14.0,4.59,8.64,-13.41,-46.71,-60.4,False
EWW,Mexico,10,momentum_rank_90,Top Relative Momentum 90,23,11,47.83,29.24,14.67,4.46,5.66,-19.09,-55.01,-60.4,False
EWW,Mexico,11,momentum_rank_90,Top Relative Momentum 90,23,11,47.83,29.24,14.67,4.15,5.31,-18.8,-63.1,-63.69,False
EWW,Mexico,12,momentum_rank_90,Top Relative Momentum 90,21,9,42.86,24.47,11.53,3.33,4.64,-16.4,-53.79,-64.62,False
EWW,Mexico,1,momentum,Top Relative Momentum 180,84,7,8.33,4.1,1.8,0.89,0.37,-3.0,-18.57,-21.71,False
EWW,Mexico,2,momentum,Top Relative Momentum 180,55,8,14.55,7.56,3.46,-0.52,-0.33,-6.98,-21.49,-26.84,False
EWW,Mexico,3,momentum,Top Relative Momentum 180,46,9,19.57,10.65,5.05,2.92,1.74,-4.45,-18.74,-31.0,False
EWW,Mexico,4,momentum,Top Relative Momentum 180,36,6,16.67,7.87,3.29,2.69,1.94,-2.43,-29.65,-31.0,False
EWW,Mexico,5,momentum,Top Relative Momentum 180,30,9,30.0,16.66,7.88,2.18,2.39,-7.12,-48.91,-60.12,False
EWW,Mexico,6,momentum,Top Relative Momentum 180,27,10,37.04,21.53,10.51,5.79,2.25,-6.51,-53.4,-60.12,False
EWW,Mexico,7,momentum,Top Relative Momentum 180,25,11,44.0,26.67,13.39,6.46,5.8,-7.43,-44.63,-60.12,False
EWW,Mexico,8,momentum,Top Relative Momentum 180,23,10,43.48,25.63,12.49,7.49,4.79,-5.95,-55.2,-60.12,False
EWW,Mexico,9,momentum,Top Relative Momentum 180,22,10,45.45,26.92,13.11,7.0,3.07,-11.45,-63.39,-63.57,False
EWW,Mexico,10,momentum,Top Relative Momentum 180,20,10,50.0,29.93,14.55,10.88,5.31,-15.65,-49.9,-64.37,False
EWW,Mexico,11,momentum,Top Relative Momentum 180,20,10,50.0,29.93,14.55,10.05,5.92,-13.39,-44.03,-64.37,False
EWW,Mexico,12,momentum,Top Relative Momentum 180,18,11,61.11,38.62,19.3,14.66,10.74,-4.31,-43.5,-64.37,False
EWW,Mexico,1,momentum_rank_365,Top Relative Momentum 365,98,10,10.2,5.64,2.76,0.52,1.1,-2.68,-13.04,-18.75,False
EWW,Mexico,2,momentum_rank_365,Top Relative Momentum 365,56,8,14.29,7.42,3.4,-1.17,0.16,-6.79,-18.02,-25.62,False
EWW,Mexico,3,momentum_rank_365,Top Relative Momentum 365,44,8,18.18,9.51,4.35,3.43,1.79,-6.16,-22.67,-31.0,False
EWW,Mexico,4,momentum_rank_365,Top Relative Momentum 365,35,8,22.86,12.07,5.51,1.33,1.81,-4.73,-44.79,-55.79,False
EWW,Mexico,5,momentum_rank_365,Top Relative Momentum 365,27,8,29.63,15.85,7.23,-0.37,1.99,-8.59,-51.24,-55.79,False
EWW,Mexico,6,momentum_rank_365,Top Relative Momentum 365,25,7,28.0,14.28,6.24,2.64,2.68,-5.58,-41.6,-55.79,False
EWW,Mexico,7,momentum_rank_365,Top Relative Momentum 365,21,6,28.57,13.81,5.74,6.15,3.14,-7.51,-49.9,-55.79,False
EWW,Mexico,8,momentum_rank_365,Top Relative Momentum 365,18,7,38.89,20.3,8.83,7.17,4.06,-8.41,-59.57,-59.47,False
EWW,Mexico,9,momentum_rank_365,Top Relative Momentum 365,18,8,44.44,24.56,11.13,-1.31,1.98,-18.2,-49.36,-60.5,False
EWW,Mexico,10,momentum_rank_365,Top Relative Momentum 365,17,7,41.18,21.61,9.38,-5.51,3.96,-10.46,-38.41,-60.5,False
EWW,Mexico,11,momentum_rank_365,Top Relative Momentum 365,16,6,37.5,18.48,7.64,-0.91,6.0,-10.71,-31.7,-60.5,False
EWW,Mexico,12,momentum_rank_365,Top Relative Momentum 365,16,7,43.75,23.1,10.01,4.3,3.67,-10.41,-43.5,-60.5,False
EWW,Mexico,1,momentum_composite,Composite Momentum,74,5,6.76,2.92,1.16,0.52,0.16,-3.54,-14.31,-21.71,False
EWW,Mexico,2,momentum_composite,Composite Momentum,42,5,11.9,5.19,2.06,-1.48,-0.69,-6.77,-21.3,-26.91,False
EWW,Mexico,3,momentum_composite,Composite Momentum,35,8,22.86,12.07,5.51,2.85,2.28,-6.15,-17.28,-31.0,False
EWW,Mexico,4,momentum_composite,Composite Momentum,29,7,24.14,12.22,5.35,3.92,3.12,-2.72,-29.65,-31.0,False
EWW,Mexico,5,momentum_composite,Composite Momentum,25,8,32.0,17.2,7.84,0.39,2.27,-6.84,-48.91,-60.12,False
EWW,Mexico,6,momentum_composite,Composite Momentum,23,7,30.43,15.6,6.81,2.43,0.64,-8.33,-53.4,-60.12,False
EWW,Mexico,7,momentum_composite,Composite Momentum,21,8,38.1,20.75,9.43,8.74,4.53,-2.44,-44.63,-60.12,False
EWW,Mexico,8,momentum_composite,Composite Momentum,18,6,33.33,16.28,6.75,6.03,5.88,-0.35,-55.2,-60.12,False
EWW,Mexico,9,momentum_composite,Composite Momentum,18,8,44.44,24.56,11.13,0.2,1.71,-9.51,-63.39,-63.57,False
EWW,Mexico,10,momentum_composite,Composite Momentum,17,7,41.18,21.61,9.38,7.24,1.86,-16.85,-49.9,-64.37,False
EWW,Mexico,11,momentum_composite,Composite Momentum,16,7,43.75,23.1,10.01,6.22,5.46,-10.71,-44.03,-64.37,False
EWW,Mexico,12,momentum_composite,Composite Momentum,15,9,60.0,35.75,16.7,13.11,6.36,-15.19,-43.5,-64.37,False
EWW,Mexico,1,drawdown_recovery_20,20% Drawdown Recovery,41,5,12.2,5.32,2.11,1.28,1.25,-4.09,-19.17,-21.27,False
EWW,Mexico,2,drawdown_recovery_20,20% Drawdown Recovery,31,6,19.35,9.19,3.84,3.17,2.58,-5.24,-30.87,-35.63,False
EWW,Mexico,3,drawdown_recovery_20,20% Drawdown Recovery,25,7,28.0,14.28,6.24,4.65,3.99,-7.0,-18.74,-37.04,False
EWW,Mexico,4,drawdown_recovery_20,20% Drawdown Recovery,22,7,31.82,16.36,7.14,1.46,3.82,-4.36,-21.66,-37.04,False
EWW,Mexico,5,drawdown_recovery_20,20% Drawdown Recovery,22,8,36.36,19.73,8.97,5.03,5.31,-3.74,-23.75,-37.04,False
EWW,Mexico,6,drawdown_recovery_20,20% Drawdown Recovery,20,8,40.0,21.88,9.93,6.51,4.25,-8.33,-36.51,-47.68,False
EWW,Mexico,7,drawdown_recovery_20,20% Drawdown Recovery,19,9,47.37,27.33,12.85,5.66,5.71,-9.03,-23.58,-37.04,False
EWW,Mexico,8,drawdown_recovery_20,20% Drawdown Recovery,17,8,47.06,26.16,11.84,7.51,5.62,-13.91,-48.9,-60.4,False
EWW,Mexico,9,drawdown_recovery_20,20% Drawdown Recovery,17,8,47.06,26.16,11.84,7.21,4.84,-17.49,-48.94,-60.4,False
EWW,Mexico,10,drawdown_recovery_20,20% Drawdown Recovery,16,7,43.75,23.1,10.01,0.9,9.19,-15.65,-39.33,-60.4,False
EWW,Mexico,11,drawdown_recovery_20,20% Drawdown Recovery,15,7,46.67,24.81,10.74,-0.7,11.53,-12.21,-50.92,-60.4,False
EWW,Mexico,12,drawdown_recovery_20,20% Drawdown Recovery,15,7,46.67,24.81,10.74,1.28,10.66,-14.34,-59.89,-63.82,False
EWW,Mexico,1,drawdown_recovery,25% Drawdown Recovery,23,4,17.39,6.98,2.57,2.28,1.34,-4.44,-19.17,-21.27,False
EWW,Mexico,2,drawdown_recovery,25% Drawdown Recovery,18,2,11.11,3.1,0.93,1.73,1.83,-5.87,-30.87,-35.63,False
EWW,Mexico,3,drawdown_recovery,25% Drawdown Recovery,17,6,35.29,17.31,7.17,4.65,6.21,0.55,-9.6,-37.04,False
EWW,Mexico,4,drawdown_recovery,25% Drawdown Recovery,16,6,37.5,18.48,7.64,5.11,4.78,-3.09,-8.96,-37.04,False
EWW,Mexico,5,drawdown_recovery,25% Drawdown Recovery,16,7,43.75,23.1,10.01,6.69,7.16,2.89,-21.31,-37.04,False
EWW,Mexico,6,drawdown_recovery,25% Drawdown Recovery,15,7,46.67,24.81,10.74,8.11,9.28,-4.13,-21.31,-37.04,False
EWW,Mexico,7,drawdown_recovery,25% Drawdown Recovery,14,8,57.14,32.59,14.65,16.84,9.88,-2.91,-23.58,-37.04,False
EWW,Mexico,8,drawdown_recovery,25% Drawdown Recovery,13,7,53.85,29.14,12.55,12.34,9.06,-13.44,-48.9,-50.77,False
EWW,Mexico,9,drawdown_recovery,25% Drawdown Recovery,13,7,53.85,29.14,12.55,12.82,10.29,-12.04,-43.38,-55.89,False
EWW,Mexico,10,drawdown_recovery,25% Drawdown Recovery,13,7,53.85,29.14,12.55,14.97,17.11,-13.64,-30.38,-55.89,False
EWW,Mexico,11,drawdown_recovery,25% Drawdown Recovery,12,7,58.33,31.95,13.71,26.04,22.32,-0.49,-37.47,-55.89,False
EWW,Mexico,12,drawdown_recovery,25% Drawdown Recovery,12,7,58.33,31.95,13.71,30.47,23.35,4.87,-35.6,-55.89,False
EWW,Mexico,1,drawdown_recovery_30,30% Drawdown Recovery,23,3,13.04,4.54,1.53,0.96,1.45,-4.26,-19.17,-21.27,False
EWW,Mexico,2,drawdown_recovery_30,30% Drawdown Recovery,17,3,17.65,6.19,2.08,3.17,2.91,-3.15,-30.87,-35.63,False
EWW,Mexico,3,drawdown_recovery_30,30% Drawdown Recovery,15,4,26.67,10.9,3.98,1.49,3.76,-5.95,-14.16,-37.04,False
EWW,Mexico,4,drawdown_recovery_30,30% Drawdown Recovery,13,4,30.77,12.68,4.61,1.78,3.62,-2.47,-10.61,-37.04,False
EWW,Mexico,5,drawdown_recovery_30,30% Drawdown Recovery,13,6,46.15,23.21,9.54,8.25,6.35,-0.05,-23.75,-37.04,False
EWW,Mexico,6,drawdown_recovery_30,30% Drawdown Recovery,12,6,50.0,25.38,10.39,11.18,8.4,-6.79,-25.83,-37.04,False
EWW,Mexico,7,drawdown_recovery_30,30% Drawdown Recovery,12,7,58.33,31.95,13.71,17.03,10.07,-4.95,-20.9,-37.04,False
EWW,Mexico,8,drawdown_recovery_30,30% Drawdown Recovery,10,5,50.0,23.66,9.1,13.78,10.55,-11.03,-18.54,-37.04,False
EWW,Mexico,9,drawdown_recovery_30,30% Drawdown Recovery,10,5,50.0,23.66,9.1,15.89,11.48,-12.53,-23.37,-37.04,False
EWW,Mexico,10,drawdown_recovery_30,30% Drawdown Recovery,9,5,55.56,26.66,10.2,22.73,19.4,-2.69,-15.25,-37.04,False
EWW,Mexico,11,drawdown_recovery_30,30% Drawdown Recovery,9,5,55.56,26.66,10.2,17.59,21.12,-6.41,-11.73,-37.04,False
EWW,Mexico,12,drawdown_recovery_30,30% Drawdown Recovery,9,5,55.56,26.66,10.2,29.58,23.7,-1.55,-9.72,-37.04,False
EWW,Mexico,1,drawdown_recovery_40,40% Drawdown Recovery,10,3,30.0,10.78,3.58,-1.32,1.41,-6.51,-19.17,-21.27,False
EWW,Mexico,2,drawdown_recovery_40,40% Drawdown Recovery,7,2,28.57,8.22,2.43,3.17,3.86,-4.16,-30.87,-35.63,False
EWW,Mexico,3,drawdown_recovery_40,40% Drawdown Recovery,6,2,33.33,9.68,2.84,2.6,7.48,-5.12,-9.6,-37.04,False
EWW,Mexico,4,drawdown_recovery_40,40% Drawdown Recovery,5,1,20.0,3.62,0.91,1.13,2.78,0.97,-2.47,-37.04,False
EWW,Mexico,5,drawdown_recovery_40,40% Drawdown Recovery,5,2,40.0,11.76,3.43,8.25,9.16,4.16,-15.47,-37.04,False
EWW,Mexico,6,drawdown_recovery_40,40% Drawdown Recovery,4,3,75.0,30.06,9.4,21.38,22.24,12.5,7.22,-37.04,False
EWW,Mexico,7,drawdown_recovery_40,40% Drawdown Recovery,4,4,100.0,51.01,16.52,26.3,26.31,24.1,19.73,-37.04,False
EWW,Mexico,8,drawdown_recovery_40,40% Drawdown Recovery,3,3,100.0,43.85,12.93,29.13,32.65,27.23,25.32,-37.04,False
EWW,Mexico,9,drawdown_recovery_40,40% Drawdown Recovery,3,3,100.0,43.85,12.93,30.19,27.91,26.63,23.07,-37.04,False
EWW,Mexico,10,drawdown_recovery_40,40% Drawdown Recovery,3,3,100.0,43.85,12.93,31.05,31.21,26.89,22.73,-37.04,False
EWW,Mexico,11,drawdown_recovery_40,40% Drawdown Recovery,3,3,100.0,43.85,12.93,42.68,36.89,30.14,17.59,-37.04,False
EWW,Mexico,12,drawdown_recovery_40,40% Drawdown Recovery,3,3,100.0,43.85,12.93,50.48,44.62,40.03,29.58,-37.04,False
EWW,Mexico,1,rsi14_recovery,RSI 14 Recovery,35,3,8.57,2.96,1.0,2.28,1.32,-3.06,-12.78,-18.6,False
EWW,Mexico,2,rsi14_recovery,RSI 14 Recovery,30,5,16.67,7.34,2.9,-0.15,2.35,-6.1,-16.05,-18.6,False
EWW,Mexico,3,rsi14_recovery,RSI 14 Recovery,28,8,28.57,15.25,6.96,2.89,2.62,-7.33,-42.58,-47.68,False
EWW,Mexico,4,rsi14_recovery,RSI 14 Recovery,26,8,30.77,16.5,7.52,1.25,4.46,-4.2,-36.76,-47.68,False
EWW,Mexico,5,rsi14_recovery,RSI 14 Recovery,24,9,37.5,21.16,9.99,2.83,5.43,-5.45,-27.19,-47.68,False
EWW,Mexico,6,rsi14_recovery,RSI 14 Recovery,24,11,45.83,27.89,14.0,7.16,6.06,-7.38,-40.93,-49.42,False
EWW,Mexico,7,rsi14_recovery,RSI 14 Recovery,24,10,41.67,24.47,11.93,3.49,6.43,-7.41,-39.62,-54.68,False
EWW,Mexico,8,rsi14_recovery,RSI 14 Recovery,22,11,50.0,30.72,15.4,8.85,6.39,-9.95,-27.56,-54.68,False
EWW,Mexico,9,rsi14_recovery,RSI 14 Recovery,18,9,50.0,29.03,13.64,7.05,4.8,-20.19,-44.16,-60.4,False
EWW,Mexico,10,rsi14_recovery,RSI 14 Recovery,16,7,43.75,23.1,10.01,3.6,6.26,-16.61,-49.06,-60.4,False
EWW,Mexico,11,rsi14_recovery,RSI 14 Recovery,16,7,43.75,23.1,10.01,-1.1,9.87,-10.74,-39.48,-60.4,False
EWW,Mexico,12,rsi14_recovery,RSI 14 Recovery,15,5,33.33,15.18,5.93,-1.72,7.39,-10.93,-51.04,-60.4,False
EWW,Mexico,1,rsi28_recovery,RSI 28 Recovery,32,4,12.5,4.97,1.83,1.06,0.3,-5.04,-30.09,-35.65,False
EWW,Mexico,2,rsi28_recovery,RSI 28 Recovery,30,6,20.0,9.5,3.97,1.65,3.64,-2.96,-25.97,-42.35,False
EWW,Mexico,3,rsi28_recovery,RSI 28 Recovery,28,9,32.14,17.93,8.48,5.84,7.26,-3.57,-14.16,-42.35,False
EWW,Mexico,4,rsi28_recovery,RSI 28 Recovery,28,9,32.14,17.93,8.48,7.55,8.01,-2.6,-18.25,-42.35,False
EWW,Mexico,5,rsi28_recovery,RSI 28 Recovery,26,11,42.31,25.54,12.83,4.87,9.34,-2.73,-23.75,-42.35,False
EWW,Mexico,6,rsi28_recovery,RSI 28 Recovery,25,10,40.0,23.4,11.41,6.0,8.44,-7.42,-36.51,-47.68,False
EWW,Mexico,7,rsi28_recovery,RSI 28 Recovery,22,8,36.36,19.73,8.97,0.4,8.45,-8.08,-33.13,-47.68,False
EWW,Mexico,8,rsi28_recovery,RSI 28 Recovery,19,8,42.11,23.14,10.5,5.55,11.74,-7.5,-21.88,-47.68,False
EWW,Mexico,9,rsi28_recovery,RSI 28 Recovery,17,7,41.18,21.61,9.38,-3.39,10.56,-10.64,-23.37,-47.68,False
EWW,Mexico,10,rsi28_recovery,RSI 28 Recovery,17,7,41.18,21.61,9.38,0.96,13.88,-10.69,-22.37,-47.68,False
EWW,Mexico,11,rsi28_recovery,RSI 28 Recovery,17,6,35.29,17.31,7.17,2.99,16.28,-8.28,-21.37,-47.68,False
EWW,Mexico,12,rsi28_recovery,RSI 28 Recovery,16,5,31.25,14.16,5.54,0.89,13.23,-6.19,-20.29,-47.68,False
EWW,Mexico,1,bollinger_recovery,Bollinger Recovery,33,5,15.15,6.65,2.63,2.28,2.57,-3.96,-12.49,-18.6,False
EWW,Mexico,2,bollinger_recovery,Bollinger Recovery,29,7,24.14,12.22,5.35,3.63,5.29,-3.35,-11.36,-18.6,False
EWW,Mexico,3,bollinger_recovery,Bollinger Recovery,26,9,34.62,19.41,9.17,7.48,7.77,-2.57,-10.34,-23.33,False
EWW,Mexico,4,bollinger_recovery,Bollinger Recovery,25,9,36.0,20.25,9.56,7.89,8.53,-2.72,-16.91,-23.33,False
EWW,Mexico,5,bollinger_recovery,Bollinger Recovery,22,11,50.0,30.72,15.4,10.35,10.54,-3.58,-16.3,-23.33,False
EWW,Mexico,6,bollinger_recovery,Bollinger Recovery,21,11,52.38,32.37,16.22,10.45,12.55,4.83,-15.68,-25.51,False
EWW,Mexico,7,bollinger_recovery,Bollinger Recovery,19,9,47.37,27.33,12.85,7.29,10.76,-3.74,-13.68,-31.0,False
EWW,Mexico,8,bollinger_recovery,Bollinger Recovery,19,11,57.89,36.28,18.15,13.97,14.74,-0.72,-16.44,-31.0,False
EWW,Mexico,9,bollinger_recovery,Bollinger Recovery,16,8,50.0,28.0,12.65,9.58,13.68,-6.67,-17.32,-30.51,False
EWW,Mexico,10,bollinger_recovery,Bollinger Recovery,15,7,46.67,24.81,10.74,8.46,14.8,-8.72,-24.09,-30.51,False
EWW,Mexico,11,bollinger_recovery,Bollinger Recovery,15,7,46.67,24.81,10.74,4.15,17.52,-7.07,-20.06,-30.51,False
EWW,Mexico,12,bollinger_recovery,Bollinger Recovery,14,6,42.86,21.38,8.81,5.96,18.67,-9.11,-19.89,-30.51,False
EWW,Mexico,1,low_vol_trend,Low-Volatility Trend,48,2,4.17,1.15,0.35,1.77,1.29,-2.75,-10.32,-15.73,False
EWW,Mexico,2,low_vol_trend,Low-Volatility Trend,29,4,13.79,5.5,2.03,4.02,2.37,-3.14,-21.94,-23.14,False
EWW,Mexico,3,low_vol_trend,Low-Volatility Trend,23,6,26.09,12.55,5.23,2.39,3.05,-2.53,-15.38,-23.14,False
EWW,Mexico,4,low_vol_trend,Low-Volatility Trend,17,7,41.18,21.61,9.38,7.21,2.77,-8.09,-20.53,-25.51,False
EWW,Mexico,5,low_vol_trend,Low-Volatility Trend,15,6,40.0,19.82,8.18,8.05,6.22,-8.98,-19.81,-27.57,False
EWW,Mexico,6,low_vol_trend,Low-Volatility Trend,14,7,50.0,26.8,11.57,10.75,5.03,-14.53,-19.5,-33.09,False
EWW,Mexico,7,low_vol_trend,Low-Volatility Trend,14,7,50.0,26.8,11.57,11.72,7.02,-7.15,-25.34,-33.09,False
EWW,Mexico,8,low_vol_trend,Low-Volatility Trend,13,6,46.15,23.21,9.54,9.92,9.71,2.74,-21.75,-33.09,False
EWW,Mexico,9,low_vol_trend,Low-Volatility Trend,11,6,54.55,28.01,11.43,12.33,8.87,-9.76,-20.88,-33.09,False
EWW,Mexico,10,low_vol_trend,Low-Volatility Trend,11,5,45.45,21.27,8.22,7.78,15.22,-7.35,-21.36,-33.09,False
EWW,Mexico,11,low_vol_trend,Low-Volatility Trend,10,5,50.0,23.66,9.1,11.56,14.85,-10.99,-25.21,-33.09,False
EWW,Mexico,12,low_vol_trend,Low-Volatility Trend,9,5,55.56,26.66,10.2,10.81,13.94,-9.26,-27.49,-35.66,False
EWW,Mexico,1,vol_contraction_trend,Volatility Contraction Trend,44,4,9.09,3.59,1.33,1.64,1.11,-3.22,-11.84,-17.67,False
EWW,Mexico,2,vol_contraction_trend,Volatility Contraction Trend,36,5,13.89,6.08,2.41,1.04,-0.46,-8.89,-18.17,-20.62,False
EWW,Mexico,3,vol_contraction_trend,Volatility Contraction Trend,31,8,25.81,13.7,6.26,5.52,3.2,-4.89,-26.84,-30.51,False
EWW,Mexico,4,vol_contraction_trend,Volatility Contraction Trend,29,11,37.93,22.69,11.4,2.26,0.73,-5.78,-37.77,-47.68,False
EWW,Mexico,5,vol_contraction_trend,Volatility Contraction Trend,27,8,29.63,15.85,7.23,4.15,1.14,-7.63,-48.91,-60.12,False
EWW,Mexico,6,vol_contraction_trend,Volatility Contraction Trend,26,9,34.62,19.41,9.17,1.28,2.11,-7.29,-53.4,-60.12,False
EWW,Mexico,7,vol_contraction_trend,Volatility Contraction Trend,23,8,34.78,18.81,8.56,5.69,4.27,-10.28,-44.63,-60.12,False
EWW,Mexico,8,vol_contraction_trend,Volatility Contraction Trend,20,10,50.0,29.93,14.55,10.42,8.05,-6.71,-48.9,-50.77,False
EWW,Mexico,9,vol_contraction_trend,Volatility Contraction Trend,19,9,47.37,27.33,12.85,8.79,11.63,-5.52,-43.38,-55.89,False
EWW,Mexico,10,vol_contraction_trend,Volatility Contraction Trend,19,9,47.37,27.33,12.85,8.55,11.05,-10.21,-30.38,-55.89,False
EWW,Mexico,11,vol_contraction_trend,Volatility Contraction Trend,19,10,52.63,31.71,15.4,10.08,9.53,-7.08,-37.47,-55.89,False
EWW,Mexico,12,vol_contraction_trend,Volatility Contraction Trend,19,8,42.11,23.14,10.5,-1.23,7.57,-10.67,-47.15,-60.4,False
EWW,Mexico,1,breadth_trend,Broad-Market Trend,141,11,7.8,4.41,2.22,1.27,0.78,-3.7,-21.17,-25.62,False
EWW,Mexico,2,breadth_trend,Broad-Market Trend,79,12,15.19,8.91,4.6,2.43,1.95,-4.86,-24.13,-25.98,False
EWW,Mexico,3,breadth_trend,Broad-Market Trend,65,16,24.62,15.76,8.81,2.03,1.88,-6.78,-37.43,-47.51,False
EWW,Mexico,4,breadth_trend,Broad-Market Trend,49,18,36.73,24.66,14.27,3.92,3.27,-8.63,-29.65,-30.08,False
EWW,Mexico,5,breadth_trend,Broad-Market Trend,43,17,39.53,26.37,15.03,4.95,2.9,-6.98,-48.91,-60.12,False
EWW,Mexico,6,breadth_trend,Broad-Market Trend,37,15,40.54,26.35,14.51,4.83,3.51,-11.09,-53.4,-60.12,False
EWW,Mexico,7,breadth_trend,Broad-Market Trend,33,16,48.48,32.5,18.26,8.85,6.11,-8.24,-44.63,-60.12,False
EWW,Mexico,8,breadth_trend,Broad-Market Trend,31,15,48.39,31.97,17.62,9.92,7.1,-0.05,-55.2,-60.12,False
EWW,Mexico,9,breadth_trend,Broad-Market Trend,28,12,42.86,26.51,13.67,4.48,5.93,-11.64,-63.39,-63.57,False
EWW,Mexico,10,breadth_trend,Broad-Market Trend,24,11,45.83,27.89,14.0,6.86,10.63,-8.23,-49.9,-64.37,False
EWW,Mexico,11,breadth_trend,Broad-Market Trend,24,10,41.67,24.47,11.93,2.1,5.01,-17.07,-49.56,-64.37,False
EWW,Mexico,12,breadth_trend,Broad-Market Trend,22,10,45.45,26.92,13.11,-1.49,6.47,-17.53,-48.45,-64.37,False
EWY,South Korea,1,buy_hold,Buy & Hold Benchmark,228,32,14.04,10.12,6.63,0.7,1.18,-3.86,-19.91,-38.67,False
EWY,South Korea,2,buy_hold,Buy & Hold Benchmark,119,26,21.85,15.37,9.67,1.97,2.13,-5.18,-31.39,-52.47,False
EWY,South Korea,3,buy_hold,Buy & Hold Benchmark,91,24,26.37,18.41,11.4,3.85,3.1,-7.3,-41.9,-56.77,False
EWY,South Korea,4,buy_hold,Buy & Hold Benchmark,66,21,31.82,21.85,13.13,3.86,4.48,-7.26,-37.26,-38.67,False
EWY,South Korea,5,buy_hold,Buy & Hold Benchmark,54,24,44.44,32.0,19.98,6.31,8.11,-9.59,-34.76,-56.77,False
EWY,South Korea,6,buy_hold,Buy & Hold Benchmark,45,19,42.22,28.97,17.03,6.45,8.42,-7.32,-44.43,-63.02,False
EWY,South Korea,7,buy_hold,Buy & Hold Benchmark,39,16,41.03,27.08,15.19,2.59,8.54,-9.26,-29.7,-56.77,False
EWY,South Korea,8,buy_hold,Buy & Hold Benchmark,34,12,35.29,21.49,11.09,4.82,13.5,-4.96,-54.4,-67.55,False
EWY,South Korea,9,buy_hold,Buy & Hold Benchmark,31,13,41.94,26.42,13.96,4.93,14.3,-9.66,-51.16,-68.67,False
EWY,South Korea,10,buy_hold,Buy & Hold Benchmark,28,14,50.0,32.63,17.63,7.22,16.57,-1.54,-53.02,-66.65,False
EWY,South Korea,11,buy_hold,Buy & Hold Benchmark,25,11,44.0,26.67,13.39,8.94,12.54,-7.68,-25.53,-56.77,False
EWY,South Korea,12,buy_hold,Buy & Hold Benchmark,24,12,50.0,31.43,16.19,9.92,18.53,-9.22,-64.07,-72.17,False
EWY,South Korea,1,trend_price_sma100,Price above SMA 100,140,17,12.14,7.72,4.37,0.77,1.69,-2.42,-15.49,-24.04,False
EWY,South Korea,2,trend_price_sma100,Price above SMA 100,82,16,19.51,12.38,6.92,3.12,2.99,-3.5,-31.39,-31.29,False
EWY,South Korea,3,trend_price_sma100,Price above SMA 100,63,19,30.16,20.24,11.85,5.12,5.2,-4.06,-26.3,-39.19,False
EWY,South Korea,4,trend_price_sma100,Price above SMA 100,50,18,36.0,24.14,13.96,6.91,5.74,-6.41,-33.66,-33.96,False
EWY,South Korea,5,trend_price_sma100,Price above SMA 100,43,13,30.23,18.6,9.83,2.39,7.13,-8.11,-34.19,-38.66,False
EWY,South Korea,6,trend_price_sma100,Price above SMA 100,36,14,38.89,24.78,13.38,6.91,9.06,-10.19,-59.99,-67.55,False
EWY,South Korea,7,trend_price_sma100,Price above SMA 100,33,13,39.39,24.68,13.04,5.61,11.0,-6.61,-49.83,-67.55,False
EWY,South Korea,8,trend_price_sma100,Price above SMA 100,31,13,41.94,26.42,13.96,5.75,10.45,-7.25,-54.4,-67.55,False
EWY,South Korea,9,trend_price_sma100,Price above SMA 100,27,13,48.15,30.74,16.24,5.98,11.5,-2.09,-55.79,-68.67,False
EWY,South Korea,10,trend_price_sma100,Price above SMA 100,24,8,33.33,17.97,8.18,5.56,14.19,-1.64,-44.73,-67.55,False
EWY,South Korea,11,trend_price_sma100,Price above SMA 100,23,11,47.83,29.24,14.67,9.91,15.05,-7.43,-27.04,-34.96,False
EWY,South Korea,12,trend_price_sma100,Price above SMA 100,20,13,65.0,43.29,22.82,20.44,24.3,-4.02,-59.6,-71.22,False
EWY,South Korea,1,trend_price_sma200,Price above SMA 200,145,17,11.72,7.45,4.22,0.82,1.66,-2.23,-15.41,-24.04,False
EWY,South Korea,2,trend_price_sma200,Price above SMA 200,83,15,18.07,11.27,6.19,2.3,2.23,-3.99,-31.39,-31.29,False
EWY,South Korea,3,trend_price_sma200,Price above SMA 200,63,16,25.4,16.28,9.1,2.92,3.8,-2.64,-20.24,-38.04,False
EWY,South Korea,4,trend_price_sma200,Price above SMA 200,47,20,42.55,29.51,17.59,6.63,5.21,-6.28,-30.03,-34.21,False
EWY,South Korea,5,trend_price_sma200,Price above SMA 200,40,16,40.0,26.35,14.78,3.28,7.42,-4.98,-25.8,-39.19,False
EWY,South Korea,6,trend_price_sma200,Price above SMA 200,33,15,45.45,29.84,16.45,7.02,11.88,-4.78,-16.1,-39.19,False
EWY,South Korea,7,trend_price_sma200,Price above SMA 200,31,12,38.71,23.73,12.24,1.83,10.56,-9.9,-21.96,-39.19,False
EWY,South Korea,8,trend_price_sma200,Price above SMA 200,28,10,35.71,20.71,10.11,1.74,9.76,-9.79,-16.93,-39.19,False
EWY,South Korea,9,trend_price_sma200,Price above SMA 200,25,10,40.0,23.4,11.41,3.58,13.16,-2.16,-21.94,-39.19,False
EWY,South Korea,10,trend_price_sma200,Price above SMA 200,23,10,43.48,25.63,12.49,7.26,14.69,-5.42,-44.06,-46.88,False
EWY,South Korea,11,trend_price_sma200,Price above SMA 200,21,12,57.14,36.55,18.81,12.15,19.68,-0.73,-14.62,-39.19,False
EWY,South Korea,12,trend_price_sma200,Price above SMA 200,19,12,63.16,41.04,21.09,21.72,25.44,-3.89,-59.6,-71.22,False
EWY,South Korea,1,trend,SMA 50/200 + Momentum,81,13,16.05,9.63,5.08,0.96,1.98,-3.57,-15.41,-24.04,False
EWY,South Korea,2,trend,SMA 50/200 + Momentum,48,11,22.92,13.31,6.7,2.34,2.79,-2.97,-31.39,-31.29,False
EWY,South Korea,3,trend,SMA 50/200 + Momentum,38,12,31.58,19.08,9.85,5.59,5.32,-3.46,-16.65,-34.21,False
EWY,South Korea,4,trend,SMA 50/200 + Momentum,31,14,45.16,29.16,15.75,7.55,6.24,-2.83,-23.68,-34.21,False
EWY,South Korea,5,trend,SMA 50/200 + Momentum,27,10,37.04,21.53,10.51,3.86,9.46,-0.34,-34.76,-34.66,False
EWY,South Korea,6,trend,SMA 50/200 + Momentum,21,11,52.38,32.37,16.22,12.48,14.25,-1.67,-13.45,-33.37,False
EWY,South Korea,7,trend,SMA 50/200 + Momentum,20,11,55.0,34.21,17.13,14.4,15.94,-2.67,-13.51,-34.21,False
EWY,South Korea,8,trend,SMA 50/200 + Momentum,18,11,61.11,38.62,19.3,13.51,17.33,2.81,-29.98,-32.26,False
EWY,South Korea,9,trend,SMA 50/200 + Momentum,17,10,58.82,36.01,17.45,13.31,14.5,2.61,-41.05,-41.7,False
EWY,South Korea,10,trend,SMA 50/200 + Momentum,17,9,52.94,30.96,14.52,12.77,18.83,2.55,-53.02,-66.65,False
EWY,South Korea,11,trend,SMA 50/200 + Momentum,14,8,57.14,32.59,14.65,12.24,25.0,-0.77,-17.65,-34.66,False
EWY,South Korea,12,trend,SMA 50/200 + Momentum,14,7,50.0,26.8,11.57,8.72,22.75,0.46,-10.62,-34.66,False
EWY,South Korea,1,trend_sma100_200,SMA 100/200,118,14,11.86,7.2,3.88,0.61,1.33,-2.58,-15.41,-24.04,False
EWY,South Korea,2,trend_sma100_200,SMA 100/200,69,11,15.94,9.14,4.6,0.29,1.58,-4.75,-31.39,-38.04,False
EWY,South Korea,3,trend_sma100_200,SMA 100/200,54,14,25.93,16.12,8.69,4.49,4.07,-3.78,-20.24,-38.04,False
EWY,South Korea,4,trend_sma100_200,SMA 100/200,40,13,32.5,20.08,10.61,4.83,5.09,-2.39,-30.03,-38.04,False
EWY,South Korea,5,trend_sma100_200,SMA 100/200,33,14,42.42,27.24,14.71,3.02,8.71,-0.77,-34.76,-38.04,False
EWY,South Korea,6,trend_sma100_200,SMA 100/200,30,11,36.67,21.87,10.99,2.55,9.52,-7.23,-14.73,-38.04,False
EWY,South Korea,7,trend_sma100_200,SMA 100/200,28,11,39.29,23.57,11.84,7.6,10.4,-5.57,-24.81,-38.04,False
EWY,South Korea,8,trend_sma100_200,SMA 100/200,25,13,52.0,33.5,17.69,10.53,10.92,-4.66,-25.41,-38.04,False
EWY,South Korea,9,trend_sma100_200,SMA 100/200,21,10,47.62,28.34,13.79,9.05,11.74,-3.79,-23.95,-38.04,False
EWY,South Korea,10,trend_sma100_200,SMA 100/200,20,9,45.0,25.82,12.15,5.75,13.87,-4.59,-44.06,-46.88,False
EWY,South Korea,11,trend_sma100_200,SMA 100/200,18,10,55.56,33.72,16.36,11.69,19.06,-8.24,-62.41,-69.67,False
EWY,South Korea,12,trend_sma100_200,SMA 100/200,16,8,50.0,28.0,12.65,8.96,23.78,-0.82,-19.27,-38.04,False
EWY,South Korea,1,trend_ema50_200,EMA 50/200,135,16,11.85,7.43,4.14,0.42,1.23,-3.43,-15.41,-24.04,False
EWY,South Korea,2,trend_ema50_200,EMA 50/200,75,11,14.67,8.39,4.22,1.89,1.67,-4.57,-31.39,-31.29,False
EWY,South Korea,3,trend_ema50_200,EMA 50/200,59,16,27.12,17.44,9.75,5.12,3.79,-4.14,-26.3,-39.19,False
EWY,South Korea,4,trend_ema50_200,EMA 50/200,45,16,35.56,23.22,13.01,4.59,4.53,-6.75,-30.03,-39.19,False
EWY,South Korea,5,trend_ema50_200,EMA 50/200,38,13,34.21,21.21,11.21,4.72,6.75,-6.72,-34.76,-39.19,False
EWY,South Korea,6,trend_ema50_200,EMA 50/200,33,13,39.39,24.68,13.04,1.37,9.93,-6.83,-20.24,-39.19,False
EWY,South Korea,7,trend_ema50_200,EMA 50/200,31,12,38.71,23.73,12.24,4.5,9.85,-7.18,-24.81,-39.19,False
EWY,South Korea,8,trend_ema50_200,EMA 50/200,27,11,40.74,24.51,12.31,4.96,10.52,-7.12,-21.21,-39.19,False
EWY,South Korea,9,trend_ema50_200,EMA 50/200,24,11,45.83,27.89,14.0,5.8,12.56,-5.87,-23.95,-39.19,False
EWY,South Korea,10,trend_ema50_200,EMA 50/200,22,11,50.0,30.72,15.4,8.85,15.16,-5.32,-44.06,-46.88,False
EWY,South Korea,11,trend_ema50_200,EMA 50/200,20,12,60.0,38.66,19.88,19.03,19.41,-10.98,-24.1,-39.19,False
EWY,South Korea,12,trend_ema50_200,EMA 50/200,20,11,55.0,34.21,17.13,15.96,18.02,-5.83,-59.6,-71.22,False
EWY,South Korea,1,trend_ema100_200,EMA 100/200,127,14,11.02,6.68,3.6,0.41,1.0,-3.71,-15.41,-24.04,False
EWY,South Korea,2,trend_ema100_200,EMA 100/200,70,10,14.29,7.95,3.89,0.93,1.15,-5.06,-31.39,-31.29,False
EWY,South Korea,3,trend_ema100_200,EMA 100/200,55,13,23.64,14.37,7.59,2.88,3.38,-4.83,-26.3,-39.19,False
EWY,South Korea,4,trend_ema100_200,EMA 100/200,41,16,39.02,25.66,14.39,4.35,2.68,-9.9,-30.03,-39.19,False
EWY,South Korea,5,trend_ema100_200,EMA 100/200,37,12,32.43,19.63,10.13,3.59,6.77,-4.33,-18.32,-39.19,False
EWY,South Korea,6,trend_ema100_200,EMA 100/200,32,12,37.5,22.93,11.83,3.77,8.69,-4.8,-21.55,-39.19,False
EWY,South Korea,7,trend_ema100_200,EMA 100/200,28,9,32.14,17.93,8.48,1.78,9.5,-5.31,-24.81,-39.19,False
EWY,South Korea,8,trend_ema100_200,EMA 100/200,25,11,44.0,26.67,13.39,3.85,11.19,-11.57,-29.98,-39.19,False
EWY,South Korea,9,trend_ema100_200,EMA 100/200,24,8,33.33,17.97,8.18,5.2,8.18,-4.6,-41.05,-41.7,False
EWY,South Korea,10,trend_ema100_200,EMA 100/200,21,8,38.1,20.75,9.43,6.09,15.37,1.75,-14.57,-39.19,False
EWY,South Korea,11,trend_ema100_200,EMA 100/200,19,10,52.63,31.71,15.4,11.95,19.88,-3.58,-24.1,-39.19,False
EWY,South Korea,12,trend_ema100_200,EMA 100/200,17,9,52.94,30.96,14.52,10.65,17.48,-2.16,-59.6,-71.22,False
EWY,South Korea,1,trend_triple_ma,Triple Moving Average,70,7,10.0,4.93,2.17,0.4,0.65,-4.46,-15.41,-24.04,False
EWY,South Korea,2,trend_triple_ma,Triple Moving Average,50,9,18.0,9.77,4.63,2.19,2.42,-4.36,-15.83,-24.04,False
EWY,South Korea,3,trend_triple_ma,Triple Moving Average,39,11,28.21,16.54,8.32,5.12,3.61,-3.95,-26.3,-39.19,False
EWY,South Korea,4,trend_triple_ma,Triple Moving Average,33,15,45.45,29.84,16.45,4.67,5.98,-2.14,-19.66,-39.19,False
EWY,South Korea,5,trend_triple_ma,Triple Moving Average,29,10,34.48,19.94,9.74,4.89,8.4,-4.22,-34.76,-39.19,False
EWY,South Korea,6,trend_triple_ma,Triple Moving Average,24,12,50.0,31.43,16.19,7.2,12.26,-3.91,-21.39,-39.19,False
EWY,South Korea,7,trend_triple_ma,Triple Moving Average,24,10,41.67,24.47,11.93,2.36,11.59,-2.45,-20.26,-39.19,False
EWY,South Korea,8,trend_triple_ma,Triple Moving Average,21,10,47.62,28.34,13.79,8.31,11.94,-9.48,-21.21,-39.19,False
EWY,South Korea,9,trend_triple_ma,Triple Moving Average,19,10,52.63,31.71,15.4,13.02,10.11,-10.83,-27.44,-39.19,False
EWY,South Korea,10,trend_triple_ma,Triple Moving Average,18,9,50.0,29.03,13.64,9.37,15.64,-4.78,-29.03,-39.19,False
EWY,South Korea,11,trend_triple_ma,Triple Moving Average,17,10,58.82,36.01,17.45,13.11,22.66,-2.67,-44.41,-48.75,False
EWY,South Korea,12,trend_triple_ma,Triple Moving Average,16,8,50.0,28.0,12.65,11.12,20.65,-4.34,-16.27,-39.19,False
EWY,South Korea,1,trend_breakout_100,100-Day Range Breakout,22,1,4.55,0.81,0.21,0.42,0.28,-6.62,-14.55,-21.09,False
EWY,South Korea,2,trend_breakout_100,100-Day Range Breakout,19,1,5.26,0.94,0.24,2.88,2.31,-1.29,-11.9,-21.09,False
EWY,South Korea,3,trend_breakout_100,100-Day Range Breakout,18,6,33.33,16.28,6.75,5.66,6.67,-0.83,-20.24,-25.48,False
EWY,South Korea,4,trend_breakout_100,100-Day Range Breakout,16,6,37.5,18.48,7.64,-0.6,2.87,-5.67,-19.92,-34.21,False
EWY,South Korea,5,trend_breakout_100,100-Day Range Breakout,15,3,20.0,7.05,2.36,-3.68,1.72,-8.76,-18.04,-32.21,False
EWY,South Korea,6,trend_breakout_100,100-Day Range Breakout,14,5,35.71,16.34,6.37,-2.01,5.12,-7.3,-21.39,-34.66,False
EWY,South Korea,7,trend_breakout_100,100-Day Range Breakout,14,4,28.57,11.72,4.27,1.29,8.74,-10.42,-19.78,-34.66,False
EWY,South Korea,8,trend_breakout_100,100-Day Range Breakout,13,5,38.46,17.71,6.89,-1.38,11.08,-4.63,-13.68,-32.43,False
EWY,South Korea,9,trend_breakout_100,100-Day Range Breakout,12,5,41.67,19.33,7.5,1.53,12.61,-2.62,-11.81,-34.21,False
EWY,South Korea,10,trend_breakout_100,100-Day Range Breakout,12,5,41.67,19.33,7.5,5.41,15.74,-1.31,-15.93,-34.21,False
EWY,South Korea,11,trend_breakout_100,100-Day Range Breakout,10,4,40.0,16.82,6.07,3.52,10.7,0.25,-20.47,-33.04,False
EWY,South Korea,12,trend_breakout_100,100-Day Range Breakout,10,4,40.0,16.82,6.07,3.0,10.03,-12.28,-20.47,-34.66,False
EWY,South Korea,1,trend_breakout_200,200-Day Range Breakout,18,2,11.11,3.1,0.93,-0.05,0.47,-6.62,-14.55,-21.09,False
EWY,South Korea,2,trend_breakout_200,200-Day Range Breakout,16,1,6.25,1.11,0.28,2.63,2.06,-1.33,-11.9,-21.09,False
EWY,South Korea,3,trend_breakout_200,200-Day Range Breakout,16,4,25.0,10.18,3.72,5.56,5.76,-1.43,-20.24,-25.48,False
EWY,South Korea,4,trend_breakout_200,200-Day Range Breakout,15,4,26.67,10.9,3.98,0.65,2.35,-5.06,-19.92,-34.21,False
EWY,South Korea,5,trend_breakout_200,200-Day Range Breakout,14,3,21.43,7.57,2.54,-3.12,0.65,-9.0,-18.04,-32.21,False
EWY,South Korea,6,trend_breakout_200,200-Day Range Breakout,12,4,33.33,13.81,5.01,2.44,6.37,-7.61,-21.39,-34.66,False
EWY,South Korea,7,trend_breakout_200,200-Day Range Breakout,12,3,25.0,8.89,2.97,2.23,9.01,-13.78,-19.78,-34.66,False
EWY,South Korea,8,trend_breakout_200,200-Day Range Breakout,11,5,45.45,21.27,8.22,-1.38,11.75,-7.56,-13.68,-32.43,False
EWY,South Korea,9,trend_breakout_200,200-Day Range Breakout,11,5,45.45,21.27,8.22,3.01,12.27,-2.93,-11.81,-34.21,False
EWY,South Korea,10,trend_breakout_200,200-Day Range Breakout,11,4,36.36,15.17,5.49,3.85,13.57,-1.32,-15.93,-34.21,False
EWY,South Korea,11,trend_breakout_200,200-Day Range Breakout,10,3,30.0,10.78,3.58,3.52,6.92,-1.24,-20.47,-33.04,False
EWY,South Korea,12,trend_breakout_200,200-Day Range Breakout,10,4,40.0,16.82,6.07,1.24,5.58,-13.16,-20.47,-34.66,False
EWY,South Korea,1,momentum_90,90-Day Absolute Momentum,141,18,12.77,8.23,4.73,0.41,1.43,-3.57,-15.49,-24.04,False
EWY,South Korea,2,momentum_90,90-Day Absolute Momentum,83,15,18.07,11.27,6.19,2.9,2.25,-4.12,-31.39,-38.04,False
EWY,South Korea,3,momentum_90,90-Day Absolute Momentum,66,18,27.27,18.0,10.39,2.75,3.83,-5.71,-31.18,-39.19,False
EWY,South Korea,4,momentum_90,90-Day Absolute Momentum,48,16,33.33,21.68,12.14,4.16,6.03,-5.42,-37.26,-38.04,False
EWY,South Korea,5,momentum_90,90-Day Absolute Momentum,42,12,28.57,17.17,8.86,1.21,6.14,-6.27,-49.99,-64.33,False
EWY,South Korea,6,momentum_90,90-Day Absolute Momentum,36,13,36.11,22.48,11.87,6.91,10.25,-9.49,-20.43,-39.19,False
EWY,South Korea,7,momentum_90,90-Day Absolute Momentum,33,12,36.36,22.19,11.45,8.63,10.81,-9.22,-49.83,-67.55,False
EWY,South Korea,8,momentum_90,90-Day Absolute Momentum,31,13,41.94,26.42,13.96,7.13,11.71,-7.38,-54.4,-67.55,False
EWY,South Korea,9,momentum_90,90-Day Absolute Momentum,27,15,55.56,37.31,20.58,12.31,13.94,-3.52,-64.29,-67.55,False
EWY,South Korea,10,momentum_90,90-Day Absolute Momentum,23,10,43.48,25.63,12.49,6.09,17.87,-0.41,-53.02,-66.65,False
EWY,South Korea,11,momentum_90,90-Day Absolute Momentum,22,11,50.0,30.72,15.4,6.13,14.57,-6.89,-34.5,-36.39,False
EWY,South Korea,12,momentum_90,90-Day Absolute Momentum,20,12,60.0,38.66,19.88,20.44,22.87,-8.43,-59.6,-71.22,False
EWY,South Korea,1,momentum_180,180-Day Absolute Momentum,144,17,11.81,7.5,4.25,0.77,1.39,-2.84,-15.41,-24.04,False
EWY,South Korea,2,momentum_180,180-Day Absolute Momentum,79,13,16.46,9.88,5.21,2.9,2.2,-3.99,-31.39,-38.04,False
EWY,South Korea,3,momentum_180,180-Day Absolute Momentum,61,16,26.23,16.84,9.42,2.92,3.73,-5.15,-18.35,-38.04,False
EWY,South Korea,4,momentum_180,180-Day Absolute Momentum,48,19,39.58,27.02,15.87,6.48,6.17,-4.63,-30.03,-38.04,False
EWY,South Korea,5,momentum_180,180-Day Absolute Momentum,37,13,35.14,21.83,11.53,5.58,7.95,-1.97,-34.76,-38.04,False
EWY,South Korea,6,momentum_180,180-Day Absolute Momentum,32,12,37.5,22.93,11.83,2.89,9.93,-8.35,-20.51,-38.04,False
EWY,South Korea,7,momentum_180,180-Day Absolute Momentum,30,12,40.0,24.59,12.69,6.63,9.61,-11.53,-29.7,-38.04,False
EWY,South Korea,8,momentum_180,180-Day Absolute Momentum,27,12,44.44,27.59,14.22,6.8,11.97,-10.99,-29.98,-38.04,False
EWY,South Korea,9,momentum_180,180-Day Absolute Momentum,25,11,44.0,26.67,13.39,4.93,11.41,-5.7,-23.95,-38.04,False
EWY,South Korea,10,momentum_180,180-Day Absolute Momentum,21,10,47.62,28.34,13.79,7.26,15.73,-4.8,-44.06,-46.88,False
EWY,South Korea,11,momentum_180,180-Day Absolute Momentum,20,11,55.0,34.21,17.13,12.13,20.15,-1.43,-17.16,-38.04,False
EWY,South Korea,12,momentum_180,180-Day Absolute Momentum,19,12,63.16,41.04,21.09,21.55,27.07,-3.0,-21.14,-38.04,False
EWY,South Korea,1,momentum_270,270-Day Absolute Momentum,153,19,12.42,8.1,4.72,0.6,0.98,-3.88,-19.29,-24.04,False
EWY,South Korea,2,momentum_270,270-Day Absolute Momentum,80,13,16.25,9.75,5.15,1.56,1.38,-5.04,-31.39,-31.29,False
EWY,South Korea,3,momentum_270,270-Day Absolute Momentum,64,15,23.44,14.75,8.1,3.74,2.05,-5.74,-31.18,-39.19,False
EWY,South Korea,4,momentum_270,270-Day Absolute Momentum,49,16,32.65,21.21,11.88,2.05,4.11,-5.81,-37.26,-39.19,False
EWY,South Korea,5,momentum_270,270-Day Absolute Momentum,41,15,36.59,23.59,12.99,3.2,6.36,-7.97,-18.25,-39.19,False
EWY,South Korea,6,momentum_270,270-Day Absolute Momentum,34,14,41.18,26.37,14.24,6.73,9.99,-8.04,-20.24,-39.19,False
EWY,South Korea,7,momentum_270,270-Day Absolute Momentum,31,11,35.48,21.12,10.61,1.73,9.33,-4.51,-29.7,-39.19,False
EWY,South Korea,8,momentum_270,270-Day Absolute Momentum,27,12,44.44,27.59,14.22,3.28,9.31,-11.84,-25.41,-39.19,False
EWY,South Korea,9,momentum_270,270-Day Absolute Momentum,24,8,33.33,17.97,8.18,4.7,10.3,-6.76,-20.74,-39.19,False
EWY,South Korea,10,momentum_270,270-Day Absolute Momentum,23,12,52.17,32.96,16.98,12.36,12.46,-7.49,-59.12,-68.67,False
EWY,South Korea,11,momentum_270,270-Day Absolute Momentum,21,12,57.14,36.55,18.81,11.95,19.55,0.32,-24.1,-39.19,False
EWY,South Korea,12,momentum_270,270-Day Absolute Momentum,20,11,55.0,34.21,17.13,11.6,15.92,-4.91,-53.42,-68.67,False
EWY,South Korea,1,momentum_365,365-Day Absolute Momentum,152,17,11.18,7.1,4.02,0.42,0.99,-3.25,-19.29,-24.04,False
EWY,South Korea,2,momentum_365,365-Day Absolute Momentum,83,13,15.66,9.39,4.95,0.7,1.49,-4.82,-31.39,-31.29,False
EWY,South Korea,3,momentum_365,365-Day Absolute Momentum,63,17,26.98,17.58,10.0,2.61,2.53,-3.77,-31.18,-34.21,False
EWY,South Korea,4,momentum_365,365-Day Absolute Momentum,50,14,28.0,17.47,9.43,2.07,3.23,-7.81,-37.26,-37.63,False
EWY,South Korea,5,momentum_365,365-Day Absolute Momentum,40,12,30.0,18.07,9.33,0.65,5.8,-7.45,-15.25,-33.37,False
EWY,South Korea,6,momentum_365,365-Day Absolute Momentum,32,11,34.38,20.41,10.26,4.13,7.0,-9.01,-32.23,-38.66,False
EWY,South Korea,7,momentum_365,365-Day Absolute Momentum,31,11,35.48,21.12,10.61,-1.04,5.92,-13.56,-63.95,-68.67,False
EWY,South Korea,8,momentum_365,365-Day Absolute Momentum,27,11,40.74,24.51,12.31,3.88,9.13,-12.03,-29.98,-32.43,False
EWY,South Korea,9,momentum_365,365-Day Absolute Momentum,25,8,32.0,17.2,7.84,3.49,7.24,-7.61,-40.93,-63.02,False
EWY,South Korea,10,momentum_365,365-Day Absolute Momentum,22,10,45.45,26.92,13.11,6.71,13.68,-7.71,-53.95,-68.67,False
EWY,South Korea,11,momentum_365,365-Day Absolute Momentum,20,8,40.0,21.88,9.93,7.98,15.54,-9.85,-62.41,-69.67,False
EWY,South Korea,12,momentum_365,365-Day Absolute Momentum,20,9,45.0,25.82,12.15,4.56,13.49,-9.17,-42.08,-68.67,False
EWY,South Korea,1,momentum_dual_90_180,Dual Momentum 90/180,116,15,12.93,8.0,4.38,0.41,1.4,-3.96,-15.41,-24.04,False
EWY,South Korea,2,momentum_dual_90_180,Dual Momentum 90/180,70,12,17.14,10.09,5.21,2.59,2.2,-4.0,-31.39,-38.04,False
EWY,South Korea,3,momentum_dual_90_180,Dual Momentum 90/180,55,12,21.82,12.95,6.68,1.03,3.29,-6.21,-18.35,-38.04,False
EWY,South Korea,4,momentum_dual_90_180,Dual Momentum 90/180,41,16,39.02,25.66,14.39,2.25,6.31,-4.74,-23.68,-38.04,False
EWY,South Korea,5,momentum_dual_90_180,Dual Momentum 90/180,37,13,35.14,21.83,11.53,5.58,7.76,-1.97,-34.76,-38.04,False
EWY,South Korea,6,momentum_dual_90_180,Dual Momentum 90/180,30,13,43.33,27.38,14.46,5.84,9.5,-7.23,-21.39,-38.04,False
EWY,South Korea,7,momentum_dual_90_180,Dual Momentum 90/180,28,12,42.86,26.51,13.67,6.99,11.28,-6.73,-17.12,-38.04,False
EWY,South Korea,8,momentum_dual_90_180,Dual Momentum 90/180,25,11,44.0,26.67,13.39,6.8,12.65,-8.66,-29.98,-38.04,False
EWY,South Korea,9,momentum_dual_90_180,Dual Momentum 90/180,22,11,50.0,30.72,15.4,9.12,15.88,-1.52,-23.95,-38.04,False
EWY,South Korea,10,momentum_dual_90_180,Dual Momentum 90/180,21,10,47.62,28.34,13.79,7.26,15.0,-6.03,-53.02,-66.65,False
EWY,South Korea,11,momentum_dual_90_180,Dual Momentum 90/180,19,10,52.63,31.71,15.4,12.96,18.62,-2.22,-44.41,-48.75,False
EWY,South Korea,12,momentum_dual_90_180,Dual Momentum 90/180,18,10,55.56,33.72,16.36,19.73,22.4,-9.77,-52.86,-69.67,False
EWY,South Korea,1,momentum_dual_180_365,Dual Momentum 180/365,117,12,10.26,5.96,3.08,0.6,1.14,-2.7,-15.41,-24.04,False
EWY,South Korea,2,momentum_dual_180_365,Dual Momentum 180/365,63,8,12.7,6.58,3.01,2.3,1.88,-3.76,-31.39,-31.29,False
EWY,South Korea,3,momentum_dual_180_365,Dual Momentum 180/365,50,13,26.0,15.87,8.38,1.9,3.15,-3.52,-18.02,-34.21,False
EWY,South Korea,4,momentum_dual_180_365,Dual Momentum 180/365,38,14,36.84,23.38,12.62,3.38,5.44,-4.56,-30.03,-34.21,False
EWY,South Korea,5,momentum_dual_180_365,Dual Momentum 180/365,32,11,34.38,20.41,10.26,1.71,8.15,-3.1,-15.25,-33.37,False
EWY,South Korea,6,momentum_dual_180_365,Dual Momentum 180/365,27,9,33.33,18.64,8.81,2.33,7.55,-10.46,-30.88,-34.66,False
EWY,South Korea,7,momentum_dual_180_365,Dual Momentum 180/365,25,10,40.0,23.4,11.41,1.86,8.45,-9.26,-29.7,-34.66,False
EWY,South Korea,8,momentum_dual_180_365,Dual Momentum 180/365,23,10,43.48,25.63,12.49,5.75,13.35,-10.31,-29.98,-32.43,False
EWY,South Korea,9,momentum_dual_180_365,Dual Momentum 180/365,21,8,38.1,20.75,9.43,3.74,12.02,0.44,-21.78,-33.04,False
EWY,South Korea,10,momentum_dual_180_365,Dual Momentum 180/365,20,10,50.0,29.93,14.55,9.02,18.26,-3.25,-44.06,-46.88,False
EWY,South Korea,11,momentum_dual_180_365,Dual Momentum 180/365,17,9,52.94,30.96,14.52,11.3,21.08,-3.02,-34.5,-36.39,False
EWY,South Korea,12,momentum_dual_180_365,Dual Momentum 180/365,17,9,52.94,30.96,14.52,10.16,18.77,-2.5,-34.08,-34.96,False
EWY,South Korea,1,momentum_rank_90,Top Relative Momentum 90,68,13,19.12,11.53,6.09,0.26,1.93,-4.72,-15.41,-24.04,False
EWY,South Korea,2,momentum_rank_90,Top Relative Momentum 90,43,10,23.26,13.15,6.43,2.38,3.27,-3.02,-15.83,-25.95,False
EWY,South Korea,3,momentum_rank_90,Top Relative Momentum 90,33,9,27.27,15.07,7.13,2.61,3.4,-5.66,-29.61,-39.19,False
EWY,South Korea,4,momentum_rank_90,Top Relative Momentum 90,28,13,46.43,29.53,15.6,2.46,7.47,-4.32,-21.88,-39.19,False
EWY,South Korea,5,momentum_rank_90,Top Relative Momentum 90,26,9,34.62,19.41,9.17,3.28,9.02,-6.32,-20.34,-39.19,False
EWY,South Korea,6,momentum_rank_90,Top Relative Momentum 90,24,11,45.83,27.89,14.0,5.93,13.32,-3.77,-14.43,-39.19,False
EWY,South Korea,7,momentum_rank_90,Top Relative Momentum 90,21,9,42.86,24.47,11.53,9.72,14.59,-2.03,-13.74,-39.19,False
EWY,South Korea,8,momentum_rank_90,Top Relative Momentum 90,18,10,55.56,33.72,16.36,11.06,17.49,3.08,-28.23,-39.19,False
EWY,South Korea,9,momentum_rank_90,Top Relative Momentum 90,17,11,64.71,41.3,20.61,18.39,18.12,4.76,-20.38,-39.19,False
EWY,South Korea,10,momentum_rank_90,Top Relative Momentum 90,16,8,50.0,28.0,12.65,10.03,19.64,1.46,-19.89,-39.19,False
EWY,South Korea,11,momentum_rank_90,Top Relative Momentum 90,16,8,50.0,28.0,12.65,10.4,23.14,-3.36,-11.66,-39.19,False
EWY,South Korea,12,momentum_rank_90,Top Relative Momentum 90,16,8,50.0,28.0,12.65,9.46,24.12,-3.55,-12.06,-39.19,False
EWY,South Korea,1,momentum,Top Relative Momentum 180,65,10,15.38,8.58,4.2,-0.01,1.52,-4.28,-15.41,-24.04,False
EWY,South Korea,2,momentum,Top Relative Momentum 180,41,7,17.07,8.53,3.74,2.38,1.82,-4.75,-31.39,-31.29,False
EWY,South Korea,3,momentum,Top Relative Momentum 180,31,9,29.03,16.1,7.62,1.38,4.48,-7.04,-20.24,-34.21,False
EWY,South Korea,4,momentum,Top Relative Momentum 180,25,11,44.0,26.67,13.39,7.01,7.28,-5.67,-30.03,-34.21,False
EWY,South Korea,5,momentum,Top Relative Momentum 180,22,8,36.36,19.73,8.97,5.41,11.47,-3.96,-18.32,-33.37,False
EWY,South Korea,6,momentum,Top Relative Momentum 180,19,8,42.11,23.14,10.5,5.99,12.97,-3.81,-14.43,-34.21,False
EWY,South Korea,7,momentum,Top Relative Momentum 180,16,7,43.75,23.1,10.01,8.41,17.2,-1.31,-12.06,-27.15,False
EWY,South Korea,8,momentum,Top Relative Momentum 180,15,7,46.67,24.81,10.74,7.5,12.68,-10.23,-12.29,-33.04,False
EWY,South Korea,9,momentum,Top Relative Momentum 180,14,6,42.86,21.38,8.81,6.41,16.1,-4.02,-23.95,-34.66,False
EWY,South Korea,10,momentum,Top Relative Momentum 180,14,5,35.71,16.34,6.37,5.99,22.02,-5.19,-26.36,-34.66,False
EWY,South Korea,11,momentum,Top Relative Momentum 180,13,7,53.85,29.14,12.55,12.87,20.13,-0.86,-34.5,-36.39,False
EWY,South Korea,12,momentum,Top Relative Momentum 180,12,8,66.67,39.06,17.43,17.19,23.4,1.41,-21.14,-34.96,False
EWY,South Korea,1,momentum_rank_365,Top Relative Momentum 365,71,13,18.31,11.02,5.82,0.42,1.42,-2.56,-19.29,-24.04,False
EWY,South Korea,2,momentum_rank_365,Top Relative Momentum 365,40,7,17.5,8.75,3.84,0.44,0.96,-5.19,-31.39,-31.29,False
EWY,South Korea,3,momentum_rank_365,Top Relative Momentum 365,32,7,21.88,11.02,4.83,3.42,3.92,-2.34,-29.61,-34.21,False
EWY,South Korea,4,momentum_rank_365,Top Relative Momentum 365,24,9,37.5,21.16,9.99,0.12,5.37,-5.17,-19.24,-34.21,False
EWY,South Korea,5,momentum_rank_365,Top Relative Momentum 365,20,8,40.0,21.88,9.93,-0.12,5.29,-6.33,-34.76,-34.66,False
EWY,South Korea,6,momentum_rank_365,Top Relative Momentum 365,17,7,41.18,21.61,9.38,7.8,11.38,-4.5,-21.55,-33.37,False
EWY,South Korea,7,momentum_rank_365,Top Relative Momentum 365,17,6,35.29,17.31,7.17,4.89,12.81,-4.74,-20.26,-29.55,False
EWY,South Korea,8,momentum_rank_365,Top Relative Momentum 365,14,7,50.0,26.8,11.57,6.04,12.63,-12.24,-17.2,-32.43,False
EWY,South Korea,9,momentum_rank_365,Top Relative Momentum 365,13,6,46.15,23.21,9.54,9.8,12.62,-2.3,-20.74,-34.66,False
EWY,South Korea,10,momentum_rank_365,Top Relative Momentum 365,12,7,58.33,31.95,13.71,14.94,18.31,-1.15,-15.93,-34.66,False
EWY,South Korea,11,momentum_rank_365,Top Relative Momentum 365,11,7,63.64,35.38,15.1,19.69,14.55,-4.87,-20.47,-34.66,False
EWY,South Korea,12,momentum_rank_365,Top Relative Momentum 365,10,6,60.0,31.27,12.69,24.71,16.09,-12.91,-20.47,-33.37,False
EWY,South Korea,1,momentum_composite,Composite Momentum,60,11,18.33,10.56,5.31,0.26,1.56,-4.72,-15.41,-24.04,False
EWY,South Korea,2,momentum_composite,Composite Momentum,37,8,21.62,11.39,5.21,0.32,1.7,-4.69,-31.39,-31.29,False
EWY,South Korea,3,momentum_composite,Composite Momentum,29,6,20.69,9.85,4.11,1.38,3.38,-5.89,-20.24,-34.21,False
EWY,South Korea,4,momentum_composite,Composite Momentum,22,8,36.36,19.73,8.97,2.39,9.43,-5.44,-30.03,-33.37,False
EWY,South Korea,5,momentum_composite,Composite Momentum,20,6,30.0,14.55,6.04,3.48,9.49,-3.22,-15.25,-34.21,False
EWY,South Korea,6,momentum_composite,Composite Momentum,17,7,41.18,21.61,9.38,8.15,10.61,-3.51,-14.43,-31.29,False
EWY,South Korea,7,momentum_composite,Composite Momentum,14,7,50.0,26.8,11.57,11.85,16.81,-0.34,-12.62,-26.39,False
EWY,South Korea,8,momentum_composite,Composite Momentum,12,5,41.67,19.33,7.5,7.15,20.74,-2.72,-12.29,-33.04,False
EWY,South Korea,9,momentum_composite,Composite Momentum,12,6,50.0,25.38,10.39,8.28,18.31,-2.58,-23.95,-34.66,False
EWY,South Korea,10,momentum_composite,Composite Momentum,12,6,50.0,25.38,10.39,9.81,16.9,0.62,-20.35,-34.66,False
EWY,South Korea,11,momentum_composite,Composite Momentum,12,7,58.33,31.95,13.71,11.56,17.56,-2.73,-20.19,-34.66,False
EWY,South Korea,12,momentum_composite,Composite Momentum,11,6,54.55,28.01,11.43,20.56,9.57,-6.81,-21.14,-34.96,False
EWY,South Korea,1,drawdown_recovery_20,20% Drawdown Recovery,41,4,9.76,3.86,1.43,1.7,1.57,-3.69,-15.41,-24.04,False
EWY,South Korea,2,drawdown_recovery_20,20% Drawdown Recovery,32,7,21.88,11.02,4.83,3.33,3.12,-1.76,-22.71,-32.75,False
EWY,South Korea,3,drawdown_recovery_20,20% Drawdown Recovery,27,9,33.33,18.64,8.81,6.48,5.34,-1.8,-18.67,-34.21,False
EWY,South Korea,4,drawdown_recovery_20,20% Drawdown Recovery,24,12,50.0,31.43,16.19,10.09,7.6,-4.27,-33.66,-34.21,False
EWY,South Korea,5,drawdown_recovery_20,20% Drawdown Recovery,19,8,42.11,23.14,10.5,5.69,7.62,-3.01,-34.19,-38.66,False
EWY,South Korea,6,drawdown_recovery_20,20% Drawdown Recovery,19,8,42.11,23.14,10.5,9.25,6.02,-8.75,-52.98,-65.55,False
EWY,South Korea,7,drawdown_recovery_20,20% Drawdown Recovery,19,6,31.58,15.36,6.38,8.63,9.26,-5.85,-63.95,-68.67,False
EWY,South Korea,8,drawdown_recovery_20,20% Drawdown Recovery,18,8,44.44,24.56,11.13,7.42,14.03,-0.39,-53.39,-68.67,False
EWY,South Korea,9,drawdown_recovery_20,20% Drawdown Recovery,15,7,46.67,24.81,10.74,6.85,22.7,2.42,-55.79,-68.67,False
EWY,South Korea,10,drawdown_recovery_20,20% Drawdown Recovery,15,7,46.67,24.81,10.74,8.2,20.29,-4.43,-66.66,-68.67,False
EWY,South Korea,11,drawdown_recovery_20,20% Drawdown Recovery,14,7,50.0,26.8,11.57,8.73,29.7,0.24,-50.45,-68.67,False
EWY,South Korea,12,drawdown_recovery_20,20% Drawdown Recovery,14,6,42.86,21.38,8.81,6.23,31.7,-6.04,-42.08,-68.67,False
EWY,South Korea,1,drawdown_recovery,25% Drawdown Recovery,20,3,15.0,5.24,1.76,0.19,1.37,-4.04,-12.01,-15.69,False
EWY,South Korea,2,drawdown_recovery,25% Drawdown Recovery,18,6,33.33,16.28,6.75,6.78,4.22,-3.5,-22.71,-32.75,False
EWY,South Korea,3,drawdown_recovery,25% Drawdown Recovery,14,6,42.86,21.38,8.81,2.0,5.07,-3.24,-18.67,-32.75,False
EWY,South Korea,4,drawdown_recovery,25% Drawdown Recovery,14,6,42.86,21.38,8.81,5.12,5.45,-11.67,-33.66,-33.96,False
EWY,South Korea,5,drawdown_recovery,25% Drawdown Recovery,13,5,38.46,17.71,6.89,6.93,7.29,-7.72,-34.19,-38.66,False
EWY,South Korea,6,drawdown_recovery,25% Drawdown Recovery,13,6,46.15,23.21,9.54,9.39,4.95,-12.76,-52.98,-65.55,False
EWY,South Korea,7,drawdown_recovery,25% Drawdown Recovery,12,4,33.33,13.81,5.01,7.43,8.62,-7.17,-63.95,-68.67,False
EWY,South Korea,8,drawdown_recovery,25% Drawdown Recovery,12,4,33.33,13.81,5.01,2.72,16.35,-1.82,-53.39,-68.67,False
EWY,South Korea,9,drawdown_recovery,25% Drawdown Recovery,11,5,45.45,21.27,8.22,5.98,25.19,-2.86,-55.79,-68.67,False
EWY,South Korea,10,drawdown_recovery,25% Drawdown Recovery,11,6,54.55,28.01,11.43,12.42,23.68,-6.22,-66.66,-68.67,False
EWY,South Korea,11,drawdown_recovery,25% Drawdown Recovery,11,7,63.64,35.38,15.1,12.96,32.24,-3.3,-50.45,-68.67,False
EWY,South Korea,12,drawdown_recovery,25% Drawdown Recovery,11,6,54.55,28.01,11.43,20.56,39.4,-1.89,-42.08,-68.67,False
EWY,South Korea,1,drawdown_recovery_30,30% Drawdown Recovery,24,2,8.33,2.32,0.7,1.02,0.95,-4.58,-12.01,-15.69,False
EWY,South Korea,2,drawdown_recovery_30,30% Drawdown Recovery,18,5,27.78,12.5,4.9,3.81,2.9,-4.96,-22.71,-32.75,False
EWY,South Korea,3,drawdown_recovery_30,30% Drawdown Recovery,15,5,33.33,15.18,5.93,5.89,4.22,-2.82,-18.67,-32.75,False
EWY,South Korea,4,drawdown_recovery_30,30% Drawdown Recovery,13,5,38.46,17.71,6.89,5.02,4.55,-9.5,-33.66,-33.96,False
EWY,South Korea,5,drawdown_recovery_30,30% Drawdown Recovery,11,5,45.45,21.27,8.22,2.39,3.88,-6.07,-34.19,-38.66,False
EWY,South Korea,6,drawdown_recovery_30,30% Drawdown Recovery,11,4,36.36,15.17,5.49,9.25,0.2,-15.59,-52.98,-65.55,False
EWY,South Korea,7,drawdown_recovery_30,30% Drawdown Recovery,11,3,27.27,9.75,3.25,-2.02,3.96,-7.92,-63.95,-68.67,False
EWY,South Korea,8,drawdown_recovery_30,30% Drawdown Recovery,11,3,27.27,9.75,3.25,0.12,7.04,-2.21,-53.39,-68.67,False
EWY,South Korea,9,drawdown_recovery_30,30% Drawdown Recovery,9,3,33.33,12.06,3.99,4.67,13.0,2.2,-55.79,-68.67,False
EWY,South Korea,10,drawdown_recovery_30,30% Drawdown Recovery,9,4,44.44,18.88,6.78,5.79,11.67,-2.01,-66.66,-68.67,False
EWY,South Korea,11,drawdown_recovery_30,30% Drawdown Recovery,8,4,50.0,21.52,7.68,8.73,9.52,-10.06,-50.45,-68.67,False
EWY,South Korea,12,drawdown_recovery_30,30% Drawdown Recovery,8,3,37.5,13.68,4.51,6.23,7.43,-6.97,-42.08,-68.67,False
EWY,South Korea,1,drawdown_recovery_40,40% Drawdown Recovery,8,1,12.5,2.24,0.57,-4.32,-1.01,-7.04,-9.2,-15.69,False
EWY,South Korea,2,drawdown_recovery_40,40% Drawdown Recovery,6,2,33.33,9.68,2.84,6.78,4.14,-3.37,-22.71,-32.75,False
EWY,South Korea,3,drawdown_recovery_40,40% Drawdown Recovery,4,2,50.0,15.0,4.32,5.41,7.7,0.47,-0.48,-32.75,False
EWY,South Korea,4,drawdown_recovery_40,40% Drawdown Recovery,4,2,50.0,15.0,4.32,12.29,13.3,2.51,2.04,-32.75,False
EWY,South Korea,5,drawdown_recovery_40,40% Drawdown Recovery,3,2,66.67,20.77,5.83,15.62,13.05,8.44,1.26,-32.75,False
EWY,South Korea,6,drawdown_recovery_40,40% Drawdown Recovery,3,1,33.33,6.15,1.53,9.39,14.57,9.32,9.25,-32.75,False
EWY,South Korea,7,drawdown_recovery_40,40% Drawdown Recovery,3,1,33.33,6.15,1.53,9.79,22.17,9.21,8.63,-32.75,False
EWY,South Korea,8,drawdown_recovery_40,40% Drawdown Recovery,3,1,33.33,6.15,1.53,9.79,19.34,4.61,-0.56,-32.75,False
EWY,South Korea,9,drawdown_recovery_40,40% Drawdown Recovery,2,1,50.0,9.45,2.3,32.41,32.41,19.19,5.98,-32.75,False
EWY,South Korea,10,drawdown_recovery_40,40% Drawdown Recovery,2,1,50.0,9.45,2.3,23.34,23.34,10.66,-2.01,-32.75,False
EWY,South Korea,11,drawdown_recovery_40,40% Drawdown Recovery,2,1,50.0,9.45,2.3,27.61,27.61,10.95,-5.7,-32.75,False
EWY,South Korea,12,drawdown_recovery_40,40% Drawdown Recovery,2,1,50.0,9.45,2.3,38.78,38.78,22.47,6.16,-32.75,False
EWY,South Korea,1,rsi14_recovery,RSI 14 Recovery,39,7,17.95,8.98,3.94,2.27,2.88,-1.69,-14.05,-23.65,False
EWY,South Korea,2,rsi14_recovery,RSI 14 Recovery,33,7,21.21,10.68,4.68,3.17,4.24,-1.32,-31.39,-31.29,False
EWY,South Korea,3,rsi14_recovery,RSI 14 Recovery,31,12,38.71,23.73,12.24,6.65,7.6,0.57,-26.3,-39.19,False
EWY,South Korea,4,rsi14_recovery,RSI 14 Recovery,26,9,34.62,19.41,9.17,7.84,8.35,-1.02,-33.66,-39.19,False
EWY,South Korea,5,rsi14_recovery,RSI 14 Recovery,24,9,37.5,21.16,9.99,6.72,11.5,-2.07,-34.19,-39.19,False
EWY,South Korea,6,rsi14_recovery,RSI 14 Recovery,23,10,43.48,25.63,12.49,7.86,15.07,-5.35,-52.98,-65.55,False
EWY,South Korea,7,rsi14_recovery,RSI 14 Recovery,22,11,50.0,30.72,15.4,9.85,15.43,-5.33,-63.95,-68.67,False
EWY,South Korea,8,rsi14_recovery,RSI 14 Recovery,20,11,55.0,34.21,17.13,12.32,14.87,-4.96,-53.39,-68.67,False
EWY,South Korea,9,rsi14_recovery,RSI 14 Recovery,20,9,45.0,25.82,12.15,6.48,15.16,-6.21,-55.79,-68.67,False
EWY,South Korea,10,rsi14_recovery,RSI 14 Recovery,17,8,47.06,26.16,11.84,6.09,9.53,-4.74,-66.66,-68.67,False
EWY,South Korea,11,rsi14_recovery,RSI 14 Recovery,17,9,52.94,30.96,14.52,10.12,9.82,-2.67,-50.45,-68.67,False
EWY,South Korea,12,rsi14_recovery,RSI 14 Recovery,14,7,50.0,26.8,11.57,8.85,9.3,-7.81,-42.08,-68.67,False
EWY,South Korea,1,rsi28_recovery,RSI 28 Recovery,20,3,15.0,5.24,1.76,2.84,1.65,-5.98,-10.95,-15.69,False
EWY,South Korea,2,rsi28_recovery,RSI 28 Recovery,19,3,15.79,5.52,1.86,3.58,3.03,-2.52,-22.71,-32.75,False
EWY,South Korea,3,rsi28_recovery,RSI 28 Recovery,18,6,33.33,16.28,6.75,6.96,7.88,1.32,-9.09,-32.75,False
EWY,South Korea,4,rsi28_recovery,RSI 28 Recovery,16,5,31.25,14.16,5.54,7.4,10.57,0.44,-11.09,-32.75,False
EWY,South Korea,5,rsi28_recovery,RSI 28 Recovery,16,6,37.5,18.48,7.64,8.04,11.94,0.25,-13.4,-32.75,False
EWY,South Korea,6,rsi28_recovery,RSI 28 Recovery,16,7,43.75,23.1,10.01,8.7,13.2,5.69,-30.88,-34.66,False
EWY,South Korea,7,rsi28_recovery,RSI 28 Recovery,15,6,40.0,19.82,8.18,9.09,16.14,4.32,-15.39,-34.66,False
EWY,South Korea,8,rsi28_recovery,RSI 28 Recovery,15,8,53.33,30.12,13.58,11.31,17.95,-0.37,-14.5,-34.66,False
EWY,South Korea,9,rsi28_recovery,RSI 28 Recovery,15,6,40.0,19.82,8.18,8.28,16.03,-2.34,-19.71,-39.19,False
EWY,South Korea,10,rsi28_recovery,RSI 28 Recovery,13,7,53.85,29.14,12.55,11.07,17.54,2.77,-14.02,-39.19,False
EWY,South Korea,11,rsi28_recovery,RSI 28 Recovery,13,7,53.85,29.14,12.55,14.9,17.1,-3.02,-21.98,-39.19,False
EWY,South Korea,12,rsi28_recovery,RSI 28 Recovery,13,8,61.54,35.52,15.92,19.62,20.7,-1.81,-17.71,-39.19,False
EWY,South Korea,1,bollinger_recovery,Bollinger Recovery,21,4,19.05,7.67,2.82,2.74,3.23,-0.95,-7.75,-13.24,False
EWY,South Korea,2,bollinger_recovery,Bollinger Recovery,21,5,23.81,10.63,4.18,3.17,3.54,-3.8,-16.19,-16.59,False
EWY,South Korea,3,bollinger_recovery,Bollinger Recovery,21,5,23.81,10.63,4.18,5.61,5.73,-3.58,-17.18,-23.18,False
EWY,South Korea,4,bollinger_recovery,Bollinger Recovery,20,5,25.0,11.19,4.4,3.77,6.81,-1.41,-33.66,-33.96,False
EWY,South Korea,5,bollinger_recovery,Bollinger Recovery,20,6,30.0,14.55,6.04,1.43,7.18,-3.14,-34.19,-38.66,False
EWY,South Korea,6,bollinger_recovery,Bollinger Recovery,20,8,40.0,21.88,9.93,6.94,7.42,-7.83,-52.98,-65.55,False
EWY,South Korea,7,bollinger_recovery,Bollinger Recovery,18,7,38.89,20.3,8.83,7.78,7.91,-13.05,-63.95,-68.67,False
EWY,South Korea,8,bollinger_recovery,Bollinger Recovery,17,8,47.06,26.16,11.84,5.75,11.55,-9.84,-53.39,-68.67,False
EWY,South Korea,9,bollinger_recovery,Bollinger Recovery,17,6,35.29,17.31,7.17,3.27,10.81,-7.07,-55.79,-68.67,False
EWY,South Korea,10,bollinger_recovery,Bollinger Recovery,15,7,46.67,24.81,10.74,8.67,13.1,-8.22,-66.66,-68.67,False
EWY,South Korea,11,bollinger_recovery,Bollinger Recovery,14,7,50.0,26.8,11.57,13.54,16.14,-6.14,-50.45,-68.67,False
EWY,South Korea,12,bollinger_recovery,Bollinger Recovery,13,6,46.15,23.21,9.54,-1.81,8.19,-8.2,-42.08,-68.67,False
EWY,South Korea,1,low_vol_trend,Low-Volatility Trend,9,0,0.0,0.0,0.0,0.42,-0.95,-5.12,-10.33,-10.23,False
EWY,South Korea,2,low_vol_trend,Low-Volatility Trend,6,0,0.0,0.0,0.0,0.43,-2.29,-7.06,-11.95,-13.65,False
EWY,South Korea,3,low_vol_trend,Low-Volatility Trend,6,1,16.67,3.01,0.76,-0.17,-1.92,-10.78,-16.42,-18.0,False
EWY,South Korea,4,low_vol_trend,Low-Volatility Trend,4,1,25.0,4.56,1.14,-0.88,-2.65,-12.46,-21.88,-27.53,False
EWY,South Korea,5,low_vol_trend,Low-Volatility Trend,4,1,25.0,4.56,1.14,-2.22,-3.63,-13.3,-20.34,-27.53,False
EWY,South Korea,6,low_vol_trend,Low-Volatility Trend,4,1,25.0,4.56,1.14,-2.67,0.51,-10.47,-12.95,-27.53,False
EWY,South Korea,7,low_vol_trend,Low-Volatility Trend,4,1,25.0,4.56,1.14,-6.08,0.38,-13.93,-14.49,-27.53,False
EWY,South Korea,8,low_vol_trend,Low-Volatility Trend,4,1,25.0,4.56,1.14,-3.84,-1.18,-12.91,-16.93,-27.53,False
EWY,South Korea,9,low_vol_trend,Low-Volatility Trend,4,2,50.0,15.0,4.32,0.39,0.87,-12.99,-20.38,-27.53,False
EWY,South Korea,10,low_vol_trend,Low-Volatility Trend,4,2,50.0,15.0,4.32,1.45,0.22,-11.07,-19.89,-27.53,False
EWY,South Korea,11,low_vol_trend,Low-Volatility Trend,3,1,33.33,6.15,1.53,3.64,6.47,0.03,-3.59,-27.38,False
EWY,South Korea,12,low_vol_trend,Low-Volatility Trend,3,1,33.33,6.15,1.53,-10.8,-1.78,-13.53,-16.27,-34.66,False
EWY,South Korea,1,vol_contraction_trend,Volatility Contraction Trend,35,3,8.57,2.96,1.0,1.57,2.13,-0.69,-8.46,-11.24,False
EWY,South Korea,2,vol_contraction_trend,Volatility Contraction Trend,26,5,19.23,8.51,3.36,2.94,3.21,-2.49,-15.83,-20.43,False
EWY,South Korea,3,vol_contraction_trend,Volatility Contraction Trend,24,7,29.17,14.91,6.52,5.57,6.24,1.48,-12.58,-20.43,False
EWY,South Korea,4,vol_contraction_trend,Volatility Contraction Trend,22,9,40.91,23.26,10.96,6.13,7.56,-1.74,-11.88,-20.43,False
EWY,South Korea,5,vol_contraction_trend,Volatility Contraction Trend,21,9,42.86,24.47,11.53,2.37,9.23,-6.92,-12.29,-20.43,False
EWY,South Korea,6,vol_contraction_trend,Volatility Contraction Trend,20,8,40.0,21.88,9.93,3.74,11.24,-5.43,-20.51,-23.18,False
EWY,South Korea,7,vol_contraction_trend,Volatility Contraction Trend,19,8,42.11,23.14,10.5,4.5,11.96,-8.33,-19.78,-27.94,False
EWY,South Korea,8,vol_contraction_trend,Volatility Contraction Trend,18,8,44.44,24.56,11.13,6.1,14.89,-3.56,-28.23,-34.66,False
EWY,South Korea,9,vol_contraction_trend,Volatility Contraction Trend,17,9,52.94,30.96,14.52,11.3,21.2,-2.3,-17.64,-34.66,False
EWY,South Korea,10,vol_contraction_trend,Volatility Contraction Trend,15,9,60.0,35.75,16.7,11.02,21.85,-4.76,-21.02,-32.43,False
EWY,South Korea,11,vol_contraction_trend,Volatility Contraction Trend,14,10,71.43,45.35,21.81,20.34,27.1,1.0,-25.54,-32.43,False
EWY,South Korea,12,vol_contraction_trend,Volatility Contraction Trend,13,8,61.54,35.52,15.92,21.55,32.78,2.84,-36.8,-37.17,False
EWY,South Korea,1,breadth_trend,Broad-Market Trend,133,15,11.28,6.95,3.81,0.42,1.37,-3.28,-15.41,-24.04,False
EWY,South Korea,2,breadth_trend,Broad-Market Trend,73,13,17.81,10.71,5.66,2.09,1.73,-3.8,-31.39,-31.29,False
EWY,South Korea,3,breadth_trend,Broad-Market Trend,59,14,23.73,14.69,7.92,2.45,2.23,-5.07,-20.24,-38.04,False
EWY,South Korea,4,breadth_trend,Broad-Market Trend,44,17,38.64,25.72,14.66,3.51,4.62,-7.61,-23.68,-34.21,False
EWY,South Korea,5,breadth_trend,Broad-Market Trend,38,13,34.21,21.21,11.21,0.93,5.83,-6.88,-34.76,-39.19,False
EWY,South Korea,6,breadth_trend,Broad-Market Trend,31,13,41.94,26.42,13.96,6.0,9.15,-6.8,-21.39,-39.19,False
EWY,South Korea,7,breadth_trend,Broad-Market Trend,29,11,37.93,22.69,11.4,1.83,9.06,-12.62,-21.96,-39.19,False
EWY,South Korea,8,breadth_trend,Broad-Market Trend,27,10,37.04,21.53,10.51,3.89,10.19,-6.5,-16.93,-39.19,False
EWY,South Korea,9,breadth_trend,Broad-Market Trend,24,10,41.67,24.47,11.93,3.54,11.18,-5.87,-23.95,-39.19,False
EWY,South Korea,10,breadth_trend,Broad-Market Trend,23,10,43.48,25.63,12.49,5.56,12.5,-9.19,-44.06,-46.88,False
EWY,South Korea,11,breadth_trend,Broad-Market Trend,21,11,52.38,32.37,16.22,11.3,18.21,-5.59,-23.15,-39.19,False
EWY,South Korea,12,breadth_trend,Broad-Market Trend,19,9,47.37,27.33,12.85,3.21,17.68,-8.27,-59.6,-71.22,False
EWZ,Brazil,1,buy_hold,Buy & Hold Benchmark,226,39,17.26,12.89,8.79,0.98,1.39,-4.36,-29.54,-36.88,False
EWZ,Brazil,2,buy_hold,Buy & Hold Benchmark,118,38,32.2,24.45,16.75,3.75,2.51,-7.16,-47.3,-58.64,False
EWZ,Brazil,3,buy_hold,Buy & Hold Benchmark,90,34,37.78,28.46,19.14,2.78,3.52,-5.13,-53.94,-61.64,False
EWZ,Brazil,4,buy_hold,Buy & Hold Benchmark,65,28,43.08,31.76,20.55,2.7,5.44,-9.91,-49.49,-51.14,False
EWZ,Brazil,5,buy_hold,Buy & Hold Benchmark,53,25,47.17,34.38,21.71,9.02,7.01,-8.92,-47.66,-61.64,False
EWZ,Brazil,6,buy_hold,Buy & Hold Benchmark,45,19,42.22,28.97,17.03,7.97,8.84,0.1,-53.62,-66.0,False
EWZ,Brazil,7,buy_hold,Buy & Hold Benchmark,39,18,46.15,31.57,18.31,9.33,8.82,-9.3,-66.03,-73.04,False
EWZ,Brazil,8,buy_hold,Buy & Hold Benchmark,34,16,47.06,31.45,17.66,7.69,9.99,-11.82,-62.49,-72.49,False
EWZ,Brazil,9,buy_hold,Buy & Hold Benchmark,30,15,50.0,33.15,18.28,10.03,10.51,-9.67,-53.34,-69.37,False
EWZ,Brazil,10,buy_hold,Buy & Hold Benchmark,28,13,46.43,29.53,15.6,7.01,11.9,-18.73,-53.75,-73.04,False
EWZ,Brazil,11,buy_hold,Buy & Hold Benchmark,25,12,48.0,30.03,15.48,0.96,13.9,-18.14,-59.84,-73.04,False
EWZ,Brazil,12,buy_hold,Buy & Hold Benchmark,24,10,41.67,24.47,11.93,3.12,15.45,-12.74,-52.61,-73.04,False
EWZ,Brazil,1,trend_price_sma100,Price above SMA 100,142,20,14.08,9.31,5.49,1.4,1.29,-4.46,-21.66,-22.39,False
EWZ,Brazil,2,trend_price_sma100,Price above SMA 100,84,19,22.62,14.99,8.76,1.84,2.46,-7.16,-22.69,-27.17,False
EWZ,Brazil,3,trend_price_sma100,Price above SMA 100,67,22,32.84,22.79,13.86,1.48,2.8,-6.86,-46.65,-53.72,False
EWZ,Brazil,4,trend_price_sma100,Price above SMA 100,48,15,31.25,19.95,10.97,2.22,4.26,-7.56,-30.13,-34.83,False
EWZ,Brazil,5,trend_price_sma100,Price above SMA 100,43,20,46.51,32.51,19.4,6.94,5.72,-9.53,-39.99,-56.99,False
EWZ,Brazil,6,trend_price_sma100,Price above SMA 100,38,16,42.11,27.85,15.63,5.52,6.7,-10.42,-58.4,-69.37,False
EWZ,Brazil,7,trend_price_sma100,Price above SMA 100,35,12,34.29,20.83,10.75,3.54,7.6,-7.45,-43.16,-53.72,False
EWZ,Brazil,8,trend_price_sma100,Price above SMA 100,30,11,36.67,21.87,10.99,4.9,5.61,-17.19,-59.95,-73.04,False
EWZ,Brazil,9,trend_price_sma100,Price above SMA 100,27,10,37.04,21.53,10.51,3.55,10.68,-9.45,-50.49,-58.64,False
EWZ,Brazil,10,trend_price_sma100,Price above SMA 100,25,11,44.0,26.67,13.39,7.44,13.42,-1.19,-43.62,-61.79,False
EWZ,Brazil,11,trend_price_sma100,Price above SMA 100,24,11,45.83,27.89,14.0,0.94,10.92,-18.34,-59.84,-73.04,False
EWZ,Brazil,12,trend_price_sma100,Price above SMA 100,22,10,45.45,26.92,13.11,7.27,14.65,-16.29,-60.57,-73.04,False
EWZ,Brazil,1,trend_price_sma200,Price above SMA 200,153,21,13.73,9.16,5.46,2.14,1.39,-4.3,-22.13,-26.16,False
EWZ,Brazil,2,trend_price_sma200,Price above SMA 200,83,19,22.89,15.17,8.87,1.78,1.65,-6.16,-47.3,-53.72,False
EWZ,Brazil,3,trend_price_sma200,Price above SMA 200,64,24,37.5,26.67,16.59,2.13,3.51,-5.09,-52.47,-56.99,False
EWZ,Brazil,4,trend_price_sma200,Price above SMA 200,49,17,34.69,22.92,13.06,2.43,2.88,-7.21,-49.49,-56.99,False
EWZ,Brazil,5,trend_price_sma200,Price above SMA 200,41,17,41.46,27.76,15.83,3.22,6.43,-8.66,-38.33,-54.85,False
EWZ,Brazil,6,trend_price_sma200,Price above SMA 200,34,15,44.12,28.88,15.91,7.6,9.58,-2.7,-36.56,-56.99,False
EWZ,Brazil,7,trend_price_sma200,Price above SMA 200,33,13,39.39,24.68,13.04,3.69,5.95,-12.72,-66.03,-73.04,False
EWZ,Brazil,8,trend_price_sma200,Price above SMA 200,29,13,44.83,28.41,15.01,4.0,7.52,-8.02,-60.94,-73.04,False
EWZ,Brazil,9,trend_price_sma200,Price above SMA 200,25,11,44.0,26.67,13.39,7.82,10.35,-9.64,-50.49,-70.94,False
EWZ,Brazil,10,trend_price_sma200,Price above SMA 200,23,10,43.48,25.63,12.49,7.44,11.9,-14.04,-43.62,-61.79,False
EWZ,Brazil,11,trend_price_sma200,Price above SMA 200,22,10,45.45,26.92,13.11,2.13,13.22,-16.23,-59.84,-73.04,False
EWZ,Brazil,12,trend_price_sma200,Price above SMA 200,20,10,50.0,29.93,14.55,13.05,15.02,-22.91,-46.43,-73.04,False
EWZ,Brazil,1,trend,SMA 50/200 + Momentum,74,7,9.46,4.66,2.05,0.64,0.83,-4.42,-21.66,-22.39,False
EWZ,Brazil,2,trend,SMA 50/200 + Momentum,47,9,19.15,10.42,4.94,2.62,1.7,-7.34,-22.69,-27.17,False
EWZ,Brazil,3,trend,SMA 50/200 + Momentum,37,15,40.54,26.35,14.51,2.28,3.79,-7.4,-52.47,-56.99,False
EWZ,Brazil,4,trend,SMA 50/200 + Momentum,31,12,38.71,23.73,12.24,1.1,2.01,-7.44,-50.77,-56.99,False
EWZ,Brazil,5,trend,SMA 50/200 + Momentum,30,13,43.33,27.38,14.46,7.94,3.35,-8.83,-60.41,-70.34,False
EWZ,Brazil,6,trend,SMA 50/200 + Momentum,23,9,39.13,22.16,10.45,5.08,7.59,-7.61,-37.62,-56.99,False
EWZ,Brazil,7,trend,SMA 50/200 + Momentum,20,8,40.0,21.88,9.93,4.18,7.15,-3.31,-66.03,-73.04,False
EWZ,Brazil,8,trend,SMA 50/200 + Momentum,18,9,50.0,29.03,13.64,10.5,11.5,-6.65,-62.49,-72.49,False
EWZ,Brazil,9,trend,SMA 50/200 + Momentum,17,8,47.06,26.16,11.84,8.15,12.1,-8.37,-43.33,-56.99,False
EWZ,Brazil,10,trend,SMA 50/200 + Momentum,17,9,52.94,30.96,14.52,14.1,11.51,-14.1,-43.31,-56.99,False
EWZ,Brazil,11,trend,SMA 50/200 + Momentum,16,8,50.0,28.0,12.65,12.72,12.26,-20.08,-56.93,-73.04,False
EWZ,Brazil,12,trend,SMA 50/200 + Momentum,15,7,46.67,24.81,10.74,0.48,8.53,-18.39,-54.3,-73.04,False
EWZ,Brazil,1,trend_sma100_200,SMA 100/200,124,16,12.9,8.1,4.52,2.19,1.37,-4.3,-22.13,-26.16,False
EWZ,Brazil,2,trend_sma100_200,SMA 100/200,69,15,21.74,13.64,7.49,2.81,0.94,-7.43,-47.3,-53.72,False
EWZ,Brazil,3,trend_sma100_200,SMA 100/200,52,18,34.62,23.15,13.39,0.67,3.36,-7.07,-52.47,-56.99,False
EWZ,Brazil,4,trend_sma100_200,SMA 100/200,44,15,34.09,21.88,12.04,0.49,3.3,-7.96,-49.49,-51.16,False
EWZ,Brazil,5,trend_sma100_200,SMA 100/200,36,13,36.11,22.48,11.87,5.43,4.7,-9.64,-44.52,-56.99,False
EWZ,Brazil,6,trend_sma100_200,SMA 100/200,32,16,50.0,33.63,18.89,9.92,5.32,-15.4,-53.8,-58.04,False
EWZ,Brazil,7,trend_sma100_200,SMA 100/200,28,10,35.71,20.71,10.11,4.16,7.37,-6.6,-46.26,-61.23,False
EWZ,Brazil,8,trend_sma100_200,SMA 100/200,26,11,42.31,25.54,12.83,3.24,7.0,-12.29,-62.49,-72.49,False
EWZ,Brazil,9,trend_sma100_200,SMA 100/200,24,10,41.67,24.47,11.93,7.29,9.59,-10.49,-49.98,-70.94,False
EWZ,Brazil,10,trend_sma100_200,SMA 100/200,22,9,40.91,23.26,10.96,-0.69,10.05,-13.81,-43.31,-61.23,False
EWZ,Brazil,11,trend_sma100_200,SMA 100/200,20,8,40.0,21.88,9.93,-4.92,6.65,-24.52,-59.84,-73.04,False
EWZ,Brazil,12,trend_sma100_200,SMA 100/200,20,9,45.0,25.82,12.15,-1.21,10.46,-16.34,-46.43,-73.04,False
EWZ,Brazil,1,trend_ema50_200,EMA 50/200,136,18,13.24,8.54,4.91,2.0,1.19,-4.35,-21.66,-22.39,False
EWZ,Brazil,2,trend_ema50_200,EMA 50/200,73,19,26.03,17.34,10.14,3.23,1.89,-7.43,-47.3,-53.72,False
EWZ,Brazil,3,trend_ema50_200,EMA 50/200,60,21,35.0,24.17,14.54,6.24,3.32,-4.64,-52.47,-56.99,False
EWZ,Brazil,4,trend_ema50_200,EMA 50/200,44,16,36.36,23.78,13.33,5.19,2.76,-10.24,-49.49,-53.72,False
EWZ,Brazil,5,trend_ema50_200,EMA 50/200,37,16,43.24,28.67,16.09,8.91,4.21,-9.71,-44.52,-56.99,False
EWZ,Brazil,6,trend_ema50_200,EMA 50/200,33,12,36.36,22.19,11.45,6.32,4.17,-10.66,-58.4,-69.37,False
EWZ,Brazil,7,trend_ema50_200,EMA 50/200,31,15,48.39,31.97,17.62,9.41,6.83,-7.28,-66.03,-73.04,False
EWZ,Brazil,8,trend_ema50_200,EMA 50/200,26,9,34.62,19.41,9.17,3.9,7.07,-13.21,-62.49,-72.49,False
EWZ,Brazil,9,trend_ema50_200,EMA 50/200,24,10,41.67,24.47,11.93,4.9,5.32,-19.77,-49.98,-70.94,False
EWZ,Brazil,10,trend_ema50_200,EMA 50/200,24,12,50.0,31.43,16.19,10.78,8.46,-17.29,-42.32,-66.0,False
EWZ,Brazil,11,trend_ema50_200,EMA 50/200,21,9,42.86,24.47,11.53,4.9,11.46,-17.39,-56.93,-73.04,False
EWZ,Brazil,12,trend_ema50_200,EMA 50/200,18,9,50.0,29.03,13.64,8.18,12.23,-15.6,-36.6,-61.23,False
EWZ,Brazil,1,trend_ema100_200,EMA 100/200,129,17,13.18,8.39,4.76,1.46,1.15,-4.31,-21.66,-22.39,False
EWZ,Brazil,2,trend_ema100_200,EMA 100/200,70,19,27.14,18.12,10.6,3.02,1.2,-8.31,-47.3,-53.72,False
EWZ,Brazil,3,trend_ema100_200,EMA 100/200,56,16,28.57,18.42,10.31,1.71,1.63,-3.83,-52.48,-63.34,False
EWZ,Brazil,4,trend_ema100_200,EMA 100/200,40,13,32.5,20.08,10.61,2.85,2.59,-10.15,-49.49,-49.39,False
EWZ,Brazil,5,trend_ema100_200,EMA 100/200,35,16,45.71,30.47,17.1,8.56,3.69,-13.97,-55.77,-56.99,False
EWZ,Brazil,6,trend_ema100_200,EMA 100/200,32,14,43.75,28.17,15.21,3.5,2.76,-13.47,-58.4,-69.37,False
EWZ,Brazil,7,trend_ema100_200,EMA 100/200,29,13,44.83,28.41,15.01,4.9,6.68,-8.93,-66.03,-73.04,False
EWZ,Brazil,8,trend_ema100_200,EMA 100/200,24,11,45.83,27.89,14.0,7.03,6.58,-18.67,-62.49,-72.49,False
EWZ,Brazil,9,trend_ema100_200,EMA 100/200,23,10,43.48,25.63,12.49,7.67,6.46,-11.02,-53.95,-73.04,False
EWZ,Brazil,10,trend_ema100_200,EMA 100/200,21,9,42.86,24.47,11.53,6.0,10.39,-16.94,-51.84,-70.94,False
EWZ,Brazil,11,trend_ema100_200,EMA 100/200,19,9,47.37,27.33,12.85,9.99,10.07,-19.29,-55.08,-73.04,False
EWZ,Brazil,12,trend_ema100_200,EMA 100/200,19,9,47.37,27.33,12.85,5.58,10.38,-19.16,-30.63,-66.0,False
EWZ,Brazil,1,trend_triple_ma,Triple Moving Average,65,7,10.77,5.32,2.34,1.45,0.59,-4.3,-21.66,-24.76,False
EWZ,Brazil,2,trend_triple_ma,Triple Moving Average,48,7,14.58,7.25,3.19,1.69,0.7,-6.76,-22.69,-32.06,False
EWZ,Brazil,3,trend_triple_ma,Triple Moving Average,40,12,30.0,18.07,9.33,2.21,1.48,-4.33,-52.47,-56.99,False
EWZ,Brazil,4,trend_triple_ma,Triple Moving Average,35,11,31.43,18.55,9.33,1.54,1.04,-10.08,-50.77,-56.99,False
EWZ,Brazil,5,trend_triple_ma,Triple Moving Average,32,13,40.62,25.52,13.48,0.39,1.94,-14.56,-39.99,-56.99,False
EWZ,Brazil,6,trend_triple_ma,Triple Moving Average,27,11,40.74,24.51,12.31,8.3,5.87,-14.21,-37.62,-56.99,False
EWZ,Brazil,7,trend_triple_ma,Triple Moving Average,25,10,40.0,23.4,11.41,2.69,4.65,-12.72,-42.01,-56.99,False
EWZ,Brazil,8,trend_triple_ma,Triple Moving Average,23,10,43.48,25.63,12.49,6.42,6.9,-18.21,-62.49,-72.49,False
EWZ,Brazil,9,trend_triple_ma,Triple Moving Average,21,9,42.86,24.47,11.53,7.36,9.3,-10.76,-43.33,-56.99,False
EWZ,Brazil,10,trend_triple_ma,Triple Moving Average,18,7,38.89,20.3,8.83,-2.16,10.89,-16.8,-43.31,-56.99,False
EWZ,Brazil,11,trend_triple_ma,Triple Moving Average,18,8,44.44,24.56,11.13,-7.62,10.49,-20.79,-46.46,-56.99,False
EWZ,Brazil,12,trend_triple_ma,Triple Moving Average,17,8,47.06,26.16,11.84,-11.61,6.01,-21.77,-59.21,-73.04,False
EWZ,Brazil,1,trend_breakout_100,100-Day Range Breakout,24,2,8.33,2.32,0.7,1.8,0.83,-3.44,-21.66,-22.39,False
EWZ,Brazil,2,trend_breakout_100,100-Day Range Breakout,21,4,19.05,7.67,2.82,2.62,1.91,-3.81,-21.86,-27.17,False
EWZ,Brazil,3,trend_breakout_100,100-Day Range Breakout,19,8,42.11,23.14,10.5,7.58,4.55,-7.61,-26.78,-27.96,False
EWZ,Brazil,4,trend_breakout_100,100-Day Range Breakout,18,8,44.44,24.56,11.13,6.88,3.45,-8.46,-34.39,-37.5,False
EWZ,Brazil,5,trend_breakout_100,100-Day Range Breakout,16,7,43.75,23.1,10.01,2.68,2.39,-8.25,-50.03,-51.86,False
EWZ,Brazil,6,trend_breakout_100,100-Day Range Breakout,13,8,61.54,35.52,15.92,14.12,10.2,-6.1,-45.08,-51.86,False
EWZ,Brazil,7,trend_breakout_100,100-Day Range Breakout,13,7,53.85,29.14,12.55,18.02,8.24,-11.03,-58.56,-58.64,False
EWZ,Brazil,8,trend_breakout_100,100-Day Range Breakout,13,7,53.85,29.14,12.55,15.22,9.61,-8.2,-46.8,-61.79,False
EWZ,Brazil,9,trend_breakout_100,100-Day Range Breakout,13,7,53.85,29.14,12.55,13.6,11.32,-2.92,-46.58,-61.79,False
EWZ,Brazil,10,trend_breakout_100,100-Day Range Breakout,13,7,53.85,29.14,12.55,10.45,10.0,-8.47,-63.67,-73.04,False
EWZ,Brazil,11,trend_breakout_100,100-Day Range Breakout,13,7,53.85,29.14,12.55,16.56,7.72,-14.46,-55.08,-73.04,False
EWZ,Brazil,12,trend_breakout_100,100-Day Range Breakout,12,7,58.33,31.95,13.71,16.66,10.4,-11.71,-54.3,-61.79,False
EWZ,Brazil,1,trend_breakout_200,200-Day Range Breakout,20,2,10.0,2.79,0.84,2.82,1.9,-1.95,-21.66,-22.39,False
EWZ,Brazil,2,trend_breakout_200,200-Day Range Breakout,17,4,23.53,9.55,3.5,2.81,2.55,-3.81,-21.86,-27.17,False
EWZ,Brazil,3,trend_breakout_200,200-Day Range Breakout,15,7,46.67,24.81,10.74,8.91,5.01,-7.61,-26.78,-27.96,False
EWZ,Brazil,4,trend_breakout_200,200-Day Range Breakout,15,8,53.33,30.12,13.58,10.47,7.69,-8.2,-33.68,-37.37,False
EWZ,Brazil,5,trend_breakout_200,200-Day Range Breakout,14,6,42.86,21.38,8.81,8.29,6.34,-2.62,-38.33,-48.88,False
EWZ,Brazil,6,trend_breakout_200,200-Day Range Breakout,11,8,72.73,43.43,19.27,14.2,12.58,3.88,-37.62,-37.79,False
EWZ,Brazil,7,trend_breakout_200,200-Day Range Breakout,11,8,72.73,43.43,19.27,20.53,14.8,3.5,-36.85,-45.04,False
EWZ,Brazil,8,trend_breakout_200,200-Day Range Breakout,11,7,63.64,35.38,15.1,24.02,16.53,-2.56,-32.23,-45.04,False
EWZ,Brazil,9,trend_breakout_200,200-Day Range Breakout,11,7,63.64,35.38,15.1,16.1,16.22,-1.3,-37.6,-45.04,False
EWZ,Brazil,10,trend_breakout_200,200-Day Range Breakout,11,6,54.55,28.01,11.43,10.45,12.83,0.94,-63.67,-73.04,False
EWZ,Brazil,11,trend_breakout_200,200-Day Range Breakout,11,6,54.55,28.01,11.43,15.63,10.77,-2.48,-55.08,-73.04,False
EWZ,Brazil,12,trend_breakout_200,200-Day Range Breakout,10,7,70.0,39.68,16.82,20.98,19.09,4.1,-54.3,-54.69,False
EWZ,Brazil,1,momentum_90,90-Day Absolute Momentum,151,19,12.58,8.21,4.78,0.33,0.72,-4.97,-22.13,-26.16,False
EWZ,Brazil,2,momentum_90,90-Day Absolute Momentum,84,23,27.38,18.99,11.65,0.35,1.63,-8.73,-37.82,-43.12,False
EWZ,Brazil,3,momentum_90,90-Day Absolute Momentum,67,24,35.82,25.4,15.79,2.02,2.95,-7.75,-52.47,-56.99,False
EWZ,Brazil,4,momentum_90,90-Day Absolute Momentum,52,19,36.54,24.8,14.55,4.08,2.68,-7.33,-60.82,-66.0,False
EWZ,Brazil,5,momentum_90,90-Day Absolute Momentum,43,18,41.86,28.38,16.45,3.22,4.58,-7.72,-38.37,-54.85,False
EWZ,Brazil,6,momentum_90,90-Day Absolute Momentum,40,16,40.0,26.35,14.78,5.67,6.72,-7.38,-58.4,-69.37,False
EWZ,Brazil,7,momentum_90,90-Day Absolute Momentum,34,13,38.24,23.9,12.63,2.58,7.4,-6.11,-43.16,-53.72,False
EWZ,Brazil,8,momentum_90,90-Day Absolute Momentum,30,10,33.33,19.23,9.39,4.9,6.79,-12.58,-59.95,-73.04,False
EWZ,Brazil,9,momentum_90,90-Day Absolute Momentum,28,11,39.29,23.57,11.84,6.91,6.39,-16.3,-50.49,-66.0,False
EWZ,Brazil,10,momentum_90,90-Day Absolute Momentum,26,12,46.15,28.76,14.83,8.83,10.8,-3.35,-43.62,-66.0,False
EWZ,Brazil,11,momentum_90,90-Day Absolute Momentum,23,11,47.83,29.24,14.67,4.41,11.05,-17.84,-59.84,-73.04,False
EWZ,Brazil,12,momentum_90,90-Day Absolute Momentum,22,10,45.45,26.92,13.11,6.79,14.68,-17.43,-52.61,-73.04,False
EWZ,Brazil,1,momentum_180,180-Day Absolute Momentum,142,14,9.86,5.96,3.21,1.22,0.72,-4.42,-22.13,-26.16,False
EWZ,Brazil,2,momentum_180,180-Day Absolute Momentum,77,20,25.97,17.49,10.36,2.62,1.57,-8.67,-37.82,-43.12,False
EWZ,Brazil,3,momentum_180,180-Day Absolute Momentum,61,22,36.07,25.17,15.33,2.28,2.28,-7.4,-52.47,-56.99,False
EWZ,Brazil,4,momentum_180,180-Day Absolute Momentum,46,19,41.3,28.29,16.63,4.12,3.87,-6.15,-49.49,-51.16,False
EWZ,Brazil,5,momentum_180,180-Day Absolute Momentum,39,17,43.59,29.3,16.73,8.94,4.55,-9.33,-44.52,-56.99,False
EWZ,Brazil,6,momentum_180,180-Day Absolute Momentum,33,13,39.39,24.68,13.04,5.08,4.38,-13.04,-53.8,-58.04,False
EWZ,Brazil,7,momentum_180,180-Day Absolute Momentum,32,12,37.5,22.93,11.83,2.15,3.6,-11.45,-66.03,-73.04,False
EWZ,Brazil,8,momentum_180,180-Day Absolute Momentum,27,11,40.74,24.51,12.31,-0.53,6.66,-8.83,-62.49,-72.49,False
EWZ,Brazil,9,momentum_180,180-Day Absolute Momentum,25,9,36.0,20.25,9.56,4.19,5.56,-12.08,-49.98,-70.94,False
EWZ,Brazil,10,momentum_180,180-Day Absolute Momentum,24,11,45.83,27.89,14.0,2.78,7.93,-15.67,-43.31,-66.0,False
EWZ,Brazil,11,momentum_180,180-Day Absolute Momentum,22,10,45.45,26.92,13.11,1.91,10.11,-16.85,-56.93,-73.04,False
EWZ,Brazil,12,momentum_180,180-Day Absolute Momentum,21,10,47.62,28.34,13.79,4.47,10.57,-18.23,-38.77,-72.49,False
EWZ,Brazil,1,momentum_270,270-Day Absolute Momentum,135,22,16.3,11.02,6.65,1.45,1.01,-4.52,-29.54,-29.44,False
EWZ,Brazil,2,momentum_270,270-Day Absolute Momentum,71,19,26.76,17.85,10.44,3.43,1.23,-7.3,-47.3,-58.64,False
EWZ,Brazil,3,momentum_270,270-Day Absolute Momentum,58,19,32.76,22.08,12.94,5.76,2.89,-4.07,-53.94,-61.64,False
EWZ,Brazil,4,momentum_270,270-Day Absolute Momentum,43,14,32.56,20.49,11.06,2.7,4.93,-5.9,-49.49,-49.39,False
EWZ,Brazil,5,momentum_270,270-Day Absolute Momentum,37,12,32.43,19.63,10.13,6.98,4.89,-9.33,-47.66,-61.64,False
EWZ,Brazil,6,momentum_270,270-Day Absolute Momentum,31,14,45.16,29.16,15.75,9.38,6.43,-10.89,-58.4,-69.37,False
EWZ,Brazil,7,momentum_270,270-Day Absolute Momentum,28,12,42.86,26.51,13.67,6.33,6.23,-6.6,-66.03,-73.04,False
EWZ,Brazil,8,momentum_270,270-Day Absolute Momentum,24,9,37.5,21.16,9.99,4.65,6.45,-18.78,-44.77,-66.0,False
EWZ,Brazil,9,momentum_270,270-Day Absolute Momentum,23,10,43.48,25.63,12.49,2.57,9.01,-3.9,-53.95,-73.04,False
EWZ,Brazil,10,momentum_270,270-Day Absolute Momentum,20,10,50.0,29.93,14.55,10.82,11.51,-16.85,-51.84,-70.94,False
EWZ,Brazil,11,momentum_270,270-Day Absolute Momentum,19,10,52.63,31.71,15.4,10.66,14.21,-5.33,-55.08,-73.04,False
EWZ,Brazil,12,momentum_270,270-Day Absolute Momentum,18,9,50.0,29.03,13.64,8.74,12.66,-4.41,-40.79,-56.99,False
EWZ,Brazil,1,momentum_365,365-Day Absolute Momentum,126,16,12.7,7.97,4.44,0.03,0.43,-4.55,-29.54,-29.44,False
EWZ,Brazil,2,momentum_365,365-Day Absolute Momentum,67,16,23.88,15.27,8.54,2.81,0.82,-7.92,-47.3,-58.64,False
EWZ,Brazil,3,momentum_365,365-Day Absolute Momentum,55,17,30.91,20.28,11.54,0.87,0.7,-8.84,-53.94,-61.64,False
EWZ,Brazil,4,momentum_365,365-Day Absolute Momentum,40,13,32.5,20.08,10.61,3.05,1.77,-9.13,-49.49,-53.72,False
EWZ,Brazil,5,momentum_365,365-Day Absolute Momentum,35,13,37.14,23.17,12.24,-2.53,2.32,-9.29,-47.66,-61.64,False
EWZ,Brazil,6,momentum_365,365-Day Absolute Momentum,30,13,43.33,27.38,14.46,8.26,5.47,-3.7,-37.62,-56.99,False
EWZ,Brazil,7,momentum_365,365-Day Absolute Momentum,26,10,38.46,22.43,10.94,4.39,3.78,-13.69,-66.03,-73.04,False
EWZ,Brazil,8,momentum_365,365-Day Absolute Momentum,23,9,39.13,22.16,10.45,-0.18,7.16,-5.52,-54.54,-70.94,False
EWZ,Brazil,9,momentum_365,365-Day Absolute Momentum,22,9,40.91,23.26,10.96,4.64,7.76,-7.96,-37.6,-66.0,False
EWZ,Brazil,10,momentum_365,365-Day Absolute Momentum,21,11,52.38,32.37,16.22,12.17,6.29,-10.58,-53.75,-73.04,False
EWZ,Brazil,11,momentum_365,365-Day Absolute Momentum,19,10,52.63,31.71,15.4,12.47,10.88,-10.63,-37.08,-61.64,False
EWZ,Brazil,12,momentum_365,365-Day Absolute Momentum,17,8,47.06,26.16,11.84,5.06,7.27,-12.26,-59.21,-73.04,False
EWZ,Brazil,1,momentum_dual_90_180,Dual Momentum 90/180,122,12,9.84,5.72,2.95,0.58,0.27,-5.08,-22.13,-26.16,False
EWZ,Brazil,2,momentum_dual_90_180,Dual Momentum 90/180,69,18,26.09,17.19,9.91,0.74,1.04,-9.1,-37.82,-43.12,False
EWZ,Brazil,3,momentum_dual_90_180,Dual Momentum 90/180,54,18,33.33,22.24,12.86,2.36,3.12,-7.39,-46.35,-53.72,False
EWZ,Brazil,4,momentum_dual_90_180,Dual Momentum 90/180,42,13,30.95,19.07,10.07,0.87,1.89,-9.35,-60.82,-66.0,False
EWZ,Brazil,5,momentum_dual_90_180,Dual Momentum 90/180,36,14,38.89,24.78,13.38,6.41,2.47,-11.35,-44.52,-56.99,False
EWZ,Brazil,6,momentum_dual_90_180,Dual Momentum 90/180,32,12,37.5,22.93,11.83,4.02,3.66,-13.73,-58.4,-69.37,False
EWZ,Brazil,7,momentum_dual_90_180,Dual Momentum 90/180,30,11,36.67,21.87,10.99,2.15,5.54,-10.5,-46.26,-61.23,False
EWZ,Brazil,8,momentum_dual_90_180,Dual Momentum 90/180,26,12,46.15,28.76,14.83,4.09,7.19,-13.21,-62.49,-72.49,False
EWZ,Brazil,9,momentum_dual_90_180,Dual Momentum 90/180,24,9,37.5,21.16,9.99,7.67,8.12,-12.09,-59.37,-73.04,False
EWZ,Brazil,10,momentum_dual_90_180,Dual Momentum 90/180,24,11,45.83,27.89,14.0,2.78,7.79,-15.67,-43.31,-66.0,False
EWZ,Brazil,11,momentum_dual_90_180,Dual Momentum 90/180,20,8,40.0,21.88,9.93,-2.16,8.6,-15.15,-56.93,-73.04,False
EWZ,Brazil,12,momentum_dual_90_180,Dual Momentum 90/180,19,8,42.11,23.14,10.5,-3.1,7.2,-19.27,-53.82,-70.94,False
EWZ,Brazil,1,momentum_dual_180_365,Dual Momentum 180/365,102,9,8.82,4.71,2.24,0.64,0.44,-4.42,-21.66,-22.39,False
EWZ,Brazil,2,momentum_dual_180_365,Dual Momentum 180/365,56,14,25.0,15.52,8.37,3.71,2.5,-8.73,-22.69,-27.17,False
EWZ,Brazil,3,momentum_dual_180_365,Dual Momentum 180/365,44,16,36.36,23.78,13.33,2.21,2.03,-7.58,-46.35,-53.72,False
EWZ,Brazil,4,momentum_dual_180_365,Dual Momentum 180/365,34,12,35.29,21.49,11.09,1.31,2.59,-7.69,-49.49,-49.39,False
EWZ,Brazil,5,momentum_dual_180_365,Dual Momentum 180/365,29,12,41.38,25.51,13.16,2.4,4.52,-7.31,-39.99,-56.99,False
EWZ,Brazil,6,momentum_dual_180_365,Dual Momentum 180/365,24,11,45.83,27.89,14.0,7.13,6.6,-4.77,-46.35,-56.99,False
EWZ,Brazil,7,momentum_dual_180_365,Dual Momentum 180/365,22,9,40.91,23.26,10.96,5.57,3.84,-14.91,-66.03,-73.04,False
EWZ,Brazil,8,momentum_dual_180_365,Dual Momentum 180/365,20,9,45.0,25.82,12.15,2.35,8.43,-6.32,-54.54,-70.94,False
EWZ,Brazil,9,momentum_dual_180_365,Dual Momentum 180/365,19,7,36.84,19.15,8.34,5.08,6.95,-6.28,-43.33,-66.0,False
EWZ,Brazil,10,momentum_dual_180_365,Dual Momentum 180/365,17,8,47.06,26.16,11.84,4.33,3.77,-18.91,-53.75,-73.04,False
EWZ,Brazil,11,momentum_dual_180_365,Dual Momentum 180/365,16,9,56.25,33.18,15.54,17.99,12.74,-9.49,-46.46,-56.99,False
EWZ,Brazil,12,momentum_dual_180_365,Dual Momentum 180/365,16,8,50.0,28.0,12.65,7.02,8.79,-10.44,-59.21,-73.04,False
EWZ,Brazil,1,momentum_rank_90,Top Relative Momentum 90,97,17,17.53,11.24,6.37,0.96,1.06,-4.76,-21.66,-22.39,False
EWZ,Brazil,2,momentum_rank_90,Top Relative Momentum 90,58,16,27.59,17.75,9.93,3.02,2.66,-7.52,-22.69,-27.17,False
EWZ,Brazil,3,momentum_rank_90,Top Relative Momentum 90,50,20,40.0,27.61,16.44,2.02,2.91,-8.45,-52.48,-63.34,False
EWZ,Brazil,4,momentum_rank_90,Top Relative Momentum 90,39,14,35.9,22.74,12.28,1.1,3.25,-6.97,-50.77,-56.99,False
EWZ,Brazil,5,momentum_rank_90,Top Relative Momentum 90,33,14,42.42,27.24,14.71,6.17,4.95,-8.66,-39.99,-56.99,False
EWZ,Brazil,6,momentum_rank_90,Top Relative Momentum 90,31,13,41.94,26.42,13.96,6.32,8.78,-7.71,-58.4,-69.37,False
EWZ,Brazil,7,momentum_rank_90,Top Relative Momentum 90,25,8,32.0,17.2,7.84,1.61,8.4,-5.82,-43.16,-51.86,False
EWZ,Brazil,8,momentum_rank_90,Top Relative Momentum 90,25,10,40.0,23.4,11.41,5.24,8.38,-11.87,-59.95,-73.04,False
EWZ,Brazil,9,momentum_rank_90,Top Relative Momentum 90,22,11,50.0,30.72,15.4,10.58,15.04,-10.35,-50.49,-58.64,False
EWZ,Brazil,10,momentum_rank_90,Top Relative Momentum 90,20,9,45.0,25.82,12.15,4.62,8.02,-18.23,-43.62,-66.0,False
EWZ,Brazil,11,momentum_rank_90,Top Relative Momentum 90,19,9,47.37,27.33,12.85,4.41,13.15,-16.0,-59.84,-73.04,False
EWZ,Brazil,12,momentum_rank_90,Top Relative Momentum 90,18,9,50.0,29.03,13.64,6.98,16.05,-21.61,-52.61,-73.04,False
EWZ,Brazil,1,momentum,Top Relative Momentum 180,75,8,10.67,5.5,2.52,0.06,0.11,-5.58,-21.66,-22.39,False
EWZ,Brazil,2,momentum,Top Relative Momentum 180,45,11,24.44,14.24,7.16,2.81,1.36,-8.39,-22.69,-27.17,False
EWZ,Brazil,3,momentum,Top Relative Momentum 180,37,12,32.43,19.63,10.13,1.87,3.1,-2.55,-52.47,-56.99,False
EWZ,Brazil,4,momentum,Top Relative Momentum 180,30,13,43.33,27.38,14.46,4.12,3.06,-7.41,-50.77,-56.99,False
EWZ,Brazil,5,momentum,Top Relative Momentum 180,27,10,37.04,21.53,10.51,6.98,4.99,-7.94,-39.99,-56.99,False
EWZ,Brazil,6,momentum,Top Relative Momentum 180,22,11,50.0,30.72,15.4,9.45,5.14,-5.11,-58.4,-69.37,False
EWZ,Brazil,7,momentum,Top Relative Momentum 180,19,6,31.58,15.36,6.38,4.91,6.98,-3.64,-36.85,-56.99,False
EWZ,Brazil,8,momentum,Top Relative Momentum 180,18,9,50.0,29.03,13.64,8.77,9.6,-5.9,-36.19,-56.99,False
EWZ,Brazil,9,momentum,Top Relative Momentum 180,18,8,44.44,24.56,11.13,8.07,6.52,-12.81,-62.1,-73.04,False
EWZ,Brazil,10,momentum,Top Relative Momentum 180,17,9,52.94,30.96,14.52,12.09,7.37,-13.38,-63.67,-73.04,False
EWZ,Brazil,11,momentum,Top Relative Momentum 180,15,7,46.67,24.81,10.74,4.9,13.44,-9.75,-55.08,-73.04,False
EWZ,Brazil,12,momentum,Top Relative Momentum 180,13,6,46.15,23.21,9.54,0.47,11.88,-4.5,-54.3,-72.49,False
EWZ,Brazil,1,momentum_rank_365,Top Relative Momentum 365,88,12,13.64,7.98,4.12,1.84,1.24,-3.85,-29.54,-29.44,False
EWZ,Brazil,2,momentum_rank_365,Top Relative Momentum 365,46,12,26.09,15.6,8.05,3.71,2.61,-6.65,-47.3,-58.64,False
EWZ,Brazil,3,momentum_rank_365,Top Relative Momentum 365,39,13,33.33,20.63,10.9,2.4,1.39,-8.35,-52.48,-63.34,False
EWZ,Brazil,4,momentum_rank_365,Top Relative Momentum 365,30,11,36.67,21.87,10.99,5.25,4.23,-6.49,-49.49,-53.72,False
EWZ,Brazil,5,momentum_rank_365,Top Relative Momentum 365,27,12,44.44,27.59,14.22,4.73,5.48,-6.04,-47.66,-61.64,False
EWZ,Brazil,6,momentum_rank_365,Top Relative Momentum 365,21,11,52.38,32.37,16.22,10.23,8.64,1.79,-36.56,-56.99,False
EWZ,Brazil,7,momentum_rank_365,Top Relative Momentum 365,19,9,47.37,27.33,12.85,6.37,6.39,-7.84,-66.03,-73.04,False
EWZ,Brazil,8,momentum_rank_365,Top Relative Momentum 365,16,8,50.0,28.0,12.65,11.08,9.57,-11.51,-54.54,-70.94,False
EWZ,Brazil,9,momentum_rank_365,Top Relative Momentum 365,15,6,40.0,19.82,8.18,7.76,10.94,-5.86,-34.53,-66.0,False
EWZ,Brazil,10,momentum_rank_365,Top Relative Momentum 365,14,8,57.14,32.59,14.65,15.1,9.22,-9.69,-53.75,-73.04,False
EWZ,Brazil,11,momentum_rank_365,Top Relative Momentum 365,13,7,53.85,29.14,12.55,16.9,16.02,-8.44,-37.08,-61.64,False
EWZ,Brazil,12,momentum_rank_365,Top Relative Momentum 365,12,7,58.33,31.95,13.71,18.02,12.34,-21.69,-59.21,-73.04,False
EWZ,Brazil,1,momentum_composite,Composite Momentum,75,7,9.33,4.59,2.02,1.45,0.46,-4.61,-19.37,-20.27,False
EWZ,Brazil,2,momentum_composite,Composite Momentum,48,14,29.17,18.24,9.84,4.69,2.58,-8.41,-22.69,-24.76,False
EWZ,Brazil,3,momentum_composite,Composite Momentum,37,13,35.14,21.83,11.53,0.97,2.65,-6.97,-52.48,-63.34,False
EWZ,Brazil,4,momentum_composite,Composite Momentum,31,10,32.26,18.57,9.07,2.12,2.6,-7.44,-60.82,-66.0,False
EWZ,Brazil,5,momentum_composite,Composite Momentum,26,12,46.15,28.76,14.83,9.4,7.3,-8.83,-60.41,-70.34,False
EWZ,Brazil,6,momentum_composite,Composite Momentum,23,10,43.48,25.63,12.49,5.59,8.13,-8.48,-58.79,-70.94,False
EWZ,Brazil,7,momentum_composite,Composite Momentum,21,9,42.86,24.47,11.53,5.1,9.07,-1.43,-66.03,-73.04,False
EWZ,Brazil,8,momentum_composite,Composite Momentum,18,8,44.44,24.56,11.13,7.03,14.34,-6.65,-44.77,-66.0,False
EWZ,Brazil,9,momentum_composite,Composite Momentum,16,9,56.25,33.18,15.54,13.13,15.32,-2.54,-43.33,-56.99,False
EWZ,Brazil,10,momentum_composite,Composite Momentum,14,7,50.0,26.8,11.57,11.79,14.04,-10.65,-51.84,-70.94,False
EWZ,Brazil,11,momentum_composite,Composite Momentum,14,6,42.86,21.38,8.81,7.2,14.28,-10.69,-56.93,-73.04,False
EWZ,Brazil,12,momentum_composite,Composite Momentum,13,6,46.15,23.21,9.54,0.48,9.02,-21.67,-60.57,-73.04,False
EWZ,Brazil,1,drawdown_recovery_20,20% Drawdown Recovery,60,7,11.67,5.77,2.54,2.73,2.32,-2.72,-19.29,-19.96,False
EWZ,Brazil,2,drawdown_recovery_20,20% Drawdown Recovery,43,14,32.56,20.49,11.06,2.62,4.62,-5.33,-11.05,-21.12,False
EWZ,Brazil,3,drawdown_recovery_20,20% Drawdown Recovery,35,12,34.29,20.83,10.75,7.71,5.47,-4.73,-19.41,-23.19,False
EWZ,Brazil,4,drawdown_recovery_20,20% Drawdown Recovery,31,12,38.71,23.73,12.24,7.03,6.16,-3.57,-30.13,-34.83,False
EWZ,Brazil,5,drawdown_recovery_20,20% Drawdown Recovery,29,14,48.28,31.39,16.95,7.68,10.1,-2.22,-38.37,-43.48,False
EWZ,Brazil,6,drawdown_recovery_20,20% Drawdown Recovery,25,11,44.0,26.67,13.39,7.12,10.42,-6.1,-34.18,-43.48,False
EWZ,Brazil,7,drawdown_recovery_20,20% Drawdown Recovery,21,11,52.38,32.37,16.22,14.82,16.32,0.38,-36.76,-43.48,False
EWZ,Brazil,8,drawdown_recovery_20,20% Drawdown Recovery,21,11,52.38,32.37,16.22,14.45,15.71,-3.8,-41.29,-43.48,False
EWZ,Brazil,9,drawdown_recovery_20,20% Drawdown Recovery,19,9,47.37,27.33,12.85,7.67,14.24,-2.06,-43.57,-52.02,False
EWZ,Brazil,10,drawdown_recovery_20,20% Drawdown Recovery,18,9,50.0,29.03,13.64,11.16,18.95,-7.02,-38.76,-52.02,False
EWZ,Brazil,11,drawdown_recovery_20,20% Drawdown Recovery,17,10,58.82,36.01,17.45,20.78,24.51,-7.46,-25.31,-52.02,False
EWZ,Brazil,12,drawdown_recovery_20,20% Drawdown Recovery,17,9,52.94,30.96,14.52,13.56,23.06,-13.3,-31.27,-52.02,False
EWZ,Brazil,1,drawdown_recovery,25% Drawdown Recovery,42,3,7.14,2.46,0.83,2.63,1.41,-2.8,-19.29,-19.96,False
EWZ,Brazil,2,drawdown_recovery,25% Drawdown Recovery,30,9,30.0,16.66,7.88,0.61,3.17,-4.4,-11.05,-19.67,False
EWZ,Brazil,3,drawdown_recovery,25% Drawdown Recovery,28,11,39.29,23.57,11.84,6.75,5.11,-6.71,-19.41,-23.19,False
EWZ,Brazil,4,drawdown_recovery,25% Drawdown Recovery,24,9,37.5,21.16,9.99,2.07,3.9,-4.94,-30.13,-34.83,False
EWZ,Brazil,5,drawdown_recovery,25% Drawdown Recovery,23,10,43.48,25.63,12.49,6.94,7.08,-5.97,-38.37,-43.48,False
EWZ,Brazil,6,drawdown_recovery,25% Drawdown Recovery,20,9,45.0,25.82,12.15,6.69,11.18,-6.01,-34.18,-43.48,False
EWZ,Brazil,7,drawdown_recovery,25% Drawdown Recovery,17,9,52.94,30.96,14.52,14.82,15.3,0.38,-36.76,-43.48,False
EWZ,Brazil,8,drawdown_recovery,25% Drawdown Recovery,16,9,56.25,33.18,15.54,16.48,13.62,-6.42,-41.29,-43.48,False
EWZ,Brazil,9,drawdown_recovery,25% Drawdown Recovery,16,9,56.25,33.18,15.54,14.09,12.27,-14.22,-43.57,-52.02,False
EWZ,Brazil,10,drawdown_recovery,25% Drawdown Recovery,15,8,53.33,30.12,13.58,18.28,18.34,-4.38,-38.76,-52.02,False
EWZ,Brazil,11,drawdown_recovery,25% Drawdown Recovery,14,8,57.14,32.59,14.65,21.61,21.85,-14.1,-25.31,-52.02,False
EWZ,Brazil,12,drawdown_recovery,25% Drawdown Recovery,13,8,61.54,35.52,15.92,25.99,27.19,-10.55,-25.68,-52.02,False
EWZ,Brazil,1,drawdown_recovery_30,30% Drawdown Recovery,41,6,14.63,6.88,2.88,3.69,3.21,-2.68,-19.29,-19.96,False
EWZ,Brazil,2,drawdown_recovery_30,30% Drawdown Recovery,29,11,37.93,22.69,11.4,2.62,5.4,-3.93,-11.05,-21.12,False
EWZ,Brazil,3,drawdown_recovery_30,30% Drawdown Recovery,24,10,41.67,24.47,11.93,8.05,7.36,0.12,-19.41,-23.19,False
EWZ,Brazil,4,drawdown_recovery_30,30% Drawdown Recovery,22,10,45.45,26.92,13.11,9.06,8.19,-1.92,-30.13,-34.83,False
EWZ,Brazil,5,drawdown_recovery_30,30% Drawdown Recovery,20,9,45.0,25.82,12.15,7.39,9.69,-9.14,-38.37,-43.48,False
EWZ,Brazil,6,drawdown_recovery_30,30% Drawdown Recovery,19,10,52.63,31.71,15.4,17.37,12.36,-6.66,-34.18,-43.48,False
EWZ,Brazil,7,drawdown_recovery_30,30% Drawdown Recovery,16,10,62.5,38.64,18.69,18.21,19.76,1.2,-36.76,-43.48,False
EWZ,Brazil,8,drawdown_recovery_30,30% Drawdown Recovery,16,9,56.25,33.18,15.54,16.48,17.03,-6.9,-41.29,-43.48,False
EWZ,Brazil,9,drawdown_recovery_30,30% Drawdown Recovery,16,9,56.25,33.18,15.54,14.09,17.2,-4.67,-43.57,-52.02,False
EWZ,Brazil,10,drawdown_recovery_30,30% Drawdown Recovery,15,9,60.0,35.75,16.7,19.93,22.75,-11.74,-38.76,-52.02,False
EWZ,Brazil,11,drawdown_recovery_30,30% Drawdown Recovery,14,10,71.43,45.35,21.81,28.19,30.33,-4.98,-25.31,-52.02,False
EWZ,Brazil,12,drawdown_recovery_30,30% Drawdown Recovery,13,9,69.23,42.37,19.67,34.86,37.32,-5.06,-17.75,-52.02,False
EWZ,Brazil,1,drawdown_recovery_40,40% Drawdown Recovery,23,4,17.39,6.98,2.57,5.29,4.28,-2.66,-10.77,-19.67,False
EWZ,Brazil,2,drawdown_recovery_40,40% Drawdown Recovery,15,7,46.67,24.81,10.74,6.38,6.59,-3.94,-11.05,-21.12,False
EWZ,Brazil,3,drawdown_recovery_40,40% Drawdown Recovery,11,6,54.55,28.01,11.43,10.38,9.06,3.92,-19.41,-23.19,False
EWZ,Brazil,4,drawdown_recovery_40,40% Drawdown Recovery,10,5,50.0,23.66,9.1,10.74,11.43,1.86,-30.13,-34.83,False
EWZ,Brazil,5,drawdown_recovery_40,40% Drawdown Recovery,9,5,55.56,26.66,10.2,21.61,16.69,2.99,-38.37,-43.48,False
EWZ,Brazil,6,drawdown_recovery_40,40% Drawdown Recovery,8,7,87.5,52.91,21.84,32.89,26.78,18.56,-34.18,-43.48,False
EWZ,Brazil,7,drawdown_recovery_40,40% Drawdown Recovery,8,6,75.0,40.93,16.3,39.46,32.48,16.26,-36.76,-43.48,False
EWZ,Brazil,8,drawdown_recovery_40,40% Drawdown Recovery,6,4,66.67,30.0,10.47,38.83,28.94,8.22,-41.29,-43.48,False
EWZ,Brazil,9,drawdown_recovery_40,40% Drawdown Recovery,6,4,66.67,30.0,10.47,29.17,27.9,9.24,-43.57,-52.02,False
EWZ,Brazil,10,drawdown_recovery_40,40% Drawdown Recovery,5,4,80.0,37.55,12.81,62.88,43.05,24.39,-38.76,-52.02,False
EWZ,Brazil,11,drawdown_recovery_40,40% Drawdown Recovery,5,4,80.0,37.55,12.81,41.87,49.9,32.24,-25.31,-52.02,False
EWZ,Brazil,12,drawdown_recovery_40,40% Drawdown Recovery,5,4,80.0,37.55,12.81,49.41,56.21,34.86,-17.75,-52.02,False
EWZ,Brazil,1,rsi14_recovery,RSI 14 Recovery,43,11,25.58,14.93,7.51,1.86,3.6,-2.87,-21.66,-22.39,False
EWZ,Brazil,2,rsi14_recovery,RSI 14 Recovery,36,11,30.56,18.0,9.06,6.3,6.11,-3.3,-21.86,-27.17,False
EWZ,Brazil,3,rsi14_recovery,RSI 14 Recovery,33,14,42.42,27.24,14.71,7.65,5.37,-3.73,-52.47,-56.99,False
EWZ,Brazil,4,rsi14_recovery,RSI 14 Recovery,31,14,45.16,29.16,15.75,8.65,8.14,-3.57,-34.39,-37.5,False
EWZ,Brazil,5,rsi14_recovery,RSI 14 Recovery,27,14,51.85,33.99,18.36,12.43,7.45,-8.11,-50.03,-56.99,False
EWZ,Brazil,6,rsi14_recovery,RSI 14 Recovery,25,14,56.0,37.07,20.02,10.61,9.72,-12.57,-45.08,-56.99,False
EWZ,Brazil,7,rsi14_recovery,RSI 14 Recovery,22,13,59.09,38.73,20.44,17.7,13.64,-7.9,-58.56,-58.64,False
EWZ,Brazil,8,rsi14_recovery,RSI 14 Recovery,20,13,65.0,43.29,22.82,24.76,26.85,4.24,-46.8,-61.79,False
EWZ,Brazil,9,rsi14_recovery,RSI 14 Recovery,18,11,61.11,38.62,19.3,15.71,17.27,-1.09,-46.58,-61.79,False
EWZ,Brazil,10,rsi14_recovery,RSI 14 Recovery,18,10,55.56,33.72,16.36,21.85,17.9,3.84,-42.1,-61.79,False
EWZ,Brazil,11,rsi14_recovery,RSI 14 Recovery,18,8,44.44,24.56,11.13,4.13,12.97,-18.23,-56.93,-73.04,False
EWZ,Brazil,12,rsi14_recovery,RSI 14 Recovery,17,7,41.18,21.61,9.38,-1.93,15.13,-21.76,-60.57,-73.04,False
EWZ,Brazil,1,rsi28_recovery,RSI 28 Recovery,27,7,25.93,13.17,5.76,5.81,4.96,-1.3,-10.37,-16.03,False
EWZ,Brazil,2,rsi28_recovery,RSI 28 Recovery,24,8,33.33,17.97,8.18,4.41,5.74,-2.02,-14.09,-23.14,False
EWZ,Brazil,3,rsi28_recovery,RSI 28 Recovery,22,9,40.91,23.26,10.96,7.68,8.6,3.72,-29.97,-31.23,False
EWZ,Brazil,4,rsi28_recovery,RSI 28 Recovery,20,9,45.0,25.82,12.15,8.82,7.82,0.03,-16.0,-31.38,False
EWZ,Brazil,5,rsi28_recovery,RSI 28 Recovery,18,9,50.0,29.03,13.64,9.34,7.54,-1.56,-20.52,-31.38,False
EWZ,Brazil,6,rsi28_recovery,RSI 28 Recovery,16,7,43.75,23.1,10.01,8.8,11.48,-0.3,-18.99,-31.38,False
EWZ,Brazil,7,rsi28_recovery,RSI 28 Recovery,14,9,64.29,38.76,18.06,14.39,13.41,-0.64,-29.01,-35.02,False
EWZ,Brazil,8,rsi28_recovery,RSI 28 Recovery,14,8,57.14,32.59,14.65,18.77,19.88,1.14,-30.8,-43.48,False
EWZ,Brazil,9,rsi28_recovery,RSI 28 Recovery,14,8,57.14,32.59,14.65,15.25,19.48,2.98,-27.43,-43.48,False
EWZ,Brazil,10,rsi28_recovery,RSI 28 Recovery,14,8,57.14,32.59,14.65,18.13,18.33,4.21,-46.73,-56.99,False
EWZ,Brazil,11,rsi28_recovery,RSI 28 Recovery,13,8,61.54,35.52,15.92,14.18,19.44,-7.46,-40.95,-56.99,False
EWZ,Brazil,12,rsi28_recovery,RSI 28 Recovery,13,6,46.15,23.21,9.54,3.67,16.06,-25.68,-44.95,-56.99,False
EWZ,Brazil,1,bollinger_recovery,Bollinger Recovery,18,3,16.67,5.84,1.96,4.89,5.02,0.26,-5.18,-14.14,False
EWZ,Brazil,2,bollinger_recovery,Bollinger Recovery,17,7,41.18,21.61,9.38,6.81,9.01,1.61,-5.73,-15.84,False
EWZ,Brazil,3,bollinger_recovery,Bollinger Recovery,16,7,43.75,23.1,10.01,8.35,10.33,4.76,-6.44,-19.96,False
EWZ,Brazil,4,bollinger_recovery,Bollinger Recovery,14,6,42.86,21.38,8.81,9.06,13.5,2.53,-4.0,-23.46,False
EWZ,Brazil,5,bollinger_recovery,Bollinger Recovery,14,8,57.14,32.59,14.65,13.56,12.57,0.54,-14.07,-29.99,False
EWZ,Brazil,6,bollinger_recovery,Bollinger Recovery,12,5,41.67,19.33,7.5,8.8,15.58,3.04,-25.87,-32.24,False
EWZ,Brazil,7,bollinger_recovery,Bollinger Recovery,11,8,72.73,43.43,19.27,20.38,23.8,12.93,-15.68,-32.24,False
EWZ,Brazil,8,bollinger_recovery,Bollinger Recovery,11,7,63.64,35.38,15.1,21.55,25.06,7.29,-10.87,-32.24,False
EWZ,Brazil,9,bollinger_recovery,Bollinger Recovery,11,7,63.64,35.38,15.1,15.51,17.77,-0.6,-13.47,-33.32,False
EWZ,Brazil,10,bollinger_recovery,Bollinger Recovery,11,6,54.55,28.01,11.43,19.93,17.86,-6.1,-46.73,-56.99,False
EWZ,Brazil,11,bollinger_recovery,Bollinger Recovery,10,5,50.0,23.66,9.1,12.77,18.46,-17.43,-50.5,-73.04,False
EWZ,Brazil,12,bollinger_recovery,Bollinger Recovery,10,5,50.0,23.66,9.1,11.06,24.83,-18.71,-52.61,-73.04,False
EWZ,Brazil,1,low_vol_trend,Low-Volatility Trend,5,0,0.0,0.0,0.0,-4.13,-3.75,-5.57,-6.67,-8.59,False
EWZ,Brazil,2,low_vol_trend,Low-Volatility Trend,4,0,0.0,0.0,0.0,-9.45,-10.92,-13.37,-18.14,-23.14,False
EWZ,Brazil,3,low_vol_trend,Low-Volatility Trend,3,0,0.0,0.0,0.0,-5.05,-13.03,-17.51,-29.97,-29.87,False
EWZ,Brazil,4,low_vol_trend,Low-Volatility Trend,2,0,0.0,0.0,0.0,-10.08,-10.08,-10.17,-10.25,-12.45,False
EWZ,Brazil,5,low_vol_trend,Low-Volatility Trend,2,0,0.0,0.0,0.0,-20.58,-20.58,-22.8,-25.01,-27.46,False
EWZ,Brazil,6,low_vol_trend,Low-Volatility Trend,2,0,0.0,0.0,0.0,-28.83,-28.83,-31.85,-34.88,-35.23,False
EWZ,Brazil,7,low_vol_trend,Low-Volatility Trend,2,0,0.0,0.0,0.0,-21.8,-21.8,-22.62,-23.44,-35.23,False
EWZ,Brazil,8,low_vol_trend,Low-Volatility Trend,2,0,0.0,0.0,0.0,-18.5,-18.5,-20.93,-23.35,-35.23,False
EWZ,Brazil,9,low_vol_trend,Low-Volatility Trend,2,0,0.0,0.0,0.0,-16.88,-16.88,-19.94,-23.0,-35.23,False
EWZ,Brazil,10,low_vol_trend,Low-Volatility Trend,2,0,0.0,0.0,0.0,-17.8,-17.8,-19.01,-20.23,-35.23,False
EWZ,Brazil,11,low_vol_trend,Low-Volatility Trend,2,0,0.0,0.0,0.0,-15.54,-15.54,-18.73,-21.93,-35.23,False
EWZ,Brazil,12,low_vol_trend,Low-Volatility Trend,2,0,0.0,0.0,0.0,-23.47,-23.47,-27.37,-31.27,-35.23,False
EWZ,Brazil,1,vol_contraction_trend,Volatility Contraction Trend,39,8,20.51,10.78,4.93,2.96,2.57,-4.31,-13.78,-16.84,False
EWZ,Brazil,2,vol_contraction_trend,Volatility Contraction Trend,30,7,23.33,11.79,5.17,3.92,3.67,-4.3,-22.69,-22.61,False
EWZ,Brazil,3,vol_contraction_trend,Volatility Contraction Trend,27,10,37.04,21.53,10.51,7.04,6.59,-2.78,-52.47,-56.99,False
EWZ,Brazil,4,vol_contraction_trend,Volatility Contraction Trend,24,10,41.67,24.47,11.93,2.22,5.24,-6.97,-50.77,-56.99,False
EWZ,Brazil,5,vol_contraction_trend,Volatility Contraction Trend,23,9,39.13,22.16,10.45,5.71,8.79,-8.77,-39.99,-56.99,False
EWZ,Brazil,6,vol_contraction_trend,Volatility Contraction Trend,22,8,36.36,19.73,8.97,-1.07,6.48,-15.63,-36.56,-56.99,False
EWZ,Brazil,7,vol_contraction_trend,Volatility Contraction Trend,21,9,42.86,24.47,11.53,-1.09,8.82,-15.57,-43.16,-56.99,False
EWZ,Brazil,8,vol_contraction_trend,Volatility Contraction Trend,18,8,44.44,24.56,11.13,3.16,11.78,-17.19,-40.92,-56.99,False
EWZ,Brazil,9,vol_contraction_trend,Volatility Contraction Trend,18,7,38.89,20.3,8.83,4.71,13.58,-10.54,-50.49,-70.94,False
EWZ,Brazil,10,vol_contraction_trend,Volatility Contraction Trend,17,7,41.18,21.61,9.38,-3.54,12.54,-22.08,-58.29,-73.04,False
EWZ,Brazil,11,vol_contraction_trend,Volatility Contraction Trend,16,7,43.75,23.1,10.01,-1.76,10.08,-21.84,-50.5,-73.04,False
EWZ,Brazil,12,vol_contraction_trend,Volatility Contraction Trend,14,6,42.86,21.38,8.81,-0.61,13.59,-13.04,-52.61,-73.04,False
EWZ,Brazil,1,breadth_trend,Broad-Market Trend,129,14,10.85,6.58,3.54,1.35,1.02,-4.31,-22.13,-26.16,False
EWZ,Brazil,2,breadth_trend,Broad-Market Trend,70,14,20.0,12.3,6.63,1.66,0.99,-6.74,-47.3,-53.72,False
EWZ,Brazil,3,breadth_trend,Broad-Market Trend,55,19,34.55,23.36,13.7,2.02,2.26,-7.39,-52.47,-56.99,False
EWZ,Brazil,4,breadth_trend,Broad-Market Trend,43,16,37.21,24.38,13.66,3.67,2.08,-6.64,-49.49,-56.99,False
EWZ,Brazil,5,breadth_trend,Broad-Market Trend,36,16,44.44,29.54,16.58,8.92,4.73,-5.76,-60.41,-70.34,False
EWZ,Brazil,6,breadth_trend,Broad-Market Trend,31,13,41.94,26.42,13.96,5.19,4.91,-15.58,-53.8,-58.04,False
EWZ,Brazil,7,breadth_trend,Broad-Market Trend,30,12,40.0,24.59,12.69,6.25,5.0,-9.36,-60.82,-72.49,False
EWZ,Brazil,8,breadth_trend,Broad-Market Trend,27,15,55.56,37.31,20.58,11.69,7.77,-8.44,-62.49,-72.49,False
EWZ,Brazil,9,breadth_trend,Broad-Market Trend,25,11,44.0,26.67,13.39,7.36,5.57,-18.6,-65.66,-72.49,False
EWZ,Brazil,10,breadth_trend,Broad-Market Trend,22,9,40.91,23.26,10.96,6.73,11.62,-16.55,-54.13,-72.49,False
EWZ,Brazil,11,breadth_trend,Broad-Market Trend,21,10,47.62,28.34,13.79,8.04,11.17,-13.77,-47.04,-72.49,False
EWZ,Brazil,12,breadth_trend,Broad-Market Trend,18,9,50.0,29.03,13.64,4.4,7.13,-24.41,-42.17,-61.23,False
EZA,South Africa,1,buy_hold,Buy & Hold Benchmark,204,23,11.27,7.63,4.65,1.04,1.03,-4.02,-19.18,-30.14,False
EZA,South Africa,2,buy_hold,Buy & Hold Benchmark,106,26,24.53,17.32,10.91,1.47,1.62,-6.42,-35.8,-51.07,False
EZA,South Africa,3,buy_hold,Buy & Hold Benchmark,81,22,27.16,18.67,11.33,3.45,2.53,-4.96,-38.93,-51.07,False
EZA,South Africa,4,buy_hold,Buy & Hold Benchmark,58,17,29.31,19.18,10.91,3.71,3.84,-6.67,-30.44,-41.69,False
EZA,South Africa,5,buy_hold,Buy & Hold Benchmark,48,19,39.58,27.02,15.87,4.87,5.86,-6.24,-36.42,-51.07,False
EZA,South Africa,6,buy_hold,Buy & Hold Benchmark,40,14,35.0,22.13,11.95,5.45,4.51,-8.41,-33.05,-55.5,False
EZA,South Africa,7,buy_hold,Buy & Hold Benchmark,35,15,42.86,27.98,15.42,8.03,6.22,-4.98,-49.12,-61.22,False
EZA,South Africa,8,buy_hold,Buy & Hold Benchmark,30,14,46.67,30.23,16.33,7.56,9.32,-4.09,-42.66,-61.22,False
EZA,South Africa,9,buy_hold,Buy & Hold Benchmark,27,12,44.44,27.59,14.22,7.44,8.47,-8.21,-22.12,-54.07,False
EZA,South Africa,10,buy_hold,Buy & Hold Benchmark,25,13,52.0,33.5,17.69,12.85,10.35,-6.05,-45.3,-61.22,False
EZA,South Africa,11,buy_hold,Buy & Hold Benchmark,23,12,52.17,32.96,16.98,15.74,7.86,-5.49,-32.82,-57.96,False
EZA,South Africa,12,buy_hold,Buy & Hold Benchmark,21,9,42.86,24.47,11.53,8.34,10.79,-6.3,-14.52,-50.53,False
EZA,South Africa,1,trend_price_sma100,Price above SMA 100,117,11,9.4,5.33,2.68,1.58,1.25,-3.73,-17.19,-17.09,False
EZA,South Africa,2,trend_price_sma100,Price above SMA 100,71,15,21.13,13.24,7.27,1.09,1.79,-3.59,-17.08,-23.31,False
EZA,South Africa,3,trend_price_sma100,Price above SMA 100,55,15,27.27,17.28,9.5,3.4,3.52,-2.24,-43.67,-50.53,False
EZA,South Africa,4,trend_price_sma100,Price above SMA 100,45,14,31.11,19.53,10.54,-0.63,2.2,-7.23,-36.96,-50.53,False
EZA,South Africa,5,trend_price_sma100,Price above SMA 100,38,15,39.47,25.6,14.1,2.17,4.97,-3.85,-28.07,-50.53,False
EZA,South Africa,6,trend_price_sma100,Price above SMA 100,32,11,34.38,20.41,10.26,6.73,6.1,-7.32,-24.69,-50.53,False
EZA,South Africa,7,trend_price_sma100,Price above SMA 100,30,12,40.0,24.59,12.69,0.68,3.79,-12.17,-49.12,-61.22,False
EZA,South Africa,8,trend_price_sma100,Price above SMA 100,27,10,37.04,21.53,10.51,5.63,5.98,-9.2,-45.28,-57.96,False
EZA,South Africa,9,trend_price_sma100,Price above SMA 100,22,11,50.0,30.72,15.4,8.05,9.41,-6.72,-23.4,-50.53,False
EZA,South Africa,10,trend_price_sma100,Price above SMA 100,22,9,40.91,23.26,10.96,6.56,5.22,-10.19,-26.44,-50.53,False
EZA,South Africa,11,trend_price_sma100,Price above SMA 100,20,9,45.0,25.82,12.15,9.4,8.58,-8.92,-42.44,-51.81,False
EZA,South Africa,12,trend_price_sma100,Price above SMA 100,18,9,50.0,29.03,13.64,12.11,12.09,-6.15,-50.56,-64.48,False
EZA,South Africa,1,trend_price_sma200,Price above SMA 200,128,13,10.16,6.03,3.18,1.27,0.97,-3.88,-17.19,-17.09,False
EZA,South Africa,2,trend_price_sma200,Price above SMA 200,77,15,19.48,12.18,6.69,0.4,1.18,-7.05,-20.58,-23.31,False
EZA,South Africa,3,trend_price_sma200,Price above SMA 200,60,14,23.33,14.44,7.78,2.6,2.49,-3.35,-43.67,-50.53,False
EZA,South Africa,4,trend_price_sma200,Price above SMA 200,46,13,28.26,17.32,9.15,-0.49,2.66,-6.25,-36.96,-50.53,False
EZA,South Africa,5,trend_price_sma200,Price above SMA 200,39,15,38.46,24.89,13.71,1.28,4.71,-5.29,-44.54,-57.96,False
EZA,South Africa,6,trend_price_sma200,Price above SMA 200,32,11,34.38,20.41,10.26,3.96,5.2,-7.32,-24.69,-50.53,False
EZA,South Africa,7,trend_price_sma200,Price above SMA 200,29,12,41.38,25.51,13.16,-2.19,5.19,-7.22,-34.07,-57.96,False
EZA,South Africa,8,trend_price_sma200,Price above SMA 200,27,9,33.33,18.64,8.81,5.63,6.64,-2.74,-45.28,-57.96,False
EZA,South Africa,9,trend_price_sma200,Price above SMA 200,23,11,47.83,29.24,14.67,4.23,10.59,-3.65,-22.93,-50.53,False
EZA,South Africa,10,trend_price_sma200,Price above SMA 200,23,9,39.13,22.16,10.45,5.11,7.79,-11.38,-33.1,-57.96,False
EZA,South Africa,11,trend_price_sma200,Price above SMA 200,20,9,45.0,25.82,12.15,6.5,7.24,-9.64,-42.44,-51.81,False
EZA,South Africa,12,trend_price_sma200,Price above SMA 200,18,9,50.0,29.03,13.64,9.26,10.92,-9.43,-51.88,-62.6,False
EZA,South Africa,1,trend,SMA 50/200 + Momentum,60,7,11.67,5.77,2.54,1.41,1.1,-3.91,-17.19,-17.09,False
EZA,South Africa,2,trend,SMA 50/200 + Momentum,39,8,20.51,10.78,4.93,0.05,1.52,-3.51,-15.86,-23.31,False
EZA,South Africa,3,trend,SMA 50/200 + Momentum,30,10,33.33,19.23,9.39,1.48,2.6,-4.12,-23.47,-29.56,False
EZA,South Africa,4,trend,SMA 50/200 + Momentum,25,10,40.0,23.4,11.41,5.7,3.85,-6.25,-23.58,-28.89,False
EZA,South Africa,5,trend,SMA 50/200 + Momentum,22,10,45.45,26.92,13.11,8.86,3.17,-11.55,-28.04,-29.56,False
EZA,South Africa,6,trend,SMA 50/200 + Momentum,19,8,42.11,23.14,10.5,2.52,2.28,-15.08,-33.05,-34.82,False
EZA,South Africa,7,trend,SMA 50/200 + Momentum,18,8,44.44,24.56,11.13,8.74,5.01,-9.63,-31.39,-34.94,False
EZA,South Africa,8,trend,SMA 50/200 + Momentum,16,6,37.5,18.48,7.64,5.28,7.8,-2.04,-23.47,-34.94,False
EZA,South Africa,9,trend,SMA 50/200 + Momentum,15,8,53.33,30.12,13.58,11.21,9.57,-3.64,-22.12,-34.94,False
EZA,South Africa,10,trend,SMA 50/200 + Momentum,14,8,57.14,32.59,14.65,16.27,10.97,-4.5,-17.13,-34.94,False
EZA,South Africa,11,trend,SMA 50/200 + Momentum,13,6,46.15,23.21,9.54,4.62,9.02,0.82,-23.28,-34.94,False
EZA,South Africa,12,trend,SMA 50/200 + Momentum,13,5,38.46,17.71,6.89,6.59,6.0,-11.3,-21.61,-34.94,False
EZA,South Africa,1,trend_sma100_200,SMA 100/200,103,12,11.65,6.79,3.5,0.87,1.03,-3.91,-17.19,-17.09,False
EZA,South Africa,2,trend_sma100_200,SMA 100/200,63,11,17.46,10.04,5.05,0.57,1.21,-6.52,-20.58,-23.31,False
EZA,South Africa,3,trend_sma100_200,SMA 100/200,48,15,31.25,19.95,10.97,4.82,3.85,-4.05,-23.47,-29.56,False
EZA,South Africa,4,trend_sma100_200,SMA 100/200,37,13,35.14,21.83,11.53,4.25,3.89,-6.25,-23.58,-29.56,False
EZA,South Africa,5,trend_sma100_200,SMA 100/200,32,11,34.38,20.41,10.26,4.56,6.25,-5.86,-28.04,-28.89,False
EZA,South Africa,6,trend_sma100_200,SMA 100/200,27,8,29.63,15.85,7.23,0.54,3.15,-7.02,-33.05,-34.82,False
EZA,South Africa,7,trend_sma100_200,SMA 100/200,24,13,54.17,35.07,18.52,12.38,9.96,-3.93,-31.39,-34.94,False
EZA,South Africa,8,trend_sma100_200,SMA 100/200,22,11,50.0,30.72,15.4,9.8,9.52,-2.73,-26.11,-31.89,False
EZA,South Africa,9,trend_sma100_200,SMA 100/200,22,11,50.0,30.72,15.4,8.59,10.77,-5.78,-25.71,-36.47,False
EZA,South Africa,10,trend_sma100_200,SMA 100/200,20,11,55.0,34.21,17.13,11.92,11.67,-7.9,-21.07,-34.94,False
EZA,South Africa,11,trend_sma100_200,SMA 100/200,18,10,55.56,33.72,16.36,12.89,7.55,-8.01,-49.73,-61.22,False
EZA,South Africa,12,trend_sma100_200,SMA 100/200,15,7,46.67,24.81,10.74,8.91,9.12,-2.17,-36.45,-51.81,False
EZA,South Africa,1,trend_ema50_200,EMA 50/200,117,11,9.4,5.33,2.68,0.17,0.57,-4.12,-17.19,-17.09,False
EZA,South Africa,2,trend_ema50_200,EMA 50/200,69,14,20.29,12.49,6.73,0.05,0.83,-7.05,-20.58,-23.31,False
EZA,South Africa,3,trend_ema50_200,EMA 50/200,54,11,20.37,11.77,5.93,0.63,1.12,-3.63,-43.67,-50.53,False
EZA,South Africa,4,trend_ema50_200,EMA 50/200,43,11,25.58,14.93,7.51,2.36,1.34,-8.49,-36.96,-50.53,False
EZA,South Africa,5,trend_ema50_200,EMA 50/200,36,14,38.89,24.78,13.38,3.22,2.92,-8.45,-44.54,-57.96,False
EZA,South Africa,6,trend_ema50_200,EMA 50/200,30,9,30.0,16.66,7.88,3.75,4.8,-6.85,-24.69,-50.53,False
EZA,South Africa,7,trend_ema50_200,EMA 50/200,28,10,35.71,20.71,10.11,0.66,2.46,-8.6,-34.07,-57.96,False
EZA,South Africa,8,trend_ema50_200,EMA 50/200,26,11,42.31,25.54,12.83,6.54,4.83,-5.32,-45.28,-57.96,False
EZA,South Africa,9,trend_ema50_200,EMA 50/200,22,11,50.0,30.72,15.4,8.23,7.82,-9.2,-22.31,-31.55,False
EZA,South Africa,10,trend_ema50_200,EMA 50/200,21,10,47.62,28.34,13.79,6.79,9.37,-7.65,-33.1,-57.96,False
EZA,South Africa,11,trend_ema50_200,EMA 50/200,18,10,55.56,33.72,16.36,14.75,7.65,-8.58,-42.44,-51.81,False
EZA,South Africa,12,trend_ema50_200,EMA 50/200,18,8,44.44,24.56,11.13,4.66,4.97,-9.2,-51.88,-62.6,False
EZA,South Africa,1,trend_ema100_200,EMA 100/200,112,11,9.82,5.57,2.81,0.81,0.77,-3.76,-18.37,-18.27,False
EZA,South Africa,2,trend_ema100_200,EMA 100/200,64,14,21.88,13.5,7.28,0.49,2.0,-3.88,-20.58,-23.31,False
EZA,South Africa,3,trend_ema100_200,EMA 100/200,50,11,22.0,12.75,6.42,2.23,2.85,-3.18,-17.73,-29.56,False
EZA,South Africa,4,trend_ema100_200,EMA 100/200,38,11,28.95,17.0,8.55,2.06,3.47,-5.73,-30.44,-30.47,False
EZA,South Africa,5,trend_ema100_200,EMA 100/200,32,16,50.0,33.63,18.89,9.27,4.47,-7.29,-44.54,-57.96,False
EZA,South Africa,6,trend_ema100_200,EMA 100/200,27,10,37.04,21.53,10.51,4.65,6.52,-3.56,-24.69,-29.56,False
EZA,South Africa,7,trend_ema100_200,EMA 100/200,24,11,45.83,27.89,14.0,8.8,4.68,-5.68,-34.07,-57.96,False
EZA,South Africa,8,trend_ema100_200,EMA 100/200,22,10,45.45,26.92,13.11,9.4,7.05,-0.21,-45.28,-57.96,False
EZA,South Africa,9,trend_ema100_200,EMA 100/200,19,10,52.63,31.71,15.4,12.64,10.95,-8.82,-22.31,-31.55,False
EZA,South Africa,10,trend_ema100_200,EMA 100/200,18,8,44.44,24.56,11.13,6.25,11.61,-5.66,-33.1,-57.96,False
EZA,South Africa,11,trend_ema100_200,EMA 100/200,16,9,56.25,33.18,15.54,16.12,11.47,-5.03,-31.56,-40.89,False
EZA,South Africa,12,trend_ema100_200,EMA 100/200,16,8,50.0,28.0,12.65,9.52,8.04,-3.36,-51.88,-62.6,False
EZA,South Africa,1,trend_triple_ma,Triple Moving Average,56,6,10.71,5.0,2.1,0.08,-0.04,-5.44,-17.19,-21.68,False
EZA,South Africa,2,trend_triple_ma,Triple Moving Average,40,7,17.5,8.75,3.84,0.31,1.08,-4.96,-16.09,-29.56,False
EZA,South Africa,3,trend_triple_ma,Triple Moving Average,35,11,31.43,18.55,9.33,5.2,2.69,-7.16,-17.73,-29.56,False
EZA,South Africa,4,trend_triple_ma,Triple Moving Average,26,8,30.77,16.5,7.52,1.3,2.96,-8.39,-18.02,-24.26,False
EZA,South Africa,5,trend_triple_ma,Triple Moving Average,25,7,28.0,14.28,6.24,-6.16,1.72,-12.59,-23.42,-29.56,False
EZA,South Africa,6,trend_triple_ma,Triple Moving Average,24,9,37.5,21.16,9.99,-2.28,1.1,-12.67,-22.92,-29.56,False
EZA,South Africa,7,trend_triple_ma,Triple Moving Average,22,7,31.82,16.36,7.14,2.99,4.13,-8.37,-30.28,-34.82,False
EZA,South Africa,8,trend_triple_ma,Triple Moving Average,20,8,40.0,21.88,9.93,3.96,4.66,-5.43,-32.18,-39.08,False
EZA,South Africa,9,trend_triple_ma,Triple Moving Average,19,7,36.84,19.15,8.34,4.14,4.4,-9.0,-34.77,-43.48,False
EZA,South Africa,10,trend_triple_ma,Triple Moving Average,17,8,47.06,26.16,11.84,9.7,7.78,-7.55,-31.16,-43.48,False
EZA,South Africa,11,trend_triple_ma,Triple Moving Average,16,7,43.75,23.1,10.01,5.24,6.07,-5.59,-42.44,-51.81,False
EZA,South Africa,12,trend_triple_ma,Triple Moving Average,16,6,37.5,18.48,7.64,6.2,5.11,-7.35,-36.45,-51.81,False
EZA,South Africa,1,trend_breakout_100,100-Day Range Breakout,19,1,5.26,0.94,0.24,-4.66,-3.1,-8.37,-13.97,-21.68,False
EZA,South Africa,2,trend_breakout_100,100-Day Range Breakout,19,3,15.79,5.52,1.86,0.57,0.46,-6.46,-16.09,-21.68,False
EZA,South Africa,3,trend_breakout_100,100-Day Range Breakout,18,4,22.22,9.0,3.3,2.89,1.11,-6.0,-18.03,-22.97,False
EZA,South Africa,4,trend_breakout_100,100-Day Range Breakout,16,5,31.25,14.16,5.54,-3.22,1.62,-10.1,-18.24,-26.93,False
EZA,South Africa,5,trend_breakout_100,100-Day Range Breakout,16,4,25.0,10.18,3.72,-1.07,1.06,-13.52,-25.89,-26.93,False
EZA,South Africa,6,trend_breakout_100,100-Day Range Breakout,15,5,33.33,15.18,5.93,-3.41,1.15,-13.81,-21.51,-28.33,False
EZA,South Africa,7,trend_breakout_100,100-Day Range Breakout,14,5,35.71,16.34,6.37,-0.23,3.87,-12.96,-15.8,-28.33,False
EZA,South Africa,8,trend_breakout_100,100-Day Range Breakout,13,5,38.46,17.71,6.89,6.17,2.38,-13.76,-26.11,-31.89,False
EZA,South Africa,9,trend_breakout_100,100-Day Range Breakout,13,4,30.77,12.68,4.61,6.43,3.18,-7.63,-26.52,-33.2,False
EZA,South Africa,10,trend_breakout_100,100-Day Range Breakout,13,5,38.46,17.71,6.89,6.79,6.55,-7.55,-24.22,-37.04,False
EZA,South Africa,11,trend_breakout_100,100-Day Range Breakout,13,6,46.15,23.21,9.54,4.62,6.47,-12.27,-31.56,-40.89,False
EZA,South Africa,12,trend_breakout_100,100-Day Range Breakout,11,3,27.27,9.75,3.25,-10.24,-4.03,-12.91,-50.56,-64.48,False
EZA,South Africa,1,trend_breakout_200,200-Day Range Breakout,15,1,6.67,1.19,0.3,-4.66,-3.27,-8.45,-13.97,-21.68,False
EZA,South Africa,2,trend_breakout_200,200-Day Range Breakout,15,3,20.0,7.05,2.36,0.57,-0.13,-7.73,-16.09,-21.68,False
EZA,South Africa,3,trend_breakout_200,200-Day Range Breakout,14,4,28.57,11.72,4.27,1.9,0.66,-7.95,-18.03,-22.97,False
EZA,South Africa,4,trend_breakout_200,200-Day Range Breakout,12,4,33.33,13.81,5.01,-3.85,1.55,-10.1,-18.24,-26.93,False
EZA,South Africa,5,trend_breakout_200,200-Day Range Breakout,12,3,25.0,8.89,2.97,-3.87,-0.58,-16.38,-25.89,-26.93,False
EZA,South Africa,6,trend_breakout_200,200-Day Range Breakout,11,3,27.27,9.75,3.25,-11.16,-0.7,-16.33,-21.51,-28.33,False
EZA,South Africa,7,trend_breakout_200,200-Day Range Breakout,10,3,30.0,10.78,3.58,-4.92,2.93,-13.5,-15.8,-28.33,False
EZA,South Africa,8,trend_breakout_200,200-Day Range Breakout,9,3,33.33,12.06,3.99,6.17,1.94,-17.73,-26.11,-31.89,False
EZA,South Africa,9,trend_breakout_200,200-Day Range Breakout,9,2,22.22,6.32,1.88,6.43,0.86,-9.96,-26.52,-33.2,False
EZA,South Africa,10,trend_breakout_200,200-Day Range Breakout,9,3,33.33,12.06,3.99,5.23,3.25,-7.55,-24.22,-37.04,False
EZA,South Africa,11,trend_breakout_200,200-Day Range Breakout,9,4,44.44,18.88,6.78,4.62,2.07,-13.94,-31.56,-40.89,False
EZA,South Africa,12,trend_breakout_200,200-Day Range Breakout,8,2,25.0,7.15,2.12,-11.08,-7.05,-17.27,-50.56,-64.48,False
EZA,South Africa,1,momentum_90,90-Day Absolute Momentum,125,12,9.6,5.58,2.88,0.19,0.76,-3.99,-17.19,-17.09,False
EZA,South Africa,2,momentum_90,90-Day Absolute Momentum,76,14,18.42,11.3,6.09,0.26,0.74,-6.34,-20.58,-23.31,False
EZA,South Africa,3,momentum_90,90-Day Absolute Momentum,58,14,24.14,14.96,8.06,2.72,2.71,-3.27,-43.67,-54.07,False
EZA,South Africa,4,momentum_90,90-Day Absolute Momentum,45,10,22.22,12.54,6.14,-0.36,1.96,-7.96,-36.96,-50.53,False
EZA,South Africa,5,momentum_90,90-Day Absolute Momentum,39,12,30.77,18.57,9.58,1.28,3.85,-5.29,-28.07,-50.53,False
EZA,South Africa,6,momentum_90,90-Day Absolute Momentum,33,11,33.33,19.75,9.93,5.67,5.78,-8.04,-28.66,-55.5,False
EZA,South Africa,7,momentum_90,90-Day Absolute Momentum,28,9,32.14,17.93,8.48,-1.83,2.15,-11.25,-49.12,-61.22,False
EZA,South Africa,8,momentum_90,90-Day Absolute Momentum,27,11,40.74,24.51,12.31,5.63,6.3,-9.2,-45.28,-57.96,False
EZA,South Africa,9,momentum_90,90-Day Absolute Momentum,23,11,47.83,29.24,14.67,3.73,7.79,-6.55,-28.38,-55.5,False
EZA,South Africa,10,momentum_90,90-Day Absolute Momentum,23,11,47.83,29.24,14.67,6.17,7.9,-9.59,-26.63,-54.07,False
EZA,South Africa,11,momentum_90,90-Day Absolute Momentum,20,9,45.0,25.82,12.15,3.11,8.01,-11.19,-32.03,-45.01,False
EZA,South Africa,12,momentum_90,90-Day Absolute Momentum,18,9,50.0,29.03,13.64,9.26,11.41,-6.15,-50.56,-64.48,False
EZA,South Africa,1,momentum_180,180-Day Absolute Momentum,131,11,8.4,4.75,2.39,1.21,0.89,-3.91,-17.19,-17.09,False
EZA,South Africa,2,momentum_180,180-Day Absolute Momentum,74,15,20.27,12.69,6.97,0.37,0.93,-7.02,-20.58,-23.31,False
EZA,South Africa,3,momentum_180,180-Day Absolute Momentum,58,14,24.14,14.96,8.06,3.3,2.28,-6.07,-20.01,-29.56,False
EZA,South Africa,4,momentum_180,180-Day Absolute Momentum,45,14,31.11,19.53,10.54,3.68,3.82,-6.89,-20.47,-29.56,False
EZA,South Africa,5,momentum_180,180-Day Absolute Momentum,38,13,34.21,21.21,11.21,3.41,3.35,-6.75,-44.54,-57.96,False
EZA,South Africa,6,momentum_180,180-Day Absolute Momentum,31,11,35.48,21.12,10.61,3.37,3.78,-5.96,-43.77,-61.22,False
EZA,South Africa,7,momentum_180,180-Day Absolute Momentum,30,12,40.0,24.59,12.69,8.24,3.52,-7.26,-49.12,-61.22,False
EZA,South Africa,8,momentum_180,180-Day Absolute Momentum,26,12,46.15,28.76,14.83,5.11,5.52,-3.42,-45.28,-57.96,False
EZA,South Africa,9,momentum_180,180-Day Absolute Momentum,23,11,47.83,29.24,14.67,4.84,7.75,-11.69,-22.31,-39.72,False
EZA,South Africa,10,momentum_180,180-Day Absolute Momentum,22,10,45.45,26.92,13.11,5.95,5.55,-10.67,-51.66,-61.22,False
EZA,South Africa,11,momentum_180,180-Day Absolute Momentum,21,10,47.62,28.34,13.79,0.82,7.22,-6.42,-32.03,-57.96,False
EZA,South Africa,12,momentum_180,180-Day Absolute Momentum,19,8,42.11,23.14,10.5,4.68,7.78,-11.29,-26.35,-50.53,False
EZA,South Africa,1,momentum_270,270-Day Absolute Momentum,133,15,11.28,6.95,3.81,1.21,1.0,-3.73,-18.37,-18.27,False
EZA,South Africa,2,momentum_270,270-Day Absolute Momentum,70,13,18.57,11.19,5.91,0.49,0.96,-6.73,-20.58,-23.31,False
EZA,South Africa,3,momentum_270,270-Day Absolute Momentum,55,12,21.82,12.95,6.68,2.65,2.71,-5.77,-18.03,-29.56,False
EZA,South Africa,4,momentum_270,270-Day Absolute Momentum,42,10,23.81,13.48,6.59,2.9,3.99,-5.77,-17.97,-29.56,False
EZA,South Africa,5,momentum_270,270-Day Absolute Momentum,35,11,31.43,18.55,9.33,3.18,4.32,-6.68,-40.01,-50.53,False
EZA,South Africa,6,momentum_270,270-Day Absolute Momentum,30,9,30.0,16.66,7.88,3.15,3.85,-8.07,-31.28,-50.53,False
EZA,South Africa,7,momentum_270,270-Day Absolute Momentum,26,10,38.46,22.43,10.94,8.03,4.18,-4.06,-49.12,-61.22,False
EZA,South Africa,8,momentum_270,270-Day Absolute Momentum,24,8,33.33,17.97,8.18,6.54,6.48,-9.24,-42.66,-61.22,False
EZA,South Africa,9,momentum_270,270-Day Absolute Momentum,22,7,31.82,16.36,7.14,2.37,6.62,-7.83,-19.27,-50.53,False
EZA,South Africa,10,momentum_270,270-Day Absolute Momentum,20,9,45.0,25.82,12.15,4.26,6.85,-8.79,-45.3,-61.22,False
EZA,South Africa,11,momentum_270,270-Day Absolute Momentum,18,9,50.0,29.03,13.64,9.51,9.27,-3.82,-15.65,-50.53,False
EZA,South Africa,12,momentum_270,270-Day Absolute Momentum,18,6,33.33,16.28,6.75,5.07,6.46,-10.4,-20.53,-50.53,False
EZA,South Africa,1,momentum_365,365-Day Absolute Momentum,137,12,8.76,5.08,2.62,0.56,0.59,-4.4,-18.37,-18.27,False
EZA,South Africa,2,momentum_365,365-Day Absolute Momentum,73,14,19.18,11.78,6.35,0.4,0.71,-6.93,-20.58,-23.31,False
EZA,South Africa,3,momentum_365,365-Day Absolute Momentum,57,15,26.32,16.65,9.15,1.42,2.36,-6.83,-18.03,-29.56,False
EZA,South Africa,4,momentum_365,365-Day Absolute Momentum,43,12,27.91,16.75,8.64,3.45,3.93,-5.7,-30.44,-30.47,False
EZA,South Africa,5,momentum_365,365-Day Absolute Momentum,36,11,30.56,18.0,9.06,2.99,5.35,-4.21,-23.42,-26.61,False
EZA,South Africa,6,momentum_365,365-Day Absolute Momentum,30,13,43.33,27.38,14.46,7.86,2.73,-11.56,-33.05,-55.5,False
EZA,South Africa,7,momentum_365,365-Day Absolute Momentum,29,8,27.59,14.7,6.71,2.17,2.08,-7.68,-49.12,-61.22,False
EZA,South Africa,8,momentum_365,365-Day Absolute Momentum,24,8,33.33,17.97,8.18,3.08,5.25,-8.29,-42.66,-61.22,False
EZA,South Africa,9,momentum_365,365-Day Absolute Momentum,22,10,45.45,26.92,13.11,5.84,7.3,-9.87,-19.27,-39.72,False
EZA,South Africa,10,momentum_365,365-Day Absolute Momentum,21,9,42.86,24.47,11.53,2.83,6.32,-11.08,-45.3,-61.22,False
EZA,South Africa,11,momentum_365,365-Day Absolute Momentum,19,8,42.11,23.14,10.5,6.88,6.7,-8.02,-26.96,-57.96,False
EZA,South Africa,12,momentum_365,365-Day Absolute Momentum,18,9,50.0,29.03,13.64,9.93,7.39,-11.29,-36.45,-51.81,False
EZA,South Africa,1,momentum_dual_90_180,Dual Momentum 90/180,101,9,8.91,4.76,2.26,0.81,0.66,-3.99,-17.19,-17.09,False
EZA,South Africa,2,momentum_dual_90_180,Dual Momentum 90/180,63,12,19.05,11.25,5.8,0.05,0.33,-6.58,-20.58,-23.31,False
EZA,South Africa,3,momentum_dual_90_180,Dual Momentum 90/180,48,12,25.0,14.92,7.7,2.77,3.21,-4.54,-18.03,-23.31,False
EZA,South Africa,4,momentum_dual_90_180,Dual Momentum 90/180,40,10,25.0,14.19,6.94,1.36,2.43,-8.92,-20.47,-29.56,False
EZA,South Africa,5,momentum_dual_90_180,Dual Momentum 90/180,34,10,29.41,16.83,8.23,-1.44,2.09,-6.87,-44.54,-57.96,False
EZA,South Africa,6,momentum_dual_90_180,Dual Momentum 90/180,29,11,37.93,22.69,11.4,5.19,4.18,-5.24,-43.77,-61.22,False
EZA,South Africa,7,momentum_dual_90_180,Dual Momentum 90/180,27,10,37.04,21.53,10.51,-0.85,1.82,-7.26,-49.12,-61.22,False
EZA,South Africa,8,momentum_dual_90_180,Dual Momentum 90/180,24,12,50.0,31.43,16.19,7.24,5.15,-5.49,-45.28,-57.96,False
EZA,South Africa,9,momentum_dual_90_180,Dual Momentum 90/180,21,11,52.38,32.37,16.22,15.71,5.49,-14.27,-43.12,-51.41,False
EZA,South Africa,10,momentum_dual_90_180,Dual Momentum 90/180,20,10,50.0,29.93,14.55,11.19,5.61,-8.66,-39.04,-51.41,False
EZA,South Africa,11,momentum_dual_90_180,Dual Momentum 90/180,19,9,47.37,27.33,12.85,3.11,6.34,-7.86,-49.73,-61.22,False
EZA,South Africa,12,momentum_dual_90_180,Dual Momentum 90/180,17,8,47.06,26.16,11.84,6.59,7.33,-4.08,-30.95,-61.22,False
EZA,South Africa,1,momentum_dual_180_365,Dual Momentum 180/365,112,10,8.93,4.92,2.41,0.82,0.72,-4.19,-17.19,-17.09,False
EZA,South Africa,2,momentum_dual_180_365,Dual Momentum 180/365,62,13,20.97,12.68,6.7,-0.01,0.46,-7.02,-20.58,-23.31,False
EZA,South Africa,3,momentum_dual_180_365,Dual Momentum 180/365,49,14,28.57,17.85,9.63,3.79,1.85,-7.49,-20.01,-29.56,False
EZA,South Africa,4,momentum_dual_180_365,Dual Momentum 180/365,38,11,28.95,17.0,8.55,4.61,4.97,-6.91,-15.64,-29.56,False
EZA,South Africa,5,momentum_dual_180_365,Dual Momentum 180/365,33,11,33.33,19.75,9.93,4.02,3.58,-6.76,-44.54,-57.96,False
EZA,South Africa,6,momentum_dual_180_365,Dual Momentum 180/365,27,13,48.15,30.74,16.24,9.8,2.69,-9.11,-43.77,-61.22,False
EZA,South Africa,7,momentum_dual_180_365,Dual Momentum 180/365,25,10,40.0,23.4,11.41,7.92,4.44,-7.68,-49.12,-61.22,False
EZA,South Africa,8,momentum_dual_180_365,Dual Momentum 180/365,23,8,34.78,18.81,8.56,4.56,3.85,-9.73,-45.28,-57.96,False
EZA,South Africa,9,momentum_dual_180_365,Dual Momentum 180/365,20,9,45.0,25.82,12.15,4.08,6.9,-11.04,-23.4,-39.72,False
EZA,South Africa,10,momentum_dual_180_365,Dual Momentum 180/365,19,7,36.84,19.15,8.34,2.83,6.27,-9.14,-51.66,-61.22,False
EZA,South Africa,11,momentum_dual_180_365,Dual Momentum 180/365,18,8,44.44,24.56,11.13,8.38,7.06,-10.33,-26.96,-57.96,False
EZA,South Africa,12,momentum_dual_180_365,Dual Momentum 180/365,17,9,52.94,30.96,14.52,15.2,9.02,-11.27,-26.35,-40.73,False
EZA,South Africa,1,momentum_rank_90,Top Relative Momentum 90,53,1,1.89,0.33,0.09,-0.62,-0.58,-5.5,-17.19,-17.09,False
EZA,South Africa,2,momentum_rank_90,Top Relative Momentum 90,41,8,19.51,10.23,4.68,0.57,1.21,-6.55,-17.08,-23.56,False
EZA,South Africa,3,momentum_rank_90,Top Relative Momentum 90,31,7,22.58,11.39,4.99,1.42,-0.85,-10.28,-43.67,-54.07,False
EZA,South Africa,4,momentum_rank_90,Top Relative Momentum 90,27,9,33.33,18.64,8.81,-4.98,0.86,-7.95,-44.63,-54.07,False
EZA,South Africa,5,momentum_rank_90,Top Relative Momentum 90,25,7,28.0,14.28,6.24,2.8,2.33,-8.81,-29.86,-54.07,False
EZA,South Africa,6,momentum_rank_90,Top Relative Momentum 90,24,7,29.17,14.91,6.52,-2.78,-0.16,-11.54,-40.32,-54.07,False
EZA,South Africa,7,momentum_rank_90,Top Relative Momentum 90,23,6,26.09,12.55,5.23,-5.69,-0.82,-14.11,-47.4,-54.07,False
EZA,South Africa,8,momentum_rank_90,Top Relative Momentum 90,20,6,30.0,14.55,6.04,-3.56,-0.43,-17.66,-27.72,-54.07,False
EZA,South Africa,9,momentum_rank_90,Top Relative Momentum 90,18,7,38.89,20.3,8.83,2.71,2.73,-16.34,-26.52,-54.07,False
EZA,South Africa,10,momentum_rank_90,Top Relative Momentum 90,18,7,38.89,20.3,8.83,4.5,5.24,-8.9,-22.46,-54.07,False
EZA,South Africa,11,momentum_rank_90,Top Relative Momentum 90,16,6,37.5,18.48,7.64,4.51,5.98,-10.89,-20.55,-54.07,False
EZA,South Africa,12,momentum_rank_90,Top Relative Momentum 90,14,6,42.86,21.38,8.81,6.49,8.84,-5.13,-25.52,-54.07,False
EZA,South Africa,1,momentum,Top Relative Momentum 180,41,5,12.2,5.32,2.11,0.17,0.84,-2.75,-17.19,-17.09,False
EZA,South Africa,2,momentum,Top Relative Momentum 180,31,5,16.13,7.09,2.8,-1.78,0.57,-7.28,-15.86,-23.31,False
EZA,South Africa,3,momentum,Top Relative Momentum 180,23,5,21.74,9.66,3.81,-0.74,1.43,-3.47,-23.47,-29.56,False
EZA,South Africa,4,momentum,Top Relative Momentum 180,20,6,30.0,14.55,6.04,-3.5,0.73,-9.39,-23.58,-29.56,False
EZA,South Africa,5,momentum,Top Relative Momentum 180,16,7,43.75,23.1,10.01,-2.2,5.18,-7.15,-28.04,-28.89,False
EZA,South Africa,6,momentum,Top Relative Momentum 180,14,6,42.86,21.38,8.81,4.35,2.81,-3.32,-33.05,-34.82,False
EZA,South Africa,7,momentum,Top Relative Momentum 180,14,5,35.71,16.34,6.37,-1.88,1.46,-6.93,-31.39,-34.94,False
EZA,South Africa,8,momentum,Top Relative Momentum 180,14,5,35.71,16.34,6.37,4.0,3.19,-8.94,-26.11,-34.94,False
EZA,South Africa,9,momentum,Top Relative Momentum 180,14,5,35.71,16.34,6.37,5.12,0.73,-10.36,-43.12,-51.41,False
EZA,South Africa,10,momentum,Top Relative Momentum 180,14,5,35.71,16.34,6.37,4.31,2.77,-7.27,-39.04,-51.41,False
EZA,South Africa,11,momentum,Top Relative Momentum 180,13,6,46.15,23.21,9.54,7.63,8.46,-3.44,-31.54,-51.41,False
EZA,South Africa,12,momentum,Top Relative Momentum 180,12,5,41.67,19.33,7.5,7.46,8.69,-13.19,-28.08,-51.41,False
EZA,South Africa,1,momentum_rank_365,Top Relative Momentum 365,55,6,10.91,5.1,2.14,1.38,0.78,-3.89,-18.37,-18.27,False
EZA,South Africa,2,momentum_rank_365,Top Relative Momentum 365,36,10,27.78,15.85,7.75,0.33,1.57,-6.34,-20.58,-23.31,False
EZA,South Africa,3,momentum_rank_365,Top Relative Momentum 365,28,10,35.71,20.71,10.11,1.4,2.64,-8.84,-17.73,-29.56,False
EZA,South Africa,4,momentum_rank_365,Top Relative Momentum 365,24,9,37.5,21.16,9.99,-1.19,4.45,-6.11,-17.97,-29.56,False
EZA,South Africa,5,momentum_rank_365,Top Relative Momentum 365,21,5,23.81,10.63,4.18,-0.31,3.25,-5.53,-23.42,-26.61,False
EZA,South Africa,6,momentum_rank_365,Top Relative Momentum 365,18,7,38.89,20.3,8.83,6.43,4.37,-6.42,-33.05,-35.03,False
EZA,South Africa,7,momentum_rank_365,Top Relative Momentum 365,16,9,56.25,33.18,15.54,13.76,8.9,-10.17,-29.82,-39.72,False
EZA,South Africa,8,momentum_rank_365,Top Relative Momentum 365,14,8,57.14,32.59,14.65,15.65,12.6,-5.4,-17.13,-31.55,False
EZA,South Africa,9,momentum_rank_365,Top Relative Momentum 365,13,7,53.85,29.14,12.55,15.77,12.64,-1.04,-22.31,-31.55,False
EZA,South Africa,10,momentum_rank_365,Top Relative Momentum 365,12,7,58.33,31.95,13.71,11.74,8.64,-6.07,-21.07,-31.55,False
EZA,South Africa,11,momentum_rank_365,Top Relative Momentum 365,10,5,50.0,23.66,9.1,12.31,13.63,-1.05,-14.8,-29.56,False
EZA,South Africa,12,momentum_rank_365,Top Relative Momentum 365,10,5,50.0,23.66,9.1,11.95,12.34,-8.25,-17.53,-29.56,False
EZA,South Africa,1,momentum_composite,Composite Momentum,39,4,10.26,4.06,1.5,1.5,0.97,-3.14,-17.19,-17.09,False
EZA,South Africa,2,momentum_composite,Composite Momentum,27,8,29.63,15.85,7.23,1.28,3.06,-5.08,-14.16,-23.31,False
EZA,South Africa,3,momentum_composite,Composite Momentum,18,4,22.22,9.0,3.3,3.92,4.11,-2.93,-14.6,-29.56,False
EZA,South Africa,4,momentum_composite,Composite Momentum,16,6,37.5,18.48,7.64,-0.26,5.46,-5.95,-12.54,-23.21,False
EZA,South Africa,5,momentum_composite,Composite Momentum,14,5,35.71,16.34,6.37,-1.09,3.94,-6.41,-15.67,-29.56,False
EZA,South Africa,6,momentum_composite,Composite Momentum,13,6,46.15,23.21,9.54,7.17,4.0,-15.58,-24.69,-29.56,False
EZA,South Africa,7,momentum_composite,Composite Momentum,13,5,38.46,17.71,6.89,-4.28,4.71,-13.07,-20.34,-29.56,False
EZA,South Africa,8,momentum_composite,Composite Momentum,11,6,54.55,28.01,11.43,10.9,8.09,-7.83,-26.11,-34.82,False
EZA,South Africa,9,momentum_composite,Composite Momentum,11,6,54.55,28.01,11.43,17.24,6.58,-11.15,-26.52,-34.94,False
EZA,South Africa,10,momentum_composite,Composite Momentum,10,6,60.0,31.27,12.69,18.65,10.74,-2.13,-22.46,-37.04,False
EZA,South Africa,11,momentum_composite,Composite Momentum,10,6,60.0,31.27,12.69,16.07,13.29,-2.17,-20.55,-37.04,False
EZA,South Africa,12,momentum_composite,Composite Momentum,8,5,62.5,30.57,11.6,13.6,11.1,-3.15,-25.52,-37.04,False
EZA,South Africa,1,drawdown_recovery_20,20% Drawdown Recovery,37,3,8.11,2.8,0.95,1.58,0.42,-6.35,-17.07,-21.76,False
EZA,South Africa,2,drawdown_recovery_20,20% Drawdown Recovery,27,5,18.52,8.18,3.23,1.93,1.48,-4.84,-22.97,-28.12,False
EZA,South Africa,3,drawdown_recovery_20,20% Drawdown Recovery,23,6,26.09,12.55,5.23,1.37,1.18,-3.35,-43.67,-50.53,False
EZA,South Africa,4,drawdown_recovery_20,20% Drawdown Recovery,21,5,23.81,10.63,4.18,4.06,1.35,-6.81,-36.96,-50.53,False
EZA,South Africa,5,drawdown_recovery_20,20% Drawdown Recovery,18,8,44.44,24.56,11.13,3.47,4.77,-6.59,-28.07,-50.53,False
EZA,South Africa,6,drawdown_recovery_20,20% Drawdown Recovery,16,5,31.25,14.16,5.54,-3.59,2.73,-8.98,-24.37,-50.53,False
EZA,South Africa,7,drawdown_recovery_20,20% Drawdown Recovery,16,7,43.75,23.1,10.01,-0.08,4.82,-9.69,-24.06,-50.53,False
EZA,South Africa,8,drawdown_recovery_20,20% Drawdown Recovery,15,7,46.67,24.81,10.74,1.15,5.83,-2.86,-25.47,-50.53,False
EZA,South Africa,9,drawdown_recovery_20,20% Drawdown Recovery,13,6,46.15,23.21,9.54,-1.4,3.91,-5.13,-23.4,-50.53,False
EZA,South Africa,10,drawdown_recovery_20,20% Drawdown Recovery,13,6,46.15,23.21,9.54,5.91,4.47,-11.68,-22.39,-50.53,False
EZA,South Africa,11,drawdown_recovery_20,20% Drawdown Recovery,13,5,38.46,17.71,6.89,5.87,8.1,-9.3,-31.56,-50.53,False
EZA,South Africa,12,drawdown_recovery_20,20% Drawdown Recovery,12,4,33.33,13.81,5.01,1.74,6.6,-7.08,-50.56,-64.48,False
EZA,South Africa,1,drawdown_recovery,25% Drawdown Recovery,16,1,6.25,1.11,0.28,3.17,1.04,-3.69,-17.07,-21.76,False
EZA,South Africa,2,drawdown_recovery,25% Drawdown Recovery,12,2,16.67,4.7,1.4,3.54,2.46,-2.97,-22.97,-28.12,False
EZA,South Africa,3,drawdown_recovery,25% Drawdown Recovery,10,2,20.0,5.67,1.69,2.41,4.96,0.45,-0.74,-28.89,False
EZA,South Africa,4,drawdown_recovery,25% Drawdown Recovery,10,4,40.0,16.82,6.07,7.16,4.19,-3.16,-12.88,-28.89,False
EZA,South Africa,5,drawdown_recovery,25% Drawdown Recovery,8,4,50.0,21.52,7.68,7.4,9.04,0.56,-5.53,-28.89,False
EZA,South Africa,6,drawdown_recovery,25% Drawdown Recovery,8,3,37.5,13.68,4.51,9.65,7.61,-5.32,-12.04,-28.89,False
EZA,South Africa,7,drawdown_recovery,25% Drawdown Recovery,8,4,50.0,21.52,7.68,9.96,11.32,-3.17,-12.64,-28.89,False
EZA,South Africa,8,drawdown_recovery,25% Drawdown Recovery,8,4,50.0,21.52,7.68,6.29,10.95,-1.18,-13.76,-28.89,False
EZA,South Africa,9,drawdown_recovery,25% Drawdown Recovery,7,3,42.86,15.82,5.18,4.06,14.49,-3.27,-7.63,-28.89,False
EZA,South Africa,10,drawdown_recovery,25% Drawdown Recovery,7,3,42.86,15.82,5.18,8.0,14.39,-7.73,-11.08,-28.89,False
EZA,South Africa,11,drawdown_recovery,25% Drawdown Recovery,7,3,42.86,15.82,5.18,8.91,20.53,3.21,-7.8,-28.89,False
EZA,South Africa,12,drawdown_recovery,25% Drawdown Recovery,7,3,42.86,15.82,5.18,7.78,21.48,-0.59,-10.24,-28.89,False
EZA,South Africa,1,drawdown_recovery_30,30% Drawdown Recovery,24,2,8.33,2.32,0.7,0.55,-0.05,-6.76,-17.07,-21.76,False
EZA,South Africa,2,drawdown_recovery_30,30% Drawdown Recovery,16,3,18.75,6.59,2.21,2.8,1.3,-5.51,-22.97,-28.12,False
EZA,South Africa,3,drawdown_recovery_30,30% Drawdown Recovery,12,3,25.0,8.89,2.97,0.75,0.15,-2.21,-43.67,-50.53,False
EZA,South Africa,4,drawdown_recovery_30,30% Drawdown Recovery,12,4,33.33,13.81,5.01,4.68,2.83,0.37,-36.96,-50.53,False
EZA,South Africa,5,drawdown_recovery_30,30% Drawdown Recovery,10,5,50.0,23.66,9.1,9.79,6.43,-2.92,-28.07,-50.53,False
EZA,South Africa,6,drawdown_recovery_30,30% Drawdown Recovery,8,3,37.5,13.68,4.51,4.18,3.53,-7.32,-24.37,-50.53,False
EZA,South Africa,7,drawdown_recovery_30,30% Drawdown Recovery,8,4,50.0,21.52,7.68,7.55,8.16,-4.8,-24.06,-50.53,False
EZA,South Africa,8,drawdown_recovery_30,30% Drawdown Recovery,7,4,57.14,25.05,8.86,11.44,8.57,-3.08,-22.78,-50.53,False
EZA,South Africa,9,drawdown_recovery_30,30% Drawdown Recovery,6,3,50.0,18.76,6.09,3.22,6.48,-6.96,-22.93,-50.53,False
EZA,South Africa,10,drawdown_recovery_30,30% Drawdown Recovery,6,3,50.0,18.76,6.09,4.05,4.16,-10.03,-22.39,-50.53,False
EZA,South Africa,11,drawdown_recovery_30,30% Drawdown Recovery,6,2,33.33,9.68,2.84,1.6,8.02,-6.52,-11.72,-50.53,False
EZA,South Africa,12,drawdown_recovery_30,30% Drawdown Recovery,6,2,33.33,9.68,2.84,3.88,12.03,-4.41,-6.3,-50.53,False
EZA,South Africa,1,drawdown_recovery_40,40% Drawdown Recovery,12,2,16.67,4.7,1.4,4.21,2.72,-0.51,-17.07,-21.76,False
EZA,South Africa,2,drawdown_recovery_40,40% Drawdown Recovery,8,3,37.5,13.68,4.51,6.29,5.04,0.26,-22.97,-28.12,False
EZA,South Africa,3,drawdown_recovery_40,40% Drawdown Recovery,5,2,40.0,11.76,3.43,5.91,8.1,1.37,-0.74,-28.89,False
EZA,South Africa,4,drawdown_recovery_40,40% Drawdown Recovery,4,3,75.0,30.06,9.4,12.28,12.23,11.38,9.02,-28.89,False
EZA,South Africa,5,drawdown_recovery_40,40% Drawdown Recovery,4,4,100.0,51.01,16.52,18.52,18.53,15.98,12.49,-28.89,False
EZA,South Africa,6,drawdown_recovery_40,40% Drawdown Recovery,4,3,75.0,30.06,9.4,16.1,17.18,13.03,9.83,-28.89,False
EZA,South Africa,7,drawdown_recovery_40,40% Drawdown Recovery,4,4,100.0,51.01,16.52,27.37,25.76,19.4,12.21,-28.89,False
EZA,South Africa,8,drawdown_recovery_40,40% Drawdown Recovery,3,3,100.0,43.85,12.93,36.91,32.1,28.52,20.13,-28.89,False
EZA,South Africa,9,drawdown_recovery_40,40% Drawdown Recovery,3,3,100.0,43.85,12.93,40.79,33.99,25.61,10.43,-28.89,False
EZA,South Africa,10,drawdown_recovery_40,40% Drawdown Recovery,3,3,100.0,43.85,12.93,34.11,35.96,25.08,16.06,-28.89,False
EZA,South Africa,11,drawdown_recovery_40,40% Drawdown Recovery,3,3,100.0,43.85,12.93,45.14,39.38,32.21,19.29,-28.89,False
EZA,South Africa,12,drawdown_recovery_40,40% Drawdown Recovery,3,3,100.0,43.85,12.93,53.1,48.39,38.2,23.31,-28.89,False
EZA,South Africa,1,rsi14_recovery,RSI 14 Recovery,34,7,20.59,10.35,4.54,2.49,2.64,-3.17,-13.27,-15.09,False
EZA,South Africa,2,rsi14_recovery,RSI 14 Recovery,30,7,23.33,11.79,5.17,1.77,2.79,-4.57,-17.08,-23.56,False
EZA,South Africa,3,rsi14_recovery,RSI 14 Recovery,29,9,31.03,17.28,8.17,2.89,1.48,-5.08,-43.67,-54.07,False
EZA,South Africa,4,rsi14_recovery,RSI 14 Recovery,24,8,33.33,17.97,8.18,1.08,0.6,-9.3,-44.63,-54.07,False
EZA,South Africa,5,rsi14_recovery,RSI 14 Recovery,21,8,38.1,20.75,9.43,0.9,3.41,-10.29,-29.86,-54.07,False
EZA,South Africa,6,rsi14_recovery,RSI 14 Recovery,20,8,40.0,21.88,9.93,5.44,5.23,-4.25,-40.32,-54.07,False
EZA,South Africa,7,rsi14_recovery,RSI 14 Recovery,19,10,52.63,31.71,15.4,13.1,9.08,-6.46,-47.4,-54.07,False
EZA,South Africa,8,rsi14_recovery,RSI 14 Recovery,19,7,36.84,19.15,8.34,3.29,7.99,-4.56,-27.72,-54.07,False
EZA,South Africa,9,rsi14_recovery,RSI 14 Recovery,19,9,47.37,27.33,12.85,8.78,7.35,-5.16,-43.12,-54.07,False
EZA,South Africa,10,rsi14_recovery,RSI 14 Recovery,17,8,47.06,26.16,11.84,9.7,10.57,-10.44,-39.04,-54.07,False
EZA,South Africa,11,rsi14_recovery,RSI 14 Recovery,15,7,46.67,24.81,10.74,6.22,11.17,-8.78,-18.23,-50.53,False
EZA,South Africa,12,rsi14_recovery,RSI 14 Recovery,14,5,35.71,16.34,6.37,2.27,9.92,-10.73,-24.13,-50.53,False
EZA,South Africa,1,rsi28_recovery,RSI 28 Recovery,19,4,21.05,8.51,3.12,0.87,1.32,-6.07,-13.27,-13.71,False
EZA,South Africa,2,rsi28_recovery,RSI 28 Recovery,19,2,10.53,2.94,0.88,-1.15,-0.69,-6.6,-15.3,-23.56,False
EZA,South Africa,3,rsi28_recovery,RSI 28 Recovery,18,2,11.11,3.1,0.93,3.31,-0.06,-4.2,-38.81,-54.07,False
EZA,South Africa,4,rsi28_recovery,RSI 28 Recovery,15,4,26.67,10.9,3.98,3.07,0.78,-8.05,-44.63,-54.07,False
EZA,South Africa,5,rsi28_recovery,RSI 28 Recovery,13,4,30.77,12.68,4.61,0.9,1.59,-10.56,-29.86,-54.07,False
EZA,South Africa,6,rsi28_recovery,RSI 28 Recovery,13,6,46.15,23.21,9.54,4.62,3.77,-2.45,-40.32,-54.07,False
EZA,South Africa,7,rsi28_recovery,RSI 28 Recovery,13,5,38.46,17.71,6.89,-0.57,2.55,-7.7,-47.4,-54.07,False
EZA,South Africa,8,rsi28_recovery,RSI 28 Recovery,13,5,38.46,17.71,6.89,2.32,5.53,-6.3,-27.72,-54.07,False
EZA,South Africa,9,rsi28_recovery,RSI 28 Recovery,12,3,25.0,8.89,2.97,-5.16,1.13,-9.47,-43.12,-54.07,False
EZA,South Africa,10,rsi28_recovery,RSI 28 Recovery,12,4,33.33,13.81,5.01,-2.0,3.8,-11.05,-39.04,-54.07,False
EZA,South Africa,11,rsi28_recovery,RSI 28 Recovery,11,4,36.36,15.17,5.49,-4.18,7.36,-8.85,-18.23,-50.53,False
EZA,South Africa,12,rsi28_recovery,RSI 28 Recovery,11,4,36.36,15.17,5.49,-3.22,8.5,-12.41,-24.13,-50.53,False
EZA,South Africa,1,bollinger_recovery,Bollinger Recovery,20,5,25.0,11.19,4.4,2.42,2.66,-5.99,-10.58,-15.03,False
EZA,South Africa,2,bollinger_recovery,Bollinger Recovery,19,6,31.58,15.36,6.38,1.87,3.18,-5.86,-15.3,-23.56,False
EZA,South Africa,3,bollinger_recovery,Bollinger Recovery,19,4,21.05,8.51,3.12,2.65,1.72,-6.74,-38.81,-54.07,False
EZA,South Africa,4,bollinger_recovery,Bollinger Recovery,17,5,29.41,13.28,5.2,3.07,2.22,-6.94,-44.63,-54.07,False
EZA,South Africa,5,bollinger_recovery,Bollinger Recovery,17,6,35.29,17.31,7.17,3.24,7.26,0.8,-29.86,-54.07,False
EZA,South Africa,6,bollinger_recovery,Bollinger Recovery,17,8,47.06,26.16,11.84,9.8,11.34,3.19,-40.32,-54.07,False
EZA,South Africa,7,bollinger_recovery,Bollinger Recovery,17,9,52.94,30.96,14.52,12.17,11.24,-5.21,-47.4,-54.07,False
EZA,South Africa,8,bollinger_recovery,Bollinger Recovery,16,6,37.5,18.48,7.64,3.35,10.43,-5.33,-27.72,-54.07,False
EZA,South Africa,9,bollinger_recovery,Bollinger Recovery,14,6,42.86,21.38,8.81,0.17,10.0,-7.16,-43.12,-54.07,False
EZA,South Africa,10,bollinger_recovery,Bollinger Recovery,14,6,42.86,21.38,8.81,4.81,12.76,-12.23,-39.04,-54.07,False
EZA,South Africa,11,bollinger_recovery,Bollinger Recovery,12,6,50.0,25.38,10.39,11.45,16.63,-7.15,-14.8,-54.07,False
EZA,South Africa,12,bollinger_recovery,Bollinger Recovery,12,6,50.0,25.38,10.39,13.42,17.38,-8.35,-17.53,-54.07,False
EZA,South Africa,1,low_vol_trend,Low-Volatility Trend,0,0,0.0,0.0,0.0,,,,,,False
EZA,South Africa,2,low_vol_trend,Low-Volatility Trend,0,0,0.0,0.0,0.0,,,,,,False
EZA,South Africa,3,low_vol_trend,Low-Volatility Trend,0,0,0.0,0.0,0.0,,,,,,False
EZA,South Africa,4,low_vol_trend,Low-Volatility Trend,0,0,0.0,0.0,0.0,,,,,,False
EZA,South Africa,5,low_vol_trend,Low-Volatility Trend,0,0,0.0,0.0,0.0,,,,,,False
EZA,South Africa,6,low_vol_trend,Low-Volatility Trend,0,0,0.0,0.0,0.0,,,,,,False
EZA,South Africa,7,low_vol_trend,Low-Volatility Trend,0,0,0.0,0.0,0.0,,,,,,False
EZA,South Africa,8,low_vol_trend,Low-Volatility Trend,0,0,0.0,0.0,0.0,,,,,,False
EZA,South Africa,9,low_vol_trend,Low-Volatility Trend,0,0,0.0,0.0,0.0,,,,,,False
EZA,South Africa,10,low_vol_trend,Low-Volatility Trend,0,0,0.0,0.0,0.0,,,,,,False
EZA,South Africa,11,low_vol_trend,Low-Volatility Trend,0,0,0.0,0.0,0.0,,,,,,False
EZA,South Africa,12,low_vol_trend,Low-Volatility Trend,0,0,0.0,0.0,0.0,,,,,,False
EZA,South Africa,1,vol_contraction_trend,Volatility Contraction Trend,27,2,7.41,2.06,0.62,2.33,0.88,-2.31,-12.51,-15.94,False
EZA,South Africa,2,vol_contraction_trend,Volatility Contraction Trend,21,1,4.76,0.85,0.22,0.35,-0.61,-5.0,-11.73,-17.7,False
EZA,South Africa,3,vol_contraction_trend,Volatility Contraction Trend,18,5,27.78,12.5,4.9,6.57,3.81,-4.66,-18.03,-22.97,False
EZA,South Africa,4,vol_contraction_trend,Volatility Contraction Trend,18,7,38.89,20.3,8.83,4.69,4.74,-6.66,-30.44,-30.47,False
EZA,South Africa,5,vol_contraction_trend,Volatility Contraction Trend,16,6,37.5,18.48,7.64,1.65,3.16,-6.56,-44.54,-57.96,False
EZA,South Africa,6,vol_contraction_trend,Volatility Contraction Trend,16,5,31.25,14.16,5.54,2.13,1.37,-8.03,-47.44,-57.96,False
EZA,South Africa,7,vol_contraction_trend,Volatility Contraction Trend,16,7,43.75,23.1,10.01,4.2,4.27,-8.09,-34.07,-57.96,False
EZA,South Africa,8,vol_contraction_trend,Volatility Contraction Trend,13,5,38.46,17.71,6.89,-0.44,4.95,-3.49,-22.9,-29.56,False
EZA,South Africa,9,vol_contraction_trend,Volatility Contraction Trend,13,6,46.15,23.21,9.54,3.33,9.1,-7.63,-19.27,-29.56,False
EZA,South Africa,10,vol_contraction_trend,Volatility Contraction Trend,13,5,38.46,17.71,6.89,5.06,7.4,-4.59,-33.1,-57.96,False
EZA,South Africa,11,vol_contraction_trend,Volatility Contraction Trend,13,5,38.46,17.71,6.89,6.19,7.04,-1.21,-25.81,-57.96,False
EZA,South Africa,12,vol_contraction_trend,Volatility Contraction Trend,12,7,58.33,31.95,13.71,10.69,10.01,-2.31,-17.87,-57.96,False
EZA,South Africa,1,breadth_trend,Broad-Market Trend,117,10,8.55,4.71,2.31,1.21,0.8,-4.12,-12.51,-15.97,False
EZA,South Africa,2,breadth_trend,Broad-Market Trend,68,12,17.65,10.39,5.36,-0.68,0.74,-6.65,-20.58,-23.31,False
EZA,South Africa,3,breadth_trend,Broad-Market Trend,54,12,22.22,13.2,6.81,0.27,0.74,-5.54,-43.67,-50.53,False
EZA,South Africa,4,breadth_trend,Broad-Market Trend,41,11,26.83,15.69,7.9,0.2,1.94,-6.89,-36.96,-50.53,False
EZA,South Africa,5,breadth_trend,Broad-Market Trend,36,16,44.44,29.54,16.58,4.72,4.21,-5.63,-44.54,-57.96,False
EZA,South Africa,6,breadth_trend,Broad-Market Trend,30,10,33.33,19.23,9.39,3.27,4.18,-7.69,-24.69,-50.53,False
EZA,South Africa,7,breadth_trend,Broad-Market Trend,28,13,46.43,29.53,15.6,7.16,4.9,-6.91,-34.07,-57.96,False
EZA,South Africa,8,breadth_trend,Broad-Market Trend,27,10,37.04,21.53,10.51,5.65,5.52,-1.21,-45.28,-57.96,False
EZA,South Africa,9,breadth_trend,Broad-Market Trend,22,11,50.0,30.72,15.4,7.29,8.27,-7.68,-22.12,-31.89,False
EZA,South Africa,10,breadth_trend,Broad-Market Trend,21,10,47.62,28.34,13.79,6.17,7.57,-7.65,-33.1,-57.96,False
EZA,South Africa,11,breadth_trend,Broad-Market Trend,18,10,55.56,33.72,16.36,14.89,8.55,-7.46,-42.44,-51.81,False
EZA,South Africa,12,breadth_trend,Broad-Market Trend,16,8,50.0,28.0,12.65,8.95,4.87,-7.35,-51.88,-62.6,False
INDA,India,1,buy_hold,Buy & Hold Benchmark,120,4,3.33,1.3,0.48,0.64,0.94,-2.09,-15.7,-16.64,False
INDA,India,2,buy_hold,Buy & Hold Benchmark,64,7,10.94,5.4,2.38,1.23,0.85,-3.86,-30.56,-42.56,False
INDA,India,3,buy_hold,Buy & Hold Benchmark,48,7,14.58,7.25,3.19,1.99,2.02,-1.97,-21.96,-42.56,False
INDA,India,4,buy_hold,Buy & Hold Benchmark,35,7,20.0,10.04,4.41,2.89,2.18,-5.21,-14.24,-36.02,False
INDA,India,5,buy_hold,Buy & Hold Benchmark,28,8,28.57,15.25,6.96,3.95,3.75,-4.69,-19.02,-43.34,False
INDA,India,6,buy_hold,Buy & Hold Benchmark,24,6,25.0,12.0,5.0,1.26,3.96,-3.6,-12.71,-43.34,False
INDA,India,7,buy_hold,Buy & Hold Benchmark,21,7,33.33,17.19,7.5,0.88,3.13,-7.17,-29.87,-43.34,False
INDA,India,8,buy_hold,Buy & Hold Benchmark,18,5,27.78,12.5,4.9,0.72,3.93,-3.74,-8.44,-43.34,False
INDA,India,9,buy_hold,Buy & Hold Benchmark,16,7,43.75,23.1,10.01,4.59,6.62,-3.03,-14.18,-42.56,False
INDA,India,10,buy_hold,Buy & Hold Benchmark,15,5,33.33,15.18,5.93,2.7,8.41,-2.98,-13.91,-43.34,False
INDA,India,11,buy_hold,Buy & Hold Benchmark,13,7,53.85,29.14,12.55,10.68,9.39,-6.59,-26.25,-43.34,False
INDA,India,12,buy_hold,Buy & Hold Benchmark,12,4,33.33,13.81,5.01,3.89,9.14,-1.15,-11.43,-43.34,False
INDA,India,1,trend_price_sma100,Price above SMA 100,77,3,3.9,1.33,0.45,0.38,0.46,-1.63,-12.3,-14.62,False
INDA,India,2,trend_price_sma100,Price above SMA 100,46,3,6.52,2.24,0.76,1.33,1.09,-3.04,-13.84,-17.15,False
INDA,India,3,trend_price_sma100,Price above SMA 100,35,5,14.29,6.26,2.48,-0.4,0.98,-3.18,-21.96,-42.56,False
INDA,India,4,trend_price_sma100,Price above SMA 100,27,4,14.81,5.92,2.18,4.52,3.16,-7.02,-13.11,-18.93,False
INDA,India,5,trend_price_sma100,Price above SMA 100,25,9,36.0,20.25,9.56,5.92,2.51,-5.75,-23.39,-43.34,False
INDA,India,6,trend_price_sma100,Price above SMA 100,19,4,21.05,8.51,3.12,5.26,3.52,-3.82,-24.16,-43.34,False
INDA,India,7,trend_price_sma100,Price above SMA 100,18,6,33.33,16.28,6.75,-0.27,3.43,-8.49,-19.62,-43.34,False
INDA,India,8,trend_price_sma100,Price above SMA 100,16,5,31.25,14.16,5.54,0.72,5.39,-4.21,-11.71,-43.34,False
INDA,India,9,trend_price_sma100,Price above SMA 100,14,4,28.57,11.72,4.27,-0.2,3.76,-5.88,-12.99,-43.34,False
INDA,India,10,trend_price_sma100,Price above SMA 100,13,5,38.46,17.71,6.89,2.86,4.41,-4.94,-38.99,-43.34,False
INDA,India,11,trend_price_sma100,Price above SMA 100,11,4,36.36,15.17,5.49,2.28,9.27,-1.61,-6.14,-43.34,False
INDA,India,12,trend_price_sma100,Price above SMA 100,11,4,36.36,15.17,5.49,2.8,8.83,-7.85,-10.15,-43.34,False
INDA,India,1,trend_price_sma200,Price above SMA 200,71,3,4.23,1.45,0.49,0.66,0.88,-1.99,-12.3,-14.62,False
INDA,India,2,trend_price_sma200,Price above SMA 200,42,2,4.76,1.32,0.4,0.72,0.14,-4.45,-30.56,-42.56,False
INDA,India,3,trend_price_sma200,Price above SMA 200,34,6,17.65,8.35,3.49,2.9,1.28,-4.07,-35.71,-43.34,False
INDA,India,4,trend_price_sma200,Price above SMA 200,28,4,14.29,5.7,2.1,3.01,0.89,-5.38,-16.26,-42.56,False
INDA,India,5,trend_price_sma200,Price above SMA 200,23,6,26.09,12.55,5.23,5.31,2.82,-5.7,-23.39,-43.34,False
INDA,India,6,trend_price_sma200,Price above SMA 200,18,7,38.89,20.3,8.83,-0.37,3.31,-7.02,-31.92,-43.34,False
INDA,India,7,trend_price_sma200,Price above SMA 200,18,6,33.33,16.28,6.75,-0.49,3.15,-8.24,-19.62,-43.34,False
INDA,India,8,trend_price_sma200,Price above SMA 200,15,4,26.67,10.9,3.98,0.19,5.18,-3.25,-11.71,-43.34,False
INDA,India,9,trend_price_sma200,Price above SMA 200,13,4,30.77,12.68,4.61,0.96,4.92,-8.02,-12.96,-43.34,False
INDA,India,10,trend_price_sma200,Price above SMA 200,13,5,38.46,17.71,6.89,0.04,8.39,-2.75,-15.22,-43.34,False
INDA,India,11,trend_price_sma200,Price above SMA 200,11,4,36.36,15.17,5.49,2.28,9.14,-4.02,-11.74,-43.34,False
INDA,India,12,trend_price_sma200,Price above SMA 200,11,4,36.36,15.17,5.49,3.97,8.42,-4.27,-11.43,-43.34,False
INDA,India,1,trend,SMA 50/200 + Momentum,34,1,2.94,0.52,0.13,0.57,0.48,-2.05,-7.4,-7.95,False
INDA,India,2,trend,SMA 50/200 + Momentum,20,0,0.0,0.0,0.0,0.72,-0.19,-5.37,-11.98,-13.84,False
INDA,India,3,trend,SMA 50/200 + Momentum,16,3,18.75,6.59,2.21,2.46,2.4,-2.01,-9.35,-13.5,False
INDA,India,4,trend,SMA 50/200 + Momentum,12,3,25.0,8.89,2.97,1.85,2.08,-3.42,-9.06,-15.5,False
INDA,India,5,trend,SMA 50/200 + Momentum,12,4,33.33,13.81,5.01,2.32,2.7,-3.9,-8.4,-17.15,False
INDA,India,6,trend,SMA 50/200 + Momentum,10,4,40.0,16.82,6.07,3.38,4.5,-3.25,-9.66,-15.5,False
INDA,India,7,trend,SMA 50/200 + Momentum,9,3,33.33,12.06,3.99,0.55,3.45,-1.95,-13.6,-18.67,False
INDA,India,8,trend,SMA 50/200 + Momentum,9,4,44.44,18.88,6.78,8.25,4.81,-4.58,-14.21,-20.13,False
INDA,India,9,trend,SMA 50/200 + Momentum,8,4,50.0,21.52,7.68,4.99,1.73,-10.27,-32.31,-43.34,False
INDA,India,10,trend,SMA 50/200 + Momentum,8,4,50.0,21.52,7.68,4.09,2.54,-10.61,-26.38,-43.34,False
INDA,India,11,trend,SMA 50/200 + Momentum,8,4,50.0,21.52,7.68,3.28,2.73,-14.17,-21.99,-43.34,False
INDA,India,12,trend,SMA 50/200 + Momentum,7,4,57.14,25.05,8.86,10.41,8.73,1.12,-18.29,-43.34,False
INDA,India,1,trend_sma100_200,SMA 100/200,54,3,5.56,1.91,0.65,0.79,1.42,-1.86,-8.72,-11.82,False
INDA,India,2,trend_sma100_200,SMA 100/200,31,2,6.45,1.79,0.54,1.27,-0.05,-4.92,-30.56,-42.56,False
INDA,India,3,trend_sma100_200,SMA 100/200,25,4,16.0,6.4,2.36,3.97,2.92,-1.87,-21.96,-42.56,False
INDA,India,4,trend_sma100_200,SMA 100/200,19,4,21.05,8.51,3.12,5.22,2.56,-7.96,-16.26,-42.56,False
INDA,India,5,trend_sma100_200,SMA 100/200,17,5,29.41,13.28,5.2,-0.25,2.38,-6.74,-14.05,-17.16,False
INDA,India,6,trend_sma100_200,SMA 100/200,15,6,40.0,19.82,8.18,-1.33,4.61,-5.06,-12.21,-42.56,False
INDA,India,7,trend_sma100_200,SMA 100/200,14,4,28.57,11.72,4.27,0.29,4.57,-2.39,-11.57,-42.56,False
INDA,India,8,trend_sma100_200,SMA 100/200,12,5,41.67,19.33,7.5,5.21,8.16,-2.15,-8.14,-42.56,False
INDA,India,9,trend_sma100_200,SMA 100/200,12,4,33.33,13.81,5.01,-0.31,5.63,-6.6,-12.15,-42.56,False
INDA,India,10,trend_sma100_200,SMA 100/200,10,4,40.0,16.82,6.07,2.28,7.67,-4.62,-8.68,-20.13,False
INDA,India,11,trend_sma100_200,SMA 100/200,9,4,44.44,18.88,6.78,3.58,7.47,-5.89,-31.31,-43.34,False
INDA,India,12,trend_sma100_200,SMA 100/200,9,4,44.44,18.88,6.78,3.47,8.76,-11.43,-22.92,-43.34,False
INDA,India,1,trend_ema50_200,EMA 50/200,67,3,4.48,1.53,0.52,0.66,0.73,-2.06,-12.3,-14.62,False
INDA,India,2,trend_ema50_200,EMA 50/200,40,1,2.5,0.44,0.11,0.07,-0.67,-4.8,-30.56,-42.56,False
INDA,India,3,trend_ema50_200,EMA 50/200,32,5,15.62,6.86,2.71,0.82,1.01,-4.54,-15.37,-18.93,False
INDA,India,4,trend_ema50_200,EMA 50/200,26,5,19.23,8.51,3.36,-0.42,-0.76,-6.64,-34.03,-43.34,False
INDA,India,5,trend_ema50_200,EMA 50/200,22,5,22.73,10.12,3.98,-0.83,0.16,-7.68,-23.39,-43.34,False
INDA,India,6,trend_ema50_200,EMA 50/200,18,7,38.89,20.3,8.83,-0.45,3.43,-5.1,-16.9,-43.34,False
INDA,India,7,trend_ema50_200,EMA 50/200,18,5,27.78,12.5,4.9,0.25,2.67,-8.04,-15.25,-43.34,False
INDA,India,8,trend_ema50_200,EMA 50/200,15,4,26.67,10.9,3.98,1.84,5.38,-3.21,-11.71,-42.56,False
INDA,India,9,trend_ema50_200,EMA 50/200,13,5,38.46,17.71,6.89,-0.4,5.31,-7.87,-12.96,-43.34,False
INDA,India,10,trend_ema50_200,EMA 50/200,13,5,38.46,17.71,6.89,0.04,5.89,-3.13,-15.22,-42.56,False
INDA,India,11,trend_ema50_200,EMA 50/200,11,4,36.36,15.17,5.49,2.28,9.3,-6.08,-11.95,-43.34,False
INDA,India,12,trend_ema50_200,EMA 50/200,11,4,36.36,15.17,5.49,5.01,7.84,-1.21,-10.49,-43.34,False
INDA,India,1,trend_ema100_200,EMA 100/200,63,2,3.17,0.87,0.26,0.49,0.6,-1.99,-12.3,-14.62,False
INDA,India,2,trend_ema100_200,EMA 100/200,36,0,0.0,0.0,0.0,0.07,-0.88,-4.8,-30.56,-42.56,False
INDA,India,3,trend_ema100_200,EMA 100/200,29,4,13.79,5.5,2.03,0.13,1.3,-2.89,-15.37,-18.93,False
INDA,India,4,trend_ema100_200,EMA 100/200,24,6,25.0,12.0,5.0,1.01,0.23,-6.42,-34.03,-43.34,False
INDA,India,5,trend_ema100_200,EMA 100/200,21,5,23.81,10.63,4.18,-0.65,-0.07,-8.4,-23.39,-43.34,False
INDA,India,6,trend_ema100_200,EMA 100/200,17,6,35.29,17.31,7.17,-1.31,1.22,-7.21,-17.68,-43.34,False
INDA,India,7,trend_ema100_200,EMA 100/200,17,6,35.29,17.31,7.17,-1.91,1.68,-7.68,-15.25,-43.34,False
INDA,India,8,trend_ema100_200,EMA 100/200,15,4,26.67,10.9,3.98,2.17,4.45,-3.89,-11.71,-42.56,False
INDA,India,9,trend_ema100_200,EMA 100/200,12,4,33.33,13.81,5.01,-1.08,4.64,-2.73,-8.02,-43.34,False
INDA,India,10,trend_ema100_200,EMA 100/200,11,4,36.36,15.17,5.49,2.86,1.52,-11.58,-38.99,-43.34,False
INDA,India,11,trend_ema100_200,EMA 100/200,11,4,36.36,15.17,5.49,2.28,5.82,-6.81,-21.99,-43.34,False
INDA,India,12,trend_ema100_200,EMA 100/200,10,4,40.0,16.82,6.07,6.07,7.73,-5.25,-15.37,-43.34,False
INDA,India,1,trend_triple_ma,Triple Moving Average,37,0,0.0,0.0,0.0,0.27,-0.44,-3.41,-7.4,-10.84,False
INDA,India,2,trend_triple_ma,Triple Moving Average,27,0,0.0,0.0,0.0,1.27,0.49,-1.72,-11.98,-13.5,False
INDA,India,3,trend_triple_ma,Triple Moving Average,23,4,17.39,6.98,2.57,1.97,0.45,-4.26,-35.71,-43.34,False
INDA,India,4,trend_triple_ma,Triple Moving Average,18,5,27.78,12.5,4.9,3.08,2.01,-3.47,-25.34,-43.34,False
INDA,India,5,trend_triple_ma,Triple Moving Average,15,4,26.67,10.9,3.98,-1.01,1.89,-4.67,-19.02,-43.34,False
INDA,India,6,trend_triple_ma,Triple Moving Average,13,4,30.77,12.68,4.61,4.01,4.63,-4.61,-12.71,-43.34,False
INDA,India,7,trend_triple_ma,Triple Moving Average,13,5,38.46,17.71,6.89,4.75,6.04,-1.91,-10.45,-43.34,False
INDA,India,8,trend_triple_ma,Triple Moving Average,12,3,25.0,8.89,2.97,1.49,6.49,-4.03,-8.86,-43.34,False
INDA,India,9,trend_triple_ma,Triple Moving Average,12,5,41.67,19.33,7.5,-1.29,3.84,-9.14,-16.45,-43.34,False
INDA,India,10,trend_triple_ma,Triple Moving Average,10,4,40.0,16.82,6.07,0.86,5.57,-9.4,-14.14,-20.13,False
INDA,India,11,trend_triple_ma,Triple Moving Average,10,4,40.0,16.82,6.07,2.87,6.87,-8.39,-17.0,-22.67,False
INDA,India,12,trend_triple_ma,Triple Moving Average,9,4,44.44,18.88,6.78,3.47,5.98,-6.6,-31.71,-43.34,False
INDA,India,1,trend_breakout_100,100-Day Range Breakout,14,0,0.0,0.0,0.0,0.01,0.02,-1.18,-3.95,-7.17,False
INDA,India,2,trend_breakout_100,100-Day Range Breakout,13,0,0.0,0.0,0.0,1.18,-0.56,-4.64,-13.14,-13.04,False
INDA,India,3,trend_breakout_100,100-Day Range Breakout,12,2,16.67,4.7,1.4,-0.32,-0.18,-5.01,-15.37,-18.93,False
INDA,India,4,trend_breakout_100,100-Day Range Breakout,11,3,27.27,9.75,3.25,-2.48,-0.15,-7.3,-9.06,-18.93,False
INDA,India,5,trend_breakout_100,100-Day Range Breakout,10,2,20.0,5.67,1.69,-3.75,-0.01,-6.49,-8.4,-18.93,False
INDA,India,6,trend_breakout_100,100-Day Range Breakout,10,2,20.0,5.67,1.69,-4.15,-2.23,-7.53,-18.88,-19.95,False
INDA,India,7,trend_breakout_100,100-Day Range Breakout,10,3,30.0,10.78,3.58,-0.38,0.37,-7.63,-15.32,-20.13,False
INDA,India,8,trend_breakout_100,100-Day Range Breakout,9,3,33.33,12.06,3.99,1.24,3.86,-6.09,-14.21,-20.13,False
INDA,India,9,trend_breakout_100,100-Day Range Breakout,8,4,50.0,21.52,7.68,4.97,3.69,-6.21,-17.48,-20.13,False
INDA,India,10,trend_breakout_100,100-Day Range Breakout,8,4,50.0,21.52,7.68,5.13,2.05,-7.24,-38.99,-43.34,False
INDA,India,11,trend_breakout_100,100-Day Range Breakout,8,4,50.0,21.52,7.68,4.6,2.51,-12.04,-26.25,-43.34,False
INDA,India,12,trend_breakout_100,100-Day Range Breakout,7,4,57.14,25.05,8.86,18.54,7.57,-9.36,-20.0,-43.34,False
INDA,India,1,trend_breakout_200,200-Day Range Breakout,13,0,0.0,0.0,0.0,-0.01,-0.05,-1.28,-3.95,-7.17,False
INDA,India,2,trend_breakout_200,200-Day Range Breakout,12,0,0.0,0.0,0.0,1.4,-0.01,-1.69,-13.14,-13.04,False
INDA,India,3,trend_breakout_200,200-Day Range Breakout,11,2,18.18,5.14,1.53,-1.49,0.86,-3.23,-13.09,-13.98,False
INDA,India,4,trend_breakout_200,200-Day Range Breakout,10,3,30.0,10.78,3.58,0.87,0.93,-6.72,-9.06,-15.5,False
INDA,India,5,trend_breakout_200,200-Day Range Breakout,9,2,22.22,6.32,1.88,-3.1,0.9,-6.74,-8.4,-15.5,False
INDA,India,6,trend_breakout_200,200-Day Range Breakout,9,2,22.22,6.32,1.88,-3.53,-1.55,-7.61,-18.88,-19.95,False
INDA,India,7,trend_breakout_200,200-Day Range Breakout,9,3,33.33,12.06,3.99,0.55,1.55,-5.74,-15.32,-20.13,False
INDA,India,8,trend_breakout_200,200-Day Range Breakout,8,3,37.5,13.68,4.51,1.33,3.84,-6.73,-14.21,-20.13,False
INDA,India,9,trend_breakout_200,200-Day Range Breakout,8,4,50.0,21.52,7.68,4.97,3.69,-6.21,-17.48,-20.13,False
INDA,India,10,trend_breakout_200,200-Day Range Breakout,8,4,50.0,21.52,7.68,5.13,2.4,-7.24,-38.99,-43.34,False
INDA,India,11,trend_breakout_200,200-Day Range Breakout,8,4,50.0,21.52,7.68,4.6,2.65,-12.04,-26.25,-43.34,False
INDA,India,12,trend_breakout_200,200-Day Range Breakout,7,4,57.14,25.05,8.86,18.54,7.69,-9.36,-20.0,-43.34,False
INDA,India,1,momentum_90,90-Day Absolute Momentum,71,2,2.82,0.78,0.23,0.66,0.85,-1.99,-12.3,-12.32,False
INDA,India,2,momentum_90,90-Day Absolute Momentum,41,1,2.44,0.43,0.11,1.19,-0.01,-3.88,-30.56,-42.56,False
INDA,India,3,momentum_90,90-Day Absolute Momentum,32,4,12.5,4.97,1.83,1.08,1.56,-3.5,-15.37,-18.93,False
INDA,India,4,momentum_90,90-Day Absolute Momentum,26,6,23.08,11.03,4.6,-0.29,1.29,-3.3,-34.03,-43.34,False
INDA,India,5,momentum_90,90-Day Absolute Momentum,23,6,26.09,12.55,5.23,2.17,2.09,-6.25,-23.39,-43.34,False
INDA,India,6,momentum_90,90-Day Absolute Momentum,20,5,25.0,11.19,4.4,-2.09,1.97,-5.76,-16.9,-43.34,False
INDA,India,7,momentum_90,90-Day Absolute Momentum,19,6,31.58,15.36,6.38,-0.06,3.15,-8.21,-15.09,-43.34,False
INDA,India,8,momentum_90,90-Day Absolute Momentum,14,5,35.71,16.34,6.37,6.81,8.36,0.45,-4.63,-43.34,False
INDA,India,9,momentum_90,90-Day Absolute Momentum,13,5,38.46,17.71,6.89,-0.37,5.1,-6.3,-11.37,-18.93,False
INDA,India,10,momentum_90,90-Day Absolute Momentum,13,4,30.77,12.68,4.61,4.65,8.21,-5.16,-12.71,-43.34,False
INDA,India,11,momentum_90,90-Day Absolute Momentum,12,5,41.67,19.33,7.5,4.07,6.97,-6.31,-10.94,-42.56,False
INDA,India,12,momentum_90,90-Day Absolute Momentum,11,4,36.36,15.17,5.49,0.83,7.93,-5.02,-12.04,-20.13,False
INDA,India,1,momentum_180,180-Day Absolute Momentum,70,2,2.86,0.79,0.24,0.64,0.82,-1.86,-12.3,-12.32,False
INDA,India,2,momentum_180,180-Day Absolute Momentum,38,3,7.89,2.72,0.92,1.23,-0.49,-5.51,-30.56,-42.56,False
INDA,India,3,momentum_180,180-Day Absolute Momentum,33,5,15.15,6.65,2.63,1.97,1.06,-4.89,-21.96,-42.56,False
INDA,India,4,momentum_180,180-Day Absolute Momentum,25,5,20.0,8.86,3.49,1.6,2.35,-3.67,-16.26,-42.56,False
INDA,India,5,momentum_180,180-Day Absolute Momentum,22,4,18.18,7.31,2.69,3.75,3.14,-4.43,-11.2,-42.56,False
INDA,India,6,momentum_180,180-Day Absolute Momentum,18,7,38.89,20.3,8.83,-3.6,1.09,-9.5,-31.92,-43.34,False
INDA,India,7,momentum_180,180-Day Absolute Momentum,17,5,29.41,13.28,5.2,-1.91,0.92,-7.61,-19.62,-43.34,False
INDA,India,8,momentum_180,180-Day Absolute Momentum,15,5,33.33,15.18,5.93,2.17,6.29,-3.08,-8.65,-42.56,False
INDA,India,9,momentum_180,180-Day Absolute Momentum,13,4,30.77,12.68,4.61,-0.12,5.32,-5.5,-12.96,-42.56,False
INDA,India,10,momentum_180,180-Day Absolute Momentum,13,6,46.15,23.21,9.54,0.04,7.27,-2.75,-8.52,-42.56,False
INDA,India,11,momentum_180,180-Day Absolute Momentum,12,4,33.33,13.81,5.01,0.24,6.28,-8.68,-17.0,-43.34,False
INDA,India,12,momentum_180,180-Day Absolute Momentum,11,4,36.36,15.17,5.49,3.97,8.04,-1.32,-15.37,-43.34,False
INDA,India,1,momentum_270,270-Day Absolute Momentum,78,2,2.56,0.71,0.21,0.48,0.23,-2.26,-15.7,-16.64,False
INDA,India,2,momentum_270,270-Day Absolute Momentum,44,2,4.55,1.26,0.38,0.15,-0.13,-4.92,-13.84,-17.15,False
INDA,India,3,momentum_270,270-Day Absolute Momentum,37,5,13.51,5.91,2.34,0.78,1.35,-4.12,-21.96,-42.56,False
INDA,India,4,momentum_270,270-Day Absolute Momentum,27,5,18.52,8.18,3.23,2.6,0.67,-3.57,-34.03,-43.34,False
INDA,India,5,momentum_270,270-Day Absolute Momentum,23,4,17.39,6.98,2.57,0.01,0.32,-5.23,-36.35,-43.34,False
INDA,India,6,momentum_270,270-Day Absolute Momentum,19,6,31.58,15.36,6.38,1.57,2.47,-3.16,-24.16,-43.34,False
INDA,India,7,momentum_270,270-Day Absolute Momentum,18,6,33.33,16.28,6.75,2.6,2.68,-7.66,-14.93,-43.34,False
INDA,India,8,momentum_270,270-Day Absolute Momentum,15,6,40.0,19.82,8.18,6.46,5.0,-5.77,-8.44,-43.34,False
INDA,India,9,momentum_270,270-Day Absolute Momentum,15,4,26.67,10.9,3.98,-0.4,3.69,-4.32,-14.18,-43.34,False
INDA,India,10,momentum_270,270-Day Absolute Momentum,13,5,38.46,17.71,6.89,-1.75,2.69,-4.94,-38.99,-43.34,False
INDA,India,11,momentum_270,270-Day Absolute Momentum,12,4,33.33,13.81,5.01,2.1,7.65,-6.44,-10.94,-43.34,False
INDA,India,12,momentum_270,270-Day Absolute Momentum,10,4,40.0,16.82,6.07,0.58,5.72,-6.41,-31.71,-43.34,False
INDA,India,1,momentum_365,365-Day Absolute Momentum,84,1,1.19,0.21,0.05,0.57,0.65,-2.09,-12.3,-14.62,False
INDA,India,2,momentum_365,365-Day Absolute Momentum,47,1,2.13,0.38,0.1,1.27,0.38,-4.41,-13.84,-17.15,False
INDA,India,3,momentum_365,365-Day Absolute Momentum,34,4,11.76,4.67,1.73,1.04,2.18,-1.93,-6.83,-17.15,False
INDA,India,4,momentum_365,365-Day Absolute Momentum,27,5,18.52,8.18,3.23,2.6,2.7,-3.38,-9.95,-15.63,False
INDA,India,5,momentum_365,365-Day Absolute Momentum,24,6,25.0,12.0,5.0,0.09,2.14,-4.01,-23.39,-43.34,False
INDA,India,6,momentum_365,365-Day Absolute Momentum,19,5,26.32,11.81,4.63,2.5,1.32,-8.74,-24.16,-43.34,False
INDA,India,7,momentum_365,365-Day Absolute Momentum,17,5,29.41,13.28,5.2,3.19,4.08,-1.91,-19.62,-43.34,False
INDA,India,8,momentum_365,365-Day Absolute Momentum,15,5,33.33,15.18,5.93,1.24,5.98,-4.36,-8.65,-43.34,False
INDA,India,9,momentum_365,365-Day Absolute Momentum,14,4,28.57,11.72,4.27,2.58,4.72,-7.45,-10.85,-43.34,False
INDA,India,10,momentum_365,365-Day Absolute Momentum,13,4,30.77,12.68,4.61,-0.18,5.87,-7.82,-12.71,-43.34,False
INDA,India,11,momentum_365,365-Day Absolute Momentum,11,4,36.36,15.17,5.49,-2.32,6.42,-7.73,-10.94,-20.13,False
INDA,India,12,momentum_365,365-Day Absolute Momentum,10,4,40.0,16.82,6.07,0.87,6.68,-5.43,-31.71,-43.34,False
INDA,India,1,momentum_dual_90_180,Dual Momentum 90/180,55,1,1.82,0.32,0.08,0.66,0.67,-1.73,-12.3,-12.32,False
INDA,India,2,momentum_dual_90_180,Dual Momentum 90/180,32,0,0.0,0.0,0.0,1.23,-0.97,-6.04,-30.56,-42.56,False
INDA,India,3,momentum_dual_90_180,Dual Momentum 90/180,27,3,11.11,3.85,1.3,0.36,-0.2,-4.69,-21.96,-42.56,False
INDA,India,4,momentum_dual_90_180,Dual Momentum 90/180,21,5,23.81,10.63,4.18,-0.01,1.69,-3.67,-16.26,-42.56,False
INDA,India,5,momentum_dual_90_180,Dual Momentum 90/180,19,4,21.05,8.51,3.12,4.91,2.07,-6.25,-13.3,-42.56,False
INDA,India,6,momentum_dual_90_180,Dual Momentum 90/180,16,6,37.5,18.48,7.64,-1.06,1.99,-7.23,-15.32,-42.56,False
INDA,India,7,momentum_dual_90_180,Dual Momentum 90/180,16,4,25.0,10.18,3.72,-0.12,2.41,-3.38,-13.6,-42.56,False
INDA,India,8,momentum_dual_90_180,Dual Momentum 90/180,14,5,35.71,16.34,6.37,2.7,5.38,-1.86,-8.6,-42.56,False
INDA,India,9,momentum_dual_90_180,Dual Momentum 90/180,12,4,33.33,13.81,5.01,-0.01,3.61,-8.89,-12.96,-42.56,False
INDA,India,10,momentum_dual_90_180,Dual Momentum 90/180,12,6,50.0,25.38,10.39,5.98,6.81,-2.39,-17.21,-42.56,False
INDA,India,11,momentum_dual_90_180,Dual Momentum 90/180,10,5,50.0,23.66,9.1,11.48,8.35,0.38,-21.99,-42.56,False
INDA,India,12,momentum_dual_90_180,Dual Momentum 90/180,10,4,40.0,16.82,6.07,5.89,6.81,-6.58,-15.37,-42.56,False
INDA,India,1,momentum_dual_180_365,Dual Momentum 180/365,58,2,3.45,0.95,0.29,0.9,1.15,-1.21,-12.3,-12.32,False
INDA,India,2,momentum_dual_180_365,Dual Momentum 180/365,32,2,6.25,1.73,0.52,1.23,0.17,-5.37,-13.84,-17.15,False
INDA,India,3,momentum_dual_180_365,Dual Momentum 180/365,27,4,14.81,5.92,2.18,1.3,2.05,-2.24,-15.37,-18.93,False
INDA,India,4,momentum_dual_180_365,Dual Momentum 180/365,22,5,22.73,10.12,3.98,2.1,2.66,-5.48,-10.82,-15.63,False
INDA,India,5,momentum_dual_180_365,Dual Momentum 180/365,19,5,26.32,11.81,4.63,-0.39,0.8,-6.25,-36.35,-43.34,False
INDA,India,6,momentum_dual_180_365,Dual Momentum 180/365,16,6,37.5,18.48,7.64,-1.97,0.83,-11.34,-24.16,-43.34,False
INDA,India,7,momentum_dual_180_365,Dual Momentum 180/365,16,4,25.0,10.18,3.72,-1.41,0.92,-7.36,-19.62,-43.34,False
INDA,India,8,momentum_dual_180_365,Dual Momentum 180/365,13,5,38.46,17.71,6.89,1.24,6.07,-3.76,-8.42,-18.93,False
INDA,India,9,momentum_dual_180_365,Dual Momentum 180/365,12,4,33.33,13.81,5.01,1.1,7.35,-4.74,-9.04,-43.34,False
INDA,India,10,momentum_dual_180_365,Dual Momentum 180/365,11,4,36.36,15.17,5.49,-2.27,6.93,-4.69,-12.71,-22.91,False
INDA,India,11,momentum_dual_180_365,Dual Momentum 180/365,11,4,36.36,15.17,5.49,-5.46,5.82,-9.4,-17.0,-22.67,False
INDA,India,12,momentum_dual_180_365,Dual Momentum 180/365,10,4,40.0,16.82,6.07,1.91,5.26,-3.45,-31.71,-43.34,False
INDA,India,1,momentum_rank_90,Top Relative Momentum 90,37,1,2.7,0.48,0.12,0.75,1.44,-0.85,-12.3,-12.32,False
INDA,India,2,momentum_rank_90,Top Relative Momentum 90,24,1,4.17,0.74,0.19,2.68,1.88,-0.52,-13.84,-17.15,False
INDA,India,3,momentum_rank_90,Top Relative Momentum 90,19,3,15.79,5.52,1.86,2.14,2.19,-3.4,-15.37,-18.93,False
INDA,India,4,momentum_rank_90,Top Relative Momentum 90,16,4,25.0,10.18,3.72,4.08,3.93,-0.7,-8.6,-18.93,False
INDA,India,5,momentum_rank_90,Top Relative Momentum 90,14,4,28.57,11.72,4.27,3.74,4.89,-4.77,-7.01,-18.93,False
INDA,India,6,momentum_rank_90,Top Relative Momentum 90,13,5,38.46,17.71,6.89,-2.88,4.78,-5.26,-9.66,-18.93,False
INDA,India,7,momentum_rank_90,Top Relative Momentum 90,11,5,45.45,21.27,8.22,4.75,8.83,0.07,-8.27,-18.93,False
INDA,India,8,momentum_rank_90,Top Relative Momentum 90,11,3,27.27,9.75,3.25,3.33,8.49,0.45,-5.59,-18.93,False
INDA,India,9,momentum_rank_90,Top Relative Momentum 90,11,5,45.45,21.27,8.22,3.14,7.83,-3.17,-11.37,-18.93,False
INDA,India,10,momentum_rank_90,Top Relative Momentum 90,10,4,40.0,16.82,6.07,4.32,6.24,-9.89,-38.99,-43.34,False
INDA,India,11,momentum_rank_90,Top Relative Momentum 90,9,4,44.44,18.88,6.78,6.0,12.21,2.28,-17.0,-22.67,False
INDA,India,12,momentum_rank_90,Top Relative Momentum 90,8,4,50.0,21.52,7.68,8.83,10.25,-6.22,-22.46,-25.65,False
INDA,India,1,momentum,Top Relative Momentum 180,28,1,3.57,0.63,0.16,0.71,0.56,-0.89,-12.3,-12.32,False
INDA,India,2,momentum,Top Relative Momentum 180,19,2,10.53,2.94,0.88,1.86,0.8,-2.78,-13.84,-17.15,False
INDA,India,3,momentum,Top Relative Momentum 180,14,2,14.29,4.01,1.2,2.14,1.9,-3.18,-7.76,-15.63,False
INDA,India,4,momentum,Top Relative Momentum 180,12,3,25.0,8.89,2.97,-0.71,1.9,-4.63,-10.81,-17.15,False
INDA,India,5,momentum,Top Relative Momentum 180,11,5,45.45,21.27,8.22,8.59,3.83,-6.76,-11.2,-15.63,False
INDA,India,6,momentum,Top Relative Momentum 180,9,2,22.22,6.32,1.88,-1.97,2.87,-5.72,-7.61,-15.63,False
INDA,India,7,momentum,Top Relative Momentum 180,9,3,33.33,12.06,3.99,0.99,5.76,-1.41,-8.75,-17.15,False
INDA,India,8,momentum,Top Relative Momentum 180,9,3,33.33,12.06,3.99,0.16,3.99,-8.4,-9.39,-20.13,False
INDA,India,9,momentum,Top Relative Momentum 180,9,3,33.33,12.06,3.99,-2.79,2.43,-6.98,-32.31,-43.34,False
INDA,India,10,momentum,Top Relative Momentum 180,8,3,37.5,13.68,4.51,-0.34,6.54,-4.49,-18.86,-22.67,False
INDA,India,11,momentum,Top Relative Momentum 180,7,3,42.86,15.82,5.18,3.05,5.86,-7.47,-21.34,-28.1,False
INDA,India,12,momentum,Top Relative Momentum 180,5,3,60.0,23.07,7.39,12.68,11.22,1.23,-7.44,-15.63,False
INDA,India,1,momentum_rank_365,Top Relative Momentum 365,41,0,0.0,0.0,0.0,-0.01,-0.68,-3.84,-12.3,-14.62,False
INDA,India,2,momentum_rank_365,Top Relative Momentum 365,23,0,0.0,0.0,0.0,-1.34,-2.24,-6.12,-13.84,-17.15,False
INDA,India,3,momentum_rank_365,Top Relative Momentum 365,19,1,5.26,0.94,0.24,0.78,-0.33,-4.3,-15.37,-18.93,False
INDA,India,4,momentum_rank_365,Top Relative Momentum 365,16,0,0.0,0.0,0.0,-2.62,-2.7,-8.23,-12.34,-18.93,False
INDA,India,5,momentum_rank_365,Top Relative Momentum 365,14,2,14.29,4.01,1.2,-3.69,-3.96,-10.22,-36.35,-43.34,False
INDA,India,6,momentum_rank_365,Top Relative Momentum 365,13,2,15.38,4.33,1.29,-4.05,-3.03,-7.27,-24.16,-43.34,False
INDA,India,7,momentum_rank_365,Top Relative Momentum 365,11,1,9.09,1.62,0.41,-1.91,-1.97,-7.59,-19.62,-43.34,False
INDA,India,8,momentum_rank_365,Top Relative Momentum 365,9,2,22.22,6.32,1.88,-3.13,-2.47,-14.03,-15.13,-21.03,False
INDA,India,9,momentum_rank_365,Top Relative Momentum 365,9,2,22.22,6.32,1.88,-3.31,-1.46,-8.57,-11.37,-24.29,False
INDA,India,10,momentum_rank_365,Top Relative Momentum 365,9,1,11.11,1.99,0.5,-0.18,-3.42,-7.66,-38.99,-43.34,False
INDA,India,11,momentum_rank_365,Top Relative Momentum 365,9,2,22.22,6.32,1.88,-1.18,1.62,-2.32,-8.79,-43.34,False
INDA,India,12,momentum_rank_365,Top Relative Momentum 365,8,0,0.0,0.0,0.0,-1.82,-1.03,-7.53,-11.67,-43.34,False
INDA,India,1,momentum_composite,Composite Momentum,30,0,0.0,0.0,0.0,0.48,-0.34,-2.08,-12.3,-12.32,False
INDA,India,2,momentum_composite,Composite Momentum,21,0,0.0,0.0,0.0,1.07,-1.51,-7.01,-13.84,-17.15,False
INDA,India,3,momentum_composite,Composite Momentum,17,0,0.0,0.0,0.0,-2.07,-0.4,-3.57,-15.37,-18.93,False
INDA,India,4,momentum_composite,Composite Momentum,14,1,7.14,1.27,0.32,2.2,0.38,-6.3,-10.82,-18.93,False
INDA,India,5,momentum_composite,Composite Momentum,13,3,23.08,8.18,2.74,2.03,1.33,-6.75,-17.35,-18.93,False
INDA,India,6,momentum_composite,Composite Momentum,11,2,18.18,5.14,1.53,-3.45,1.42,-6.23,-7.61,-18.93,False
INDA,India,7,momentum_composite,Composite Momentum,11,3,27.27,9.75,3.25,0.67,1.76,-5.09,-15.09,-19.95,False
INDA,India,8,momentum_composite,Composite Momentum,10,4,40.0,16.82,6.07,0.08,3.43,-7.7,-14.4,-20.13,False
INDA,India,9,momentum_composite,Composite Momentum,10,4,40.0,16.82,6.07,-0.13,4.89,-6.35,-14.18,-22.0,False
INDA,India,10,momentum_composite,Composite Momentum,9,4,44.44,18.88,6.78,2.86,3.87,-2.75,-38.99,-43.34,False
INDA,India,11,momentum_composite,Composite Momentum,7,3,42.86,15.82,5.18,4.46,7.4,-2.27,-7.82,-20.04,False
INDA,India,12,momentum_composite,Composite Momentum,7,3,42.86,15.82,5.18,3.08,8.31,-6.95,-9.4,-18.93,False
INDA,India,1,drawdown_recovery_20,20% Drawdown Recovery,13,0,0.0,0.0,0.0,0.27,1.63,-0.28,-5.48,-8.91,False
INDA,India,2,drawdown_recovery_20,20% Drawdown Recovery,9,2,22.22,6.32,1.88,2.06,3.72,1.18,-4.8,-9.02,False
INDA,India,3,drawdown_recovery_20,20% Drawdown Recovery,8,1,12.5,2.24,0.57,2.99,4.71,-1.53,-1.94,-9.23,False
INDA,India,4,drawdown_recovery_20,20% Drawdown Recovery,6,1,16.67,3.01,0.76,7.34,7.58,3.85,-9.06,-15.5,False
INDA,India,5,drawdown_recovery_20,20% Drawdown Recovery,5,1,20.0,3.62,0.91,7.62,10.12,6.26,-2.64,-9.23,False
INDA,India,6,drawdown_recovery_20,20% Drawdown Recovery,5,2,40.0,11.76,3.43,9.96,10.15,5.26,-4.75,-9.23,False
INDA,India,7,drawdown_recovery_20,20% Drawdown Recovery,5,2,40.0,11.76,3.43,8.11,11.8,8.03,-8.57,-12.65,False
INDA,India,8,drawdown_recovery_20,20% Drawdown Recovery,5,2,40.0,11.76,3.43,-0.27,11.94,-4.13,-8.24,-15.5,False
INDA,India,9,drawdown_recovery_20,20% Drawdown Recovery,5,2,40.0,11.76,3.43,0.46,13.04,-4.07,-4.59,-15.5,False
INDA,India,10,drawdown_recovery_20,20% Drawdown Recovery,5,2,40.0,11.76,3.43,5.8,17.38,0.21,-1.75,-15.5,False
INDA,India,11,drawdown_recovery_20,20% Drawdown Recovery,5,3,60.0,23.07,7.39,10.28,21.26,6.95,1.95,-15.5,False
INDA,India,12,drawdown_recovery_20,20% Drawdown Recovery,4,2,50.0,15.0,4.32,11.91,21.55,4.72,3.56,-15.5,False
INDA,India,1,drawdown_recovery,25% Drawdown Recovery,4,0,0.0,0.0,0.0,7.21,5.59,5.35,0.38,-6.65,False
INDA,India,2,drawdown_recovery,25% Drawdown Recovery,3,2,66.67,20.77,5.83,12.37,9.37,7.38,2.38,-8.6,False
INDA,India,3,drawdown_recovery,25% Drawdown Recovery,3,1,33.33,6.15,1.53,5.81,11.02,5.51,5.2,-8.6,False
INDA,India,4,drawdown_recovery,25% Drawdown Recovery,2,1,50.0,9.45,2.3,18.54,18.54,14.05,9.56,-8.6,False
INDA,India,5,drawdown_recovery,25% Drawdown Recovery,2,1,50.0,9.45,2.3,19.68,19.68,14.82,9.97,-8.6,False
INDA,India,6,drawdown_recovery,25% Drawdown Recovery,2,2,100.0,34.24,9.01,20.15,20.15,15.86,11.57,-8.6,False
INDA,India,7,drawdown_recovery,25% Drawdown Recovery,2,1,50.0,9.45,2.3,23.72,23.72,15.88,8.03,-8.6,False
INDA,India,8,drawdown_recovery,25% Drawdown Recovery,2,1,50.0,9.45,2.3,26.78,26.78,13.26,-0.27,-15.5,False
INDA,India,9,drawdown_recovery,25% Drawdown Recovery,2,1,50.0,9.45,2.3,28.1,28.1,14.28,0.46,-15.5,False
INDA,India,10,drawdown_recovery,25% Drawdown Recovery,2,1,50.0,9.45,2.3,34.06,34.06,19.93,5.8,-15.5,False
INDA,India,11,drawdown_recovery,25% Drawdown Recovery,2,2,100.0,34.24,9.01,36.19,36.19,23.23,10.28,-15.5,False
INDA,India,12,drawdown_recovery,25% Drawdown Recovery,2,2,100.0,34.24,9.01,38.76,38.76,28.74,18.72,-15.5,False
INDA,India,1,drawdown_recovery_30,30% Drawdown Recovery,4,0,0.0,0.0,0.0,7.21,6.85,6.61,5.43,-8.6,False
INDA,India,2,drawdown_recovery_30,30% Drawdown Recovery,2,2,100.0,34.24,9.01,12.87,12.87,12.62,12.37,-8.6,False
INDA,India,3,drawdown_recovery_30,30% Drawdown Recovery,2,1,50.0,9.45,2.3,13.93,13.93,9.87,5.81,-8.6,False
INDA,India,4,drawdown_recovery_30,30% Drawdown Recovery,1,1,100.0,20.65,4.72,27.51,27.51,27.51,27.51,-8.6,False
INDA,India,5,drawdown_recovery_30,30% Drawdown Recovery,1,1,100.0,20.65,4.72,29.39,29.39,29.39,29.39,-8.6,False
INDA,India,6,drawdown_recovery_30,30% Drawdown Recovery,1,1,100.0,20.65,4.72,28.74,28.74,28.74,28.74,-8.6,False
INDA,India,7,drawdown_recovery_30,30% Drawdown Recovery,1,1,100.0,20.65,4.72,39.41,39.41,39.41,39.41,-8.6,False
INDA,India,8,drawdown_recovery_30,30% Drawdown Recovery,1,1,100.0,20.65,4.72,53.84,53.84,53.84,53.84,-8.6,False
INDA,India,9,drawdown_recovery_30,30% Drawdown Recovery,1,1,100.0,20.65,4.72,55.75,55.75,55.75,55.75,-8.6,False
INDA,India,10,drawdown_recovery_30,30% Drawdown Recovery,1,1,100.0,20.65,4.72,62.33,62.33,62.33,62.33,-8.6,False
INDA,India,11,drawdown_recovery_30,30% Drawdown Recovery,1,1,100.0,20.65,4.72,62.1,62.1,62.1,62.1,-8.6,False
INDA,India,12,drawdown_recovery_30,30% Drawdown Recovery,1,1,100.0,20.65,4.72,58.81,58.81,58.81,58.81,-9.73,False
INDA,India,1,drawdown_recovery_40,40% Drawdown Recovery,3,0,0.0,0.0,0.0,7.41,6.8,6.42,5.43,-8.6,False
INDA,India,2,drawdown_recovery_40,40% Drawdown Recovery,2,2,100.0,34.24,9.01,12.87,12.87,12.62,12.37,-8.6,False
INDA,India,3,drawdown_recovery_40,40% Drawdown Recovery,1,1,100.0,20.65,4.72,22.04,22.04,22.04,22.04,-8.6,False
INDA,India,4,drawdown_recovery_40,40% Drawdown Recovery,1,1,100.0,20.65,4.72,27.51,27.51,27.51,27.51,-8.6,False
INDA,India,5,drawdown_recovery_40,40% Drawdown Recovery,1,1,100.0,20.65,4.72,29.39,29.39,29.39,29.39,-8.6,False
INDA,India,6,drawdown_recovery_40,40% Drawdown Recovery,1,1,100.0,20.65,4.72,28.74,28.74,28.74,28.74,-8.6,False
INDA,India,7,drawdown_recovery_40,40% Drawdown Recovery,1,1,100.0,20.65,4.72,39.41,39.41,39.41,39.41,-8.6,False
INDA,India,8,drawdown_recovery_40,40% Drawdown Recovery,1,1,100.0,20.65,4.72,53.84,53.84,53.84,53.84,-8.6,False
INDA,India,9,drawdown_recovery_40,40% Drawdown Recovery,1,1,100.0,20.65,4.72,55.75,55.75,55.75,55.75,-8.6,False
INDA,India,10,drawdown_recovery_40,40% Drawdown Recovery,1,1,100.0,20.65,4.72,62.33,62.33,62.33,62.33,-8.6,False
INDA,India,11,drawdown_recovery_40,40% Drawdown Recovery,1,1,100.0,20.65,4.72,62.1,62.1,62.1,62.1,-8.6,False
INDA,India,12,drawdown_recovery_40,40% Drawdown Recovery,1,1,100.0,20.65,4.72,58.81,58.81,58.81,58.81,-9.73,False
INDA,India,1,rsi14_recovery,RSI 14 Recovery,18,0,0.0,0.0,0.0,0.21,1.3,-1.18,-5.49,-9.09,False
INDA,India,2,rsi14_recovery,RSI 14 Recovery,17,2,11.76,3.29,0.99,2.16,1.59,-3.18,-13.14,-13.04,False
INDA,India,3,rsi14_recovery,RSI 14 Recovery,16,4,25.0,10.18,3.72,7.04,4.47,-0.42,-15.37,-18.93,False
INDA,India,4,rsi14_recovery,RSI 14 Recovery,15,5,33.33,15.18,5.93,3.17,5.03,-0.03,-10.81,-13.98,False
INDA,India,5,rsi14_recovery,RSI 14 Recovery,14,5,35.71,16.34,6.37,4.92,5.96,-2.98,-6.92,-15.02,False
INDA,India,6,rsi14_recovery,RSI 14 Recovery,13,5,38.46,17.71,6.89,4.21,7.2,-4.75,-7.27,-18.93,False
INDA,India,7,rsi14_recovery,RSI 14 Recovery,13,6,46.15,23.21,9.54,9.26,8.71,-5.74,-15.09,-19.95,False
INDA,India,8,rsi14_recovery,RSI 14 Recovery,12,5,41.67,19.33,7.5,7.77,10.79,-5.72,-9.39,-20.13,False
INDA,India,9,rsi14_recovery,RSI 14 Recovery,11,5,45.45,21.27,8.22,5.78,11.95,-2.34,-11.94,-20.13,False
INDA,India,10,rsi14_recovery,RSI 14 Recovery,11,5,45.45,21.27,8.22,4.85,9.93,-3.9,-38.99,-43.34,False
INDA,India,11,rsi14_recovery,RSI 14 Recovery,10,4,40.0,16.82,6.07,2.53,7.78,-0.23,-26.25,-43.34,False
INDA,India,12,rsi14_recovery,RSI 14 Recovery,9,4,44.44,18.88,6.78,3.56,4.08,-12.12,-22.46,-43.34,False
INDA,India,1,rsi28_recovery,RSI 28 Recovery,13,0,0.0,0.0,0.0,-0.18,1.09,-2.4,-7.51,-9.09,False
INDA,India,2,rsi28_recovery,RSI 28 Recovery,13,2,15.38,4.33,1.29,1.1,1.69,-1.42,-13.14,-13.04,False
INDA,India,3,rsi28_recovery,RSI 28 Recovery,12,3,25.0,8.89,2.97,4.26,4.57,-2.31,-13.09,-13.98,False
INDA,India,4,rsi28_recovery,RSI 28 Recovery,11,4,36.36,15.17,5.49,3.18,5.56,-0.03,-9.95,-13.98,False
INDA,India,5,rsi28_recovery,RSI 28 Recovery,10,4,40.0,16.82,6.07,5.87,7.51,1.8,-14.05,-16.49,False
INDA,India,6,rsi28_recovery,RSI 28 Recovery,10,4,40.0,16.82,6.07,8.23,7.33,3.73,-31.92,-43.34,False
INDA,India,7,rsi28_recovery,RSI 28 Recovery,10,4,40.0,16.82,6.07,9.2,10.52,0.66,-20.04,-43.34,False
INDA,India,8,rsi28_recovery,RSI 28 Recovery,9,4,44.44,18.88,6.78,9.21,7.85,-4.13,-14.02,-43.34,False
INDA,India,9,rsi28_recovery,RSI 28 Recovery,8,4,50.0,21.52,7.68,7.19,10.33,-2.43,-9.26,-43.34,False
INDA,India,10,rsi28_recovery,RSI 28 Recovery,8,5,62.5,30.57,11.6,17.93,21.33,4.0,0.21,-17.15,False
INDA,India,11,rsi28_recovery,RSI 28 Recovery,8,4,50.0,21.52,7.68,12.5,19.77,3.36,-0.08,-17.15,False
INDA,India,12,rsi28_recovery,RSI 28 Recovery,8,4,50.0,21.52,7.68,11.63,19.07,1.76,-1.34,-17.15,False
INDA,India,1,bollinger_recovery,Bollinger Recovery,10,0,0.0,0.0,0.0,1.96,1.5,-2.12,-7.51,-7.95,False
INDA,India,2,bollinger_recovery,Bollinger Recovery,10,2,20.0,5.67,1.69,3.34,3.35,0.4,-13.14,-13.04,False
INDA,India,3,bollinger_recovery,Bollinger Recovery,10,3,30.0,10.78,3.58,9.03,6.81,2.29,-13.09,-13.98,False
INDA,India,4,bollinger_recovery,Bollinger Recovery,10,4,40.0,16.82,6.07,3.17,5.37,-1.59,-9.95,-13.98,False
INDA,India,5,bollinger_recovery,Bollinger Recovery,9,4,44.44,18.88,6.78,5.48,6.84,-3.1,-14.05,-16.49,False
INDA,India,6,bollinger_recovery,Bollinger Recovery,9,4,44.44,18.88,6.78,6.51,9.16,-2.88,-5.85,-16.49,False
INDA,India,7,bollinger_recovery,Bollinger Recovery,9,4,44.44,18.88,6.78,9.14,12.03,-1.32,-6.68,-16.49,False
INDA,India,8,bollinger_recovery,Bollinger Recovery,9,4,44.44,18.88,6.78,9.21,13.85,-5.59,-10.82,-16.49,False
INDA,India,9,bollinger_recovery,Bollinger Recovery,8,4,50.0,21.52,7.68,14.56,17.08,2.28,-11.37,-14.31,False
INDA,India,10,bollinger_recovery,Bollinger Recovery,7,5,71.43,35.89,13.45,25.29,18.49,7.42,-38.99,-43.34,False
INDA,India,11,bollinger_recovery,Bollinger Recovery,6,3,50.0,18.76,6.09,11.27,10.45,0.9,-26.25,-43.34,False
INDA,India,12,bollinger_recovery,Bollinger Recovery,6,3,50.0,18.76,6.09,8.4,9.52,-6.79,-20.0,-43.34,False
INDA,India,1,low_vol_trend,Low-Volatility Trend,33,1,3.03,0.54,0.14,0.49,1.13,-1.63,-5.37,-8.74,False
INDA,India,2,low_vol_trend,Low-Volatility Trend,21,0,0.0,0.0,0.0,0.12,0.39,-5.3,-13.84,-17.15,False
INDA,India,3,low_vol_trend,Low-Volatility Trend,16,3,18.75,6.59,2.21,2.98,2.2,-2.39,-11.13,-15.5,False
INDA,India,4,low_vol_trend,Low-Volatility Trend,15,3,20.0,7.05,2.36,4.52,1.99,-5.72,-12.34,-17.15,False
INDA,India,5,low_vol_trend,Low-Volatility Trend,13,4,30.77,12.68,4.61,4.81,3.38,-7.27,-12.99,-17.16,False
INDA,India,6,low_vol_trend,Low-Volatility Trend,10,3,30.0,10.78,3.58,3.36,3.47,-4.05,-14.06,-18.67,False
INDA,India,7,low_vol_trend,Low-Volatility Trend,10,3,30.0,10.78,3.58,-0.07,2.55,-1.71,-13.6,-18.67,False
INDA,India,8,low_vol_trend,Low-Volatility Trend,8,3,37.5,13.68,4.51,1.07,6.53,-2.05,-6.54,-17.15,False
INDA,India,9,low_vol_trend,Low-Volatility Trend,8,2,25.0,7.15,2.12,2.22,5.62,-2.03,-12.15,-18.67,False
INDA,India,10,low_vol_trend,Low-Volatility Trend,8,3,37.5,13.68,4.51,-0.87,7.19,-2.89,-8.08,-18.67,False
INDA,India,11,low_vol_trend,Low-Volatility Trend,7,3,42.86,15.82,5.18,-1.79,10.4,-5.0,-9.47,-20.04,False
INDA,India,12,low_vol_trend,Low-Volatility Trend,7,3,42.86,15.82,5.18,5.01,10.98,1.14,-11.43,-20.04,False
INDA,India,1,vol_contraction_trend,Volatility Contraction Trend,18,1,5.56,0.99,0.25,0.93,1.25,-1.61,-5.83,-8.5,False
INDA,India,2,vol_contraction_trend,Volatility Contraction Trend,14,3,21.43,7.57,2.54,3.09,3.53,-1.14,-6.35,-8.87,False
INDA,India,3,vol_contraction_trend,Volatility Contraction Trend,13,4,30.77,12.68,4.61,4.47,2.67,-6.03,-9.89,-15.5,False
INDA,India,4,vol_contraction_trend,Volatility Contraction Trend,12,4,33.33,13.81,5.01,1.16,0.41,-7.0,-34.03,-43.34,False
INDA,India,5,vol_contraction_trend,Volatility Contraction Trend,12,4,33.33,13.81,5.01,3.82,3.24,-4.41,-23.39,-43.34,False
INDA,India,6,vol_contraction_trend,Volatility Contraction Trend,10,4,40.0,16.82,6.07,5.63,7.26,-0.83,-16.9,-43.34,False
INDA,India,7,vol_contraction_trend,Volatility Contraction Trend,10,4,40.0,16.82,6.07,6.01,8.23,0.28,-12.29,-43.34,False
INDA,India,8,vol_contraction_trend,Volatility Contraction Trend,9,3,33.33,12.06,3.99,4.3,9.45,0.19,-8.86,-43.34,False
INDA,India,9,vol_contraction_trend,Volatility Contraction Trend,8,4,50.0,21.52,7.68,10.24,10.3,-0.92,-16.45,-18.66,False
INDA,India,10,vol_contraction_trend,Volatility Contraction Trend,8,3,37.5,13.68,4.51,7.71,10.67,-8.35,-13.01,-18.67,False
INDA,India,11,vol_contraction_trend,Volatility Contraction Trend,8,4,50.0,21.52,7.68,7.74,7.83,-8.22,-31.31,-43.34,False
INDA,India,12,vol_contraction_trend,Volatility Contraction Trend,6,4,66.67,30.0,10.47,21.41,14.51,-0.73,-22.92,-43.34,False
INDA,India,1,breadth_trend,Broad-Market Trend,58,2,3.45,0.95,0.29,0.79,1.07,-2.07,-7.4,-10.45,False
INDA,India,2,breadth_trend,Broad-Market Trend,35,1,2.86,0.51,0.13,2.06,0.53,-2.91,-30.56,-42.56,False
INDA,India,3,breadth_trend,Broad-Market Trend,28,7,25.0,12.68,5.55,4.09,2.05,-1.52,-35.71,-43.34,False
INDA,India,4,breadth_trend,Broad-Market Trend,23,5,21.74,9.66,3.81,3.57,1.73,-5.18,-16.26,-42.56,False
INDA,India,5,breadth_trend,Broad-Market Trend,19,5,26.32,11.81,4.63,5.42,3.44,-4.59,-17.35,-17.25,False
INDA,India,6,breadth_trend,Broad-Market Trend,17,7,41.18,21.61,9.38,-1.31,2.75,-7.21,-31.92,-43.34,False
INDA,India,7,breadth_trend,Broad-Market Trend,15,6,40.0,19.82,8.18,4.75,5.32,-1.94,-19.62,-43.34,False
INDA,India,8,breadth_trend,Broad-Market Trend,12,5,41.67,19.33,7.5,1.07,7.38,-3.33,-8.12,-43.34,False
INDA,India,9,breadth_trend,Broad-Market Trend,12,4,33.33,13.81,5.01,-0.14,4.98,-7.91,-12.96,-43.34,False
INDA,India,10,breadth_trend,Broad-Market Trend,11,6,54.55,28.01,11.43,11.92,9.35,-2.08,-9.24,-42.56,False
INDA,India,11,breadth_trend,Broad-Market Trend,9,4,44.44,18.88,6.78,6.0,9.8,-4.08,-9.22,-20.04,False
INDA,India,12,breadth_trend,Broad-Market Trend,9,4,44.44,18.88,6.78,5.01,9.06,-1.19,-31.71,-43.34,False
MCHI,China,1,buy_hold,Buy & Hold Benchmark,128,7,5.47,2.67,1.18,0.81,0.42,-4.37,-13.6,-22.8,False
MCHI,China,2,buy_hold,Buy & Hold Benchmark,68,9,13.24,7.12,3.38,1.34,0.45,-6.03,-20.84,-25.67,False
MCHI,China,3,buy_hold,Buy & Hold Benchmark,51,13,25.49,15.55,8.21,0.74,1.45,-5.88,-27.65,-30.61,False
MCHI,China,4,buy_hold,Buy & Hold Benchmark,37,10,27.03,15.4,7.53,2.47,1.22,-5.8,-36.37,-36.49,False
MCHI,China,5,buy_hold,Buy & Hold Benchmark,30,10,33.33,19.23,9.39,1.74,2.25,-8.18,-19.88,-35.82,False
MCHI,China,6,buy_hold,Buy & Hold Benchmark,25,7,28.0,14.28,6.24,6.01,2.21,-8.46,-22.76,-28.91,False
MCHI,China,7,buy_hold,Buy & Hold Benchmark,22,8,36.36,19.73,8.97,6.05,2.93,-14.78,-34.75,-36.66,False
MCHI,China,8,buy_hold,Buy & Hold Benchmark,19,8,42.11,23.14,10.5,7.15,4.7,-5.8,-24.17,-30.61,False
MCHI,China,9,buy_hold,Buy & Hold Benchmark,17,7,41.18,21.61,9.38,-0.01,4.14,-8.96,-26.95,-38.38,False
MCHI,China,10,buy_hold,Buy & Hold Benchmark,15,7,46.67,24.81,10.74,9.3,5.87,-6.73,-26.13,-37.35,False
MCHI,China,11,buy_hold,Buy & Hold Benchmark,14,6,42.86,21.38,8.81,6.83,6.92,-8.98,-30.36,-45.7,False
MCHI,China,12,buy_hold,Buy & Hold Benchmark,13,6,46.15,23.21,9.54,7.67,6.97,-7.12,-27.17,-45.34,False
MCHI,China,1,trend_price_sma100,Price above SMA 100,70,5,7.14,3.09,1.23,1.4,1.04,-3.94,-12.84,-18.95,False
MCHI,China,2,trend_price_sma100,Price above SMA 100,41,8,19.51,10.23,4.68,3.0,1.8,-4.43,-12.77,-22.74,False
MCHI,China,3,trend_price_sma100,Price above SMA 100,32,11,34.38,20.41,10.26,6.1,3.63,-2.26,-23.87,-25.02,False
MCHI,China,4,trend_price_sma100,Price above SMA 100,24,6,25.0,12.0,5.0,4.31,2.53,-2.95,-36.37,-36.49,False
MCHI,China,5,trend_price_sma100,Price above SMA 100,21,5,23.81,10.63,4.18,2.7,3.06,0.68,-30.14,-36.49,False
MCHI,China,6,trend_price_sma100,Price above SMA 100,19,5,26.32,11.81,4.63,4.52,5.55,-4.53,-23.24,-36.49,False
MCHI,China,7,trend_price_sma100,Price above SMA 100,17,7,41.18,21.61,9.38,8.26,7.0,-2.0,-17.67,-36.49,False
MCHI,China,8,trend_price_sma100,Price above SMA 100,15,6,40.0,19.82,8.18,7.15,6.45,-4.61,-15.89,-36.49,False
MCHI,China,9,trend_price_sma100,Price above SMA 100,15,5,33.33,15.18,5.93,3.75,7.56,-8.03,-17.76,-36.49,False
MCHI,China,10,trend_price_sma100,Price above SMA 100,13,6,46.15,23.21,9.54,9.3,7.02,-7.59,-18.83,-36.49,False
MCHI,China,11,trend_price_sma100,Price above SMA 100,12,6,50.0,25.38,10.39,11.95,8.35,-3.02,-21.0,-36.49,False
MCHI,China,12,trend_price_sma100,Price above SMA 100,10,5,50.0,23.66,9.1,8.91,11.68,0.14,-16.66,-36.49,False
MCHI,China,1,trend_price_sma200,Price above SMA 200,77,6,7.79,3.62,1.52,0.9,0.93,-4.34,-12.84,-17.1,False
MCHI,China,2,trend_price_sma200,Price above SMA 200,47,7,14.89,7.41,3.26,1.3,0.74,-4.36,-20.84,-25.67,False
MCHI,China,3,trend_price_sma200,Price above SMA 200,34,10,29.41,16.83,8.23,0.24,1.42,-6.84,-20.19,-25.02,False
MCHI,China,4,trend_price_sma200,Price above SMA 200,27,9,33.33,18.64,8.81,-0.58,1.19,-7.45,-29.68,-34.46,False
MCHI,China,5,trend_price_sma200,Price above SMA 200,24,6,25.0,12.0,5.0,2.25,2.41,-4.06,-19.88,-25.35,False
MCHI,China,6,trend_price_sma200,Price above SMA 200,18,5,27.78,12.5,4.9,6.08,4.91,-6.25,-15.97,-22.9,False
MCHI,China,7,trend_price_sma200,Price above SMA 200,16,7,43.75,23.1,10.01,7.19,4.2,-5.83,-23.71,-28.91,False
MCHI,China,8,trend_price_sma200,Price above SMA 200,15,7,46.67,24.81,10.74,7.15,4.53,-10.49,-22.62,-35.12,False
MCHI,China,9,trend_price_sma200,Price above SMA 200,15,6,40.0,19.82,8.18,3.41,4.16,-13.55,-32.92,-44.28,False
MCHI,China,10,trend_price_sma200,Price above SMA 200,12,6,50.0,25.38,10.39,8.53,8.41,2.16,-23.48,-31.81,False
MCHI,China,11,trend_price_sma200,Price above SMA 200,12,5,41.67,19.33,7.5,8.84,7.15,-2.36,-30.36,-45.7,False
MCHI,China,12,trend_price_sma200,Price above SMA 200,11,6,54.55,28.01,11.43,12.86,7.23,-0.89,-33.45,-45.7,False
MCHI,China,1,trend,SMA 50/200 + Momentum,37,2,5.41,1.5,0.45,0.6,-0.18,-4.85,-12.41,-18.95,False
MCHI,China,2,trend,SMA 50/200 + Momentum,21,2,9.52,2.65,0.8,1.02,-0.26,-7.18,-17.86,-22.9,False
MCHI,China,3,trend,SMA 50/200 + Momentum,19,6,31.58,15.36,6.38,0.87,0.69,-8.97,-26.48,-31.35,False
MCHI,China,4,trend,SMA 50/200 + Momentum,15,3,20.0,7.05,2.36,-0.58,0.48,-7.13,-17.45,-25.77,False
MCHI,China,5,trend,SMA 50/200 + Momentum,14,5,35.71,16.34,6.37,1.28,1.78,-6.87,-30.14,-34.46,False
MCHI,China,6,trend,SMA 50/200 + Momentum,13,5,38.46,17.71,6.89,4.08,4.83,-8.96,-21.72,-31.35,False
MCHI,China,7,trend,SMA 50/200 + Momentum,12,4,33.33,13.81,5.01,3.67,3.35,-10.7,-29.69,-31.62,False
MCHI,China,8,trend,SMA 50/200 + Momentum,10,5,50.0,23.66,9.1,7.39,7.01,0.61,-22.32,-25.35,False
MCHI,China,9,trend,SMA 50/200 + Momentum,10,3,30.0,10.78,3.58,3.85,2.57,-7.31,-22.49,-31.81,False
MCHI,China,10,trend,SMA 50/200 + Momentum,10,3,30.0,10.78,3.58,-2.77,-0.29,-13.88,-23.48,-35.12,False
MCHI,China,11,trend,SMA 50/200 + Momentum,10,3,30.0,10.78,3.58,-1.91,0.64,-20.81,-29.78,-40.31,False
MCHI,China,12,trend,SMA 50/200 + Momentum,8,4,50.0,21.52,7.68,3.07,5.37,-16.06,-30.88,-43.24,False
MCHI,China,1,trend_sma100_200,SMA 100/200,62,4,6.45,2.54,0.94,0.62,0.55,-4.51,-12.84,-17.1,False
MCHI,China,2,trend_sma100_200,SMA 100/200,38,6,15.79,7.44,3.12,-0.11,0.06,-5.09,-20.84,-25.67,False
MCHI,China,3,trend_sma100_200,SMA 100/200,31,9,29.03,16.1,7.62,-1.92,0.93,-7.2,-20.19,-25.02,False
MCHI,China,4,trend_sma100_200,SMA 100/200,21,6,28.57,13.81,5.74,3.68,2.31,-7.28,-26.46,-31.35,False
MCHI,China,5,trend_sma100_200,SMA 100/200,18,7,38.89,20.3,8.83,2.43,3.02,-9.16,-20.35,-22.9,False
MCHI,China,6,trend_sma100_200,SMA 100/200,17,6,35.29,17.31,7.17,2.35,0.51,-14.62,-19.65,-35.12,False
MCHI,China,7,trend_sma100_200,SMA 100/200,15,5,33.33,15.18,5.93,-0.88,2.58,-12.08,-25.44,-34.46,False
MCHI,China,8,trend_sma100_200,SMA 100/200,14,5,35.71,16.34,6.37,3.6,4.19,-14.07,-34.7,-36.84,False
MCHI,China,9,trend_sma100_200,SMA 100/200,13,6,46.15,23.21,9.54,4.54,5.51,-8.96,-22.62,-34.97,False
MCHI,China,10,trend_sma100_200,SMA 100/200,12,4,33.33,13.81,5.01,-0.79,3.27,-9.64,-25.37,-35.12,False
MCHI,China,11,trend_sma100_200,SMA 100/200,11,3,27.27,9.75,3.25,1.23,4.95,-7.75,-29.29,-35.12,False
MCHI,China,12,trend_sma100_200,SMA 100/200,11,4,36.36,15.17,5.49,-3.9,3.72,-8.71,-36.72,-45.7,False
MCHI,China,1,trend_ema50_200,EMA 50/200,65,5,7.69,3.33,1.32,0.6,0.34,-4.54,-12.84,-18.95,False
MCHI,China,2,trend_ema50_200,EMA 50/200,38,4,10.53,4.17,1.54,1.2,-0.16,-6.71,-20.84,-25.67,False
MCHI,China,3,trend_ema50_200,EMA 50/200,31,8,25.81,13.7,6.26,1.36,1.83,-4.08,-20.19,-25.02,False
MCHI,China,4,trend_ema50_200,EMA 50/200,23,6,26.09,12.55,5.23,1.81,2.16,-8.15,-17.45,-25.77,False
MCHI,China,5,trend_ema50_200,EMA 50/200,20,7,35.0,18.12,7.89,3.03,3.76,-5.44,-20.36,-31.35,False
MCHI,China,6,trend_ema50_200,EMA 50/200,17,4,23.53,9.55,3.5,4.19,4.05,-3.47,-15.93,-28.91,False
MCHI,China,7,trend_ema50_200,EMA 50/200,15,4,26.67,10.9,3.98,-0.65,2.97,-7.82,-16.65,-35.12,False
MCHI,China,8,trend_ema50_200,EMA 50/200,15,6,40.0,19.82,8.18,-0.63,3.1,-13.71,-22.62,-35.12,False
MCHI,China,9,trend_ema50_200,EMA 50/200,13,6,46.15,23.21,9.54,3.41,3.62,-8.87,-32.92,-39.94,False
MCHI,China,10,trend_ema50_200,EMA 50/200,12,6,50.0,25.38,10.39,8.53,6.16,-1.91,-23.48,-32.51,False
MCHI,China,11,trend_ema50_200,EMA 50/200,11,3,27.27,9.75,3.25,1.23,5.01,-1.58,-29.78,-36.95,False
MCHI,China,12,trend_ema50_200,EMA 50/200,11,3,27.27,9.75,3.25,-0.33,1.99,-6.7,-38.52,-45.7,False
MCHI,China,1,trend_ema100_200,EMA 100/200,62,4,6.45,2.54,0.94,0.77,0.42,-4.51,-12.84,-18.95,False
MCHI,China,2,trend_ema100_200,EMA 100/200,37,5,13.51,5.91,2.34,1.3,0.43,-4.43,-20.84,-25.67,False
MCHI,China,3,trend_ema100_200,EMA 100/200,29,9,31.03,17.28,8.17,3.51,2.72,-7.07,-20.19,-25.02,False
MCHI,China,4,trend_ema100_200,EMA 100/200,22,6,27.27,13.15,5.47,2.04,2.08,-8.61,-14.1,-25.77,False
MCHI,China,5,trend_ema100_200,EMA 100/200,18,7,38.89,20.3,8.83,3.04,4.34,-4.16,-20.36,-31.35,False
MCHI,China,6,trend_ema100_200,EMA 100/200,16,6,37.5,18.48,7.64,5.17,4.65,-3.51,-21.11,-28.91,False
MCHI,China,7,trend_ema100_200,EMA 100/200,14,5,35.71,16.34,6.37,3.48,4.07,-8.07,-15.37,-35.12,False
MCHI,China,8,trend_ema100_200,EMA 100/200,14,6,42.86,21.38,8.81,6.04,4.83,-7.54,-28.46,-35.12,False
MCHI,China,9,trend_ema100_200,EMA 100/200,12,6,50.0,25.38,10.39,7.94,7.64,-3.71,-32.92,-39.94,False
MCHI,China,10,trend_ema100_200,EMA 100/200,11,4,36.36,15.17,5.49,7.72,9.7,3.77,-16.65,-32.51,False
MCHI,China,11,trend_ema100_200,EMA 100/200,10,3,30.0,10.78,3.58,4.64,8.03,-2.08,-29.29,-35.12,False
MCHI,China,12,trend_ema100_200,EMA 100/200,10,5,50.0,23.66,9.1,4.11,7.25,-4.83,-36.72,-45.7,False
MCHI,China,1,trend_triple_ma,Triple Moving Average,32,3,9.38,3.24,1.1,1.78,1.66,-3.6,-8.71,-18.95,False
MCHI,China,2,trend_triple_ma,Triple Moving Average,22,4,18.18,7.31,2.69,2.25,1.51,-6.65,-12.77,-22.9,False
MCHI,China,3,trend_triple_ma,Triple Moving Average,20,5,25.0,11.19,4.4,1.47,1.3,-8.39,-15.15,-22.9,False
MCHI,China,4,trend_triple_ma,Triple Moving Average,17,5,29.41,13.28,5.2,-2.9,-0.14,-7.46,-29.68,-34.46,False
MCHI,China,5,trend_triple_ma,Triple Moving Average,16,4,25.0,10.18,3.72,1.26,2.55,-5.94,-16.37,-25.35,False
MCHI,China,6,trend_triple_ma,Triple Moving Average,13,3,23.08,8.18,2.74,3.2,0.96,-10.89,-20.36,-35.12,False
MCHI,China,7,trend_triple_ma,Triple Moving Average,13,3,23.08,8.18,2.74,2.66,1.1,-8.87,-17.67,-35.12,False
MCHI,China,8,trend_triple_ma,Triple Moving Average,12,3,25.0,8.89,2.97,4.03,3.88,-2.47,-22.32,-25.77,False
MCHI,China,9,trend_triple_ma,Triple Moving Average,11,3,27.27,9.75,3.25,2.67,2.57,-3.46,-22.49,-35.12,False
MCHI,China,10,trend_triple_ma,Triple Moving Average,10,4,40.0,16.82,6.07,2.69,3.84,-3.74,-23.48,-35.12,False
MCHI,China,11,trend_triple_ma,Triple Moving Average,10,3,30.0,10.78,3.58,1.28,5.42,0.43,-25.18,-35.12,False
MCHI,China,12,trend_triple_ma,Triple Moving Average,9,5,55.56,26.66,10.2,10.05,6.15,-8.3,-30.88,-35.12,False
MCHI,China,1,trend_breakout_100,100-Day Range Breakout,5,0,0.0,0.0,0.0,-0.24,-0.67,-4.15,-4.54,-8.36,False
MCHI,China,2,trend_breakout_100,100-Day Range Breakout,4,0,0.0,0.0,0.0,-6.35,-4.88,-8.58,-12.77,-14.0,False
MCHI,China,3,trend_breakout_100,100-Day Range Breakout,4,0,0.0,0.0,0.0,-8.46,-4.89,-9.38,-11.7,-14.0,False
MCHI,China,4,trend_breakout_100,100-Day Range Breakout,4,0,0.0,0.0,0.0,-6.62,-2.9,-7.32,-7.46,-14.72,False
MCHI,China,5,trend_breakout_100,100-Day Range Breakout,4,1,25.0,4.56,1.14,-10.06,-3.49,-10.73,-10.83,-14.72,False
MCHI,China,6,trend_breakout_100,100-Day Range Breakout,4,1,25.0,4.56,1.14,-9.8,-2.82,-15.66,-18.28,-20.78,False
MCHI,China,7,trend_breakout_100,100-Day Range Breakout,4,1,25.0,4.56,1.14,-6.26,-2.09,-11.84,-12.55,-20.78,False
MCHI,China,8,trend_breakout_100,100-Day Range Breakout,4,1,25.0,4.56,1.14,-1.98,-0.86,-9.61,-12.72,-20.78,False
MCHI,China,9,trend_breakout_100,100-Day Range Breakout,4,1,25.0,4.56,1.14,-0.1,-2.23,-9.0,-21.8,-23.22,False
MCHI,China,10,trend_breakout_100,100-Day Range Breakout,4,1,25.0,4.56,1.14,-2.77,0.14,-5.93,-14.13,-23.22,False
MCHI,China,11,trend_breakout_100,100-Day Range Breakout,3,0,0.0,0.0,0.0,0.03,-2.71,-8.19,-16.42,-23.22,False
MCHI,China,12,trend_breakout_100,100-Day Range Breakout,2,0,0.0,0.0,0.0,1.32,1.32,-1.29,-3.9,-20.78,False
MCHI,China,1,trend_breakout_200,200-Day Range Breakout,5,0,0.0,0.0,0.0,-0.24,-0.67,-4.15,-4.54,-8.36,False
MCHI,China,2,trend_breakout_200,200-Day Range Breakout,4,0,0.0,0.0,0.0,-6.35,-4.88,-8.58,-12.77,-14.0,False
MCHI,China,3,trend_breakout_200,200-Day Range Breakout,4,0,0.0,0.0,0.0,-8.46,-4.89,-9.38,-11.7,-14.0,False
MCHI,China,4,trend_breakout_200,200-Day Range Breakout,4,0,0.0,0.0,0.0,-6.62,-2.9,-7.32,-7.46,-14.72,False
MCHI,China,5,trend_breakout_200,200-Day Range Breakout,4,1,25.0,4.56,1.14,-10.06,-3.49,-10.73,-10.83,-14.72,False
MCHI,China,6,trend_breakout_200,200-Day Range Breakout,4,1,25.0,4.56,1.14,-9.8,-2.82,-15.66,-18.28,-20.78,False
MCHI,China,7,trend_breakout_200,200-Day Range Breakout,4,1,25.0,4.56,1.14,-6.26,-2.09,-11.84,-12.55,-20.78,False
MCHI,China,8,trend_breakout_200,200-Day Range Breakout,4,1,25.0,4.56,1.14,-1.98,-0.86,-9.61,-12.72,-20.78,False
MCHI,China,9,trend_breakout_200,200-Day Range Breakout,4,1,25.0,4.56,1.14,-0.1,-2.23,-9.0,-21.8,-23.22,False
MCHI,China,10,trend_breakout_200,200-Day Range Breakout,4,1,25.0,4.56,1.14,-2.77,0.14,-5.93,-14.13,-23.22,False
MCHI,China,11,trend_breakout_200,200-Day Range Breakout,3,0,0.0,0.0,0.0,0.03,-2.71,-8.19,-16.42,-23.22,False
MCHI,China,12,trend_breakout_200,200-Day Range Breakout,2,0,0.0,0.0,0.0,1.32,1.32,-1.29,-3.9,-20.78,False
MCHI,China,1,momentum_90,90-Day Absolute Momentum,72,5,6.94,3.0,1.19,1.01,0.79,-4.37,-13.14,-17.1,False
MCHI,China,2,momentum_90,90-Day Absolute Momentum,43,7,16.28,8.12,3.57,2.45,0.88,-4.14,-24.68,-27.71,False
MCHI,China,3,momentum_90,90-Day Absolute Momentum,33,11,33.33,19.75,9.93,0.87,1.9,-4.4,-20.19,-27.71,False
MCHI,China,4,momentum_90,90-Day Absolute Momentum,27,8,29.63,15.85,7.23,1.83,2.44,-6.41,-17.45,-27.71,False
MCHI,China,5,momentum_90,90-Day Absolute Momentum,24,8,33.33,17.97,8.18,5.17,3.57,-1.65,-30.14,-34.46,False
MCHI,China,6,momentum_90,90-Day Absolute Momentum,18,5,27.78,12.5,4.9,6.08,5.4,-2.24,-14.62,-27.71,False
MCHI,China,7,momentum_90,90-Day Absolute Momentum,17,5,29.41,13.28,5.2,4.29,5.44,-1.09,-19.91,-31.81,False
MCHI,China,8,momentum_90,90-Day Absolute Momentum,17,8,47.06,26.16,11.84,7.15,4.39,-8.25,-22.62,-35.12,False
MCHI,China,9,momentum_90,90-Day Absolute Momentum,15,6,40.0,19.82,8.18,-2.29,4.09,-10.13,-32.92,-39.94,False
MCHI,China,10,momentum_90,90-Day Absolute Momentum,13,5,38.46,17.71,6.89,6.78,8.04,-1.06,-8.01,-31.81,False
MCHI,China,11,momentum_90,90-Day Absolute Momentum,12,4,33.33,13.81,5.01,7.75,8.78,-0.78,-27.5,-34.94,False
MCHI,China,12,momentum_90,90-Day Absolute Momentum,12,5,41.67,19.33,7.5,4.32,7.86,-3.65,-33.45,-45.7,False
MCHI,China,1,momentum_180,180-Day Absolute Momentum,72,5,6.94,3.0,1.19,0.86,0.64,-4.47,-13.6,-18.78,False
MCHI,China,2,momentum_180,180-Day Absolute Momentum,43,7,16.28,8.12,3.57,1.3,1.06,-5.44,-20.84,-25.67,False
MCHI,China,3,momentum_180,180-Day Absolute Momentum,33,10,30.3,17.38,8.49,3.05,2.44,-5.72,-26.48,-31.35,False
MCHI,China,4,momentum_180,180-Day Absolute Momentum,25,9,36.0,20.25,9.56,5.07,3.78,-7.4,-29.68,-34.46,False
MCHI,China,5,momentum_180,180-Day Absolute Momentum,22,9,40.91,23.26,10.96,2.37,4.01,-6.27,-20.35,-25.67,False
MCHI,China,6,momentum_180,180-Day Absolute Momentum,19,5,26.32,11.81,4.63,3.2,2.84,-6.06,-21.11,-28.91,False
MCHI,China,7,momentum_180,180-Day Absolute Momentum,17,5,29.41,13.28,5.2,7.0,3.73,-5.68,-25.44,-34.46,False
MCHI,China,8,momentum_180,180-Day Absolute Momentum,16,7,43.75,23.1,10.01,8.33,5.15,-5.84,-28.46,-28.94,False
MCHI,China,9,momentum_180,180-Day Absolute Momentum,13,6,46.15,23.21,9.54,4.54,6.58,-2.9,-22.62,-34.97,False
MCHI,China,10,momentum_180,180-Day Absolute Momentum,12,5,41.67,19.33,7.5,3.15,5.39,-6.17,-16.65,-35.12,False
MCHI,China,11,momentum_180,180-Day Absolute Momentum,11,3,27.27,9.75,3.25,1.33,6.22,-5.71,-29.29,-35.12,False
MCHI,China,12,momentum_180,180-Day Absolute Momentum,11,4,36.36,15.17,5.49,-1.83,4.56,-6.11,-36.72,-45.7,False
MCHI,China,1,momentum_270,270-Day Absolute Momentum,71,5,7.04,3.05,1.21,-0.23,-0.07,-4.69,-13.6,-18.95,False
MCHI,China,2,momentum_270,270-Day Absolute Momentum,41,5,12.2,5.32,2.11,1.3,-0.18,-7.18,-20.84,-25.67,False
MCHI,China,3,momentum_270,270-Day Absolute Momentum,32,7,21.88,11.02,4.83,1.46,1.52,-5.36,-26.48,-31.35,False
MCHI,China,4,momentum_270,270-Day Absolute Momentum,25,7,28.0,14.28,6.24,0.49,1.56,-6.98,-26.46,-31.35,False
MCHI,China,5,momentum_270,270-Day Absolute Momentum,21,4,19.05,7.67,2.82,1.07,1.13,-6.24,-19.88,-25.77,False
MCHI,China,6,momentum_270,270-Day Absolute Momentum,17,4,23.53,9.55,3.5,3.2,3.91,-2.24,-15.93,-28.91,False
MCHI,China,7,momentum_270,270-Day Absolute Momentum,16,4,25.0,10.18,3.72,5.06,4.59,-2.91,-25.44,-34.46,False
MCHI,China,8,momentum_270,270-Day Absolute Momentum,14,6,42.86,21.38,8.81,3.56,3.06,-10.69,-22.62,-35.12,False
MCHI,China,9,momentum_270,270-Day Absolute Momentum,13,5,38.46,17.71,6.89,3.75,2.78,-2.13,-30.27,-35.12,False
MCHI,China,10,momentum_270,270-Day Absolute Momentum,12,5,41.67,19.33,7.5,6.64,7.18,-2.4,-23.37,-34.97,False
MCHI,China,11,momentum_270,270-Day Absolute Momentum,11,4,36.36,15.17,5.49,3.87,9.49,-2.67,-9.51,-35.12,False
MCHI,China,12,momentum_270,270-Day Absolute Momentum,9,4,44.44,18.88,6.78,5.97,11.68,-0.33,-13.47,-35.12,False
MCHI,China,1,momentum_365,365-Day Absolute Momentum,81,3,3.7,1.27,0.43,0.64,0.09,-4.54,-13.6,-18.95,False
MCHI,China,2,momentum_365,365-Day Absolute Momentum,45,6,13.33,6.26,2.62,1.87,0.26,-7.01,-20.84,-25.67,False
MCHI,China,3,momentum_365,365-Day Absolute Momentum,35,9,25.71,14.16,6.71,-0.67,1.48,-8.22,-26.48,-31.35,False
MCHI,China,4,momentum_365,365-Day Absolute Momentum,26,7,26.92,13.7,5.99,-1.28,0.2,-8.62,-29.68,-34.46,False
MCHI,China,5,momentum_365,365-Day Absolute Momentum,22,4,18.18,7.31,2.69,1.46,0.07,-9.36,-19.88,-35.82,False
MCHI,China,6,momentum_365,365-Day Absolute Momentum,18,8,44.44,24.56,11.13,4.07,3.32,-12.66,-23.83,-34.46,False
MCHI,China,7,momentum_365,365-Day Absolute Momentum,17,7,41.18,21.61,9.38,6.11,2.34,-11.61,-24.58,-35.82,False
MCHI,China,8,momentum_365,365-Day Absolute Momentum,13,6,46.15,23.21,9.54,1.58,3.9,-6.0,-28.46,-34.46,False
MCHI,China,9,momentum_365,365-Day Absolute Momentum,13,5,38.46,17.71,6.89,-4.73,4.66,-8.87,-26.95,-38.38,False
MCHI,China,10,momentum_365,365-Day Absolute Momentum,12,4,33.33,13.81,5.01,-2.02,3.41,-9.3,-26.13,-37.35,False
MCHI,China,11,momentum_365,365-Day Absolute Momentum,10,4,40.0,16.82,6.07,5.73,9.17,-5.33,-21.0,-35.12,False
MCHI,China,12,momentum_365,365-Day Absolute Momentum,10,4,40.0,16.82,6.07,4.9,9.8,-10.21,-34.24,-35.12,False
MCHI,China,1,momentum_dual_90_180,Dual Momentum 90/180,57,5,8.77,3.81,1.51,1.12,1.15,-4.45,-12.84,-17.1,False
MCHI,China,2,momentum_dual_90_180,Dual Momentum 90/180,36,5,13.89,6.08,2.41,2.25,1.06,-4.65,-20.84,-25.67,False
MCHI,China,3,momentum_dual_90_180,Dual Momentum 90/180,29,10,34.48,19.94,9.74,2.19,1.85,-7.3,-26.48,-31.35,False
MCHI,China,4,momentum_dual_90_180,Dual Momentum 90/180,24,7,29.17,14.91,6.52,3.95,1.36,-9.44,-29.68,-34.46,False
MCHI,China,5,momentum_dual_90_180,Dual Momentum 90/180,21,9,42.86,24.47,11.53,2.69,4.06,-10.83,-16.57,-25.67,False
MCHI,China,6,momentum_dual_90_180,Dual Momentum 90/180,15,5,33.33,15.18,5.93,4.19,4.91,-3.53,-21.11,-26.21,False
MCHI,China,7,momentum_dual_90_180,Dual Momentum 90/180,15,4,26.67,10.9,3.98,7.0,3.42,-7.05,-16.65,-35.12,False
MCHI,China,8,momentum_dual_90_180,Dual Momentum 90/180,14,6,42.86,21.38,8.81,8.33,5.59,-11.88,-34.7,-36.84,False
MCHI,China,9,momentum_dual_90_180,Dual Momentum 90/180,13,6,46.15,23.21,9.54,4.54,4.79,-8.96,-22.62,-34.97,False
MCHI,China,10,momentum_dual_90_180,Dual Momentum 90/180,11,5,45.45,21.27,8.22,5.55,5.0,-7.76,-23.48,-35.12,False
MCHI,China,11,momentum_dual_90_180,Dual Momentum 90/180,10,3,30.0,10.78,3.58,4.73,6.38,-2.08,-25.18,-35.12,False
MCHI,China,12,momentum_dual_90_180,Dual Momentum 90/180,10,4,40.0,16.82,6.07,0.4,4.49,-4.83,-30.88,-35.12,False
MCHI,China,1,momentum_dual_180_365,Dual Momentum 180/365,57,3,5.26,1.81,0.61,0.9,0.09,-5.53,-13.6,-18.95,False
MCHI,China,2,momentum_dual_180_365,Dual Momentum 180/365,33,5,15.15,6.65,2.63,1.3,0.32,-5.57,-20.84,-25.67,False
MCHI,China,3,momentum_dual_180_365,Dual Momentum 180/365,25,7,28.0,14.28,6.24,3.05,1.8,-8.6,-26.48,-31.35,False
MCHI,China,4,momentum_dual_180_365,Dual Momentum 180/365,20,7,35.0,18.12,7.89,-1.28,1.2,-7.86,-29.68,-34.46,False
MCHI,China,5,momentum_dual_180_365,Dual Momentum 180/365,17,4,23.53,9.55,3.5,1.49,1.6,-9.42,-19.88,-25.67,False
MCHI,China,6,momentum_dual_180_365,Dual Momentum 180/365,13,5,38.46,17.71,6.89,3.2,3.04,-8.96,-21.11,-26.21,False
MCHI,China,7,momentum_dual_180_365,Dual Momentum 180/365,13,4,30.77,12.68,4.61,2.66,1.27,-11.61,-23.71,-35.12,False
MCHI,China,8,momentum_dual_180_365,Dual Momentum 180/365,11,5,45.45,21.27,8.22,4.63,4.28,-5.17,-34.7,-36.84,False
MCHI,China,9,momentum_dual_180_365,Dual Momentum 180/365,10,3,30.0,10.78,3.58,3.53,4.52,-6.16,-22.62,-34.97,False
MCHI,China,10,momentum_dual_180_365,Dual Momentum 180/365,9,3,33.33,12.06,3.99,-3.2,1.13,-13.18,-18.83,-35.12,False
MCHI,China,11,momentum_dual_180_365,Dual Momentum 180/365,9,3,33.33,12.06,3.99,0.03,5.11,-7.7,-21.0,-35.12,False
MCHI,China,12,momentum_dual_180_365,Dual Momentum 180/365,8,4,50.0,21.52,7.68,3.07,7.81,-13.81,-23.57,-36.95,False
MCHI,China,1,momentum_rank_90,Top Relative Momentum 90,40,2,5.0,1.38,0.42,-0.12,-0.64,-5.55,-13.14,-18.95,False
MCHI,China,2,momentum_rank_90,Top Relative Momentum 90,26,2,7.69,2.14,0.64,-2.02,-2.47,-7.94,-24.68,-27.71,False
MCHI,China,3,momentum_rank_90,Top Relative Momentum 90,22,5,22.73,10.12,3.98,-1.54,0.67,-8.47,-26.48,-31.35,False
MCHI,China,4,momentum_rank_90,Top Relative Momentum 90,18,5,27.78,12.5,4.9,1.64,3.56,-2.93,-29.68,-34.46,False
MCHI,China,5,momentum_rank_90,Top Relative Momentum 90,16,8,50.0,28.0,12.65,5.83,5.18,-5.07,-16.08,-27.71,False
MCHI,China,6,momentum_rank_90,Top Relative Momentum 90,15,4,26.67,10.9,3.98,3.2,3.38,-5.55,-18.28,-27.71,False
MCHI,China,7,momentum_rank_90,Top Relative Momentum 90,15,3,20.0,7.05,2.36,2.76,3.25,-8.16,-16.5,-35.12,False
MCHI,China,8,momentum_rank_90,Top Relative Momentum 90,12,5,41.67,19.33,7.5,7.07,6.76,-3.99,-34.7,-36.84,False
MCHI,China,9,momentum_rank_90,Top Relative Momentum 90,11,6,54.55,28.01,11.43,12.47,7.77,-3.51,-22.62,-34.97,False
MCHI,China,10,momentum_rank_90,Top Relative Momentum 90,10,4,40.0,16.82,6.07,1.96,5.32,-4.89,-14.11,-35.12,False
MCHI,China,11,momentum_rank_90,Top Relative Momentum 90,9,4,44.44,18.88,6.78,1.56,11.49,0.03,-7.7,-27.71,False
MCHI,China,12,momentum_rank_90,Top Relative Momentum 90,9,3,33.33,12.06,3.99,0.49,9.37,-3.9,-9.94,-27.71,False
MCHI,China,1,momentum,Top Relative Momentum 180,36,2,5.56,1.54,0.46,0.88,0.16,-4.55,-12.84,-18.95,False
MCHI,China,2,momentum,Top Relative Momentum 180,23,2,8.7,2.42,0.73,2.45,-0.03,-5.55,-20.84,-25.67,False
MCHI,China,3,momentum,Top Relative Momentum 180,17,5,29.41,13.28,5.2,8.9,1.98,-8.31,-20.19,-25.02,False
MCHI,China,4,momentum,Top Relative Momentum 180,15,5,33.33,15.18,5.93,3.68,2.05,-7.1,-14.26,-25.67,False
MCHI,China,5,momentum,Top Relative Momentum 180,13,5,38.46,17.71,6.89,1.49,2.46,-10.03,-19.51,-25.77,False
MCHI,China,6,momentum,Top Relative Momentum 180,10,5,50.0,23.66,9.1,9.21,9.04,2.78,-23.83,-34.46,False
MCHI,China,7,momentum,Top Relative Momentum 180,10,4,40.0,16.82,6.07,7.34,6.47,-3.6,-24.56,-31.35,False
MCHI,China,8,momentum,Top Relative Momentum 180,10,5,50.0,23.66,9.1,7.71,6.61,0.61,-27.78,-34.97,False
MCHI,China,9,momentum,Top Relative Momentum 180,8,4,50.0,21.52,7.68,9.9,4.16,-6.92,-27.33,-27.23,False
MCHI,China,10,momentum,Top Relative Momentum 180,8,3,37.5,13.68,4.51,5.97,4.39,-2.96,-29.54,-31.77,False
MCHI,China,11,momentum,Top Relative Momentum 180,7,3,42.86,15.82,5.18,-3.85,5.59,-8.1,-16.42,-35.12,False
MCHI,China,12,momentum,Top Relative Momentum 180,6,3,50.0,18.76,6.09,10.81,11.33,-3.85,-13.47,-35.12,False
MCHI,China,1,momentum_rank_365,Top Relative Momentum 365,41,2,4.88,1.35,0.41,1.57,0.58,-4.45,-13.6,-18.78,False
MCHI,China,2,momentum_rank_365,Top Relative Momentum 365,23,5,21.74,9.66,3.81,1.87,0.64,-6.38,-20.84,-25.67,False
MCHI,China,3,momentum_rank_365,Top Relative Momentum 365,19,8,42.11,23.14,10.5,3.91,1.68,-6.36,-26.48,-31.35,False
MCHI,China,4,momentum_rank_365,Top Relative Momentum 365,13,4,30.77,12.68,4.61,3.68,-0.07,-9.89,-29.68,-34.46,False
MCHI,China,5,momentum_rank_365,Top Relative Momentum 365,13,5,38.46,17.71,6.89,2.69,2.79,-8.17,-20.36,-31.35,False
MCHI,China,6,momentum_rank_365,Top Relative Momentum 365,9,4,44.44,18.88,6.78,9.91,5.41,-8.45,-19.28,-25.67,False
MCHI,China,7,momentum_rank_365,Top Relative Momentum 365,9,4,44.44,18.88,6.78,9.98,5.41,-17.09,-20.5,-28.94,False
MCHI,China,8,momentum_rank_365,Top Relative Momentum 365,8,2,25.0,7.15,2.12,1.73,3.75,-8.5,-13.9,-28.94,False
MCHI,China,9,momentum_rank_365,Top Relative Momentum 365,7,2,28.57,8.22,2.43,0.61,3.34,-10.19,-11.67,-35.12,False
MCHI,China,10,momentum_rank_365,Top Relative Momentum 365,7,2,28.57,8.22,2.43,2.39,4.62,-6.11,-16.65,-35.12,False
MCHI,China,11,momentum_rank_365,Top Relative Momentum 365,7,2,28.57,8.22,2.43,1.36,5.61,-5.76,-29.78,-36.95,False
MCHI,China,12,momentum_rank_365,Top Relative Momentum 365,7,2,28.57,8.22,2.43,-1.42,1.67,-6.67,-33.45,-45.7,False
MCHI,China,1,momentum_composite,Composite Momentum,27,1,3.7,0.66,0.17,1.99,1.33,-2.17,-12.41,-17.7,False
MCHI,China,2,momentum_composite,Composite Momentum,19,3,15.79,5.52,1.86,3.0,2.03,-1.33,-20.84,-25.67,False
MCHI,China,3,momentum_composite,Composite Momentum,14,4,28.57,11.72,4.27,7.3,4.28,-0.11,-20.19,-25.02,False
MCHI,China,4,momentum_composite,Composite Momentum,12,3,25.0,8.89,2.97,8.68,5.38,3.28,-14.26,-25.67,False
MCHI,China,5,momentum_composite,Composite Momentum,9,7,77.78,45.26,19.0,12.13,11.2,11.45,-6.74,-25.77,False
MCHI,China,6,momentum_composite,Composite Momentum,9,6,66.67,35.42,14.26,17.92,10.33,9.89,-23.83,-34.46,False
MCHI,China,7,momentum_composite,Composite Momentum,9,5,55.56,26.66,10.2,16.72,10.36,9.6,-24.56,-31.35,False
MCHI,China,8,momentum_composite,Composite Momentum,8,4,50.0,21.52,7.68,11.03,9.4,-1.48,-27.78,-34.97,False
MCHI,China,9,momentum_composite,Composite Momentum,6,5,83.33,43.65,16.02,20.73,18.88,16.69,-8.17,-22.9,False
MCHI,China,10,momentum_composite,Composite Momentum,6,3,50.0,18.76,6.09,18.04,15.04,1.2,-14.11,-25.77,False
MCHI,China,11,momentum_composite,Composite Momentum,5,3,60.0,23.07,7.39,39.24,22.1,-7.81,-9.57,-35.12,False
MCHI,China,12,momentum_composite,Composite Momentum,5,3,60.0,23.07,7.39,32.09,20.81,-3.34,-8.89,-35.12,False
MCHI,China,1,drawdown_recovery_20,20% Drawdown Recovery,22,0,0.0,0.0,0.0,2.12,0.6,-2.59,-12.14,-18.95,False
MCHI,China,2,drawdown_recovery_20,20% Drawdown Recovery,17,2,11.76,3.29,0.99,1.02,0.9,-7.34,-11.1,-22.9,False
MCHI,China,3,drawdown_recovery_20,20% Drawdown Recovery,15,4,26.67,10.9,3.98,1.44,1.1,-7.84,-23.87,-24.03,False
MCHI,China,4,drawdown_recovery_20,20% Drawdown Recovery,12,3,25.0,8.89,2.97,4.74,-0.31,-8.4,-36.37,-36.49,False
MCHI,China,5,drawdown_recovery_20,20% Drawdown Recovery,10,1,10.0,1.79,0.45,3.31,2.1,-2.88,-15.9,-36.49,False
MCHI,China,6,drawdown_recovery_20,20% Drawdown Recovery,10,3,30.0,10.78,3.58,4.24,3.34,-6.57,-12.79,-36.49,False
MCHI,China,7,drawdown_recovery_20,20% Drawdown Recovery,10,5,50.0,23.66,9.1,6.94,7.72,-0.84,-16.65,-36.49,False
MCHI,China,8,drawdown_recovery_20,20% Drawdown Recovery,8,4,50.0,21.52,7.68,6.81,5.53,-7.56,-10.61,-36.49,False
MCHI,China,9,drawdown_recovery_20,20% Drawdown Recovery,7,4,57.14,25.05,8.86,12.03,7.05,-4.42,-9.42,-36.49,False
MCHI,China,10,drawdown_recovery_20,20% Drawdown Recovery,7,4,57.14,25.05,8.86,19.63,12.15,0.35,-15.27,-36.49,False
MCHI,China,11,drawdown_recovery_20,20% Drawdown Recovery,7,4,57.14,25.05,8.86,19.16,15.17,4.27,-19.49,-36.49,False
MCHI,China,12,drawdown_recovery_20,20% Drawdown Recovery,7,4,57.14,25.05,8.86,10.04,16.4,1.6,-16.66,-36.49,False
MCHI,China,1,drawdown_recovery,25% Drawdown Recovery,5,0,0.0,0.0,0.0,-1.06,-2.38,-7.96,-12.14,-12.88,False
MCHI,China,2,drawdown_recovery,25% Drawdown Recovery,5,1,20.0,3.62,0.91,-7.34,-2.0,-9.11,-11.1,-22.9,False
MCHI,China,3,drawdown_recovery,25% Drawdown Recovery,4,0,0.0,0.0,0.0,-2.48,-4.79,-10.25,-23.87,-24.03,False
MCHI,China,4,drawdown_recovery,25% Drawdown Recovery,4,1,25.0,4.56,1.14,6.52,0.54,-5.69,-36.37,-36.49,False
MCHI,China,5,drawdown_recovery,25% Drawdown Recovery,4,1,25.0,4.56,1.14,5.64,2.28,-2.86,-15.9,-36.49,False
MCHI,China,6,drawdown_recovery,25% Drawdown Recovery,4,1,25.0,4.56,1.14,-1.15,1.14,-10.84,-10.89,-36.49,False
MCHI,China,7,drawdown_recovery,25% Drawdown Recovery,4,1,25.0,4.56,1.14,2.5,4.09,-5.67,-16.65,-36.49,False
MCHI,China,8,drawdown_recovery,25% Drawdown Recovery,3,2,66.67,20.77,5.83,11.8,8.26,1.68,-8.44,-36.49,False
MCHI,China,9,drawdown_recovery,25% Drawdown Recovery,2,1,50.0,9.45,2.3,7.61,7.61,-0.9,-9.42,-36.49,False
MCHI,China,10,drawdown_recovery,25% Drawdown Recovery,2,1,50.0,9.45,2.3,0.5,0.5,-7.39,-15.27,-36.49,False
MCHI,China,11,drawdown_recovery,25% Drawdown Recovery,2,1,50.0,9.45,2.3,2.34,2.34,-8.57,-19.49,-36.49,False
MCHI,China,12,drawdown_recovery,25% Drawdown Recovery,2,1,50.0,9.45,2.3,4.18,4.18,-6.24,-16.66,-36.49,False
MCHI,China,1,drawdown_recovery_30,30% Drawdown Recovery,13,0,0.0,0.0,0.0,1.79,0.68,-1.06,-12.14,-12.33,False
MCHI,China,2,drawdown_recovery_30,30% Drawdown Recovery,11,1,9.09,1.62,0.41,-0.16,-0.02,-7.99,-11.1,-14.92,False
MCHI,China,3,drawdown_recovery_30,30% Drawdown Recovery,9,2,22.22,6.32,1.88,1.44,-1.08,-5.72,-23.87,-24.03,False
MCHI,China,4,drawdown_recovery_30,30% Drawdown Recovery,7,1,14.29,2.57,0.65,4.85,-2.14,-4.93,-36.37,-36.49,False
MCHI,China,5,drawdown_recovery_30,30% Drawdown Recovery,6,0,0.0,0.0,0.0,3.3,-0.55,-8.03,-15.9,-36.49,False
MCHI,China,6,drawdown_recovery_30,30% Drawdown Recovery,6,0,0.0,0.0,0.0,-5.75,-4.34,-9.97,-12.79,-36.49,False
MCHI,China,7,drawdown_recovery_30,30% Drawdown Recovery,6,2,33.33,9.68,2.84,0.72,2.34,-8.47,-16.65,-36.49,False
MCHI,China,8,drawdown_recovery_30,30% Drawdown Recovery,5,2,40.0,11.76,3.43,-7.26,2.75,-8.44,-10.61,-36.49,False
MCHI,China,9,drawdown_recovery_30,30% Drawdown Recovery,5,2,40.0,11.76,3.43,-2.49,3.68,-6.35,-9.42,-36.49,False
MCHI,China,10,drawdown_recovery_30,30% Drawdown Recovery,4,1,25.0,4.56,1.14,0.35,1.59,-5.09,-15.27,-36.49,False
MCHI,China,11,drawdown_recovery_30,30% Drawdown Recovery,4,1,25.0,4.56,1.14,4.27,4.16,-1.97,-19.49,-36.49,False
MCHI,China,12,drawdown_recovery_30,30% Drawdown Recovery,4,1,25.0,4.56,1.14,1.6,5.71,-3.73,-16.66,-36.49,False
MCHI,China,1,drawdown_recovery_40,40% Drawdown Recovery,4,0,0.0,0.0,0.0,3.05,0.87,-3.57,-12.14,-12.33,False
MCHI,China,2,drawdown_recovery_40,40% Drawdown Recovery,4,1,25.0,4.56,1.14,-5.29,-1.28,-9.61,-11.1,-14.92,False
MCHI,China,3,drawdown_recovery_40,40% Drawdown Recovery,3,0,0.0,0.0,0.0,1.44,-4.25,-11.21,-23.87,-24.03,False
MCHI,China,4,drawdown_recovery_40,40% Drawdown Recovery,3,0,0.0,0.0,0.0,4.63,-7.75,-15.87,-36.37,-36.49,False
MCHI,China,5,drawdown_recovery_40,40% Drawdown Recovery,3,1,33.33,6.15,1.53,1.48,-1.11,-7.21,-15.9,-36.49,False
MCHI,China,6,drawdown_recovery_40,40% Drawdown Recovery,3,1,33.33,6.15,1.53,-7.4,-0.91,-9.11,-10.82,-36.49,False
MCHI,China,7,drawdown_recovery_40,40% Drawdown Recovery,3,1,33.33,6.15,1.53,-2.0,-2.27,-9.33,-16.65,-36.49,False
MCHI,China,8,drawdown_recovery_40,40% Drawdown Recovery,2,0,0.0,0.0,0.0,0.68,0.68,-3.88,-8.44,-36.49,False
MCHI,China,9,drawdown_recovery_40,40% Drawdown Recovery,2,0,0.0,0.0,0.0,-1.71,-1.71,-5.57,-9.42,-36.49,False
MCHI,China,10,drawdown_recovery_40,40% Drawdown Recovery,2,1,50.0,9.45,2.3,-1.25,-1.25,-8.26,-15.27,-36.49,False
MCHI,China,11,drawdown_recovery_40,40% Drawdown Recovery,2,1,50.0,9.45,2.3,-1.66,-1.66,-10.57,-19.49,-36.49,False
MCHI,China,12,drawdown_recovery_40,40% Drawdown Recovery,2,1,50.0,9.45,2.3,2.06,2.06,-7.3,-16.66,-36.49,False
MCHI,China,1,rsi14_recovery,RSI 14 Recovery,22,1,4.55,0.81,0.21,-1.33,-0.97,-7.05,-11.78,-17.1,False
MCHI,China,2,rsi14_recovery,RSI 14 Recovery,19,2,10.53,2.94,0.88,-0.19,-0.18,-7.97,-13.53,-21.57,False
MCHI,China,3,rsi14_recovery,RSI 14 Recovery,19,5,26.32,11.81,4.63,5.66,1.89,-6.05,-17.51,-22.9,False
MCHI,China,4,rsi14_recovery,RSI 14 Recovery,18,4,22.22,9.0,3.3,0.14,0.67,-4.71,-18.98,-22.9,False
MCHI,China,5,rsi14_recovery,RSI 14 Recovery,13,3,23.08,8.18,2.74,5.13,5.38,2.69,-20.35,-22.9,False
MCHI,China,6,rsi14_recovery,RSI 14 Recovery,13,3,23.08,8.18,2.74,6.01,5.52,4.39,-22.78,-25.23,False
MCHI,China,7,rsi14_recovery,RSI 14 Recovery,13,5,38.46,17.71,6.89,8.17,7.96,1.86,-22.99,-26.32,False
MCHI,China,8,rsi14_recovery,RSI 14 Recovery,12,4,33.33,13.81,5.01,5.6,5.97,1.34,-28.46,-28.36,False
MCHI,China,9,rsi14_recovery,RSI 14 Recovery,11,4,36.36,15.17,5.49,1.65,3.97,-2.69,-32.66,-44.28,False
MCHI,China,10,rsi14_recovery,RSI 14 Recovery,10,4,40.0,16.82,6.07,3.86,5.08,-4.48,-30.5,-35.82,False
MCHI,China,11,rsi14_recovery,RSI 14 Recovery,10,4,40.0,16.82,6.07,6.41,7.6,-7.63,-38.45,-39.27,False
MCHI,China,12,rsi14_recovery,RSI 14 Recovery,9,4,44.44,18.88,6.78,4.96,4.02,-7.12,-46.63,-49.23,False
MCHI,China,1,rsi28_recovery,RSI 28 Recovery,12,0,0.0,0.0,0.0,0.4,-0.45,-3.79,-11.2,-14.77,False
MCHI,China,2,rsi28_recovery,RSI 28 Recovery,11,2,18.18,5.14,1.53,6.22,3.12,-4.87,-10.23,-16.38,False
MCHI,China,3,rsi28_recovery,RSI 28 Recovery,10,3,30.0,10.78,3.58,8.16,4.83,-4.05,-11.4,-16.38,False
MCHI,China,4,rsi28_recovery,RSI 28 Recovery,9,4,44.44,18.88,6.78,8.49,8.24,-0.12,-4.67,-17.01,False
MCHI,China,5,rsi28_recovery,RSI 28 Recovery,8,3,37.5,13.68,4.51,6.63,11.88,2.9,-2.0,-17.9,False
MCHI,China,6,rsi28_recovery,RSI 28 Recovery,8,3,37.5,13.68,4.51,6.44,13.9,5.14,-1.0,-23.06,False
MCHI,China,7,rsi28_recovery,RSI 28 Recovery,8,5,62.5,30.57,11.6,10.68,14.55,5.65,-0.18,-23.06,False
MCHI,China,8,rsi28_recovery,RSI 28 Recovery,7,2,28.57,8.22,2.43,4.69,10.11,3.65,-6.24,-25.77,False
MCHI,China,9,rsi28_recovery,RSI 28 Recovery,6,2,33.33,9.68,2.84,1.74,11.28,-0.51,-11.67,-35.12,False
MCHI,China,10,rsi28_recovery,RSI 28 Recovery,6,2,33.33,9.68,2.84,-1.35,10.36,-4.76,-5.41,-35.12,False
MCHI,China,11,rsi28_recovery,RSI 28 Recovery,6,2,33.33,9.68,2.84,1.28,10.58,-3.46,-8.24,-35.12,False
MCHI,China,12,rsi28_recovery,RSI 28 Recovery,6,2,33.33,9.68,2.84,-1.2,9.79,-4.46,-7.12,-35.12,False
MCHI,China,1,bollinger_recovery,Bollinger Recovery,13,1,7.69,1.37,0.35,-1.79,0.14,-3.93,-11.2,-14.77,False
MCHI,China,2,bollinger_recovery,Bollinger Recovery,12,2,16.67,4.7,1.4,-0.25,0.75,-7.67,-11.61,-21.57,False
MCHI,China,3,bollinger_recovery,Bollinger Recovery,11,3,27.27,9.75,3.25,7.68,3.76,-4.3,-11.4,-22.9,False
MCHI,China,4,bollinger_recovery,Bollinger Recovery,9,3,33.33,12.06,3.99,0.41,6.61,-2.31,-4.67,-22.9,False
MCHI,China,5,bollinger_recovery,Bollinger Recovery,8,3,37.5,13.68,4.51,3.77,8.75,1.89,-2.0,-22.9,False
MCHI,China,6,bollinger_recovery,Bollinger Recovery,8,3,37.5,13.68,4.51,6.49,13.63,6.07,-1.0,-23.06,False
MCHI,China,7,bollinger_recovery,Bollinger Recovery,8,4,50.0,21.52,7.68,8.68,14.76,2.7,-0.18,-23.06,False
MCHI,China,8,bollinger_recovery,Bollinger Recovery,8,3,37.5,13.68,4.51,6.72,16.35,2.78,-6.24,-23.06,False
MCHI,China,9,bollinger_recovery,Bollinger Recovery,7,3,42.86,15.82,5.18,2.72,18.99,0.59,-0.93,-23.06,False
MCHI,China,10,bollinger_recovery,Bollinger Recovery,7,4,57.14,25.05,8.86,28.76,20.51,-2.02,-5.41,-23.32,False
MCHI,China,11,bollinger_recovery,Bollinger Recovery,7,4,57.14,25.05,8.86,19.69,19.54,-1.22,-8.24,-26.5,False
MCHI,China,12,bollinger_recovery,Bollinger Recovery,7,4,57.14,25.05,8.86,15.14,18.93,-3.23,-7.12,-26.5,False
MCHI,China,1,low_vol_trend,Low-Volatility Trend,11,0,0.0,0.0,0.0,5.73,4.47,3.07,-4.85,-6.95,False
MCHI,China,2,low_vol_trend,Low-Volatility Trend,7,3,42.86,15.82,5.18,9.41,7.42,3.63,-5.31,-9.18,False
MCHI,China,3,low_vol_trend,Low-Volatility Trend,5,3,60.0,23.07,7.39,13.48,10.74,8.21,-8.31,-13.15,False
MCHI,China,4,low_vol_trend,Low-Volatility Trend,4,3,75.0,30.06,9.4,15.59,16.74,8.66,4.26,-9.18,False
MCHI,China,5,low_vol_trend,Low-Volatility Trend,3,2,66.67,20.77,5.83,23.81,20.61,16.45,9.08,-10.58,False
MCHI,China,6,low_vol_trend,Low-Volatility Trend,3,2,66.67,20.77,5.83,27.49,23.08,15.94,4.39,-13.38,False
MCHI,China,7,low_vol_trend,Low-Volatility Trend,3,3,100.0,43.85,12.93,29.32,26.33,20.12,10.92,-13.38,False
MCHI,China,8,low_vol_trend,Low-Volatility Trend,3,3,100.0,43.85,12.93,36.72,31.0,25.57,14.42,-13.38,False
MCHI,China,9,low_vol_trend,Low-Volatility Trend,3,3,100.0,43.85,12.93,46.04,40.95,32.5,18.96,-13.38,False
MCHI,China,10,low_vol_trend,Low-Volatility Trend,3,3,100.0,43.85,12.93,24.86,33.4,23.08,21.3,-14.77,False
MCHI,China,11,low_vol_trend,Low-Volatility Trend,3,3,100.0,43.85,12.93,28.6,32.85,26.65,24.69,-18.38,False
MCHI,China,12,low_vol_trend,Low-Volatility Trend,3,3,100.0,43.85,12.93,30.48,30.38,23.94,17.39,-18.38,False
MCHI,China,1,vol_contraction_trend,Volatility Contraction Trend,25,2,8.0,2.22,0.67,3.11,1.35,-2.13,-12.84,-17.1,False
MCHI,China,2,vol_contraction_trend,Volatility Contraction Trend,20,2,10.0,2.79,0.84,0.34,1.2,-2.9,-9.98,-21.57,False
MCHI,China,3,vol_contraction_trend,Volatility Contraction Trend,16,4,25.0,10.18,3.72,0.94,1.31,-7.51,-15.15,-19.2,False
MCHI,China,4,vol_contraction_trend,Volatility Contraction Trend,16,4,25.0,10.18,3.72,-1.03,1.54,-6.5,-17.45,-22.75,False
MCHI,China,5,vol_contraction_trend,Volatility Contraction Trend,15,6,40.0,19.82,8.18,5.89,3.64,-5.75,-23.54,-28.91,False
MCHI,China,6,vol_contraction_trend,Volatility Contraction Trend,13,3,23.08,8.18,2.74,4.19,0.97,-10.89,-16.35,-28.91,False
MCHI,China,7,vol_contraction_trend,Volatility Contraction Trend,12,4,33.33,13.81,5.01,6.26,0.76,-10.08,-23.71,-28.91,False
MCHI,China,8,vol_contraction_trend,Volatility Contraction Trend,11,3,27.27,9.75,3.25,3.14,1.75,-11.6,-22.62,-28.91,False
MCHI,China,9,vol_contraction_trend,Volatility Contraction Trend,10,4,40.0,16.82,6.07,3.47,5.16,-11.29,-22.49,-28.91,False
MCHI,China,10,vol_contraction_trend,Volatility Contraction Trend,9,3,33.33,12.06,3.99,7.06,3.86,-8.47,-31.62,-33.4,False
MCHI,China,11,vol_contraction_trend,Volatility Contraction Trend,9,4,44.44,18.88,6.78,9.88,4.85,-7.94,-39.19,-45.7,False
MCHI,China,12,vol_contraction_trend,Volatility Contraction Trend,8,3,37.5,13.68,4.51,7.57,5.76,-8.8,-30.88,-31.93,False
MCHI,China,1,breadth_trend,Broad-Market Trend,64,5,7.81,3.38,1.34,0.64,0.71,-4.37,-12.84,-17.1,False
MCHI,China,2,breadth_trend,Broad-Market Trend,40,5,12.5,5.46,2.16,-0.18,0.25,-5.83,-12.77,-21.57,False
MCHI,China,3,breadth_trend,Broad-Market Trend,31,8,25.81,13.7,6.26,-0.39,0.67,-6.06,-20.19,-25.02,False
MCHI,China,4,breadth_trend,Broad-Market Trend,24,7,29.17,14.91,6.52,-1.12,-0.13,-9.49,-29.68,-34.46,False
MCHI,China,5,breadth_trend,Broad-Market Trend,21,5,23.81,10.63,4.18,2.04,0.9,-10.77,-30.14,-34.46,False
MCHI,China,6,breadth_trend,Broad-Market Trend,18,5,27.78,12.5,4.9,5.7,1.62,-11.34,-23.83,-34.46,False
MCHI,China,7,breadth_trend,Broad-Market Trend,15,6,40.0,19.82,8.18,8.17,3.53,-6.18,-25.44,-34.46,False
MCHI,China,8,breadth_trend,Broad-Market Trend,15,6,40.0,19.82,8.18,6.44,2.66,-14.81,-27.84,-34.46,False
MCHI,China,9,breadth_trend,Broad-Market Trend,13,6,46.15,23.21,9.54,3.41,7.34,-8.96,-22.49,-31.81,False
MCHI,China,10,breadth_trend,Broad-Market Trend,12,6,50.0,25.38,10.39,8.53,7.95,-5.47,-23.48,-32.51,False
MCHI,China,11,breadth_trend,Broad-Market Trend,10,4,40.0,16.82,6.07,8.84,8.28,-0.16,-25.18,-30.1,False
MCHI,China,12,breadth_trend,Broad-Market Trend,10,5,50.0,23.66,9.1,7.21,2.53,-7.55,-31.92,-42.66,False
