horizon_months,ticker,strategy,strategy_label,events,successes,probability_pct,confidence_95_low_pct,confidence_95_high_pct,familywise_confidence_low_pct,familywise_confidence_high_pct,median_return_pct,average_return_pct,quartile_25_return_pct,worst_return_pct,best_return_pct,qualifies
1,DIA,bollinger_recovery,Bollinger Recovery,29,0,0.0,0.0,11.7,0.0,40.24,1.57,1.18,-0.52,-9.66,7.69,False
1,DIA,breadth_trend,Broad-Market Trend,163,1,0.61,0.11,3.39,0.03,11.77,1.21,0.96,-1.14,-7.76,11.28,False
1,DIA,buy_hold,Buy & Hold Benchmark,217,3,1.38,0.47,3.99,0.16,10.63,1.39,0.96,-1.43,-12.98,13.29,False
1,DIA,drawdown_recovery,25% Drawdown Recovery,1,0,0.0,0.0,79.35,0.0,95.13,7.69,7.69,7.69,7.69,7.69,False
1,DIA,drawdown_recovery_20,20% Drawdown Recovery,12,0,0.0,0.0,24.25,0.0,61.94,1.85,0.7,-2.55,-12.01,7.69,False
1,DIA,drawdown_recovery_30,30% Drawdown Recovery,8,0,0.0,0.0,32.44,0.0,70.94,1.85,0.82,-0.44,-12.01,7.69,False
1,DIA,drawdown_recovery_40,40% Drawdown Recovery,4,0,0.0,0.0,48.99,0.0,83.0,-1.11,-1.92,-4.83,-12.01,6.53,False
1,DIA,low_vol_trend,Low-Volatility Trend,172,1,0.58,0.1,3.22,0.03,11.21,1.37,0.94,-1.09,-9.66,11.28,False
1,DIA,momentum,Top Relative Momentum 180,7,0,0.0,0.0,35.43,0.0,73.61,2.43,1.07,-0.93,-4.74,5.44,False
1,DIA,momentum_180,180-Day Absolute Momentum,177,0,0.0,0.0,2.12,0.0,9.94,1.27,0.8,-1.35,-9.66,9.64,False
1,DIA,momentum_270,270-Day Absolute Momentum,184,2,1.09,0.3,3.88,0.09,11.47,1.32,1.04,-1.26,-9.66,11.28,False
1,DIA,momentum_365,365-Day Absolute Momentum,189,2,1.06,0.29,3.78,0.09,11.19,1.27,0.95,-1.43,-10.29,11.28,False
1,DIA,momentum_90,90-Day Absolute Momentum,165,1,0.61,0.11,3.35,0.03,11.64,1.21,0.8,-1.35,-10.29,11.28,False
1,DIA,momentum_composite,Composite Momentum,9,0,0.0,0.0,29.92,0.0,68.45,1.43,0.31,0.87,-9.66,5.44,False
1,DIA,momentum_dual_180_365,Dual Momentum 180/365,166,0,0.0,0.0,2.26,0.0,10.52,1.18,0.67,-1.44,-9.66,9.64,False
1,DIA,momentum_dual_90_180,Dual Momentum 90/180,154,0,0.0,0.0,2.43,0.0,11.25,1.18,0.72,-1.2,-9.66,7.86,False
1,DIA,momentum_rank_365,Top Relative Momentum 365,4,0,0.0,0.0,48.99,0.0,83.0,0.38,-0.4,-3.44,-9.66,7.31,False
1,DIA,momentum_rank_90,Top Relative Momentum 90,8,0,0.0,0.0,32.44,0.0,70.94,-0.24,0.09,-2.55,-4.74,5.44,False
1,DIA,rsi14_recovery,RSI 14 Recovery,40,0,0.0,0.0,8.76,0.0,32.8,0.81,0.37,-2.23,-12.01,9.32,False
1,DIA,rsi28_recovery,RSI 28 Recovery,24,0,0.0,0.0,13.8,0.0,44.86,1.36,0.91,-0.64,-9.66,7.69,False
1,DIA,trend,SMA 50/200 + Momentum,75,0,0.0,0.0,4.87,0.0,20.66,1.57,0.66,-0.88,-7.76,7.13,False
1,DIA,trend_breakout_100,100-Day Range Breakout,25,0,0.0,0.0,13.32,0.0,43.85,0.3,-0.35,-3.71,-6.47,4.0,False
1,DIA,trend_breakout_200,200-Day Range Breakout,22,0,0.0,0.0,14.87,0.0,47.02,0.61,-0.37,-3.43,-6.47,4.0,False
1,DIA,trend_ema100_200,EMA 100/200,173,0,0.0,0.0,2.17,0.0,10.14,1.21,0.71,-1.36,-9.66,7.13,False
1,DIA,trend_ema50_200,EMA 50/200,175,0,0.0,0.0,2.15,0.0,10.04,1.15,0.74,-1.35,-9.66,9.32,False
1,DIA,trend_price_sma100,Price above SMA 100,158,0,0.0,0.0,2.37,0.0,11.0,1.28,0.72,-1.28,-10.29,9.32,False
1,DIA,trend_price_sma200,Price above SMA 200,175,1,0.57,0.1,3.17,0.03,11.04,1.35,0.95,-1.14,-9.66,11.28,False
1,DIA,trend_sma100_200,SMA 100/200,156,1,0.64,0.11,3.54,0.03,12.23,1.18,0.77,-1.35,-9.66,11.28,False
1,DIA,trend_triple_ma,Triple Moving Average,103,0,0.0,0.0,3.6,0.0,15.94,1.39,0.58,-1.2,-6.47,5.44,False
1,DIA,vol_contraction_trend,Volatility Contraction Trend,55,0,0.0,0.0,6.53,0.0,26.2,1.44,1.25,-0.58,-5.9,9.32,False
1,IWM,bollinger_recovery,Bollinger Recovery,22,1,4.55,0.81,21.8,0.21,51.63,1.63,2.09,-0.84,-4.41,11.96,False
1,IWM,breadth_trend,Broad-Market Trend,155,5,3.23,1.39,7.33,0.57,16.35,0.81,0.77,-2.07,-9.91,17.27,False
1,IWM,buy_hold,Buy & Hold Benchmark,217,13,5.99,3.53,9.98,1.9,17.35,1.21,0.96,-2.19,-17.61,19.84,False
1,IWM,drawdown_recovery,25% Drawdown Recovery,7,1,14.29,2.57,51.31,0.67,80.48,3.75,4.68,1.7,-0.68,11.96,False
1,IWM,drawdown_recovery_20,20% Drawdown Recovery,29,2,6.9,1.91,21.96,0.59,47.89,2.02,1.25,-1.69,-13.82,11.96,False
1,IWM,drawdown_recovery_30,30% Drawdown Recovery,13,2,15.38,4.33,42.24,1.33,71.0,-0.6,0.88,-2.07,-10.81,11.96,False
1,IWM,drawdown_recovery_40,40% Drawdown Recovery,7,1,14.29,2.57,51.31,0.67,80.48,1.38,1.53,-1.15,-10.81,11.96,False
1,IWM,low_vol_trend,Low-Volatility Trend,9,1,11.11,1.99,43.5,0.52,74.94,0.79,2.21,0.55,-4.85,11.49,False
1,IWM,momentum,Top Relative Momentum 180,46,3,6.52,2.24,17.5,0.78,38.17,0.92,0.79,-2.19,-13.82,11.81,False
1,IWM,momentum_180,180-Day Absolute Momentum,156,5,3.21,1.38,7.28,0.56,16.26,0.92,0.86,-2.07,-9.91,11.81,False
1,IWM,momentum_270,270-Day Absolute Momentum,158,6,3.8,1.75,8.04,0.75,17.0,0.84,0.77,-2.09,-13.97,19.84,False
1,IWM,momentum_365,365-Day Absolute Momentum,168,5,2.98,1.28,6.78,0.52,15.22,0.87,0.65,-2.08,-13.97,17.27,False
1,IWM,momentum_90,90-Day Absolute Momentum,154,6,3.9,1.8,8.24,0.77,17.39,0.92,0.66,-2.09,-13.82,17.27,False
1,IWM,momentum_composite,Composite Momentum,47,2,4.26,1.17,14.25,0.37,35.0,0.74,0.62,-2.12,-9.91,10.62,False
1,IWM,momentum_dual_180_365,Dual Momentum 180/365,139,4,2.88,1.12,7.17,0.43,16.94,0.89,0.8,-2.06,-9.91,11.81,False
1,IWM,momentum_dual_90_180,Dual Momentum 90/180,132,5,3.79,1.63,8.56,0.66,18.82,0.9,0.66,-2.07,-9.91,11.81,False
1,IWM,momentum_rank_365,Top Relative Momentum 365,41,0,0.0,0.0,8.57,0.0,32.26,0.6,0.2,-2.07,-8.95,9.25,False
1,IWM,momentum_rank_90,Top Relative Momentum 90,49,1,2.04,0.36,10.69,0.1,31.32,0.55,0.19,-1.69,-13.82,10.62,False
1,IWM,rsi14_recovery,RSI 14 Recovery,40,1,2.5,0.44,12.88,0.12,36.05,1.5,1.43,-1.65,-10.81,11.96,False
1,IWM,rsi28_recovery,RSI 28 Recovery,16,1,6.25,1.11,28.33,0.29,60.3,3.32,1.85,-2.03,-10.81,11.96,False
1,IWM,trend,SMA 50/200 + Momentum,77,4,5.19,2.04,12.61,0.78,27.74,0.46,0.5,-2.1,-9.91,11.81,False
1,IWM,trend_breakout_100,100-Day Range Breakout,22,1,4.55,0.81,21.8,0.21,51.63,-0.75,-1.03,-4.54,-9.36,11.49,False
1,IWM,trend_breakout_200,200-Day Range Breakout,18,0,0.0,0.0,17.59,0.0,52.03,-0.75,-1.26,-4.54,-6.37,3.75,False
1,IWM,trend_ema100_200,EMA 100/200,148,5,3.38,1.45,7.66,0.59,17.03,0.75,0.48,-2.19,-10.74,17.27,False
1,IWM,trend_ema50_200,EMA 50/200,151,5,3.31,1.42,7.52,0.58,16.73,0.74,0.5,-2.19,-10.74,17.27,False
1,IWM,trend_price_sma100,Price above SMA 100,156,5,3.21,1.38,7.28,0.56,16.26,0.84,0.55,-2.08,-13.82,17.27,False
1,IWM,trend_price_sma200,Price above SMA 200,159,6,3.77,1.74,7.99,0.75,16.91,0.79,0.65,-2.12,-13.82,17.27,False
1,IWM,trend_sma100_200,SMA 100/200,139,5,3.6,1.55,8.14,0.63,18.0,0.66,0.32,-2.19,-13.82,17.27,False
1,IWM,trend_triple_ma,Triple Moving Average,81,1,1.23,0.22,6.67,0.06,21.36,-0.12,0.04,-2.19,-8.95,10.62,False
1,IWM,vol_contraction_trend,Volatility Contraction Trend,42,3,7.14,2.46,19.01,0.86,40.63,0.54,1.02,-1.68,-9.9,11.79,False
1,QQQ,bollinger_recovery,Bollinger Recovery,22,2,9.09,2.53,27.82,0.78,55.87,1.77,1.84,-2.51,-12.09,11.6,False
1,QQQ,breadth_trend,Broad-Market Trend,159,3,1.89,0.64,5.4,0.23,14.07,1.22,1.27,-1.56,-9.66,12.45,False
1,QQQ,buy_hold,Buy & Hold Benchmark,217,12,5.53,3.19,9.42,1.68,16.72,1.54,1.46,-1.9,-19.36,17.76,False
1,QQQ,drawdown_recovery,25% Drawdown Recovery,6,0,0.0,0.0,39.03,0.0,76.5,2.8,2.34,-1.3,-5.18,9.92,False
1,QQQ,drawdown_recovery_20,20% Drawdown Recovery,24,1,4.17,0.74,20.24,0.19,49.26,1.68,1.62,-1.22,-9.84,12.29,False
1,QQQ,drawdown_recovery_30,30% Drawdown Recovery,11,0,0.0,0.0,25.88,0.0,63.97,-0.51,-0.14,-1.99,-9.84,8.28,False
1,QQQ,drawdown_recovery_40,40% Drawdown Recovery,5,0,0.0,0.0,43.45,0.0,79.61,4.6,3.33,0.05,-2.07,8.28,False
1,QQQ,low_vol_trend,Low-Volatility Trend,38,1,2.63,0.47,13.5,0.12,37.3,3.28,2.46,-0.75,-5.88,12.29,False
1,QQQ,momentum,Top Relative Momentum 180,87,2,2.3,0.63,8.0,0.2,21.89,1.98,1.6,-1.69,-9.66,12.45,False
1,QQQ,momentum_180,180-Day Absolute Momentum,175,5,2.86,1.23,6.51,0.5,14.68,1.44,1.47,-1.61,-12.09,15.28,False
1,QQQ,momentum_270,270-Day Absolute Momentum,189,8,4.23,2.16,8.13,1.01,16.02,1.7,1.62,-1.63,-12.09,16.59,False
1,QQQ,momentum_365,365-Day Absolute Momentum,189,8,4.23,2.16,8.13,1.01,16.02,1.56,1.4,-1.79,-19.36,16.59,False
1,QQQ,momentum_90,90-Day Absolute Momentum,167,5,2.99,1.29,6.82,0.52,15.31,1.47,1.41,-1.53,-9.66,12.68,False
1,QQQ,momentum_composite,Composite Momentum,88,2,2.27,0.63,7.91,0.19,21.68,1.46,1.09,-1.92,-9.66,12.45,False
1,QQQ,momentum_dual_180_365,Dual Momentum 180/365,162,5,3.09,1.33,7.02,0.54,15.73,1.22,1.26,-1.75,-12.09,15.28,False
1,QQQ,momentum_dual_90_180,Dual Momentum 90/180,155,3,1.94,0.66,5.54,0.23,14.4,1.22,1.21,-1.61,-9.66,12.45,False
1,QQQ,momentum_rank_365,Top Relative Momentum 365,89,7,7.87,3.86,15.36,1.74,29.15,2.49,2.08,-1.59,-9.66,16.59,False
1,QQQ,momentum_rank_90,Top Relative Momentum 90,77,3,3.9,1.33,10.84,0.47,25.98,1.44,1.32,-1.97,-9.53,12.68,False
1,QQQ,rsi14_recovery,RSI 14 Recovery,32,2,6.25,1.73,20.15,0.54,45.12,0.65,0.66,-3.28,-12.09,11.6,False
1,QQQ,rsi28_recovery,RSI 28 Recovery,13,0,0.0,0.0,22.81,0.0,60.03,0.3,-0.67,-4.72,-12.09,9.92,False
1,QQQ,trend,SMA 50/200 + Momentum,101,3,2.97,1.02,8.37,0.36,20.82,1.22,1.12,-1.85,-9.66,12.45,False
1,QQQ,trend_breakout_100,100-Day Range Breakout,29,1,3.45,0.61,17.18,0.16,44.2,0.42,0.63,-1.9,-9.53,10.07,False
1,QQQ,trend_breakout_200,200-Day Range Breakout,23,1,4.35,0.77,20.99,0.2,50.42,1.22,1.13,-1.42,-5.99,10.07,False
1,QQQ,trend_ema100_200,EMA 100/200,169,3,1.78,0.61,5.09,0.21,13.33,1.47,1.34,-1.53,-12.09,12.45,False
1,QQQ,trend_ema50_200,EMA 50/200,169,3,1.78,0.61,5.09,0.21,13.33,1.44,1.34,-1.53,-9.66,12.45,False
1,QQQ,trend_price_sma100,Price above SMA 100,166,3,1.81,0.62,5.18,0.22,13.54,1.41,1.22,-1.57,-9.84,12.29,False
1,QQQ,trend_price_sma200,Price above SMA 200,174,4,2.3,0.9,5.76,0.34,13.88,1.41,1.4,-1.53,-9.66,12.68,False
1,QQQ,trend_sma100_200,SMA 100/200,153,4,2.61,1.02,6.53,0.39,15.57,1.47,1.52,-1.53,-9.66,12.68,False
1,QQQ,trend_triple_ma,Triple Moving Average,97,2,2.06,0.57,7.21,0.18,20.01,1.56,1.21,-1.79,-8.36,12.29,False
1,QQQ,vol_contraction_trend,Volatility Contraction Trend,44,1,2.27,0.4,11.81,0.11,33.78,2.56,1.99,-0.72,-9.53,12.29,False
1,SPY,bollinger_recovery,Bollinger Recovery,22,0,0.0,0.0,14.87,0.0,47.02,2.7,1.52,0.11,-8.59,8.33,False
1,SPY,breadth_trend,Broad-Market Trend,166,1,0.6,0.11,3.33,0.03,11.57,1.33,1.0,-0.97,-8.59,10.98,False
1,SPY,buy_hold,Buy & Hold Benchmark,217,3,1.38,0.47,3.99,0.16,10.63,1.48,1.07,-1.28,-13.24,14.79,False
1,SPY,drawdown_recovery,25% Drawdown Recovery,2,0,0.0,0.0,65.76,0.0,90.71,7.84,7.84,7.78,7.73,7.95,False
1,SPY,drawdown_recovery_20,20% Drawdown Recovery,12,0,0.0,0.0,24.25,0.0,61.94,1.59,1.0,-2.57,-11.27,8.69,False
1,SPY,drawdown_recovery_30,30% Drawdown Recovery,9,0,0.0,0.0,29.92,0.0,68.45,1.97,1.48,-0.72,-11.27,7.95,False
1,SPY,drawdown_recovery_40,40% Drawdown Recovery,4,0,0.0,0.0,48.99,0.0,83.0,-1.42,-1.59,-4.41,-11.27,7.73,False
1,SPY,low_vol_trend,Low-Volatility Trend,173,1,0.58,0.1,3.2,0.03,11.15,1.28,0.92,-0.98,-10.0,10.98,False
1,SPY,momentum,Top Relative Momentum 180,3,0,0.0,0.0,56.15,0.0,86.68,3.07,3.19,1.98,0.9,5.61,False
1,SPY,momentum_180,180-Day Absolute Momentum,182,0,0.0,0.0,2.07,0.0,9.69,1.44,1.11,-0.96,-10.0,9.88,False
1,SPY,momentum_270,270-Day Absolute Momentum,185,2,1.08,0.3,3.86,0.09,11.41,1.56,1.2,-0.98,-10.0,12.69,False
1,SPY,momentum_365,365-Day Absolute Momentum,187,1,0.53,0.09,2.97,0.02,10.4,1.56,1.05,-1.23,-10.0,10.98,False
1,SPY,momentum_90,90-Day Absolute Momentum,168,1,0.6,0.11,3.29,0.03,11.45,1.31,0.96,-1.16,-8.8,10.98,False
1,SPY,momentum_composite,Composite Momentum,5,0,0.0,0.0,43.45,0.0,79.61,3.07,2.82,1.57,0.9,5.3,False
1,SPY,momentum_dual_180_365,Dual Momentum 180/365,168,0,0.0,0.0,2.24,0.0,10.41,1.52,1.02,-0.98,-10.0,9.88,False
1,SPY,momentum_dual_90_180,Dual Momentum 90/180,161,0,0.0,0.0,2.33,0.0,10.82,1.33,1.0,-0.97,-8.43,8.69,False
1,SPY,momentum_rank_365,Top Relative Momentum 365,5,0,0.0,0.0,43.45,0.0,79.61,1.57,1.68,-0.1,-3.11,5.3,False
1,SPY,rsi14_recovery,RSI 14 Recovery,40,0,0.0,0.0,8.76,0.0,32.8,2.41,1.35,-0.1,-11.27,8.33,False
1,SPY,rsi28_recovery,RSI 28 Recovery,17,0,0.0,0.0,18.43,0.0,53.46,2.93,1.29,0.12,-12.2,8.33,False
1,SPY,trend,SMA 50/200 + Momentum,77,0,0.0,0.0,4.75,0.0,20.23,1.33,0.48,-1.53,-8.43,6.54,False
1,SPY,trend_breakout_100,100-Day Range Breakout,30,0,0.0,0.0,11.35,0.0,39.43,1.76,0.76,-1.33,-5.77,5.16,False
1,SPY,trend_breakout_200,200-Day Range Breakout,29,0,0.0,0.0,11.7,0.0,40.24,1.95,0.77,-1.53,-5.77,5.16,False
1,SPY,trend_ema100_200,EMA 100/200,172,1,0.58,0.1,3.22,0.03,11.21,1.31,0.92,-1.0,-10.0,10.98,False
1,SPY,trend_ema50_200,EMA 50/200,173,1,0.58,0.1,3.2,0.03,11.15,1.33,0.93,-1.07,-10.0,10.98,False
1,SPY,trend_price_sma100,Price above SMA 100,169,0,0.0,0.0,2.22,0.0,10.36,1.33,0.88,-1.16,-8.8,8.69,False
1,SPY,trend_price_sma200,Price above SMA 200,177,1,0.56,0.1,3.13,0.03,10.93,1.33,0.99,-0.98,-10.0,10.98,False
1,SPY,trend_sma100_200,SMA 100/200,156,1,0.64,0.11,3.54,0.03,12.23,1.22,0.83,-1.09,-10.0,10.98,False
1,SPY,trend_triple_ma,Triple Moving Average,107,0,0.0,0.0,3.47,0.0,15.43,1.21,0.94,-0.61,-5.77,8.69,False
1,SPY,vol_contraction_trend,Volatility Contraction Trend,61,0,0.0,0.0,5.92,0.0,24.25,1.56,1.1,-0.98,-7.33,8.69,False
1,VTI,bollinger_recovery,Bollinger Recovery,25,0,0.0,0.0,13.32,0.0,43.85,1.73,1.3,0.1,-8.91,9.34,False
1,VTI,breadth_trend,Broad-Market Trend,165,1,0.61,0.11,3.35,0.03,11.64,1.2,1.04,-1.01,-8.77,12.05,False
1,VTI,buy_hold,Buy & Hold Benchmark,217,4,1.84,0.72,4.64,0.27,11.36,1.38,1.08,-1.16,-13.52,15.23,False
1,VTI,drawdown_recovery,25% Drawdown Recovery,4,0,0.0,0.0,48.99,0.0,83.0,5.16,5.36,2.73,2.1,9.02,False
1,VTI,drawdown_recovery_20,20% Drawdown Recovery,16,0,0.0,0.0,19.36,0.0,54.96,2.52,1.47,-1.62,-10.88,9.02,False
1,VTI,drawdown_recovery_30,30% Drawdown Recovery,8,0,0.0,0.0,32.44,0.0,70.94,1.29,1.35,-0.98,-10.88,9.02,False
1,VTI,drawdown_recovery_40,40% Drawdown Recovery,4,0,0.0,0.0,48.99,0.0,83.0,-1.18,-1.47,-3.91,-10.88,7.37,False
1,VTI,low_vol_trend,Low-Volatility Trend,163,1,0.61,0.11,3.39,0.03,11.77,1.12,0.93,-1.03,-8.77,12.05,False
1,VTI,momentum,Top Relative Momentum 180,2,0,0.0,0.0,65.76,0.0,90.71,0.81,0.81,0.5,0.19,1.42,False
1,VTI,momentum_180,180-Day Absolute Momentum,179,0,0.0,0.0,2.1,0.0,9.84,1.23,1.02,-1.06,-10.25,9.82,False
1,VTI,momentum_270,270-Day Absolute Momentum,180,2,1.11,0.31,3.96,0.1,11.7,1.54,1.22,-1.02,-10.25,13.86,False
1,VTI,momentum_365,365-Day Absolute Momentum,185,1,0.54,0.1,3.0,0.03,10.5,1.23,1.03,-1.13,-10.25,12.05,False
1,VTI,momentum_90,90-Day Absolute Momentum,168,1,0.6,0.11,3.29,0.03,11.45,1.2,0.99,-1.14,-8.95,12.05,False
1,VTI,momentum_composite,Composite Momentum,3,0,0.0,0.0,56.15,0.0,86.68,0.19,0.16,-0.47,-1.14,1.42,False
1,VTI,momentum_dual_180_365,Dual Momentum 180/365,165,0,0.0,0.0,2.28,0.0,10.58,1.2,0.9,-1.08,-10.25,9.82,False
1,VTI,momentum_dual_90_180,Dual Momentum 90/180,159,0,0.0,0.0,2.36,0.0,10.94,1.2,0.99,-1.06,-8.77,8.45,False
1,VTI,momentum_rank_365,Top Relative Momentum 365,1,0,0.0,0.0,79.35,0.0,95.13,-3.51,-3.51,-3.51,-3.51,-3.51,False
1,VTI,rsi14_recovery,RSI 14 Recovery,39,0,0.0,0.0,8.97,0.0,33.36,2.25,1.18,-0.82,-10.88,9.34,False
1,VTI,rsi28_recovery,RSI 28 Recovery,17,0,0.0,0.0,18.43,0.0,53.46,3.09,2.29,0.14,-8.91,9.34,False
1,VTI,trend,SMA 50/200 + Momentum,81,0,0.0,0.0,4.53,0.0,19.42,1.2,0.53,-1.78,-8.77,8.2,False
1,VTI,trend_breakout_100,100-Day Range Breakout,29,0,0.0,0.0,11.7,0.0,40.24,0.94,-0.02,-3.25,-5.85,5.0,False
1,VTI,trend_breakout_200,200-Day Range Breakout,29,0,0.0,0.0,11.7,0.0,40.24,0.94,-0.02,-3.25,-5.85,5.0,False
1,VTI,trend_ema100_200,EMA 100/200,170,1,0.59,0.1,3.26,0.03,11.33,1.16,0.92,-1.04,-10.25,12.05,False
1,VTI,trend_ema50_200,EMA 50/200,172,1,0.58,0.1,3.22,0.03,11.21,1.2,0.95,-1.06,-10.25,12.05,False
1,VTI,trend_price_sma100,Price above SMA 100,167,0,0.0,0.0,2.25,0.0,10.47,1.2,0.94,-1.06,-8.95,8.45,False
1,VTI,trend_price_sma200,Price above SMA 200,173,1,0.58,0.1,3.2,0.03,11.15,1.2,1.1,-1.01,-8.77,12.05,False
1,VTI,trend_sma100_200,SMA 100/200,151,1,0.66,0.12,3.66,0.03,12.59,1.06,0.93,-1.1,-8.77,12.05,False
1,VTI,trend_triple_ma,Triple Moving Average,104,0,0.0,0.0,3.56,0.0,15.81,1.2,1.07,-0.55,-5.85,8.45,False
1,VTI,vol_contraction_trend,Volatility Contraction Trend,60,0,0.0,0.0,6.02,0.0,24.55,1.8,1.33,-0.43,-7.65,8.45,False
1,XLB,bollinger_recovery,Bollinger Recovery,31,2,6.45,1.79,20.72,0.56,46.01,0.65,1.15,-1.47,-8.13,13.45,False
1,XLB,breadth_trend,Broad-Market Trend,149,4,2.68,1.05,6.7,0.4,15.93,0.51,0.67,-2.18,-11.79,12.91,False
1,XLB,buy_hold,Buy & Hold Benchmark,217,9,4.15,2.2,7.69,1.07,14.8,0.85,0.95,-2.23,-20.95,20.33,False
1,XLB,drawdown_recovery,25% Drawdown Recovery,6,0,0.0,0.0,39.03,0.0,76.5,0.4,1.48,-2.64,-7.25,9.82,False
1,XLB,drawdown_recovery_20,20% Drawdown Recovery,21,2,9.52,2.65,28.91,0.82,57.23,3.11,2.79,-0.79,-7.25,13.45,False
1,XLB,drawdown_recovery_30,30% Drawdown Recovery,9,2,22.22,6.32,54.74,1.93,80.54,6.79,4.4,-0.54,-7.25,13.45,False
1,XLB,drawdown_recovery_40,40% Drawdown Recovery,5,1,20.0,3.62,62.45,0.94,86.83,-0.54,2.23,-3.25,-7.25,13.45,False
1,XLB,low_vol_trend,Low-Volatility Trend,15,0,0.0,0.0,20.39,0.0,56.56,-1.4,-1.94,-3.9,-12.47,5.52,False
1,XLB,momentum,Top Relative Momentum 180,38,1,2.63,0.47,13.5,0.12,37.3,0.1,0.04,-2.82,-10.92,12.91,False
1,XLB,momentum_180,180-Day Absolute Momentum,164,4,2.44,0.95,6.1,0.36,14.64,0.6,0.6,-2.22,-12.47,12.91,False
1,XLB,momentum_270,270-Day Absolute Momentum,164,4,2.44,0.95,6.1,0.36,14.64,0.7,0.62,-2.08,-20.95,16.42,False
1,XLB,momentum_365,365-Day Absolute Momentum,171,3,1.75,0.6,5.03,0.21,13.19,0.92,0.65,-2.04,-20.95,16.42,False
1,XLB,momentum_90,90-Day Absolute Momentum,153,6,3.92,1.81,8.29,0.78,17.49,0.63,0.74,-2.23,-12.47,13.45,False
1,XLB,momentum_composite,Composite Momentum,40,0,0.0,0.0,8.76,0.0,32.8,0.51,0.03,-2.39,-12.47,8.9,False
1,XLB,momentum_dual_180_365,Dual Momentum 180/365,143,2,1.4,0.38,4.96,0.12,14.36,0.65,0.54,-2.06,-12.47,11.08,False
1,XLB,momentum_dual_90_180,Dual Momentum 90/180,135,4,2.96,1.16,7.37,0.44,17.37,0.51,0.39,-2.5,-12.47,12.91,False
1,XLB,momentum_rank_365,Top Relative Momentum 365,33,0,0.0,0.0,10.43,0.0,37.17,0.32,-0.87,-2.88,-20.95,8.9,False
1,XLB,momentum_rank_90,Top Relative Momentum 90,45,1,2.22,0.39,11.57,0.1,33.26,2.21,1.89,-0.67,-10.92,12.51,False
1,XLB,rsi14_recovery,RSI 14 Recovery,55,2,3.64,1.0,12.32,0.31,31.26,0.39,0.8,-1.68,-12.02,13.45,False
1,XLB,rsi28_recovery,RSI 28 Recovery,28,2,7.14,1.98,22.65,0.61,48.89,-0.19,0.08,-2.12,-20.95,13.45,False
1,XLB,trend,SMA 50/200 + Momentum,72,1,1.39,0.25,7.46,0.06,23.45,1.13,0.65,-1.28,-10.92,12.91,False
1,XLB,trend_breakout_100,100-Day Range Breakout,27,0,0.0,0.0,12.46,0.0,41.97,-0.79,-0.0,-3.07,-6.29,8.72,False
1,XLB,trend_breakout_200,200-Day Range Breakout,20,0,0.0,0.0,16.11,0.0,49.4,-0.95,-0.26,-3.19,-6.29,6.52,False
1,XLB,trend_ema100_200,EMA 100/200,157,3,1.91,0.65,5.47,0.23,14.23,0.67,0.78,-1.86,-12.47,12.91,False
1,XLB,trend_ema50_200,EMA 50/200,157,3,1.91,0.65,5.47,0.23,14.23,0.65,0.77,-1.87,-12.47,12.91,False
1,XLB,trend_price_sma100,Price above SMA 100,159,5,3.14,1.35,7.15,0.55,15.99,0.67,0.78,-2.2,-12.47,13.45,False
1,XLB,trend_price_sma200,Price above SMA 200,162,4,2.47,0.96,6.18,0.37,14.8,0.51,0.54,-2.21,-12.47,12.91,False
1,XLB,trend_sma100_200,SMA 100/200,138,2,1.45,0.4,5.13,0.12,14.81,0.49,0.38,-2.42,-12.47,12.91,False
1,XLB,trend_triple_ma,Triple Moving Average,81,1,1.23,0.22,6.67,0.06,21.36,0.62,0.33,-1.89,-10.92,10.25,False
1,XLB,vol_contraction_trend,Volatility Contraction Trend,41,1,2.44,0.43,12.6,0.11,35.45,0.04,0.72,-1.66,-10.92,10.25,False
1,XLE,bollinger_recovery,Bollinger Recovery,26,1,3.85,0.68,18.89,0.18,47.1,2.87,2.24,-0.38,-12.64,10.63,False
1,XLE,breadth_trend,Broad-Market Trend,136,8,5.88,3.01,11.18,1.41,21.43,2.05,1.51,-2.0,-13.09,19.6,False
1,XLE,buy_hold,Buy & Hold Benchmark,217,18,8.29,5.31,12.73,3.1,20.38,1.37,1.38,-2.75,-17.28,29.7,False
1,XLE,drawdown_recovery,25% Drawdown Recovery,8,0,0.0,0.0,32.44,0.0,70.94,-1.12,-0.68,-2.92,-9.89,9.91,False
1,XLE,drawdown_recovery_20,20% Drawdown Recovery,25,1,4.0,0.71,19.54,0.19,48.16,0.77,1.15,-2.11,-9.89,10.33,False
1,XLE,drawdown_recovery_30,30% Drawdown Recovery,13,1,7.69,1.37,33.31,0.36,65.82,2.02,1.94,-0.9,-9.89,10.33,False
1,XLE,drawdown_recovery_40,40% Drawdown Recovery,10,1,10.0,1.79,40.42,0.47,72.44,2.08,1.99,-3.73,-9.89,10.33,False
1,XLE,low_vol_trend,Low-Volatility Trend,8,1,12.5,2.24,47.09,0.59,77.62,2.07,2.78,-1.07,-2.3,10.56,False
1,XLE,momentum,Top Relative Momentum 180,70,5,7.14,3.09,15.66,1.26,31.72,2.0,1.43,-2.12,-17.28,19.6,False
1,XLE,momentum_180,180-Day Absolute Momentum,149,9,6.04,3.21,11.08,1.56,20.71,1.97,1.48,-2.14,-17.28,19.6,False
1,XLE,momentum_270,270-Day Absolute Momentum,153,9,5.88,3.13,10.8,1.52,20.23,1.32,0.96,-2.73,-17.28,22.85,False
1,XLE,momentum_365,365-Day Absolute Momentum,152,10,6.58,3.61,11.69,1.81,21.24,1.46,1.22,-2.09,-17.28,19.6,False
1,XLE,momentum_90,90-Day Absolute Momentum,150,7,4.67,2.28,9.32,1.03,18.75,1.25,0.83,-2.71,-17.28,19.6,False
1,XLE,momentum_composite,Composite Momentum,59,3,5.08,1.74,13.92,0.61,31.9,1.37,1.38,-2.09,-17.28,19.6,False
1,XLE,momentum_dual_180_365,Dual Momentum 180/365,126,9,7.14,3.8,13.02,1.85,23.94,1.58,1.37,-2.13,-17.28,19.6,False
1,XLE,momentum_dual_90_180,Dual Momentum 90/180,128,7,5.47,2.67,10.86,1.21,21.52,1.64,1.41,-2.16,-17.28,19.6,False
1,XLE,momentum_rank_365,Top Relative Momentum 365,72,5,6.94,3.0,15.25,1.22,31.04,2.02,1.32,-2.05,-17.28,19.6,False
1,XLE,momentum_rank_90,Top Relative Momentum 90,79,5,6.33,2.73,13.98,1.11,28.86,1.54,1.56,-2.11,-17.28,25.78,False
1,XLE,rsi14_recovery,RSI 14 Recovery,45,2,4.44,1.23,14.83,0.38,36.08,2.48,1.56,-1.56,-12.64,14.17,False
1,XLE,rsi28_recovery,RSI 28 Recovery,25,2,8.0,2.22,24.97,0.69,52.15,2.49,3.39,-0.46,-9.11,14.17,False
1,XLE,trend,SMA 50/200 + Momentum,83,4,4.82,1.89,11.75,0.72,26.13,0.77,0.67,-2.74,-17.28,19.6,False
1,XLE,trend_breakout_100,100-Day Range Breakout,14,1,7.14,1.27,31.47,0.33,63.87,2.28,1.23,-3.15,-6.64,12.17,False
1,XLE,trend_breakout_200,200-Day Range Breakout,12,1,8.33,1.49,35.39,0.39,67.89,2.87,1.39,-3.83,-6.64,12.17,False
1,XLE,trend_ema100_200,EMA 100/200,140,8,5.71,2.92,10.87,1.37,20.9,1.87,1.62,-2.0,-17.28,19.6,False
1,XLE,trend_ema50_200,EMA 50/200,145,9,6.21,3.3,11.37,1.6,21.21,2.02,1.8,-2.0,-17.28,25.78,False
1,XLE,trend_price_sma100,Price above SMA 100,150,7,4.67,2.28,9.32,1.03,18.75,1.34,0.85,-2.42,-17.28,19.6,False
1,XLE,trend_price_sma200,Price above SMA 200,156,9,5.77,3.06,10.6,1.49,19.89,1.72,1.45,-2.01,-17.28,19.6,False
1,XLE,trend_sma100_200,SMA 100/200,137,9,6.57,3.49,12.01,1.7,22.28,1.56,1.39,-2.08,-17.28,19.6,False
1,XLE,trend_triple_ma,Triple Moving Average,72,3,4.17,1.43,11.55,0.5,27.39,-0.1,0.6,-2.16,-17.28,12.17,False
1,XLE,vol_contraction_trend,Volatility Contraction Trend,32,1,3.12,0.55,15.74,0.15,41.63,3.27,2.2,-1.5,-13.04,25.78,False
1,XLF,bollinger_recovery,Bollinger Recovery,24,0,0.0,0.0,13.8,0.0,44.86,1.15,-0.68,-1.58,-27.11,7.24,False
1,XLF,breadth_trend,Broad-Market Trend,147,0,0.0,0.0,2.55,0.0,11.73,1.26,0.91,-1.41,-10.12,9.62,False
1,XLF,buy_hold,Buy & Hold Benchmark,217,7,3.23,1.57,6.51,0.71,13.47,1.49,0.75,-1.8,-27.11,17.63,False
1,XLF,drawdown_recovery,25% Drawdown Recovery,9,2,22.22,6.32,54.74,1.93,80.54,2.88,4.23,-2.61,-4.43,17.45,False
1,XLF,drawdown_recovery_20,20% Drawdown Recovery,26,2,7.69,2.14,24.14,0.66,51.01,1.75,1.54,-2.37,-11.47,17.45,False
1,XLF,drawdown_recovery_30,30% Drawdown Recovery,13,2,15.38,4.33,42.24,1.33,71.0,-0.87,1.67,-2.93,-11.47,17.45,False
1,XLF,drawdown_recovery_40,40% Drawdown Recovery,7,2,28.57,8.22,64.11,2.5,86.19,3.27,4.91,-1.74,-3.49,17.45,False
1,XLF,low_vol_trend,Low-Volatility Trend,52,0,0.0,0.0,6.88,0.0,27.3,1.1,0.76,-1.43,-9.34,8.88,False
1,XLF,momentum,Top Relative Momentum 180,48,0,0.0,0.0,7.41,0.0,28.92,0.82,1.02,-1.66,-6.9,8.88,False
1,XLF,momentum_180,180-Day Absolute Momentum,151,0,0.0,0.0,2.48,0.0,11.45,1.21,0.77,-1.64,-10.12,9.62,False
1,XLF,momentum_270,270-Day Absolute Momentum,152,2,1.32,0.36,4.67,0.11,13.6,1.05,0.8,-1.48,-11.04,10.95,False
1,XLF,momentum_365,365-Day Absolute Momentum,167,2,1.2,0.33,4.26,0.1,12.51,1.21,0.65,-1.74,-11.04,10.95,False
1,XLF,momentum_90,90-Day Absolute Momentum,150,1,0.67,0.12,3.68,0.03,12.67,1.23,0.96,-1.6,-10.12,17.63,False
1,XLF,momentum_composite,Composite Momentum,44,0,0.0,0.0,8.03,0.0,30.74,0.82,0.57,-2.12,-9.34,8.88,False
1,XLF,momentum_dual_180_365,Dual Momentum 180/365,137,0,0.0,0.0,2.73,0.0,12.47,1.05,0.58,-1.74,-10.12,8.88,False
1,XLF,momentum_dual_90_180,Dual Momentum 90/180,130,0,0.0,0.0,2.87,0.0,13.06,1.23,0.8,-1.6,-10.12,8.88,False
1,XLF,momentum_rank_365,Top Relative Momentum 365,51,1,1.96,0.35,10.3,0.09,30.43,1.49,0.99,-1.53,-9.78,10.13,False
1,XLF,momentum_rank_90,Top Relative Momentum 90,49,1,2.04,0.36,10.69,0.1,31.32,1.6,1.19,-2.58,-8.84,16.38,False
1,XLF,rsi14_recovery,RSI 14 Recovery,40,1,2.5,0.44,12.88,0.12,36.05,1.62,0.43,-1.31,-27.11,17.45,False
1,XLF,rsi28_recovery,RSI 28 Recovery,21,1,4.76,0.85,22.67,0.22,52.9,0.46,-1.09,-2.15,-27.11,17.45,False
1,XLF,trend,SMA 50/200 + Momentum,73,0,0.0,0.0,5.0,0.0,21.1,0.71,0.21,-2.01,-10.23,8.88,False
1,XLF,trend_breakout_100,100-Day Range Breakout,22,0,0.0,0.0,14.87,0.0,47.02,-0.44,-0.05,-2.96,-6.51,7.2,False
1,XLF,trend_breakout_200,200-Day Range Breakout,17,0,0.0,0.0,18.43,0.0,53.46,-0.22,0.2,-2.96,-5.67,7.2,False
1,XLF,trend_ema100_200,EMA 100/200,147,0,0.0,0.0,2.55,0.0,11.73,1.05,0.65,-1.64,-10.12,8.88,False
1,XLF,trend_ema50_200,EMA 50/200,150,0,0.0,0.0,2.5,0.0,11.52,1.05,0.63,-1.72,-10.12,8.88,False
1,XLF,trend_price_sma100,Price above SMA 100,146,1,0.68,0.12,3.78,0.03,12.97,1.37,1.04,-1.5,-10.12,15.96,False
1,XLF,trend_price_sma200,Price above SMA 200,152,0,0.0,0.0,2.47,0.0,11.38,1.31,0.92,-1.4,-10.12,9.62,False
1,XLF,trend_sma100_200,SMA 100/200,128,0,0.0,0.0,2.91,0.0,13.24,1.53,0.95,-1.48,-10.12,9.62,False
1,XLF,trend_triple_ma,Triple Moving Average,80,1,1.25,0.22,6.75,0.06,21.57,1.28,0.81,-1.75,-8.84,16.38,False
1,XLF,vol_contraction_trend,Volatility Contraction Trend,42,0,0.0,0.0,8.38,0.0,31.74,1.31,0.63,-2.62,-9.34,9.41,False
1,XLI,bollinger_recovery,Bollinger Recovery,32,0,0.0,0.0,10.72,0.0,37.9,1.73,1.77,-0.44,-6.79,8.81,False
1,XLI,breadth_trend,Broad-Market Trend,159,1,0.63,0.11,3.48,0.03,12.03,0.85,0.85,-1.63,-10.73,12.75,False
1,XLI,buy_hold,Buy & Hold Benchmark,217,9,4.15,2.2,7.69,1.07,14.8,1.19,1.02,-1.81,-19.42,16.67,False
1,XLI,drawdown_recovery,25% Drawdown Recovery,4,0,0.0,0.0,48.99,0.0,83.0,4.1,4.55,1.31,1.19,8.81,False
1,XLI,drawdown_recovery_20,20% Drawdown Recovery,19,0,0.0,0.0,16.82,0.0,50.68,1.35,0.37,-1.98,-17.15,8.81,False
1,XLI,drawdown_recovery_30,30% Drawdown Recovery,11,0,0.0,0.0,25.88,0.0,63.97,1.19,0.29,-1.28,-17.15,8.81,False
1,XLI,drawdown_recovery_40,40% Drawdown Recovery,8,0,0.0,0.0,32.44,0.0,70.94,0.75,-0.18,-1.81,-17.15,8.81,False
1,XLI,low_vol_trend,Low-Volatility Trend,66,0,0.0,0.0,5.5,0.0,22.83,0.57,0.58,-0.92,-14.14,9.77,False
1,XLI,momentum,Top Relative Momentum 180,33,0,0.0,0.0,10.43,0.0,37.17,0.7,0.97,-0.9,-10.73,7.9,False
1,XLI,momentum_180,180-Day Absolute Momentum,173,1,0.58,0.1,3.2,0.03,11.15,0.87,0.89,-0.95,-14.14,12.84,False
1,XLI,momentum_270,270-Day Absolute Momentum,179,4,2.23,0.87,5.6,0.33,13.53,0.85,0.91,-1.78,-14.14,16.27,False
1,XLI,momentum_365,365-Day Absolute Momentum,185,3,1.62,0.55,4.66,0.19,12.29,0.95,0.78,-1.81,-14.14,12.84,False
1,XLI,momentum_90,90-Day Absolute Momentum,160,2,1.25,0.34,4.44,0.11,13.0,0.92,0.97,-1.57,-14.14,12.75,False
1,XLI,momentum_composite,Composite Momentum,46,0,0.0,0.0,7.71,0.0,29.8,0.61,0.55,-0.87,-10.73,7.9,False
1,XLI,momentum_dual_180_365,Dual Momentum 180/365,163,1,0.61,0.11,3.39,0.03,11.77,0.85,0.76,-1.63,-14.14,12.84,False
1,XLI,momentum_dual_90_180,Dual Momentum 90/180,147,0,0.0,0.0,2.55,0.0,11.73,0.8,0.67,-1.63,-14.14,8.89,False
1,XLI,momentum_rank_365,Top Relative Momentum 365,37,0,0.0,0.0,9.41,0.0,34.54,1.64,0.76,-2.02,-9.2,7.79,False
1,XLI,momentum_rank_90,Top Relative Momentum 90,44,1,2.27,0.4,11.81,0.11,33.78,0.73,0.99,-1.05,-10.73,12.75,False
1,XLI,rsi14_recovery,RSI 14 Recovery,50,2,4.0,1.1,13.46,0.34,33.49,1.56,1.23,-1.36,-17.15,10.83,False
1,XLI,rsi28_recovery,RSI 28 Recovery,23,0,0.0,0.0,14.31,0.0,45.92,1.51,1.73,-1.14,-6.79,8.81,False
1,XLI,trend,SMA 50/200 + Momentum,85,0,0.0,0.0,4.32,0.0,18.68,0.95,1.05,-0.7,-10.73,8.89,False
1,XLI,trend_breakout_100,100-Day Range Breakout,20,0,0.0,0.0,16.11,0.0,49.4,0.78,0.17,-2.24,-7.77,5.21,False
1,XLI,trend_breakout_200,200-Day Range Breakout,16,0,0.0,0.0,19.36,0.0,54.96,0.75,-0.05,-2.29,-7.77,4.92,False
1,XLI,trend_ema100_200,EMA 100/200,163,1,0.61,0.11,3.39,0.03,11.77,0.85,0.82,-1.36,-14.14,12.75,False
1,XLI,trend_ema50_200,EMA 50/200,167,1,0.6,0.11,3.31,0.03,11.51,0.8,0.76,-1.63,-14.14,12.75,False
1,XLI,trend_price_sma100,Price above SMA 100,163,2,1.23,0.34,4.36,0.11,12.78,0.97,0.91,-1.36,-14.14,12.75,False
1,XLI,trend_price_sma200,Price above SMA 200,170,1,0.59,0.1,3.26,0.03,11.33,0.82,0.87,-1.43,-14.14,12.75,False
1,XLI,trend_sma100_200,SMA 100/200,152,1,0.66,0.12,3.63,0.03,12.52,0.8,0.87,-1.57,-11.74,12.75,False
1,XLI,trend_triple_ma,Triple Moving Average,92,0,0.0,0.0,4.01,0.0,17.51,0.73,0.35,-1.92,-11.74,7.62,False
1,XLI,vol_contraction_trend,Volatility Contraction Trend,48,1,2.08,0.37,10.9,0.1,31.78,0.75,0.3,-1.28,-14.14,10.65,False
1,XLK,bollinger_recovery,Bollinger Recovery,20,3,15.0,5.24,36.04,1.81,62.77,1.61,1.99,-2.29,-9.56,20.84,False
1,XLK,breadth_trend,Broad-Market Trend,159,5,3.14,1.35,7.15,0.55,15.99,1.11,1.23,-1.82,-9.56,20.84,False
1,XLK,buy_hold,Buy & Hold Benchmark,217,16,7.37,4.59,11.64,2.6,19.18,1.13,1.44,-2.24,-16.26,20.84,False
1,XLK,drawdown_recovery,25% Drawdown Recovery,8,1,12.5,2.24,47.09,0.59,77.62,4.22,2.17,-2.8,-9.31,10.07,False
1,XLK,drawdown_recovery_20,20% Drawdown Recovery,24,2,8.33,2.32,25.85,0.72,53.33,3.0,1.79,-1.72,-10.01,12.17,False
1,XLK,drawdown_recovery_30,30% Drawdown Recovery,14,1,7.14,1.27,31.47,0.33,63.87,3.0,2.1,-1.57,-9.31,10.07,False
1,XLK,drawdown_recovery_40,40% Drawdown Recovery,7,0,0.0,0.0,35.43,0.0,73.61,3.73,2.15,-1.43,-6.85,8.74,False
1,XLK,low_vol_trend,Low-Volatility Trend,50,0,0.0,0.0,7.14,0.0,28.09,1.96,1.33,-1.83,-7.88,8.05,False
1,XLK,momentum,Top Relative Momentum 180,79,7,8.86,4.36,17.18,1.96,32.06,2.0,1.75,-2.09,-9.56,20.84,False
1,XLK,momentum_180,180-Day Absolute Momentum,171,8,4.68,2.39,8.96,1.12,17.53,1.08,1.44,-1.82,-9.56,20.84,False
1,XLK,momentum_270,270-Day Absolute Momentum,186,13,6.99,4.13,11.59,2.22,19.93,1.13,1.55,-1.92,-10.4,20.84,False
1,XLK,momentum_365,365-Day Absolute Momentum,188,13,6.91,4.09,11.47,2.19,19.74,1.02,1.37,-2.24,-10.4,20.84,False
1,XLK,momentum_90,90-Day Absolute Momentum,165,7,4.24,2.07,8.5,0.93,17.24,1.11,1.33,-1.87,-10.01,20.84,False
1,XLK,momentum_composite,Composite Momentum,80,6,7.5,3.48,15.41,1.5,30.18,1.25,1.48,-2.1,-9.56,20.84,False
1,XLK,momentum_dual_180_365,Dual Momentum 180/365,158,8,5.06,2.59,9.67,1.21,18.8,0.91,1.25,-2.08,-9.56,20.84,False
1,XLK,momentum_dual_90_180,Dual Momentum 90/180,153,6,3.92,1.81,8.29,0.78,17.49,1.08,1.3,-1.77,-9.56,20.84,False
1,XLK,momentum_rank_365,Top Relative Momentum 365,92,8,8.7,4.47,16.23,2.1,29.76,2.0,1.7,-2.1,-10.4,20.84,False
1,XLK,momentum_rank_90,Top Relative Momentum 90,75,5,6.67,2.88,14.68,1.17,30.06,1.38,1.3,-2.35,-8.53,13.71,False
1,XLK,rsi14_recovery,RSI 14 Recovery,32,1,3.12,0.55,15.74,0.15,41.63,1.0,0.57,-2.51,-9.56,10.29,False
1,XLK,rsi28_recovery,RSI 28 Recovery,13,2,15.38,4.33,42.24,1.33,71.0,1.45,1.55,-2.11,-9.31,10.29,False
1,XLK,trend,SMA 50/200 + Momentum,95,3,3.16,1.08,8.88,0.38,21.91,0.96,1.06,-2.07,-9.56,20.84,False
1,XLK,trend_breakout_100,100-Day Range Breakout,23,1,4.35,0.77,20.99,0.2,50.42,2.68,1.54,-0.45,-7.18,12.17,False
1,XLK,trend_breakout_200,200-Day Range Breakout,20,1,5.0,0.89,23.61,0.23,54.23,0.91,1.17,-1.31,-7.18,12.17,False
1,XLK,trend_ema100_200,EMA 100/200,168,8,4.76,2.43,9.11,1.14,17.8,1.02,1.28,-1.72,-9.56,20.84,False
1,XLK,trend_ema50_200,EMA 50/200,170,9,5.29,2.81,9.75,1.36,18.44,1.1,1.4,-1.68,-9.56,20.84,False
1,XLK,trend_price_sma100,Price above SMA 100,163,5,3.07,1.32,6.98,0.54,15.64,1.11,1.1,-2.0,-10.01,20.84,False
1,XLK,trend_price_sma200,Price above SMA 200,173,8,4.62,2.36,8.86,1.11,17.35,1.13,1.42,-1.7,-10.01,20.84,False
1,XLK,trend_sma100_200,SMA 100/200,147,8,5.44,2.78,10.37,1.31,20.03,1.13,1.43,-1.91,-9.56,20.84,False
1,XLK,trend_triple_ma,Triple Moving Average,96,3,3.12,1.07,8.79,0.37,21.72,1.13,1.34,-1.72,-8.53,20.84,False
1,XLK,vol_contraction_trend,Volatility Contraction Trend,49,1,2.04,0.36,10.69,0.1,31.32,3.07,2.42,-1.0,-8.53,12.17,False
1,XLP,bollinger_recovery,Bollinger Recovery,25,0,0.0,0.0,13.32,0.0,43.85,1.27,0.79,-0.75,-5.49,5.87,False
1,XLP,breadth_trend,Broad-Market Trend,150,1,0.67,0.12,3.68,0.03,12.67,0.55,0.71,-0.9,-6.87,10.89,False
1,XLP,buy_hold,Buy & Hold Benchmark,217,1,0.46,0.08,2.56,0.02,9.08,0.87,0.83,-0.92,-9.63,10.89,False
1,XLP,drawdown_recovery_20,20% Drawdown Recovery,6,0,0.0,0.0,39.03,0.0,76.5,2.92,2.66,0.75,-0.19,6.79,False
1,XLP,drawdown_recovery_30,30% Drawdown Recovery,2,0,0.0,0.0,65.76,0.0,90.71,1.19,1.19,0.5,-0.19,2.56,False
1,XLP,low_vol_trend,Low-Volatility Trend,172,1,0.58,0.1,3.22,0.03,11.21,0.48,0.58,-1.02,-9.63,10.89,False
1,XLP,momentum,Top Relative Momentum 180,33,0,0.0,0.0,10.43,0.0,37.17,-0.26,-0.39,-2.54,-9.63,6.66,False
1,XLP,momentum_180,180-Day Absolute Momentum,180,1,0.56,0.1,3.08,0.03,10.76,0.66,0.71,-0.94,-9.63,10.89,False
1,XLP,momentum_270,270-Day Absolute Momentum,191,1,0.52,0.09,2.91,0.02,10.2,0.69,0.82,-0.92,-9.63,10.89,False
1,XLP,momentum_365,365-Day Absolute Momentum,194,1,0.52,0.09,2.86,0.02,10.06,0.71,0.81,-1.0,-9.63,10.89,False
1,XLP,momentum_90,90-Day Absolute Momentum,159,0,0.0,0.0,2.36,0.0,10.94,0.51,0.52,-1.07,-9.63,6.79,False
1,XLP,momentum_composite,Composite Momentum,26,0,0.0,0.0,12.87,0.0,42.89,-0.44,-0.53,-2.13,-6.87,6.08,False
1,XLP,momentum_dual_180_365,Dual Momentum 180/365,173,1,0.58,0.1,3.2,0.03,11.15,0.56,0.64,-1.24,-9.63,10.89,False
1,XLP,momentum_dual_90_180,Dual Momentum 90/180,150,0,0.0,0.0,2.5,0.0,11.52,0.54,0.46,-1.08,-9.63,6.79,False
1,XLP,momentum_rank_365,Top Relative Momentum 365,32,0,0.0,0.0,10.72,0.0,37.9,1.08,0.82,-0.89,-7.17,6.08,False
1,XLP,momentum_rank_90,Top Relative Momentum 90,36,0,0.0,0.0,9.64,0.0,35.17,-0.18,-0.3,-1.58,-9.63,6.08,False
1,XLP,rsi14_recovery,RSI 14 Recovery,33,0,0.0,0.0,10.43,0.0,37.17,1.36,0.99,-1.34,-5.1,6.79,False
1,XLP,rsi28_recovery,RSI 28 Recovery,14,0,0.0,0.0,21.53,0.0,58.24,1.96,1.01,-2.04,-5.1,5.87,False
1,XLP,trend,SMA 50/200 + Momentum,49,0,0.0,0.0,7.27,0.0,28.49,-0.04,0.13,-0.85,-7.76,5.84,False
1,XLP,trend_breakout_100,100-Day Range Breakout,29,0,0.0,0.0,11.7,0.0,40.24,0.38,0.39,-1.36,-6.33,4.32,False
1,XLP,trend_breakout_200,200-Day Range Breakout,26,0,0.0,0.0,12.87,0.0,42.89,0.07,0.39,-1.29,-6.33,4.32,False
1,XLP,trend_ema100_200,EMA 100/200,172,1,0.58,0.1,3.22,0.03,11.21,0.52,0.6,-1.02,-9.63,10.89,False
1,XLP,trend_ema50_200,EMA 50/200,171,1,0.58,0.1,3.24,0.03,11.27,0.47,0.59,-1.03,-9.63,10.89,False
1,XLP,trend_price_sma100,Price above SMA 100,154,0,0.0,0.0,2.43,0.0,11.25,0.52,0.56,-1.05,-9.63,6.79,False
1,XLP,trend_price_sma200,Price above SMA 200,172,1,0.58,0.1,3.22,0.03,11.21,0.48,0.58,-1.02,-9.63,10.89,False
1,XLP,trend_sma100_200,SMA 100/200,157,1,0.64,0.11,3.52,0.03,12.16,0.4,0.4,-1.33,-9.63,10.89,False
1,XLP,trend_triple_ma,Triple Moving Average,90,0,0.0,0.0,4.09,0.0,17.83,0.37,0.06,-1.62,-9.63,6.79,False
1,XLP,vol_contraction_trend,Volatility Contraction Trend,43,0,0.0,0.0,8.2,0.0,31.23,0.38,0.51,-1.15,-6.33,6.79,False
1,XLU,bollinger_recovery,Bollinger Recovery,25,0,0.0,0.0,13.32,0.0,43.85,1.11,0.88,-1.04,-6.97,7.99,False
1,XLU,breadth_trend,Broad-Market Trend,150,2,1.33,0.37,4.73,0.11,13.76,0.8,0.62,-1.76,-9.02,12.48,False
1,XLU,buy_hold,Buy & Hold Benchmark,217,4,1.84,0.72,4.64,0.27,11.36,1.13,0.91,-1.62,-18.12,12.48,False
1,XLU,drawdown_recovery,25% Drawdown Recovery,2,0,0.0,0.0,65.76,0.0,90.71,2.44,2.44,1.44,0.43,4.44,False
1,XLU,drawdown_recovery_20,20% Drawdown Recovery,10,1,10.0,1.79,40.42,0.47,72.44,1.03,1.87,-0.03,-4.38,12.48,False
1,XLU,drawdown_recovery_30,30% Drawdown Recovery,4,1,25.0,4.56,69.94,1.18,90.32,3.39,4.92,1.87,0.43,12.48,False
1,XLU,drawdown_recovery_40,40% Drawdown Recovery,4,1,25.0,4.56,69.94,1.18,90.32,3.39,4.92,1.87,0.43,12.48,False
1,XLU,low_vol_trend,Low-Volatility Trend,127,3,2.36,0.81,6.72,0.28,17.14,1.13,0.87,-1.71,-10.08,12.48,False
1,XLU,momentum,Top Relative Momentum 180,65,0,0.0,0.0,5.58,0.0,23.1,0.86,0.41,-1.8,-10.08,7.53,False
1,XLU,momentum_180,180-Day Absolute Momentum,175,2,1.14,0.31,4.07,0.1,12.0,1.0,0.83,-1.48,-10.08,11.21,False
1,XLU,momentum_270,270-Day Absolute Momentum,183,3,1.64,0.56,4.71,0.2,12.41,1.08,0.82,-1.51,-10.08,11.21,False
1,XLU,momentum_365,365-Day Absolute Momentum,186,3,1.61,0.55,4.63,0.19,12.23,1.1,0.88,-1.57,-10.08,11.21,False
1,XLU,momentum_90,90-Day Absolute Momentum,165,3,1.82,0.62,5.21,0.22,13.62,1.11,1.04,-1.62,-10.08,12.48,False
1,XLU,momentum_composite,Composite Momentum,58,0,0.0,0.0,6.21,0.0,25.19,0.86,0.28,-1.81,-10.08,7.26,False
1,XLU,momentum_dual_180_365,Dual Momentum 180/365,163,2,1.23,0.34,4.36,0.11,12.78,0.99,0.73,-1.63,-10.08,11.21,False
1,XLU,momentum_dual_90_180,Dual Momentum 90/180,150,2,1.33,0.37,4.73,0.11,13.76,1.07,0.89,-1.63,-10.08,11.21,False
1,XLU,momentum_rank_365,Top Relative Momentum 365,71,0,0.0,0.0,5.13,0.0,21.57,0.7,0.42,-1.68,-10.08,8.35,False
1,XLU,momentum_rank_90,Top Relative Momentum 90,76,1,1.32,0.23,7.08,0.06,22.47,0.94,0.24,-2.17,-10.08,12.48,False
1,XLU,rsi14_recovery,RSI 14 Recovery,41,1,2.44,0.43,12.6,0.11,35.45,1.87,1.65,-0.66,-7.51,10.81,False
1,XLU,rsi28_recovery,RSI 28 Recovery,26,1,3.85,0.68,18.89,0.18,47.1,1.57,1.65,-0.62,-6.97,10.81,False
1,XLU,trend,SMA 50/200 + Momentum,81,0,0.0,0.0,4.53,0.0,19.42,0.86,0.14,-2.15,-9.02,8.35,False
1,XLU,trend_breakout_100,100-Day Range Breakout,33,0,0.0,0.0,10.43,0.0,37.17,0.96,0.61,-2.08,-8.24,8.35,False
1,XLU,trend_breakout_200,200-Day Range Breakout,28,0,0.0,0.0,12.06,0.0,41.09,0.93,0.29,-2.12,-8.24,8.35,False
1,XLU,trend_ema100_200,EMA 100/200,167,2,1.2,0.33,4.26,0.1,12.51,1.0,0.69,-1.76,-10.08,11.21,False
1,XLU,trend_ema50_200,EMA 50/200,170,2,1.18,0.32,4.19,0.1,12.31,1.03,0.81,-1.63,-10.08,11.21,False
1,XLU,trend_price_sma100,Price above SMA 100,162,2,1.23,0.34,4.39,0.11,12.85,0.96,0.67,-1.81,-10.08,12.48,False
1,XLU,trend_price_sma200,Price above SMA 200,176,3,1.7,0.58,4.89,0.2,12.85,1.0,0.82,-1.62,-10.08,12.48,False
1,XLU,trend_sma100_200,SMA 100/200,160,3,1.88,0.64,5.37,0.22,13.99,1.12,0.96,-1.45,-10.08,12.48,False
1,XLU,trend_triple_ma,Triple Moving Average,92,0,0.0,0.0,4.01,0.0,17.51,0.96,0.58,-1.8,-9.02,8.35,False
1,XLU,vol_contraction_trend,Volatility Contraction Trend,40,1,2.5,0.44,12.88,0.12,36.05,0.3,0.78,-0.88,-10.08,12.48,False
1,XLV,bollinger_recovery,Bollinger Recovery,24,0,0.0,0.0,13.8,0.0,44.86,1.98,0.99,-1.42,-10.4,6.87,False
1,XLV,breadth_trend,Broad-Market Trend,153,1,0.65,0.12,3.61,0.03,12.45,1.0,0.91,-1.13,-8.57,10.4,False
1,XLV,buy_hold,Buy & Hold Benchmark,217,2,0.92,0.25,3.3,0.08,9.87,1.12,0.96,-1.34,-14.61,14.71,False
1,XLV,drawdown_recovery,25% Drawdown Recovery,1,0,0.0,0.0,79.35,0.0,95.13,4.15,4.15,4.15,4.15,4.15,False
1,XLV,drawdown_recovery_20,20% Drawdown Recovery,5,0,0.0,0.0,43.45,0.0,79.61,1.87,1.29,0.54,-2.65,4.15,False
1,XLV,drawdown_recovery_30,30% Drawdown Recovery,3,0,0.0,0.0,56.15,0.0,86.68,0.54,-0.08,-1.05,-2.65,1.87,False
1,XLV,low_vol_trend,Low-Volatility Trend,136,1,0.74,0.13,4.05,0.03,13.81,0.97,0.7,-1.42,-10.4,10.4,False
1,XLV,momentum,Top Relative Momentum 180,39,0,0.0,0.0,8.97,0.0,33.36,1.17,0.51,-1.09,-10.4,6.24,False
1,XLV,momentum_180,180-Day Absolute Momentum,171,1,0.58,0.1,3.24,0.03,11.27,1.34,1.13,-0.86,-10.4,10.4,False
1,XLV,momentum_270,270-Day Absolute Momentum,181,2,1.1,0.3,3.94,0.09,11.64,1.08,1.04,-1.33,-10.4,14.71,False
1,XLV,momentum_365,365-Day Absolute Momentum,187,0,0.0,0.0,2.01,0.0,9.45,1.08,1.06,-1.25,-10.4,9.21,False
1,XLV,momentum_90,90-Day Absolute Momentum,153,1,0.65,0.12,3.61,0.03,12.45,1.02,0.8,-1.17,-10.4,10.4,False
1,XLV,momentum_composite,Composite Momentum,37,0,0.0,0.0,9.41,0.0,34.54,1.4,1.02,-0.62,-10.4,9.21,False
1,XLV,momentum_dual_180_365,Dual Momentum 180/365,163,0,0.0,0.0,2.3,0.0,10.7,1.34,1.07,-0.91,-10.4,9.21,False
1,XLV,momentum_dual_90_180,Dual Momentum 90/180,139,1,0.72,0.13,3.96,0.03,13.55,1.07,0.93,-0.86,-10.4,10.4,False
1,XLV,momentum_rank_365,Top Relative Momentum 365,38,0,0.0,0.0,9.18,0.0,33.94,1.62,1.57,-0.64,-10.4,9.21,False
1,XLV,momentum_rank_90,Top Relative Momentum 90,54,0,0.0,0.0,6.64,0.0,26.56,0.21,0.03,-1.27,-10.4,9.21,False
1,XLV,rsi14_recovery,RSI 14 Recovery,39,0,0.0,0.0,8.97,0.0,33.36,1.34,1.0,-1.25,-10.4,8.29,False
1,XLV,rsi28_recovery,RSI 28 Recovery,17,0,0.0,0.0,18.43,0.0,53.46,0.94,1.28,-1.16,-6.32,7.78,False
1,XLV,trend,SMA 50/200 + Momentum,66,0,0.0,0.0,5.5,0.0,22.83,0.26,0.45,-1.09,-10.4,9.21,False
1,XLV,trend_breakout_100,100-Day Range Breakout,24,0,0.0,0.0,13.8,0.0,44.86,0.45,-0.55,-3.21,-10.4,6.87,False
1,XLV,trend_breakout_200,200-Day Range Breakout,20,0,0.0,0.0,16.11,0.0,49.4,-0.04,-0.95,-3.49,-10.4,6.87,False
1,XLV,trend_ema100_200,EMA 100/200,162,1,0.62,0.11,3.41,0.03,11.83,0.97,0.76,-1.38,-10.4,10.4,False
1,XLV,trend_ema50_200,EMA 50/200,164,1,0.61,0.11,3.37,0.03,11.7,0.91,0.79,-1.25,-10.4,10.4,False
1,XLV,trend_price_sma100,Price above SMA 100,153,1,0.65,0.12,3.61,0.03,12.45,1.07,0.86,-1.13,-10.4,10.4,False
1,XLV,trend_price_sma200,Price above SMA 200,167,1,0.6,0.11,3.31,0.03,11.51,1.07,0.92,-1.13,-10.4,10.4,False
1,XLV,trend_sma100_200,SMA 100/200,146,1,0.68,0.12,3.78,0.03,12.97,0.82,0.72,-1.29,-10.4,10.4,False
1,XLV,trend_triple_ma,Triple Moving Average,78,0,0.0,0.0,4.69,0.0,20.02,0.5,0.58,-1.25,-8.57,7.26,False
1,XLV,vol_contraction_trend,Volatility Contraction Trend,44,0,0.0,0.0,8.03,0.0,30.74,0.28,0.64,-0.82,-4.24,6.15,False
1,XLY,bollinger_recovery,Bollinger Recovery,27,2,7.41,2.06,23.37,0.64,49.93,1.04,1.76,-1.45,-9.06,15.74,False
1,XLY,breadth_trend,Broad-Market Trend,155,3,1.94,0.66,5.54,0.23,14.4,1.25,1.13,-1.53,-12.15,13.2,False
1,XLY,buy_hold,Buy & Hold Benchmark,217,12,5.53,3.19,9.42,1.68,16.72,1.31,1.16,-2.29,-15.77,21.53,False
1,XLY,drawdown_recovery,25% Drawdown Recovery,10,1,10.0,1.79,40.42,0.47,72.44,1.95,0.64,-1.71,-15.77,11.6,False
1,XLY,drawdown_recovery_20,20% Drawdown Recovery,19,3,15.79,5.52,37.57,1.91,64.35,2.78,1.44,-2.74,-15.77,15.74,False
1,XLY,drawdown_recovery_30,30% Drawdown Recovery,14,2,14.29,4.01,39.94,1.24,68.94,0.9,0.66,-3.14,-15.77,15.74,False
1,XLY,drawdown_recovery_40,40% Drawdown Recovery,4,1,25.0,4.56,69.94,1.18,90.32,1.72,0.85,-4.69,-15.77,15.74,False
1,XLY,low_vol_trend,Low-Volatility Trend,73,3,4.11,1.41,11.4,0.49,27.1,1.06,1.19,-1.65,-8.1,13.2,False
1,XLY,momentum,Top Relative Momentum 180,56,1,1.79,0.32,9.45,0.08,28.42,1.71,0.97,-2.12,-8.1,12.37,False
1,XLY,momentum_180,180-Day Absolute Momentum,175,4,2.29,0.89,5.73,0.34,13.81,1.39,1.23,-1.53,-12.15,13.2,False
1,XLY,momentum_270,270-Day Absolute Momentum,178,7,3.93,1.92,7.89,0.87,16.11,1.64,1.36,-1.63,-12.15,13.88,False
1,XLY,momentum_365,365-Day Absolute Momentum,180,7,3.89,1.9,7.81,0.86,15.95,1.75,1.41,-1.5,-12.15,13.88,False
1,XLY,momentum_90,90-Day Absolute Momentum,152,6,3.95,1.82,8.34,0.78,17.6,1.35,1.28,-1.77,-12.85,15.74,False
1,XLY,momentum_composite,Composite Momentum,61,1,1.64,0.29,8.72,0.08,26.66,1.61,1.01,-2.1,-8.14,12.37,False
1,XLY,momentum_dual_180_365,Dual Momentum 180/365,161,4,2.48,0.97,6.21,0.37,14.88,1.67,1.29,-1.42,-12.15,13.2,False
1,XLY,momentum_dual_90_180,Dual Momentum 90/180,140,3,2.14,0.73,6.11,0.26,15.75,1.33,1.21,-1.52,-12.15,13.2,False
1,XLY,momentum_rank_365,Top Relative Momentum 365,70,2,2.86,0.79,9.83,0.25,26.03,2.12,1.64,-1.48,-8.6,12.37,False
1,XLY,momentum_rank_90,Top Relative Momentum 90,58,4,6.9,2.71,16.43,1.03,34.47,1.64,1.29,-2.17,-12.15,15.74,False
1,XLY,rsi14_recovery,RSI 14 Recovery,39,2,5.13,1.42,16.89,0.44,39.76,1.57,1.2,-1.29,-15.77,15.74,False
1,XLY,rsi28_recovery,RSI 28 Recovery,19,3,15.79,5.52,37.57,1.91,64.35,2.76,2.45,-0.87,-12.01,15.74,False
1,XLY,trend,SMA 50/200 + Momentum,84,2,2.38,0.66,8.27,0.2,22.52,1.35,0.84,-1.81,-12.15,12.37,False
1,XLY,trend_breakout_100,100-Day Range Breakout,22,0,0.0,0.0,14.87,0.0,47.02,-0.06,0.25,-1.77,-8.14,6.04,False
1,XLY,trend_breakout_200,200-Day Range Breakout,21,0,0.0,0.0,15.46,0.0,48.18,-0.1,0.06,-1.94,-8.14,6.04,False
1,XLY,trend_ema100_200,EMA 100/200,163,4,2.45,0.96,6.14,0.37,14.72,1.33,0.95,-1.84,-12.15,13.2,False
1,XLY,trend_ema50_200,EMA 50/200,161,4,2.48,0.97,6.21,0.37,14.88,1.31,1.0,-1.79,-12.15,13.2,False
1,XLY,trend_price_sma100,Price above SMA 100,159,6,3.77,1.74,7.99,0.75,16.91,1.36,1.19,-1.53,-12.85,15.74,False
1,XLY,trend_price_sma200,Price above SMA 200,166,5,3.01,1.29,6.86,0.53,15.39,1.35,1.22,-1.63,-12.15,13.2,False
1,XLY,trend_sma100_200,SMA 100/200,141,4,2.84,1.11,7.07,0.42,16.73,1.25,1.0,-1.71,-12.15,13.2,False
1,XLY,trend_triple_ma,Triple Moving Average,86,2,2.33,0.64,8.09,0.2,22.1,0.68,0.67,-1.85,-8.14,12.37,False
1,XLY,vol_contraction_trend,Volatility Contraction Trend,51,2,3.92,1.08,13.22,0.34,33.02,1.82,1.67,-1.03,-8.14,12.37,False
2,DIA,bollinger_recovery,Bollinger Recovery,26,1,3.85,0.68,18.89,0.18,47.1,1.96,2.11,0.99,-9.82,13.09,False
2,DIA,breadth_trend,Broad-Market Trend,92,3,3.26,1.12,9.15,0.39,22.5,1.78,1.52,-0.61,-19.87,12.67,False
2,DIA,buy_hold,Buy & Hold Benchmark,113,8,7.08,3.63,13.35,1.7,25.1,1.61,1.45,-0.59,-19.87,15.55,False
2,DIA,drawdown_recovery,25% Drawdown Recovery,1,0,0.0,0.0,79.35,0.0,95.13,8.87,8.87,8.87,8.87,8.87,False
2,DIA,drawdown_recovery_20,20% Drawdown Recovery,8,1,12.5,2.24,47.09,0.59,77.62,3.51,0.39,-0.14,-23.35,10.71,False
2,DIA,drawdown_recovery_30,30% Drawdown Recovery,5,1,20.0,3.62,62.45,0.94,86.83,4.04,0.81,3.8,-23.35,10.71,False
2,DIA,drawdown_recovery_40,40% Drawdown Recovery,3,0,0.0,0.0,56.15,0.0,86.68,3.8,-5.17,-9.78,-23.35,4.04,False
2,DIA,low_vol_trend,Low-Volatility Trend,95,3,3.16,1.08,8.88,0.38,21.91,1.77,1.46,-0.49,-19.87,12.67,False
2,DIA,momentum,Top Relative Momentum 180,5,0,0.0,0.0,43.45,0.0,79.61,1.74,3.08,1.44,0.54,6.3,False
2,DIA,momentum_180,180-Day Absolute Momentum,96,3,3.12,1.07,8.79,0.37,21.72,1.38,1.09,-0.79,-19.87,12.24,False
2,DIA,momentum_270,270-Day Absolute Momentum,98,5,5.1,2.2,11.39,0.9,24.23,1.67,1.53,-0.5,-19.87,14.08,False
2,DIA,momentum_365,365-Day Absolute Momentum,100,5,5.0,2.15,11.18,0.88,23.83,1.49,1.2,-0.88,-19.87,14.08,False
2,DIA,momentum_90,90-Day Absolute Momentum,95,2,2.11,0.58,7.35,0.18,20.36,1.77,1.36,-0.56,-19.87,12.67,False
2,DIA,momentum_composite,Composite Momentum,6,0,0.0,0.0,39.03,0.0,76.5,2.31,1.53,0.81,-7.66,6.3,False
2,DIA,momentum_dual_180_365,Dual Momentum 180/365,89,2,2.25,0.62,7.83,0.19,21.49,1.34,0.72,-1.01,-19.87,11.32,False
2,DIA,momentum_dual_90_180,Dual Momentum 90/180,90,3,3.33,1.14,9.35,0.4,22.91,1.45,1.11,-0.75,-19.87,12.24,False
2,DIA,momentum_rank_365,Top Relative Momentum 365,3,1,33.33,6.15,79.23,1.57,93.99,-0.45,0.95,-4.06,-7.66,10.96,False
2,DIA,momentum_rank_90,Top Relative Momentum 90,7,0,0.0,0.0,35.43,0.0,73.61,-0.87,-0.03,-1.96,-7.9,8.04,False
2,DIA,rsi14_recovery,RSI 14 Recovery,33,2,6.06,1.68,19.61,0.52,44.27,1.81,0.71,-1.06,-23.35,13.09,False
2,DIA,rsi28_recovery,RSI 28 Recovery,23,2,8.7,2.42,26.8,0.75,54.57,2.11,1.43,-0.87,-18.58,13.09,False
2,DIA,trend,SMA 50/200 + Momentum,46,1,2.17,0.38,11.34,0.1,32.75,2.52,1.49,-0.35,-19.87,11.32,False
2,DIA,trend_breakout_100,100-Day Range Breakout,23,0,0.0,0.0,14.31,0.0,45.92,2.11,1.59,-0.8,-5.92,8.04,False
2,DIA,trend_breakout_200,200-Day Range Breakout,20,0,0.0,0.0,16.11,0.0,49.4,2.06,1.52,-0.85,-5.92,8.04,False
2,DIA,trend_ema100_200,EMA 100/200,93,3,3.23,1.1,9.06,0.39,22.3,1.61,1.09,-0.59,-19.87,11.32,False
2,DIA,trend_ema50_200,EMA 50/200,95,2,2.11,0.58,7.35,0.18,20.36,1.64,1.18,-0.56,-19.87,11.32,False
2,DIA,trend_price_sma100,Price above SMA 100,92,3,3.26,1.12,9.15,0.39,22.5,1.61,1.25,-0.61,-19.87,12.24,False
2,DIA,trend_price_sma200,Price above SMA 200,96,3,3.12,1.07,8.79,0.37,21.72,1.77,1.53,-0.47,-19.87,12.67,False
2,DIA,trend_sma100_200,SMA 100/200,85,2,2.35,0.65,8.18,0.2,22.31,1.74,1.25,-0.52,-19.87,11.32,False
2,DIA,trend_triple_ma,Triple Moving Average,68,0,0.0,0.0,5.35,0.0,22.31,1.52,0.92,-1.21,-10.07,8.18,False
2,DIA,vol_contraction_trend,Volatility Contraction Trend,44,2,4.55,1.26,15.14,0.39,36.64,2.04,1.84,-0.95,-8.39,12.24,False
2,IWM,bollinger_recovery,Bollinger Recovery,21,1,4.76,0.85,22.67,0.22,52.9,3.08,2.34,-1.0,-9.19,13.61,False
2,IWM,breadth_trend,Broad-Market Trend,87,8,9.2,4.73,17.11,2.22,31.13,2.21,1.7,-1.82,-30.44,24.47,False
2,IWM,buy_hold,Buy & Hold Benchmark,113,11,9.73,5.52,16.59,2.84,28.5,1.75,1.43,-1.9,-30.44,24.47,False
2,IWM,drawdown_recovery,25% Drawdown Recovery,6,1,16.67,3.01,56.35,0.78,83.55,5.32,6.57,4.2,4.07,13.61,False
2,IWM,drawdown_recovery_20,20% Drawdown Recovery,23,3,13.04,4.54,32.13,1.57,58.45,4.19,1.09,-2.78,-27.07,13.61,False
2,IWM,drawdown_recovery_30,30% Drawdown Recovery,10,3,30.0,10.78,60.32,3.68,82.77,5.36,1.92,-5.3,-26.44,13.61,False
2,IWM,drawdown_recovery_40,40% Drawdown Recovery,5,1,20.0,3.62,62.45,0.94,86.83,6.15,1.48,4.57,-26.44,13.61,False
2,IWM,low_vol_trend,Low-Volatility Trend,7,2,28.57,8.22,64.11,2.5,86.19,4.74,4.15,0.82,-10.53,13.3,False
2,IWM,momentum,Top Relative Momentum 180,30,1,3.33,0.59,16.67,0.16,43.31,2.54,1.22,-2.71,-27.07,15.54,False
2,IWM,momentum_180,180-Day Absolute Momentum,85,8,9.41,4.85,17.49,2.27,31.72,1.77,1.59,-1.74,-30.44,15.54,False
2,IWM,momentum_270,270-Day Absolute Momentum,88,9,10.23,5.47,18.31,2.65,32.25,1.69,1.36,-1.94,-30.44,24.47,False
2,IWM,momentum_365,365-Day Absolute Momentum,90,6,6.67,3.09,13.79,1.33,27.45,1.8,1.26,-2.03,-22.81,24.47,False
2,IWM,momentum_90,90-Day Absolute Momentum,89,9,10.11,5.41,18.11,2.62,31.95,1.55,1.55,-2.07,-27.07,24.47,False
2,IWM,momentum_composite,Composite Momentum,30,1,3.33,0.59,16.67,0.16,43.31,3.21,2.27,-1.03,-10.53,15.54,False
2,IWM,momentum_dual_180_365,Dual Momentum 180/365,74,5,6.76,2.92,14.86,1.19,30.38,1.54,1.34,-1.93,-22.81,15.54,False
2,IWM,momentum_dual_90_180,Dual Momentum 90/180,75,6,8.0,3.72,16.37,1.6,31.75,1.92,1.83,-1.89,-19.7,15.54,False
2,IWM,momentum_rank_365,Top Relative Momentum 365,24,1,4.17,0.74,20.24,0.19,49.26,2.64,2.42,-0.58,-5.74,11.12,False
2,IWM,momentum_rank_90,Top Relative Momentum 90,34,1,2.94,0.52,14.92,0.14,40.08,1.99,1.59,-1.9,-7.72,15.54,False
2,IWM,rsi14_recovery,RSI 14 Recovery,35,4,11.43,4.54,25.95,1.72,48.76,1.53,1.74,-2.02,-26.44,20.71,False
2,IWM,rsi28_recovery,RSI 28 Recovery,16,2,12.5,3.5,36.02,1.08,65.14,3.88,2.68,0.76,-26.44,20.71,False
2,IWM,trend,SMA 50/200 + Momentum,50,3,6.0,2.06,16.22,0.72,36.0,1.65,1.3,-2.57,-11.68,15.54,False
2,IWM,trend_breakout_100,100-Day Range Breakout,18,1,5.56,0.99,25.76,0.26,57.1,-2.34,-1.26,-5.34,-11.68,12.96,False
2,IWM,trend_breakout_200,200-Day Range Breakout,15,0,0.0,0.0,20.39,0.0,56.56,-1.9,-1.61,-4.39,-11.68,7.33,False
2,IWM,trend_ema100_200,EMA 100/200,84,8,9.52,4.91,17.68,2.3,32.02,1.54,1.35,-2.3,-22.81,24.47,False
2,IWM,trend_ema50_200,EMA 50/200,86,8,9.3,4.79,17.3,2.24,31.42,1.66,1.39,-2.75,-22.81,24.47,False
2,IWM,trend_price_sma100,Price above SMA 100,93,6,6.45,2.99,13.37,1.29,26.73,1.83,1.34,-3.04,-19.7,24.47,False
2,IWM,trend_price_sma200,Price above SMA 200,91,9,9.89,5.29,17.74,2.57,31.39,1.83,1.23,-2.42,-30.44,24.47,False
2,IWM,trend_sma100_200,SMA 100/200,80,4,5.0,1.96,12.16,0.75,26.91,1.73,1.09,-1.47,-27.07,19.96,False
2,IWM,trend_triple_ma,Triple Moving Average,55,2,3.64,1.0,12.32,0.31,31.26,1.53,0.79,-2.52,-12.24,15.54,False
2,IWM,vol_contraction_trend,Volatility Contraction Trend,34,5,14.71,6.45,30.13,2.61,52.55,1.31,0.98,-3.45,-13.0,16.16,False
2,QQQ,bollinger_recovery,Bollinger Recovery,21,3,14.29,4.98,34.64,1.73,61.26,3.71,3.26,-1.18,-15.53,18.16,False
2,QQQ,breadth_trend,Broad-Market Trend,91,9,9.89,5.29,17.74,2.57,31.39,3.71,2.57,-1.22,-19.22,14.68,False
2,QQQ,buy_hold,Buy & Hold Benchmark,113,16,14.16,8.91,21.77,5.05,33.83,3.31,2.34,-1.74,-28.0,17.85,False
2,QQQ,drawdown_recovery,25% Drawdown Recovery,6,1,16.67,3.01,56.35,0.78,83.55,4.43,3.62,2.23,-13.18,17.85,False
2,QQQ,drawdown_recovery_20,20% Drawdown Recovery,16,3,18.75,6.59,43.01,2.28,69.58,6.08,5.39,1.61,-13.18,17.85,False
2,QQQ,drawdown_recovery_30,30% Drawdown Recovery,9,1,11.11,1.99,43.5,0.52,74.94,5.94,4.08,4.71,-13.18,10.75,False
2,QQQ,drawdown_recovery_40,40% Drawdown Recovery,3,0,0.0,0.0,56.15,0.0,86.68,6.22,7.34,6.08,5.94,9.87,False
2,QQQ,low_vol_trend,Low-Volatility Trend,23,4,17.39,6.98,37.14,2.63,62.09,5.6,5.63,1.79,-10.08,17.85,False
2,QQQ,momentum,Top Relative Momentum 180,57,7,12.28,6.08,23.25,2.73,41.08,1.81,1.67,-3.48,-18.2,17.85,False
2,QQQ,momentum_180,180-Day Absolute Momentum,98,12,12.24,7.15,20.19,3.76,33.28,3.14,2.23,-2.15,-19.22,17.85,False
2,QQQ,momentum_270,270-Day Absolute Momentum,101,12,11.88,6.93,19.63,3.64,32.47,3.3,2.29,-1.74,-19.22,17.85,False
2,QQQ,momentum_365,365-Day Absolute Momentum,99,12,12.12,7.07,20.0,3.72,33.0,2.55,1.81,-2.11,-28.0,17.85,False
2,QQQ,momentum_90,90-Day Absolute Momentum,95,14,14.74,8.99,23.23,4.93,36.57,3.31,2.42,-2.41,-19.22,18.16,False
2,QQQ,momentum_composite,Composite Momentum,56,5,8.93,3.87,19.26,1.58,37.52,1.21,1.4,-3.52,-15.45,17.85,False
2,QQQ,momentum_dual_180_365,Dual Momentum 180/365,90,9,10.0,5.35,17.92,2.59,31.67,2.27,1.54,-3.08,-19.22,17.85,False
2,QQQ,momentum_dual_90_180,Dual Momentum 90/180,90,10,11.11,6.15,19.26,3.07,33.02,3.13,1.97,-2.85,-19.22,17.85,False
2,QQQ,momentum_rank_365,Top Relative Momentum 365,55,10,18.18,10.19,30.33,5.09,47.95,1.74,1.84,-3.67,-15.45,17.85,False
2,QQQ,momentum_rank_90,Top Relative Momentum 90,54,6,11.11,5.19,22.19,2.23,40.65,2.03,2.39,-2.39,-11.56,18.16,False
2,QQQ,rsi14_recovery,RSI 14 Recovery,29,2,6.9,1.91,21.96,0.59,47.89,3.28,1.05,-4.32,-15.53,18.16,False
2,QQQ,rsi28_recovery,RSI 28 Recovery,13,2,15.38,4.33,42.24,1.33,71.0,0.61,1.09,-2.01,-15.53,17.85,False
2,QQQ,trend,SMA 50/200 + Momentum,66,6,9.09,4.23,18.45,1.82,35.04,2.13,2.17,-1.07,-19.22,17.62,False
2,QQQ,trend_breakout_100,100-Day Range Breakout,25,2,8.0,2.22,24.97,0.69,52.15,3.31,1.58,-1.18,-10.1,11.94,False
2,QQQ,trend_breakout_200,200-Day Range Breakout,21,1,4.76,0.85,22.67,0.22,52.9,2.5,1.72,-0.57,-10.08,11.94,False
2,QQQ,trend_ema100_200,EMA 100/200,94,11,11.7,6.66,19.75,3.42,33.16,2.74,2.17,-1.94,-19.22,17.85,False
2,QQQ,trend_ema50_200,EMA 50/200,94,9,9.57,5.12,17.2,2.48,30.57,3.13,2.27,-1.62,-19.22,17.85,False
2,QQQ,trend_price_sma100,Price above SMA 100,97,9,9.28,4.96,16.7,2.4,29.8,2.71,2.05,-2.01,-19.22,18.16,False
2,QQQ,trend_price_sma200,Price above SMA 200,99,11,11.11,6.32,18.81,3.24,31.79,3.34,2.48,-1.5,-19.22,17.85,False
2,QQQ,trend_sma100_200,SMA 100/200,88,10,11.36,6.29,19.67,3.14,33.62,3.37,2.56,-1.86,-19.22,17.85,False
2,QQQ,trend_triple_ma,Triple Moving Average,65,4,6.15,2.42,14.78,0.92,31.65,2.5,1.69,-1.74,-19.22,17.85,False
2,QQQ,vol_contraction_trend,Volatility Contraction Trend,36,6,16.67,7.87,31.89,3.37,53.41,4.71,3.44,-0.65,-10.91,15.19,False
2,SPY,bollinger_recovery,Bollinger Recovery,21,2,9.52,2.65,28.91,0.82,57.23,3.43,2.41,1.07,-10.48,16.81,False
2,SPY,breadth_trend,Broad-Market Trend,94,2,2.13,0.59,7.43,0.18,20.54,2.57,1.6,-0.43,-17.9,12.06,False
2,SPY,buy_hold,Buy & Hold Benchmark,113,8,7.08,3.63,13.35,1.7,25.1,2.39,1.52,-1.06,-23.79,14.72,False
2,SPY,drawdown_recovery,25% Drawdown Recovery,2,1,50.0,9.45,90.55,2.38,97.62,7.87,7.87,6.71,5.55,10.19,False
2,SPY,drawdown_recovery_20,20% Drawdown Recovery,8,1,12.5,2.24,47.09,0.59,77.62,3.8,-0.31,-2.52,-22.94,10.19,False
2,SPY,drawdown_recovery_30,30% Drawdown Recovery,5,1,20.0,3.62,62.45,0.94,86.83,5.55,0.85,3.96,-22.94,10.19,False
2,SPY,drawdown_recovery_40,40% Drawdown Recovery,3,0,0.0,0.0,56.15,0.0,86.68,3.96,-4.48,-9.49,-22.94,5.55,False
2,SPY,low_vol_trend,Low-Volatility Trend,95,1,1.05,0.19,5.72,0.05,18.75,2.39,1.48,-0.33,-17.9,12.06,False
2,SPY,momentum,Top Relative Momentum 180,2,0,0.0,0.0,65.76,0.0,90.71,2.28,2.28,1.71,1.14,3.43,False
2,SPY,momentum_180,180-Day Absolute Momentum,98,4,4.08,1.6,10.03,0.61,22.81,2.35,1.58,-0.78,-17.9,12.39,False
2,SPY,momentum_270,270-Day Absolute Momentum,100,6,6.0,2.78,12.48,1.2,25.18,2.45,1.73,-0.82,-17.9,14.72,False
2,SPY,momentum_365,365-Day Absolute Momentum,98,6,6.12,2.84,12.72,1.22,25.6,2.14,1.3,-1.61,-17.9,12.39,False
2,SPY,momentum_90,90-Day Absolute Momentum,93,1,1.08,0.19,5.84,0.05,19.08,2.39,1.3,-0.61,-17.9,12.06,False
2,SPY,momentum_composite,Composite Momentum,4,0,0.0,0.0,48.99,0.0,83.0,4.47,4.83,2.86,1.14,9.24,False
2,SPY,momentum_dual_180_365,Dual Momentum 180/365,89,4,4.49,1.76,10.99,0.67,24.69,1.72,1.22,-1.76,-17.9,12.39,False
2,SPY,momentum_dual_90_180,Dual Momentum 90/180,88,1,1.14,0.2,6.16,0.05,19.97,2.35,1.38,-0.75,-17.9,10.87,False
2,SPY,momentum_rank_365,Top Relative Momentum 365,4,0,0.0,0.0,48.99,0.0,83.0,3.6,3.29,0.03,-3.28,9.24,False
2,SPY,rsi14_recovery,RSI 14 Recovery,33,2,6.06,1.68,19.61,0.52,44.27,3.65,2.51,2.21,-22.94,16.81,False
2,SPY,rsi28_recovery,RSI 28 Recovery,17,3,17.65,6.19,41.03,2.14,67.75,3.21,1.94,0.43,-23.79,16.81,False
2,SPY,trend,SMA 50/200 + Momentum,49,0,0.0,0.0,7.27,0.0,28.49,2.37,1.19,-0.74,-15.47,9.12,False
2,SPY,trend_breakout_100,100-Day Range Breakout,25,0,0.0,0.0,13.32,0.0,43.85,3.41,2.77,0.95,-2.23,7.1,False
2,SPY,trend_breakout_200,200-Day Range Breakout,24,0,0.0,0.0,13.8,0.0,44.86,3.4,2.59,0.93,-2.23,6.32,False
2,SPY,trend_ema100_200,EMA 100/200,94,2,2.13,0.59,7.43,0.18,20.54,2.14,1.33,-1.13,-17.9,12.39,False
2,SPY,trend_ema50_200,EMA 50/200,93,2,2.15,0.59,7.51,0.18,20.72,1.97,1.29,-1.06,-17.9,12.39,False
2,SPY,trend_price_sma100,Price above SMA 100,97,1,1.03,0.18,5.61,0.05,18.43,2.39,1.55,-0.53,-17.9,10.87,False
2,SPY,trend_price_sma200,Price above SMA 200,97,1,1.03,0.18,5.61,0.05,18.43,2.51,1.58,-0.13,-17.9,12.06,False
2,SPY,trend_sma100_200,SMA 100/200,85,1,1.18,0.21,6.37,0.05,20.54,2.27,1.17,-1.38,-17.9,12.06,False
2,SPY,trend_triple_ma,Triple Moving Average,71,0,0.0,0.0,5.13,0.0,21.57,2.45,1.52,-1.06,-12.3,7.65,False
2,SPY,vol_contraction_trend,Volatility Contraction Trend,49,0,0.0,0.0,7.27,0.0,28.49,2.44,2.0,0.32,-9.79,8.29,False
2,VTI,bollinger_recovery,Bollinger Recovery,23,2,8.7,2.42,26.8,0.75,54.57,3.15,2.39,0.9,-10.42,17.51,False
2,VTI,breadth_trend,Broad-Market Trend,93,2,2.15,0.59,7.51,0.18,20.72,2.7,1.74,-0.22,-19.68,14.08,False
2,VTI,buy_hold,Buy & Hold Benchmark,113,7,6.19,3.03,12.24,1.37,23.93,2.32,1.55,-1.08,-25.14,15.85,False
2,VTI,drawdown_recovery,25% Drawdown Recovery,3,1,33.33,6.15,79.23,1.57,93.99,5.77,6.57,4.14,2.52,11.43,False
2,VTI,drawdown_recovery_20,20% Drawdown Recovery,11,2,18.18,5.14,47.7,1.58,75.49,5.77,2.01,-0.15,-22.85,12.5,False
2,VTI,drawdown_recovery_30,30% Drawdown Recovery,5,2,40.0,11.76,76.93,3.53,92.39,5.77,2.22,4.27,-22.85,12.5,False
2,VTI,drawdown_recovery_40,40% Drawdown Recovery,3,0,0.0,0.0,56.15,0.0,86.68,4.27,-4.27,-9.29,-22.85,5.77,False
2,VTI,low_vol_trend,Low-Volatility Trend,90,2,2.22,0.61,7.74,0.19,21.29,2.31,1.57,-0.58,-19.68,14.08,False
2,VTI,momentum,Top Relative Momentum 180,2,0,0.0,0.0,65.76,0.0,90.71,4.43,4.43,4.24,4.06,4.8,False
2,VTI,momentum_180,180-Day Absolute Momentum,96,2,2.08,0.57,7.28,0.18,20.19,2.24,1.48,-0.77,-19.68,10.99,False
2,VTI,momentum_270,270-Day Absolute Momentum,98,5,5.1,2.2,11.39,0.9,24.23,2.51,1.78,-1.0,-19.68,15.85,False
2,VTI,momentum_365,365-Day Absolute Momentum,98,5,5.1,2.2,11.39,0.9,24.23,2.14,1.3,-1.63,-19.68,14.08,False
2,VTI,momentum_90,90-Day Absolute Momentum,94,2,2.13,0.59,7.43,0.18,20.54,2.33,1.44,-0.72,-19.68,14.08,False
2,VTI,momentum_composite,Composite Momentum,3,0,0.0,0.0,56.15,0.0,86.68,4.06,3.98,3.57,3.09,4.8,False
2,VTI,momentum_dual_180_365,Dual Momentum 180/365,87,2,2.3,0.63,8.0,0.2,21.89,2.11,1.08,-1.46,-19.68,13.2,False
2,VTI,momentum_dual_90_180,Dual Momentum 90/180,88,1,1.14,0.2,6.16,0.05,19.97,2.51,1.51,-0.63,-19.68,10.99,False
2,VTI,momentum_rank_365,Top Relative Momentum 365,1,0,0.0,0.0,79.35,0.0,95.13,-1.12,-1.12,-1.12,-1.12,-1.12,False
2,VTI,rsi14_recovery,RSI 14 Recovery,32,2,6.25,1.73,20.15,0.54,45.12,3.52,1.76,0.47,-22.85,17.51,False
2,VTI,rsi28_recovery,RSI 28 Recovery,17,3,17.65,6.19,41.03,2.14,67.75,4.13,3.8,1.86,-10.42,17.51,False
2,VTI,trend,SMA 50/200 + Momentum,51,0,0.0,0.0,7.0,0.0,27.69,2.3,1.16,-0.85,-16.26,9.82,False
2,VTI,trend_breakout_100,100-Day Range Breakout,24,0,0.0,0.0,13.8,0.0,44.86,2.42,2.03,0.37,-5.16,6.97,False
2,VTI,trend_breakout_200,200-Day Range Breakout,24,0,0.0,0.0,13.8,0.0,44.86,2.42,2.03,0.37,-5.16,6.97,False
2,VTI,trend_ema100_200,EMA 100/200,93,3,3.23,1.1,9.06,0.39,22.3,2.18,1.34,-1.08,-19.68,14.08,False
2,VTI,trend_ema50_200,EMA 50/200,94,2,2.13,0.59,7.43,0.18,20.54,2.24,1.37,-1.0,-19.68,14.08,False
2,VTI,trend_price_sma100,Price above SMA 100,96,1,1.04,0.18,5.67,0.05,18.58,2.73,1.65,-0.56,-19.68,10.99,False
2,VTI,trend_price_sma200,Price above SMA 200,95,1,1.05,0.19,5.72,0.05,18.75,2.7,1.74,-0.38,-19.68,14.08,False
2,VTI,trend_sma100_200,SMA 100/200,83,1,1.2,0.21,6.51,0.06,20.94,2.18,1.31,-0.94,-19.68,14.08,False
2,VTI,trend_triple_ma,Triple Moving Average,68,0,0.0,0.0,5.35,0.0,22.31,2.64,1.81,-0.84,-10.16,8.5,False
2,VTI,vol_contraction_trend,Volatility Contraction Trend,47,0,0.0,0.0,7.56,0.0,29.35,2.72,1.61,-0.81,-10.16,8.28,False
2,XLB,bollinger_recovery,Bollinger Recovery,28,4,14.29,5.7,31.49,2.16,55.76,0.34,1.31,-3.29,-13.47,23.47,False
2,XLB,breadth_trend,Broad-Market Trend,87,9,10.34,5.54,18.51,2.69,32.54,2.64,1.57,-2.14,-24.38,15.47,False
2,XLB,buy_hold,Buy & Hold Benchmark,113,15,13.27,8.21,20.75,4.58,32.79,1.8,1.27,-3.27,-33.13,20.47,False
2,XLB,drawdown_recovery,25% Drawdown Recovery,4,1,25.0,4.56,69.94,1.18,90.32,0.56,3.23,0.17,0.12,11.69,False
2,XLB,drawdown_recovery_20,20% Drawdown Recovery,15,4,26.67,10.9,51.95,4.08,75.64,2.73,3.9,0.15,-13.86,23.47,False
2,XLB,drawdown_recovery_30,30% Drawdown Recovery,5,3,60.0,23.07,88.24,7.61,96.47,11.45,10.99,8.15,0.18,23.47,False
2,XLB,drawdown_recovery_40,40% Drawdown Recovery,3,1,33.33,6.15,79.23,1.57,93.99,8.15,10.6,4.17,0.18,23.47,False
2,XLB,low_vol_trend,Low-Volatility Trend,10,0,0.0,0.0,27.75,0.0,66.13,-3.51,-3.19,-7.48,-10.44,5.13,False
2,XLB,momentum,Top Relative Momentum 180,27,1,3.7,0.66,18.28,0.17,46.09,0.73,1.07,-2.78,-5.5,15.47,False
2,XLB,momentum_180,180-Day Absolute Momentum,94,11,11.7,6.66,19.75,3.42,33.16,1.19,1.08,-3.18,-24.38,15.47,False
2,XLB,momentum_270,270-Day Absolute Momentum,87,8,9.2,4.73,17.11,2.22,31.13,1.5,0.55,-3.09,-33.13,15.47,False
2,XLB,momentum_365,365-Day Absolute Momentum,95,9,9.47,5.06,17.03,2.46,30.31,1.5,0.45,-3.54,-33.13,13.67,False
2,XLB,momentum_90,90-Day Absolute Momentum,87,8,9.2,4.73,17.11,2.22,31.13,1.5,1.87,-2.57,-13.86,23.47,False
2,XLB,momentum_composite,Composite Momentum,28,3,10.71,3.71,27.2,1.29,52.42,0.47,1.51,-3.53,-8.48,13.67,False
2,XLB,momentum_dual_180_365,Dual Momentum 180/365,85,9,10.59,5.67,18.91,2.75,33.15,1.18,0.71,-3.47,-24.38,13.67,False
2,XLB,momentum_dual_90_180,Dual Momentum 90/180,77,7,9.09,4.47,17.6,2.01,32.72,-0.06,1.16,-2.91,-13.86,15.47,False
2,XLB,momentum_rank_365,Top Relative Momentum 365,21,0,0.0,0.0,15.46,0.0,48.18,0.73,-0.93,-3.62,-33.13,8.26,False
2,XLB,momentum_rank_90,Top Relative Momentum 90,32,3,9.38,3.24,24.22,1.13,48.41,3.2,2.82,-0.52,-13.83,15.17,False
2,XLB,rsi14_recovery,RSI 14 Recovery,45,6,13.33,6.26,26.18,2.69,46.17,0.2,1.07,-3.27,-20.42,23.47,False
2,XLB,rsi28_recovery,RSI 28 Recovery,27,4,14.81,5.92,32.48,2.24,56.93,-0.37,-0.68,-4.59,-33.13,23.47,False
2,XLB,trend,SMA 50/200 + Momentum,47,5,10.64,4.63,22.59,1.88,42.5,1.16,1.06,-2.79,-17.07,15.47,False
2,XLB,trend_breakout_100,100-Day Range Breakout,24,0,0.0,0.0,13.8,0.0,44.86,1.44,0.39,-4.1,-10.44,7.41,False
2,XLB,trend_breakout_200,200-Day Range Breakout,18,0,0.0,0.0,17.59,0.0,52.03,1.44,0.2,-3.45,-10.44,7.41,False
2,XLB,trend_ema100_200,EMA 100/200,87,9,10.34,5.54,18.51,2.69,32.54,1.5,1.56,-2.42,-24.38,15.47,False
2,XLB,trend_ema50_200,EMA 50/200,85,7,8.24,4.05,16.04,1.82,30.25,1.2,1.46,-2.6,-24.38,15.47,False
2,XLB,trend_price_sma100,Price above SMA 100,93,10,10.75,5.95,18.67,2.97,32.15,1.2,1.69,-2.6,-13.86,23.47,False
2,XLB,trend_price_sma200,Price above SMA 200,93,9,9.68,5.18,17.38,2.51,30.84,1.35,1.23,-2.6,-24.38,15.47,False
2,XLB,trend_sma100_200,SMA 100/200,78,7,8.97,4.42,17.38,1.99,32.39,1.19,1.1,-2.2,-24.38,15.47,False
2,XLB,trend_triple_ma,Triple Moving Average,57,3,5.26,1.81,14.37,0.63,32.73,0.18,0.21,-2.91,-13.86,13.67,False
2,XLB,vol_contraction_trend,Volatility Contraction Trend,34,1,2.94,0.52,14.92,0.14,40.08,2.88,0.97,-1.85,-13.86,11.34,False
2,XLE,bollinger_recovery,Bollinger Recovery,25,4,16.0,6.4,34.65,2.42,59.4,2.78,3.81,1.5,-12.09,16.87,False
2,XLE,breadth_trend,Broad-Market Trend,79,17,21.52,13.89,31.79,8.02,46.31,2.74,3.1,-2.33,-25.77,33.31,False
2,XLE,buy_hold,Buy & Hold Benchmark,113,21,18.58,12.49,26.75,7.58,38.84,1.23,1.8,-4.57,-39.21,39.65,False
2,XLE,drawdown_recovery,25% Drawdown Recovery,7,1,14.29,2.57,51.31,0.67,80.48,3.72,2.55,-4.48,-6.6,16.89,False
2,XLE,drawdown_recovery_20,20% Drawdown Recovery,18,3,16.67,5.84,39.22,2.02,66.0,3.98,2.97,-2.24,-12.7,16.89,False
2,XLE,drawdown_recovery_30,30% Drawdown Recovery,9,1,11.11,1.99,43.5,0.52,74.94,3.72,1.57,-2.7,-12.7,10.1,False
2,XLE,drawdown_recovery_40,40% Drawdown Recovery,7,1,14.29,2.57,51.31,0.67,80.48,4.23,2.95,0.51,-12.7,10.1,False
2,XLE,low_vol_trend,Low-Volatility Trend,6,1,16.67,3.01,56.35,0.78,83.55,2.51,3.42,-2.69,-6.6,16.75,False
2,XLE,momentum,Top Relative Momentum 180,42,10,23.81,13.48,38.53,6.73,57.51,0.23,3.29,-3.15,-17.94,33.31,False
2,XLE,momentum_180,180-Day Absolute Momentum,83,20,24.1,16.17,34.31,9.72,48.33,1.36,2.92,-3.63,-25.77,33.31,False
2,XLE,momentum_270,270-Day Absolute Momentum,82,19,23.17,15.37,33.38,9.12,47.54,1.2,2.25,-3.73,-29.27,33.31,False
2,XLE,momentum_365,365-Day Absolute Momentum,80,17,21.25,13.71,31.42,7.91,45.87,0.73,1.84,-4.21,-29.27,33.31,False
2,XLE,momentum_90,90-Day Absolute Momentum,82,14,17.07,10.45,26.64,5.73,41.08,0.33,1.76,-4.45,-24.73,39.65,False
2,XLE,momentum_composite,Composite Momentum,35,7,20.0,10.04,35.89,4.51,56.98,0.06,2.5,-3.31,-17.94,33.31,False
2,XLE,momentum_dual_180_365,Dual Momentum 180/365,71,17,23.94,15.52,35.04,8.96,50.16,0.06,2.39,-4.36,-25.77,33.31,False
2,XLE,momentum_dual_90_180,Dual Momentum 90/180,74,15,20.27,12.69,30.79,7.09,45.87,0.23,2.5,-4.13,-17.94,39.65,False
2,XLE,momentum_rank_365,Top Relative Momentum 365,37,10,27.03,15.4,42.98,7.68,62.24,3.24,2.55,-3.19,-29.27,33.31,False
2,XLE,momentum_rank_90,Top Relative Momentum 90,44,9,20.45,11.15,34.5,5.4,53.67,0.33,3.32,-3.28,-17.94,27.43,False
2,XLE,rsi14_recovery,RSI 14 Recovery,36,4,11.11,4.41,25.32,1.67,47.9,1.64,1.72,-2.07,-12.09,23.97,False
2,XLE,rsi28_recovery,RSI 28 Recovery,23,5,21.74,9.66,41.9,3.9,65.53,2.67,5.0,1.57,-10.68,23.97,False
2,XLE,trend,SMA 50/200 + Momentum,55,12,21.82,12.95,34.37,6.81,51.6,0.41,2.65,-3.33,-20.7,39.65,False
2,XLE,trend_breakout_100,100-Day Range Breakout,13,3,23.08,8.18,50.26,2.81,75.67,0.81,2.8,-3.37,-5.3,19.92,False
2,XLE,trend_breakout_200,200-Day Range Breakout,11,3,27.27,9.75,56.57,3.34,80.28,0.81,3.26,-3.76,-5.3,19.92,False
2,XLE,trend_ema100_200,EMA 100/200,76,15,19.74,12.34,30.04,6.89,44.95,1.91,2.49,-3.53,-25.77,33.31,False
2,XLE,trend_ema50_200,EMA 50/200,79,16,20.25,12.87,30.4,7.31,44.99,1.7,2.55,-3.63,-25.77,33.31,False
2,XLE,trend_price_sma100,Price above SMA 100,88,13,14.77,8.84,23.65,4.75,37.59,0.79,1.39,-3.46,-25.77,27.43,False
2,XLE,trend_price_sma200,Price above SMA 200,84,15,17.86,11.13,27.39,6.22,41.62,1.64,2.16,-3.9,-25.77,33.31,False
2,XLE,trend_sma100_200,SMA 100/200,75,14,18.67,11.46,28.93,6.28,43.99,1.36,2.19,-3.4,-25.77,33.31,False
2,XLE,trend_triple_ma,Triple Moving Average,50,10,20.0,11.24,33.04,5.61,51.24,1.5,1.87,-3.65,-17.94,19.92,False
2,XLE,vol_contraction_trend,Volatility Contraction Trend,27,5,18.52,8.18,36.7,3.31,60.15,1.64,1.52,-1.76,-24.73,25.23,False
2,XLF,bollinger_recovery,Bollinger Recovery,22,0,0.0,0.0,14.87,0.0,47.02,1.61,-0.76,-0.09,-45.68,7.59,False
2,XLF,breadth_trend,Broad-Market Trend,83,7,8.43,4.15,16.4,1.87,30.83,2.07,1.4,-1.31,-29.74,23.64,False
2,XLF,buy_hold,Buy & Hold Benchmark,113,13,11.5,6.85,18.69,3.68,30.67,2.08,1.35,-3.26,-29.74,23.64,False
2,XLF,drawdown_recovery,25% Drawdown Recovery,8,2,25.0,7.15,59.07,2.18,83.29,4.53,7.33,2.02,-10.73,36.32,False
2,XLF,drawdown_recovery_20,20% Drawdown Recovery,21,3,14.29,4.98,34.64,1.73,61.26,2.32,1.05,-6.34,-25.61,36.32,False
2,XLF,drawdown_recovery_30,30% Drawdown Recovery,10,3,30.0,10.78,60.32,3.68,82.77,3.31,1.85,-8.76,-25.61,36.32,False
2,XLF,drawdown_recovery_40,40% Drawdown Recovery,4,2,50.0,15.0,85.0,4.45,95.55,9.56,14.44,6.87,2.32,36.32,False
2,XLF,low_vol_trend,Low-Volatility Trend,33,1,3.03,0.54,15.32,0.14,40.84,2.21,1.41,-2.47,-11.56,10.09,False
2,XLF,momentum,Top Relative Momentum 180,31,1,3.23,0.57,16.19,0.15,42.45,2.39,1.59,-1.2,-13.78,12.66,False
2,XLF,momentum_180,180-Day Absolute Momentum,86,6,6.98,3.24,14.4,1.39,28.48,2.29,1.41,-1.07,-29.74,20.03,False
2,XLF,momentum_270,270-Day Absolute Momentum,82,5,6.1,2.63,13.49,1.07,28.01,2.1,1.16,-2.95,-29.74,19.21,False
2,XLF,momentum_365,365-Day Absolute Momentum,92,6,6.52,3.02,13.51,1.3,26.97,1.74,0.89,-3.15,-29.74,20.03,False
2,XLF,momentum_90,90-Day Absolute Momentum,84,7,8.33,4.1,16.22,1.85,30.54,2.05,1.84,-0.84,-29.74,20.16,False
2,XLF,momentum_composite,Composite Momentum,29,0,0.0,0.0,11.7,0.0,40.24,2.16,1.3,0.08,-13.78,9.5,False
2,XLF,momentum_dual_180_365,Dual Momentum 180/365,77,5,6.49,2.81,14.32,1.14,29.45,2.03,1.18,-1.22,-29.74,20.03,False
2,XLF,momentum_dual_90_180,Dual Momentum 90/180,76,6,7.89,3.67,16.17,1.58,31.43,2.05,1.52,-0.61,-29.74,20.03,False
2,XLF,momentum_rank_365,Top Relative Momentum 365,30,0,0.0,0.0,11.35,0.0,39.43,2.19,0.98,-2.27,-13.78,8.29,False
2,XLF,momentum_rank_90,Top Relative Momentum 90,30,6,20.0,9.5,37.31,4.07,59.59,3.83,3.55,0.26,-16.18,20.03,False
2,XLF,rsi14_recovery,RSI 14 Recovery,36,2,5.56,1.54,18.14,0.48,41.89,1.92,0.22,-0.82,-45.68,36.32,False
2,XLF,rsi28_recovery,RSI 28 Recovery,20,1,5.0,0.89,23.61,0.23,54.23,1.46,-1.37,-3.92,-45.68,36.32,False
2,XLF,trend,SMA 50/200 + Momentum,47,1,2.13,0.38,11.11,0.1,32.26,1.93,0.91,-0.97,-13.78,18.87,False
2,XLF,trend_breakout_100,100-Day Range Breakout,21,2,9.52,2.65,28.91,0.82,57.23,1.67,2.29,-0.68,-11.56,17.3,False
2,XLF,trend_breakout_200,200-Day Range Breakout,16,1,6.25,1.11,28.33,0.29,60.3,1.63,2.41,-0.84,-4.14,17.3,False
2,XLF,trend_ema100_200,EMA 100/200,83,6,7.23,3.35,14.89,1.44,29.31,1.93,1.07,-2.28,-29.74,19.21,False
2,XLF,trend_ema50_200,EMA 50/200,82,5,6.1,2.63,13.49,1.07,28.01,2.01,1.25,-1.07,-29.74,19.21,False
2,XLF,trend_price_sma100,Price above SMA 100,83,9,10.84,5.81,19.34,2.82,33.78,2.37,2.04,-0.71,-29.74,23.64,False
2,XLF,trend_price_sma200,Price above SMA 200,84,7,8.33,4.1,16.22,1.85,30.54,2.06,1.58,-0.96,-29.74,23.64,False
2,XLF,trend_sma100_200,SMA 100/200,70,6,8.57,3.99,17.47,1.71,33.5,2.29,1.39,-1.14,-29.74,19.21,False
2,XLF,trend_triple_ma,Triple Moving Average,54,2,3.7,1.02,12.54,0.32,31.68,1.14,1.38,-1.12,-13.78,20.03,False
2,XLF,vol_contraction_trend,Volatility Contraction Trend,34,4,11.76,4.67,26.62,1.77,49.66,1.43,1.69,-2.51,-16.18,23.64,False
2,XLI,bollinger_recovery,Bollinger Recovery,28,3,10.71,3.71,27.2,1.29,52.42,4.5,2.53,-0.57,-14.14,11.06,False
2,XLI,breadth_trend,Broad-Market Trend,92,5,5.43,2.34,12.1,0.95,25.52,1.78,1.66,-1.14,-25.23,13.37,False
2,XLI,buy_hold,Buy & Hold Benchmark,113,12,10.62,6.18,17.65,3.25,29.59,1.65,1.51,-1.46,-29.46,19.86,False
2,XLI,drawdown_recovery,25% Drawdown Recovery,3,1,33.33,6.15,79.23,1.57,93.99,3.25,4.75,2.02,0.8,10.22,False
2,XLI,drawdown_recovery_20,20% Drawdown Recovery,13,2,15.38,4.33,42.24,1.33,71.0,3.25,1.21,0.48,-32.97,13.67,False
2,XLI,drawdown_recovery_30,30% Drawdown Recovery,7,2,28.57,8.22,64.11,2.5,86.19,6.49,0.6,0.11,-32.97,13.67,False
2,XLI,drawdown_recovery_40,40% Drawdown Recovery,5,2,40.0,11.76,76.93,3.53,92.39,6.49,-0.36,0.8,-32.97,13.67,False
2,XLI,low_vol_trend,Low-Volatility Trend,42,0,0.0,0.0,8.38,0.0,31.74,1.04,1.24,-1.48,-11.97,8.6,False
2,XLI,momentum,Top Relative Momentum 180,25,1,4.0,0.71,19.54,0.19,48.16,2.87,1.6,-1.12,-18.24,14.25,False
2,XLI,momentum_180,180-Day Absolute Momentum,94,5,5.32,2.29,11.85,0.93,25.07,1.1,1.11,-1.43,-25.23,17.01,False
2,XLI,momentum_270,270-Day Absolute Momentum,95,8,8.42,4.33,15.75,2.03,28.99,1.24,1.22,-2.03,-25.23,19.86,False
2,XLI,momentum_365,365-Day Absolute Momentum,100,5,5.0,2.15,11.18,0.88,23.83,1.23,1.03,-1.49,-25.23,12.19,False
2,XLI,momentum_90,90-Day Absolute Momentum,92,4,4.35,1.7,10.65,0.65,24.03,2.5,1.8,-1.14,-25.23,11.33,False
2,XLI,momentum_composite,Composite Momentum,29,0,0.0,0.0,11.7,0.0,40.24,1.23,0.55,-2.69,-11.97,7.53,False
2,XLI,momentum_dual_180_365,Dual Momentum 180/365,89,4,4.49,1.76,10.99,0.67,24.69,0.7,0.82,-1.57,-25.23,17.01,False
2,XLI,momentum_dual_90_180,Dual Momentum 90/180,86,4,4.65,1.82,11.36,0.69,25.39,1.23,1.54,-1.1,-25.23,17.01,False
2,XLI,momentum_rank_365,Top Relative Momentum 365,23,1,4.35,0.77,20.99,0.2,50.42,1.41,1.06,-1.34,-14.63,12.19,False
2,XLI,momentum_rank_90,Top Relative Momentum 90,28,4,14.29,5.7,31.49,2.16,55.76,1.73,1.1,-2.56,-18.24,14.31,False
2,XLI,rsi14_recovery,RSI 14 Recovery,42,4,9.52,3.77,22.07,1.43,43.31,3.95,1.6,-1.96,-32.97,11.06,False
2,XLI,rsi28_recovery,RSI 28 Recovery,23,2,8.7,2.42,26.8,0.75,54.57,4.28,1.68,-1.57,-14.14,13.28,False
2,XLI,trend,SMA 50/200 + Momentum,52,3,5.77,1.98,15.64,0.69,35.0,1.59,2.17,-1.12,-8.05,17.01,False
2,XLI,trend_breakout_100,100-Day Range Breakout,17,0,0.0,0.0,18.43,0.0,53.46,0.62,1.42,-0.44,-4.59,9.09,False
2,XLI,trend_breakout_200,200-Day Range Breakout,14,0,0.0,0.0,21.53,0.0,58.24,0.59,0.76,-1.12,-4.59,9.09,False
2,XLI,trend_ema100_200,EMA 100/200,90,5,5.56,2.4,12.35,0.98,25.98,1.59,1.31,-1.32,-25.23,14.25,False
2,XLI,trend_ema50_200,EMA 50/200,94,4,4.26,1.67,10.44,0.63,23.61,1.6,1.32,-1.18,-25.23,11.33,False
2,XLI,trend_price_sma100,Price above SMA 100,97,6,6.19,2.87,12.84,1.23,25.82,2.19,1.76,-1.12,-25.23,13.67,False
2,XLI,trend_price_sma200,Price above SMA 200,96,5,5.21,2.24,11.62,0.91,24.64,2.01,1.6,-1.14,-25.23,13.37,False
2,XLI,trend_sma100_200,SMA 100/200,86,5,5.81,2.51,12.9,1.02,26.96,1.4,1.7,-1.18,-25.23,17.01,False
2,XLI,trend_triple_ma,Triple Moving Average,66,1,1.52,0.27,8.1,0.07,25.1,0.66,1.14,-1.77,-11.52,11.06,False
2,XLI,vol_contraction_trend,Volatility Contraction Trend,38,3,7.89,2.72,20.8,0.95,43.43,1.18,1.29,-2.43,-11.52,13.37,False
2,XLK,bollinger_recovery,Bollinger Recovery,20,4,20.0,8.07,41.6,3.04,66.6,2.12,1.69,-3.53,-15.34,17.95,False
2,XLK,breadth_trend,Broad-Market Trend,91,11,12.09,6.89,20.36,3.53,34.04,3.24,2.4,-2.21,-19.39,17.44,False
2,XLK,buy_hold,Buy & Hold Benchmark,113,20,17.7,11.76,25.76,7.05,37.86,2.94,2.39,-2.12,-26.24,17.95,False
2,XLK,drawdown_recovery,25% Drawdown Recovery,7,2,28.57,8.22,64.11,2.5,86.19,4.64,4.01,1.29,-14.8,17.95,False
2,XLK,drawdown_recovery_20,20% Drawdown Recovery,17,5,29.41,13.28,53.13,5.33,75.5,8.48,5.2,1.24,-14.8,17.95,False
2,XLK,drawdown_recovery_30,30% Drawdown Recovery,11,3,27.27,9.75,56.57,3.34,80.28,9.04,7.67,5.56,-12.48,17.95,False
2,XLK,drawdown_recovery_40,40% Drawdown Recovery,5,1,20.0,3.62,62.45,0.94,86.83,6.48,4.18,4.64,-12.48,12.91,False
2,XLK,low_vol_trend,Low-Volatility Trend,33,2,6.06,1.68,19.61,0.52,44.27,4.14,2.57,-1.51,-10.34,12.56,False
2,XLK,momentum,Top Relative Momentum 180,52,10,19.23,10.8,31.9,5.39,49.87,3.63,2.95,-3.21,-15.34,17.95,False
2,XLK,momentum_180,180-Day Absolute Momentum,97,13,13.4,8.0,21.59,4.3,34.77,2.69,2.37,-2.84,-19.39,17.95,False
2,XLK,momentum_270,270-Day Absolute Momentum,100,16,16.0,10.1,24.42,5.73,37.38,2.35,2.44,-1.82,-19.39,17.95,False
2,XLK,momentum_365,365-Day Absolute Momentum,99,16,16.16,10.2,24.65,5.79,37.68,2.3,2.07,-2.48,-19.39,17.95,False
2,XLK,momentum_90,90-Day Absolute Momentum,95,14,14.74,8.99,23.23,4.93,36.57,2.69,2.32,-2.9,-19.39,17.95,False
2,XLK,momentum_composite,Composite Momentum,52,10,19.23,10.8,31.9,5.39,49.87,2.4,2.51,-3.28,-17.9,17.95,False
2,XLK,momentum_dual_180_365,Dual Momentum 180/365,89,12,13.48,7.88,22.1,4.15,35.96,2.11,1.74,-2.99,-19.39,17.95,False
2,XLK,momentum_dual_90_180,Dual Momentum 90/180,89,12,13.48,7.88,22.1,4.15,35.96,2.95,2.25,-2.96,-19.39,17.95,False
2,XLK,momentum_rank_365,Top Relative Momentum 365,53,10,18.87,10.59,31.36,5.29,49.21,1.24,1.99,-2.58,-15.34,17.95,False
2,XLK,momentum_rank_90,Top Relative Momentum 90,47,7,14.89,7.41,27.69,3.33,47.07,3.4,2.57,-2.95,-17.9,17.95,False
2,XLK,rsi14_recovery,RSI 14 Recovery,28,2,7.14,1.98,22.65,0.61,48.89,4.06,1.49,-1.43,-15.34,14.08,False
2,XLK,rsi28_recovery,RSI 28 Recovery,13,2,15.38,4.33,42.24,1.33,71.0,0.05,1.56,-1.42,-10.31,17.95,False
2,XLK,trend,SMA 50/200 + Momentum,63,6,9.52,4.44,19.26,1.91,36.29,2.84,2.24,-0.75,-17.9,17.95,False
2,XLK,trend_breakout_100,100-Day Range Breakout,21,0,0.0,0.0,15.46,0.0,48.18,3.11,2.49,0.56,-9.04,9.96,False
2,XLK,trend_breakout_200,200-Day Range Breakout,18,0,0.0,0.0,17.59,0.0,52.03,2.9,2.31,0.32,-9.04,9.96,False
2,XLK,trend_ema100_200,EMA 100/200,93,13,13.98,8.35,22.46,4.49,35.97,2.32,2.07,-2.96,-19.39,17.95,False
2,XLK,trend_ema50_200,EMA 50/200,95,15,15.79,9.81,24.43,5.48,37.77,2.4,2.3,-2.9,-19.39,17.95,False
2,XLK,trend_price_sma100,Price above SMA 100,97,11,11.34,6.45,19.17,3.31,32.33,2.69,1.83,-2.84,-19.39,17.95,False
2,XLK,trend_price_sma200,Price above SMA 200,97,14,14.43,8.8,22.78,4.82,35.96,2.72,2.39,-2.7,-19.39,17.95,False
2,XLK,trend_sma100_200,SMA 100/200,83,12,14.46,8.47,23.59,4.45,38.0,2.69,2.31,-2.83,-19.39,17.95,False
2,XLK,trend_triple_ma,Triple Moving Average,63,5,7.94,3.44,17.27,1.4,34.38,2.53,2.22,-1.47,-10.34,15.75,False
2,XLK,vol_contraction_trend,Volatility Contraction Trend,37,8,21.62,11.39,37.2,5.32,57.53,4.31,4.04,-0.51,-10.34,15.75,False
2,XLP,bollinger_recovery,Bollinger Recovery,25,0,0.0,0.0,13.32,0.0,43.85,2.24,1.21,-2.44,-9.51,8.68,False
2,XLP,breadth_trend,Broad-Market Trend,88,0,0.0,0.0,4.18,0.0,18.16,1.14,0.82,-2.03,-8.71,8.68,False
2,XLP,buy_hold,Buy & Hold Benchmark,113,2,1.77,0.49,6.22,0.15,17.6,1.46,1.07,-1.94,-13.43,12.19,False
2,XLP,drawdown_recovery_20,20% Drawdown Recovery,5,0,0.0,0.0,43.45,0.0,79.61,3.71,3.07,2.55,0.3,4.81,False
2,XLP,drawdown_recovery_30,30% Drawdown Recovery,2,0,0.0,0.0,65.76,0.0,90.71,2.56,2.56,1.43,0.3,4.81,False
2,XLP,low_vol_trend,Low-Volatility Trend,99,0,0.0,0.0,3.74,0.0,16.47,0.72,0.54,-2.35,-13.43,8.68,False
2,XLP,momentum,Top Relative Momentum 180,25,0,0.0,0.0,13.32,0.0,43.85,1.34,0.09,-2.95,-13.43,7.29,False
2,XLP,momentum_180,180-Day Absolute Momentum,97,0,0.0,0.0,3.81,0.0,16.76,0.52,0.72,-1.96,-9.51,9.17,False
2,XLP,momentum_270,270-Day Absolute Momentum,103,1,0.97,0.17,5.3,0.05,17.52,1.46,0.97,-1.95,-13.43,11.64,False
2,XLP,momentum_365,365-Day Absolute Momentum,103,1,0.97,0.17,5.3,0.05,17.52,1.04,0.82,-2.07,-13.43,11.64,False
2,XLP,momentum_90,90-Day Absolute Momentum,91,0,0.0,0.0,4.05,0.0,17.67,0.52,0.43,-1.99,-13.43,8.68,False
2,XLP,momentum_composite,Composite Momentum,20,0,0.0,0.0,16.11,0.0,49.4,-0.32,-0.3,-2.91,-9.51,7.54,False
2,XLP,momentum_dual_180_365,Dual Momentum 180/365,93,0,0.0,0.0,3.97,0.0,17.35,0.19,0.52,-2.37,-9.51,9.17,False
2,XLP,momentum_dual_90_180,Dual Momentum 90/180,87,0,0.0,0.0,4.23,0.0,18.33,0.43,0.46,-2.13,-9.51,9.17,False
2,XLP,momentum_rank_365,Top Relative Momentum 365,20,0,0.0,0.0,16.11,0.0,49.4,2.19,0.8,-2.0,-18.3,9.14,False
2,XLP,momentum_rank_90,Top Relative Momentum 90,24,0,0.0,0.0,13.8,0.0,44.86,-0.53,-0.94,-3.59,-13.43,7.54,False
2,XLP,rsi14_recovery,RSI 14 Recovery,30,1,3.33,0.59,16.67,0.16,43.31,1.53,1.05,-2.34,-9.51,11.64,False
2,XLP,rsi28_recovery,RSI 28 Recovery,14,0,0.0,0.0,21.53,0.0,58.24,3.26,1.96,0.22,-9.51,8.68,False
2,XLP,trend,SMA 50/200 + Momentum,34,0,0.0,0.0,10.15,0.0,36.48,-0.45,-0.12,-2.94,-7.32,7.53,False
2,XLP,trend_breakout_100,100-Day Range Breakout,25,0,0.0,0.0,13.32,0.0,43.85,0.6,0.42,-2.37,-5.74,7.51,False
2,XLP,trend_breakout_200,200-Day Range Breakout,22,0,0.0,0.0,14.87,0.0,47.02,0.52,0.41,-2.21,-5.74,7.51,False
2,XLP,trend_ema100_200,EMA 100/200,99,1,1.01,0.18,5.5,0.05,18.11,0.72,0.7,-2.15,-13.43,11.64,False
2,XLP,trend_ema50_200,EMA 50/200,99,0,0.0,0.0,3.74,0.0,16.47,0.86,0.67,-1.97,-13.43,9.17,False
2,XLP,trend_price_sma100,Price above SMA 100,92,1,1.09,0.19,5.9,0.05,19.25,0.62,0.74,-1.98,-13.43,11.64,False
2,XLP,trend_price_sma200,Price above SMA 200,99,0,0.0,0.0,3.74,0.0,16.47,0.72,0.54,-2.35,-13.43,8.68,False
2,XLP,trend_sma100_200,SMA 100/200,87,0,0.0,0.0,4.23,0.0,18.33,0.04,0.1,-2.87,-13.43,8.68,False
2,XLP,trend_triple_ma,Triple Moving Average,59,0,0.0,0.0,6.11,0.0,24.87,0.44,0.2,-2.31,-8.78,7.34,False
2,XLP,vol_contraction_trend,Volatility Contraction Trend,37,0,0.0,0.0,9.41,0.0,34.54,0.3,0.8,-2.24,-9.51,8.36,False
2,XLU,bollinger_recovery,Bollinger Recovery,24,0,0.0,0.0,13.8,0.0,44.86,2.4,1.33,-2.16,-8.4,7.71,False
2,XLU,breadth_trend,Broad-Market Trend,88,4,4.55,1.78,11.11,0.68,24.92,1.78,1.28,-2.13,-18.67,12.26,False
2,XLU,buy_hold,Buy & Hold Benchmark,113,7,6.19,3.03,12.24,1.37,23.93,1.93,1.42,-2.09,-20.88,19.71,False
2,XLU,drawdown_recovery,25% Drawdown Recovery,2,0,0.0,0.0,65.76,0.0,90.71,-0.95,-0.95,-3.85,-6.74,4.84,False
2,XLU,drawdown_recovery_20,20% Drawdown Recovery,10,1,10.0,1.79,40.42,0.47,72.44,-0.76,1.1,-2.51,-3.7,12.26,False
2,XLU,drawdown_recovery_30,30% Drawdown Recovery,4,1,25.0,4.56,69.94,1.18,90.32,4.1,4.49,1.9,-2.51,12.26,False
2,XLU,drawdown_recovery_40,40% Drawdown Recovery,3,1,33.33,6.15,79.23,1.57,93.99,4.84,6.82,4.1,3.37,12.26,False
2,XLU,low_vol_trend,Low-Volatility Trend,73,3,4.11,1.41,11.4,0.49,27.1,1.49,1.17,-1.95,-18.67,12.26,False
2,XLU,momentum,Top Relative Momentum 180,39,0,0.0,0.0,8.97,0.0,33.36,1.93,0.63,-2.85,-18.67,9.1,False
2,XLU,momentum_180,180-Day Absolute Momentum,96,5,5.21,2.24,11.62,0.91,24.64,1.93,1.54,-2.07,-18.67,11.42,False
2,XLU,momentum_270,270-Day Absolute Momentum,96,3,3.12,1.07,8.79,0.37,21.72,1.9,1.36,-1.95,-18.67,11.24,False
2,XLU,momentum_365,365-Day Absolute Momentum,100,4,4.0,1.57,9.84,0.6,22.43,1.9,1.34,-2.13,-18.67,11.42,False
2,XLU,momentum_90,90-Day Absolute Momentum,94,4,4.26,1.67,10.44,0.63,23.61,1.72,1.32,-2.04,-18.67,12.26,False
2,XLU,momentum_composite,Composite Momentum,33,1,3.03,0.54,15.32,0.14,40.84,1.49,0.59,-3.63,-18.67,10.79,False
2,XLU,momentum_dual_180_365,Dual Momentum 180/365,90,4,4.44,1.74,10.88,0.66,24.47,1.93,1.4,-2.19,-18.67,11.42,False
2,XLU,momentum_dual_90_180,Dual Momentum 90/180,86,3,3.49,1.19,9.76,0.42,23.77,1.78,1.09,-2.08,-18.67,11.24,False
2,XLU,momentum_rank_365,Top Relative Momentum 365,42,1,2.38,0.42,12.32,0.11,34.88,1.81,0.83,-3.49,-18.67,11.24,False
2,XLU,momentum_rank_90,Top Relative Momentum 90,45,3,6.67,2.29,17.86,0.8,38.76,1.49,1.56,-2.51,-9.17,13.11,False
2,XLU,rsi14_recovery,RSI 14 Recovery,37,2,5.41,1.5,17.7,0.46,41.16,3.12,2.72,0.35,-8.4,10.54,False
2,XLU,rsi28_recovery,RSI 28 Recovery,25,2,8.0,2.22,24.97,0.69,52.15,2.54,2.89,-1.81,-8.4,19.71,False
2,XLU,trend,SMA 50/200 + Momentum,53,1,1.89,0.33,9.94,0.09,29.59,1.35,0.55,-2.06,-18.67,11.24,False
2,XLU,trend_breakout_100,100-Day Range Breakout,29,3,10.34,3.58,26.39,1.25,51.36,1.81,2.05,-0.59,-8.58,10.54,False
2,XLU,trend_breakout_200,200-Day Range Breakout,26,2,7.69,2.14,24.14,0.66,51.01,1.52,1.58,-1.29,-8.58,10.54,False
2,XLU,trend_ema100_200,EMA 100/200,93,2,2.15,0.59,7.51,0.18,20.72,1.75,1.24,-1.96,-18.67,12.48,False
2,XLU,trend_ema50_200,EMA 50/200,93,2,2.15,0.59,7.51,0.18,20.72,1.75,1.23,-1.96,-18.67,11.24,False
2,XLU,trend_price_sma100,Price above SMA 100,95,3,3.16,1.08,8.88,0.38,21.91,1.35,1.14,-2.15,-18.67,19.71,False
2,XLU,trend_price_sma200,Price above SMA 200,98,4,4.08,1.6,10.03,0.61,22.81,1.78,1.22,-2.08,-18.67,12.26,False
2,XLU,trend_sma100_200,SMA 100/200,87,4,4.6,1.8,11.23,0.69,25.15,1.75,1.46,-1.96,-18.67,12.26,False
2,XLU,trend_triple_ma,Triple Moving Average,58,2,3.45,0.95,11.73,0.3,30.05,1.29,1.61,-1.58,-8.58,10.54,False
2,XLU,vol_contraction_trend,Volatility Contraction Trend,30,2,6.67,1.85,21.32,0.57,46.93,1.84,1.33,-1.22,-10.6,12.26,False
2,XLV,bollinger_recovery,Bollinger Recovery,22,0,0.0,0.0,14.87,0.0,47.02,1.87,0.88,-4.26,-8.54,8.7,False
2,XLV,breadth_trend,Broad-Market Trend,89,2,2.25,0.62,7.83,0.19,21.49,1.12,1.25,-1.88,-11.74,12.65,False
2,XLV,buy_hold,Buy & Hold Benchmark,113,3,2.65,0.91,7.52,0.32,18.94,1.79,1.27,-2.38,-17.39,12.65,False
2,XLV,drawdown_recovery,25% Drawdown Recovery,1,0,0.0,0.0,79.35,0.0,95.13,3.41,3.41,3.41,3.41,3.41,False
2,XLV,drawdown_recovery_20,20% Drawdown Recovery,5,0,0.0,0.0,43.45,0.0,79.61,1.38,-0.74,-0.0,-16.79,8.29,False
2,XLV,drawdown_recovery_30,30% Drawdown Recovery,3,0,0.0,0.0,56.15,0.0,86.68,1.38,-2.37,-7.7,-16.79,8.29,False
2,XLV,low_vol_trend,Low-Volatility Trend,78,2,2.56,0.71,8.88,0.22,23.9,0.74,0.81,-3.33,-11.74,12.65,False
2,XLV,momentum,Top Relative Momentum 180,26,0,0.0,0.0,12.87,0.0,42.89,0.48,0.22,-4.59,-8.01,9.7,False
2,XLV,momentum_180,180-Day Absolute Momentum,97,3,3.09,1.06,8.7,0.37,21.54,1.97,1.5,-1.88,-11.74,12.65,False
2,XLV,momentum_270,270-Day Absolute Momentum,99,2,2.02,0.56,7.07,0.17,19.68,1.79,1.01,-3.63,-11.74,12.65,False
2,XLV,momentum_365,365-Day Absolute Momentum,101,2,1.98,0.54,6.93,0.17,19.35,1.87,1.53,-2.19,-8.86,11.91,False
2,XLV,momentum_90,90-Day Absolute Momentum,88,1,1.14,0.2,6.16,0.05,19.97,1.62,1.02,-2.62,-11.74,12.65,False
2,XLV,momentum_composite,Composite Momentum,23,0,0.0,0.0,14.31,0.0,45.92,3.0,2.44,0.88,-7.53,9.7,False
2,XLV,momentum_dual_180_365,Dual Momentum 180/365,92,2,2.17,0.6,7.58,0.19,20.91,1.83,1.36,-1.92,-8.86,10.88,False
2,XLV,momentum_dual_90_180,Dual Momentum 90/180,81,2,2.47,0.68,8.56,0.21,23.19,1.75,1.11,-1.4,-11.74,12.65,False
2,XLV,momentum_rank_365,Top Relative Momentum 365,25,1,4.0,0.71,19.54,0.19,48.16,3.69,3.34,1.66,-6.35,11.91,False
2,XLV,momentum_rank_90,Top Relative Momentum 90,35,0,0.0,0.0,9.89,0.0,35.81,0.58,-0.6,-4.92,-17.39,7.82,False
2,XLV,rsi14_recovery,RSI 14 Recovery,35,1,2.86,0.51,14.53,0.13,39.35,1.62,0.58,-4.24,-16.79,10.12,False
2,XLV,rsi28_recovery,RSI 28 Recovery,17,0,0.0,0.0,18.43,0.0,53.46,1.17,0.56,-4.21,-8.54,9.18,False
2,XLV,trend,SMA 50/200 + Momentum,42,1,2.38,0.42,12.32,0.11,34.88,1.5,1.41,-0.58,-8.01,10.24,False
2,XLV,trend_breakout_100,100-Day Range Breakout,24,0,0.0,0.0,13.8,0.0,44.86,-0.3,-0.19,-4.6,-8.43,8.14,False
2,XLV,trend_breakout_200,200-Day Range Breakout,20,0,0.0,0.0,16.11,0.0,49.4,-0.78,-1.0,-4.87,-8.43,6.9,False
2,XLV,trend_ema100_200,EMA 100/200,90,2,2.22,0.61,7.74,0.19,21.29,0.92,0.8,-2.55,-11.74,12.65,False
2,XLV,trend_ema50_200,EMA 50/200,91,2,2.2,0.6,7.66,0.19,21.1,1.38,0.97,-2.82,-11.74,12.65,False
2,XLV,trend_price_sma100,Price above SMA 100,87,1,1.15,0.2,6.23,0.05,20.15,1.79,1.13,-2.82,-11.74,12.65,False
2,XLV,trend_price_sma200,Price above SMA 200,94,2,2.13,0.59,7.43,0.18,20.54,1.73,1.28,-1.8,-11.74,12.65,False
2,XLV,trend_sma100_200,SMA 100/200,84,2,2.38,0.66,8.27,0.2,22.52,1.62,1.01,-3.28,-11.74,12.65,False
2,XLV,trend_triple_ma,Triple Moving Average,56,0,0.0,0.0,6.42,0.0,25.85,0.91,0.61,-2.29,-11.74,8.95,False
2,XLV,vol_contraction_trend,Volatility Contraction Trend,36,0,0.0,0.0,9.64,0.0,35.17,0.16,0.33,-1.88,-11.74,9.84,False
2,XLY,bollinger_recovery,Bollinger Recovery,22,3,13.64,4.75,33.34,1.65,59.82,2.62,3.11,-1.29,-7.71,20.99,False
2,XLY,breadth_trend,Broad-Market Trend,90,6,6.67,3.09,13.79,1.33,27.45,2.58,1.63,-1.05,-22.51,12.51,False
2,XLY,buy_hold,Buy & Hold Benchmark,113,13,11.5,6.85,18.69,3.68,30.67,2.44,1.37,-1.49,-28.08,17.25,False
2,XLY,drawdown_recovery,25% Drawdown Recovery,8,1,12.5,2.24,47.09,0.59,77.62,1.34,-1.09,-4.17,-24.56,15.1,False
2,XLY,drawdown_recovery_20,20% Drawdown Recovery,13,3,23.08,8.18,50.26,2.81,75.67,2.14,0.61,-2.01,-28.08,20.99,False
2,XLY,drawdown_recovery_30,30% Drawdown Recovery,10,3,30.0,10.78,60.32,3.68,82.77,1.7,-0.42,-10.09,-28.08,20.99,False
2,XLY,drawdown_recovery_40,40% Drawdown Recovery,3,1,33.33,6.15,79.23,1.57,93.99,4.7,0.38,-9.93,-24.56,20.99,False
2,XLY,low_vol_trend,Low-Volatility Trend,47,3,6.38,2.19,17.16,0.77,37.61,2.66,2.24,-0.49,-20.4,10.93,False
2,XLY,momentum,Top Relative Momentum 180,40,6,15.0,7.06,29.07,3.03,49.93,3.27,1.75,-1.08,-21.04,14.43,False
2,XLY,momentum_180,180-Day Absolute Momentum,98,8,8.16,4.19,15.29,1.97,28.26,2.88,1.67,-1.24,-22.51,12.51,False
2,XLY,momentum_270,270-Day Absolute Momentum,96,9,9.38,5.01,16.87,2.43,30.05,2.45,1.53,-1.4,-22.51,16.42,False
2,XLY,momentum_365,365-Day Absolute Momentum,95,11,11.58,6.59,19.55,3.38,32.88,2.46,1.65,-1.55,-22.51,16.42,False
2,XLY,momentum_90,90-Day Absolute Momentum,88,9,10.23,5.47,18.31,2.65,32.25,2.49,1.91,-1.46,-22.51,20.99,False
2,XLY,momentum_composite,Composite Momentum,41,6,14.63,6.88,28.44,2.95,49.13,3.38,1.98,-2.66,-21.04,12.51,False
2,XLY,momentum_dual_180_365,Dual Momentum 180/365,88,7,7.95,3.91,15.52,1.76,29.42,2.59,1.39,-1.4,-22.51,15.15,False
2,XLY,momentum_dual_90_180,Dual Momentum 90/180,82,8,9.76,5.03,18.09,2.36,32.64,2.88,1.87,-1.44,-22.51,12.51,False
2,XLY,momentum_rank_365,Top Relative Momentum 365,42,7,16.67,8.32,30.6,3.74,50.76,2.33,1.7,-2.64,-21.04,15.64,False
2,XLY,momentum_rank_90,Top Relative Momentum 90,39,8,20.51,10.78,35.53,5.04,55.66,4.71,2.83,-3.37,-21.04,20.99,False
2,XLY,rsi14_recovery,RSI 14 Recovery,32,5,15.62,6.86,31.75,2.78,54.52,2.69,2.37,-1.08,-24.56,20.99,False
2,XLY,rsi28_recovery,RSI 28 Recovery,18,5,27.78,12.5,50.87,5.02,73.66,3.31,4.84,-0.89,-7.71,20.99,False
2,XLY,trend,SMA 50/200 + Momentum,53,6,11.32,5.29,22.58,2.27,41.2,2.26,1.36,-1.3,-22.51,12.27,False
2,XLY,trend_breakout_100,100-Day Range Breakout,19,2,10.53,2.94,31.39,0.91,60.16,1.37,1.58,-2.14,-6.03,14.7,False
2,XLY,trend_breakout_200,200-Day Range Breakout,18,2,11.11,3.1,32.8,0.96,61.73,1.82,1.64,-2.4,-6.03,14.7,False
2,XLY,trend_ema100_200,EMA 100/200,93,6,6.45,2.99,13.37,1.29,26.73,2.26,1.21,-1.45,-22.51,16.25,False
2,XLY,trend_ema50_200,EMA 50/200,92,6,6.52,3.02,13.51,1.3,26.97,2.16,1.32,-1.39,-22.51,16.25,False
2,XLY,trend_price_sma100,Price above SMA 100,94,8,8.51,4.38,15.9,2.05,29.24,1.93,1.4,-1.43,-22.51,20.99,False
2,XLY,trend_price_sma200,Price above SMA 200,97,7,7.22,3.54,14.15,1.6,27.18,2.46,1.7,-1.06,-22.51,12.51,False
2,XLY,trend_sma100_200,SMA 100/200,84,5,5.95,2.57,13.19,1.05,27.47,2.45,1.25,-1.52,-22.51,12.1,False
2,XLY,trend_triple_ma,Triple Moving Average,61,6,9.84,4.59,19.84,1.97,37.18,1.37,1.16,-2.32,-21.04,12.27,False
2,XLY,vol_contraction_trend,Volatility Contraction Trend,41,2,4.88,1.35,16.14,0.42,38.45,3.01,2.64,0.52,-8.36,10.76,False
3,DIA,bollinger_recovery,Bollinger Recovery,25,2,8.0,2.22,24.97,0.69,52.15,4.86,4.3,1.32,-2.97,11.94,False
3,DIA,breadth_trend,Broad-Market Trend,71,5,7.04,3.05,15.45,1.24,31.38,2.44,2.54,-0.95,-25.51,14.86,False
3,DIA,buy_hold,Buy & Hold Benchmark,87,7,8.05,3.95,15.69,1.78,29.69,4.24,2.55,-0.63,-26.16,12.8,False
3,DIA,drawdown_recovery,25% Drawdown Recovery,1,1,100.0,20.65,100.0,4.87,100.0,11.94,11.94,11.94,11.94,11.94,False
3,DIA,drawdown_recovery_20,20% Drawdown Recovery,7,2,28.57,8.22,64.11,2.5,86.19,5.93,5.21,4.67,-10.43,12.34,False
3,DIA,drawdown_recovery_30,30% Drawdown Recovery,4,2,50.0,15.0,85.0,4.45,95.55,8.93,4.94,1.84,-10.43,12.34,False
3,DIA,drawdown_recovery_40,40% Drawdown Recovery,3,1,33.33,6.15,79.23,1.57,93.99,5.93,2.61,-2.25,-10.43,12.34,False
3,DIA,low_vol_trend,Low-Volatility Trend,73,5,6.85,2.96,15.05,1.21,30.71,4.22,3.01,-0.38,-25.51,14.86,False
3,DIA,momentum,Top Relative Momentum 180,4,1,25.0,4.56,69.94,1.18,90.32,5.21,3.57,1.62,-8.26,12.12,False
3,DIA,momentum_180,180-Day Absolute Momentum,74,6,8.11,3.77,16.58,1.62,32.09,3.86,2.75,-0.82,-25.51,14.86,False
3,DIA,momentum_270,270-Day Absolute Momentum,74,5,6.76,2.92,14.86,1.19,30.38,4.31,2.79,-0.12,-25.51,13.32,False
3,DIA,momentum_365,365-Day Absolute Momentum,75,7,9.33,4.59,18.03,2.07,33.4,3.44,2.66,-0.72,-15.97,15.09,False
3,DIA,momentum_90,90-Day Absolute Momentum,74,5,6.76,2.92,14.86,1.19,30.38,2.56,2.19,-0.84,-25.51,13.33,False
3,DIA,momentum_composite,Composite Momentum,5,1,20.0,3.62,62.45,0.94,86.83,-0.95,0.62,-4.29,-8.26,12.12,False
3,DIA,momentum_dual_180_365,Dual Momentum 180/365,69,4,5.8,2.28,13.98,0.87,30.23,3.44,2.34,-0.84,-25.51,11.47,False
3,DIA,momentum_dual_90_180,Dual Momentum 90/180,70,4,5.71,2.24,13.79,0.85,29.89,2.92,2.05,-0.94,-25.51,14.86,False
3,DIA,momentum_rank_365,Top Relative Momentum 365,2,0,0.0,0.0,65.76,0.0,90.71,1.71,1.71,0.38,-0.95,4.37,False
3,DIA,momentum_rank_90,Top Relative Momentum 90,6,0,0.0,0.0,39.03,0.0,76.5,0.82,1.09,-0.11,-4.8,8.16,False
3,DIA,rsi14_recovery,RSI 14 Recovery,29,1,3.45,0.61,17.18,0.16,44.2,4.39,2.89,-0.03,-10.43,10.34,False
3,DIA,rsi28_recovery,RSI 28 Recovery,23,3,13.04,4.54,32.13,1.57,58.45,5.2,3.35,0.83,-26.16,12.63,False
3,DIA,trend,SMA 50/200 + Momentum,38,2,5.26,1.46,17.29,0.45,40.44,3.58,2.0,-1.82,-15.97,12.93,False
3,DIA,trend_breakout_100,100-Day Range Breakout,22,1,4.55,0.81,21.8,0.21,51.63,2.46,2.65,-0.77,-6.89,11.26,False
3,DIA,trend_breakout_200,200-Day Range Breakout,19,1,5.26,0.94,24.64,0.25,55.63,1.64,2.56,-0.73,-6.89,11.26,False
3,DIA,trend_ema100_200,EMA 100/200,71,5,7.04,3.05,15.45,1.24,31.38,4.22,2.62,-0.09,-25.51,10.85,False
3,DIA,trend_ema50_200,EMA 50/200,71,2,2.82,0.78,9.7,0.24,25.75,2.41,2.1,-0.89,-25.51,12.93,False
3,DIA,trend_price_sma100,Price above SMA 100,70,3,4.29,1.47,11.86,0.51,28.0,3.31,2.36,-1.15,-25.51,12.34,False
3,DIA,trend_price_sma200,Price above SMA 200,73,5,6.85,2.96,15.05,1.21,30.71,4.39,3.07,-0.14,-25.51,14.86,False
3,DIA,trend_sma100_200,SMA 100/200,67,7,10.45,5.15,20.03,2.32,36.43,3.44,2.7,-0.87,-25.51,11.26,False
3,DIA,trend_triple_ma,Triple Moving Average,51,1,1.96,0.35,10.3,0.09,30.43,2.2,1.99,-0.72,-25.51,10.72,False
3,DIA,vol_contraction_trend,Volatility Contraction Trend,36,4,11.11,4.41,25.32,1.67,47.9,3.59,2.72,0.32,-12.17,14.86,False
3,IWM,bollinger_recovery,Bollinger Recovery,21,3,14.29,4.98,34.64,1.73,61.26,4.46,4.3,-0.89,-6.05,18.05,False
3,IWM,breadth_trend,Broad-Market Trend,68,13,19.12,11.53,30.01,6.2,45.82,3.11,3.1,-1.7,-22.37,35.48,False
3,IWM,buy_hold,Buy & Hold Benchmark,87,19,21.84,14.45,31.61,8.57,45.43,3.25,2.57,-1.84,-40.08,21.64,False
3,IWM,drawdown_recovery,25% Drawdown Recovery,6,4,66.67,30.0,90.32,10.76,97.07,14.02,11.02,6.29,1.51,18.05,False
3,IWM,drawdown_recovery_20,20% Drawdown Recovery,20,7,35.0,18.12,56.71,8.08,76.74,4.38,3.33,-1.57,-40.08,19.49,False
3,IWM,drawdown_recovery_30,30% Drawdown Recovery,7,3,42.86,15.82,74.95,5.33,90.9,1.39,6.0,-1.04,-8.94,19.49,False
3,IWM,drawdown_recovery_40,40% Drawdown Recovery,4,2,50.0,15.0,85.0,4.45,95.55,6.85,5.7,-2.56,-8.94,18.05,False
3,IWM,low_vol_trend,Low-Volatility Trend,5,1,20.0,3.62,62.45,0.94,86.83,5.89,2.57,-7.01,-14.23,19.49,False
3,IWM,momentum,Top Relative Momentum 180,26,3,11.54,4.0,28.98,1.39,54.68,2.53,0.08,-6.85,-40.08,21.64,False
3,IWM,momentum_180,180-Day Absolute Momentum,65,11,16.92,9.72,27.82,4.99,44.14,3.46,2.61,-2.25,-22.37,21.64,False
3,IWM,momentum_270,270-Day Absolute Momentum,66,11,16.67,9.57,27.43,4.91,43.64,3.47,2.6,-2.76,-14.15,21.64,False
3,IWM,momentum_365,365-Day Absolute Momentum,70,12,17.14,10.09,27.62,5.31,43.31,3.61,2.9,-1.76,-16.53,21.64,False
3,IWM,momentum_90,90-Day Absolute Momentum,69,12,17.39,10.24,27.98,5.38,43.78,3.08,2.18,-2.48,-40.08,35.48,False
3,IWM,momentum_composite,Composite Momentum,22,2,9.09,2.53,27.82,0.78,55.87,3.17,2.93,-0.21,-23.11,21.64,False
3,IWM,momentum_dual_180_365,Dual Momentum 180/365,59,9,15.25,8.24,26.52,3.99,43.8,3.46,2.46,-2.36,-16.53,21.64,False
3,IWM,momentum_dual_90_180,Dual Momentum 90/180,57,6,10.53,4.91,21.12,2.11,39.09,2.89,1.51,-3.55,-22.37,21.64,False
3,IWM,momentum_rank_365,Top Relative Momentum 365,21,2,9.52,2.65,28.91,0.82,57.23,4.32,2.46,-2.79,-7.04,13.21,False
3,IWM,momentum_rank_90,Top Relative Momentum 90,25,3,12.0,4.17,29.96,1.45,55.88,4.32,2.38,-0.6,-24.67,21.64,False
3,IWM,rsi14_recovery,RSI 14 Recovery,33,8,24.24,12.83,41.02,5.99,61.65,4.42,5.3,0.1,-11.17,22.3,False
3,IWM,rsi28_recovery,RSI 28 Recovery,16,3,18.75,6.59,43.01,2.28,69.58,4.93,5.83,2.32,-8.94,22.3,False
3,IWM,trend,SMA 50/200 + Momentum,34,5,14.71,6.45,30.13,2.61,52.55,3.9,2.72,-0.36,-16.53,21.64,False
3,IWM,trend_breakout_100,100-Day Range Breakout,16,1,6.25,1.11,28.33,0.29,60.3,-0.26,-0.43,-4.4,-16.53,19.49,False
3,IWM,trend_breakout_200,200-Day Range Breakout,13,1,7.69,1.37,33.31,0.36,65.82,-0.6,-0.57,-3.55,-16.53,14.79,False
3,IWM,trend_ema100_200,EMA 100/200,65,10,15.38,8.58,26.06,4.28,42.48,3.15,2.46,-0.64,-22.37,21.64,False
3,IWM,trend_ema50_200,EMA 50/200,67,8,11.94,6.18,21.83,2.89,38.17,3.25,2.72,-1.11,-22.37,21.64,False
3,IWM,trend_price_sma100,Price above SMA 100,72,12,16.67,9.8,26.91,5.15,42.4,2.9,1.85,-2.8,-24.67,21.64,False
3,IWM,trend_price_sma200,Price above SMA 200,70,13,18.57,11.19,29.23,6.01,44.84,3.11,2.49,-1.35,-40.08,35.48,False
3,IWM,trend_sma100_200,SMA 100/200,63,11,17.46,10.04,28.62,5.15,45.17,1.75,1.3,-2.55,-40.08,29.14,False
3,IWM,trend_triple_ma,Triple Moving Average,44,4,9.09,3.59,21.16,1.36,41.97,4.15,2.31,-1.75,-16.53,21.64,False
3,IWM,vol_contraction_trend,Volatility Contraction Trend,30,5,16.67,7.34,33.56,2.97,56.65,2.35,2.16,-2.22,-19.33,16.72,False
3,QQQ,bollinger_recovery,Bollinger Recovery,21,8,38.1,20.75,59.12,9.64,78.02,2.07,5.32,0.55,-21.98,25.05,False
3,QQQ,breadth_trend,Broad-Market Trend,69,13,18.84,11.35,29.61,6.1,45.32,3.32,3.31,-0.62,-13.86,19.54,False
3,QQQ,buy_hold,Buy & Hold Benchmark,87,17,19.54,12.57,29.08,7.25,42.99,4.15,3.62,1.02,-38.96,26.1,False
3,QQQ,drawdown_recovery,25% Drawdown Recovery,6,3,50.0,18.76,81.24,6.27,93.73,8.56,7.14,-1.12,-11.78,25.05,False
3,QQQ,drawdown_recovery_20,20% Drawdown Recovery,13,5,38.46,17.71,64.48,7.06,83.71,5.3,6.13,0.1,-11.78,25.05,False
3,QQQ,drawdown_recovery_30,30% Drawdown Recovery,7,3,42.86,15.82,74.95,5.33,90.9,5.3,5.9,1.41,-11.78,15.72,False
3,QQQ,drawdown_recovery_40,40% Drawdown Recovery,3,2,66.67,20.77,93.85,6.01,98.43,14.4,10.65,8.56,2.72,14.82,False
3,QQQ,low_vol_trend,Low-Volatility Trend,20,7,35.0,18.12,56.71,8.08,76.74,5.28,5.94,1.83,-16.44,25.05,False
3,QQQ,momentum,Top Relative Momentum 180,48,10,20.83,11.73,34.26,5.86,52.68,4.31,4.28,1.83,-17.0,26.1,False
3,QQQ,momentum_180,180-Day Absolute Momentum,76,16,21.05,13.4,31.5,7.61,46.33,4.23,4.08,-0.76,-13.86,25.05,False
3,QQQ,momentum_270,270-Day Absolute Momentum,77,15,19.48,12.18,29.69,6.8,44.51,4.16,4.22,1.15,-17.0,26.1,False
3,QQQ,momentum_365,365-Day Absolute Momentum,76,13,17.11,10.28,27.1,5.52,42.13,3.29,3.02,-0.69,-38.96,26.1,False
3,QQQ,momentum_90,90-Day Absolute Momentum,72,17,23.61,15.3,34.6,8.83,49.65,4.52,4.31,-0.26,-16.44,25.05,False
3,QQQ,momentum_composite,Composite Momentum,45,8,17.78,9.29,31.33,4.35,50.71,3.59,2.51,-3.49,-16.44,26.1,False
3,QQQ,momentum_dual_180_365,Dual Momentum 180/365,70,13,18.57,11.19,29.23,6.01,44.84,3.06,3.21,-2.08,-13.86,25.05,False
3,QQQ,momentum_dual_90_180,Dual Momentum 90/180,69,14,20.29,12.49,31.22,6.85,46.84,3.59,3.67,-0.72,-13.86,25.05,False
3,QQQ,momentum_rank_365,Top Relative Momentum 365,41,6,14.63,6.88,28.44,2.95,49.13,3.09,2.93,-3.11,-17.0,26.1,False
3,QQQ,momentum_rank_90,Top Relative Momentum 90,42,11,26.19,15.3,41.07,7.85,59.64,1.77,3.8,-2.17,-11.64,26.1,False
3,QQQ,rsi14_recovery,RSI 14 Recovery,27,8,29.63,15.85,48.48,7.39,68.97,2.85,2.9,0.17,-21.98,17.33,False
3,QQQ,rsi28_recovery,RSI 28 Recovery,13,3,23.08,8.18,50.26,2.81,75.67,1.53,3.37,0.1,-21.98,25.05,False
3,QQQ,trend,SMA 50/200 + Momentum,49,11,22.45,13.02,35.88,6.68,53.92,4.2,3.86,-0.91,-11.64,16.08,False
3,QQQ,trend_breakout_100,100-Day Range Breakout,23,3,13.04,4.54,32.13,1.57,58.45,5.3,4.1,1.16,-16.44,15.72,False
3,QQQ,trend_breakout_200,200-Day Range Breakout,19,1,5.26,0.94,24.64,0.25,55.63,5.31,4.2,1.62,-16.44,14.4,False
3,QQQ,trend_ema100_200,EMA 100/200,71,12,16.9,9.94,27.26,5.23,42.85,3.12,3.73,-0.56,-13.86,25.05,False
3,QQQ,trend_ema50_200,EMA 50/200,73,13,17.81,10.71,28.12,5.76,43.44,4.3,3.87,-0.62,-13.86,25.05,False
3,QQQ,trend_price_sma100,Price above SMA 100,74,18,24.32,15.98,35.21,9.36,50.01,3.41,3.36,-1.96,-16.44,25.05,False
3,QQQ,trend_price_sma200,Price above SMA 200,74,14,18.92,11.62,29.29,6.37,44.44,4.49,4.12,0.35,-16.44,25.05,False
3,QQQ,trend_sma100_200,SMA 100/200,66,12,18.18,10.72,29.15,5.64,45.26,4.65,4.22,1.3,-17.0,25.05,False
3,QQQ,trend_triple_ma,Triple Moving Average,52,9,17.31,9.38,29.73,4.54,47.92,4.0,4.24,0.57,-10.77,25.05,False
3,QQQ,vol_contraction_trend,Volatility Contraction Trend,30,3,10.0,3.46,25.62,1.2,50.34,6.9,4.7,0.2,-11.49,26.1,False
3,SPY,bollinger_recovery,Bollinger Recovery,21,3,14.29,4.98,34.64,1.73,61.26,4.49,3.97,0.74,-15.56,15.87,False
3,SPY,breadth_trend,Broad-Market Trend,71,7,9.86,4.86,18.98,2.19,34.85,3.77,2.86,-1.25,-22.13,14.81,False
3,SPY,buy_hold,Buy & Hold Benchmark,87,8,9.2,4.73,17.11,2.22,31.13,3.61,2.65,-0.24,-33.09,14.89,False
3,SPY,drawdown_recovery,25% Drawdown Recovery,2,2,100.0,34.24,100.0,9.29,100.0,14.42,14.42,13.69,12.96,15.87,False
3,SPY,drawdown_recovery_20,20% Drawdown Recovery,8,2,25.0,7.15,59.07,2.18,83.29,2.49,3.22,-2.92,-8.81,15.87,False
3,SPY,drawdown_recovery_30,30% Drawdown Recovery,5,2,40.0,11.76,76.93,3.53,92.39,8.44,6.54,4.26,-8.81,15.87,False
3,SPY,drawdown_recovery_40,40% Drawdown Recovery,3,1,33.33,6.15,79.23,1.57,93.99,4.26,2.8,-2.28,-8.81,12.96,False
3,SPY,low_vol_trend,Low-Volatility Trend,72,8,11.11,5.74,20.42,2.69,36.13,3.78,2.63,-1.39,-22.13,14.72,False
3,SPY,momentum,Top Relative Momentum 180,2,0,0.0,0.0,65.76,0.0,90.71,5.54,5.54,5.49,5.43,5.64,False
3,SPY,momentum_180,180-Day Absolute Momentum,75,7,9.33,4.59,18.03,2.07,33.4,3.61,3.32,0.65,-22.13,15.87,False
3,SPY,momentum_270,270-Day Absolute Momentum,75,8,10.67,5.5,19.66,2.58,35.0,3.77,3.14,0.65,-22.13,15.87,False
3,SPY,momentum_365,365-Day Absolute Momentum,74,7,9.46,4.66,18.26,2.1,33.75,3.44,2.89,-0.45,-13.93,14.89,False
3,SPY,momentum_90,90-Day Absolute Momentum,75,7,9.33,4.59,18.03,2.07,33.4,3.33,2.63,0.44,-22.13,14.33,False
3,SPY,momentum_composite,Composite Momentum,3,2,66.67,20.77,93.85,6.01,98.43,10.34,9.11,7.64,4.94,12.06,False
3,SPY,momentum_dual_180_365,Dual Momentum 180/365,68,6,8.82,4.11,17.94,1.77,34.25,3.44,2.77,0.19,-22.13,15.87,False
3,SPY,momentum_dual_90_180,Dual Momentum 90/180,71,5,7.04,3.05,15.45,1.24,31.38,3.36,2.8,0.1,-22.13,14.81,False
3,SPY,momentum_rank_365,Top Relative Momentum 365,3,1,33.33,6.15,79.23,1.57,93.99,4.94,5.67,3.34,1.74,10.34,False
3,SPY,rsi14_recovery,RSI 14 Recovery,31,4,12.9,5.13,28.85,1.94,52.54,4.8,4.03,1.63,-15.56,14.81,False
3,SPY,rsi28_recovery,RSI 28 Recovery,17,4,23.53,9.55,47.26,3.59,71.77,4.49,2.7,0.74,-33.09,15.87,False
3,SPY,trend,SMA 50/200 + Momentum,40,2,5.0,1.38,16.5,0.43,39.09,2.93,1.5,-1.8,-22.13,10.34,False
3,SPY,trend_breakout_100,100-Day Range Breakout,22,3,13.64,4.75,33.34,1.65,59.82,3.72,3.51,2.5,-8.16,12.06,False
3,SPY,trend_breakout_200,200-Day Range Breakout,21,2,9.52,2.65,28.91,0.82,57.23,3.61,3.4,2.32,-5.09,12.06,False
3,SPY,trend_ema100_200,EMA 100/200,70,6,8.57,3.99,17.47,1.71,33.5,3.8,2.55,-1.04,-22.13,12.06,False
3,SPY,trend_ema50_200,EMA 50/200,71,8,11.27,5.82,20.69,2.73,36.52,4.17,2.67,-0.93,-22.13,11.51,False
3,SPY,trend_price_sma100,Price above SMA 100,73,5,6.85,2.96,15.05,1.21,30.71,3.83,2.56,-1.15,-22.13,14.72,False
3,SPY,trend_price_sma200,Price above SMA 200,74,8,10.81,5.58,19.91,2.61,35.37,3.81,2.78,-1.3,-22.13,14.72,False
3,SPY,trend_sma100_200,SMA 100/200,65,6,9.23,4.3,18.71,1.85,35.45,3.79,2.78,0.59,-22.13,10.96,False
3,SPY,trend_triple_ma,Triple Moving Average,55,1,1.82,0.32,9.61,0.08,28.8,3.33,2.77,0.55,-12.45,12.06,False
3,SPY,vol_contraction_trend,Volatility Contraction Trend,41,4,9.76,3.86,22.55,1.46,44.01,4.17,3.35,-0.07,-13.93,14.72,False
3,VTI,bollinger_recovery,Bollinger Recovery,22,4,18.18,7.31,38.52,2.76,63.53,3.65,3.95,1.81,-16.38,17.15,False
3,VTI,breadth_trend,Broad-Market Trend,70,9,12.86,6.91,22.66,3.35,38.57,3.73,3.06,-1.1,-23.64,17.31,False
3,VTI,buy_hold,Buy & Hold Benchmark,87,10,11.49,6.36,19.88,3.18,33.92,3.58,2.7,-0.83,-34.62,15.4,False
3,VTI,drawdown_recovery,25% Drawdown Recovery,3,2,66.67,20.77,93.85,6.01,98.43,13.3,12.64,10.38,7.47,17.15,False
3,VTI,drawdown_recovery_20,20% Drawdown Recovery,10,3,30.0,10.78,60.32,3.68,82.77,4.87,4.58,-0.8,-8.0,17.15,False
3,VTI,drawdown_recovery_30,30% Drawdown Recovery,4,2,50.0,15.0,85.0,4.45,95.55,8.59,6.58,0.92,-8.0,17.15,False
3,VTI,drawdown_recovery_40,40% Drawdown Recovery,3,1,33.33,6.15,79.23,1.57,93.99,3.89,3.06,-2.06,-8.0,13.3,False
3,VTI,low_vol_trend,Low-Volatility Trend,70,7,10.0,4.93,19.23,2.22,35.23,3.96,2.89,-1.42,-23.64,14.98,False
3,VTI,momentum,Top Relative Momentum 180,2,0,0.0,0.0,65.76,0.0,90.71,4.02,4.02,3.54,3.07,4.97,False
3,VTI,momentum_180,180-Day Absolute Momentum,74,8,10.81,5.58,19.91,2.61,35.37,3.58,3.17,-0.51,-23.64,15.58,False
3,VTI,momentum_270,270-Day Absolute Momentum,74,8,10.81,5.58,19.91,2.61,35.37,3.63,3.24,0.04,-23.64,17.31,False
3,VTI,momentum_365,365-Day Absolute Momentum,74,8,10.81,5.58,19.91,2.61,35.37,3.34,2.78,-0.91,-13.38,15.4,False
3,VTI,momentum_90,90-Day Absolute Momentum,75,9,12.0,6.44,21.26,3.12,36.58,3.63,2.91,0.1,-23.64,17.31,False
3,VTI,momentum_composite,Composite Momentum,3,0,0.0,0.0,56.15,0.0,86.68,3.53,3.86,3.3,3.07,4.97,False
3,VTI,momentum_dual_180_365,Dual Momentum 180/365,67,6,8.96,4.17,18.19,1.79,34.64,3.46,2.5,-0.87,-23.64,15.24,False
3,VTI,momentum_dual_90_180,Dual Momentum 90/180,69,7,10.14,5.0,19.49,2.25,35.62,3.46,2.7,-0.67,-23.64,15.58,False
3,VTI,momentum_rank_365,Top Relative Momentum 365,1,0,0.0,0.0,79.35,0.0,95.13,-4.03,-4.03,-4.03,-4.03,-4.03,False
3,VTI,rsi14_recovery,RSI 14 Recovery,30,5,16.67,7.34,33.56,2.97,56.65,3.96,3.44,1.76,-16.38,15.58,False
3,VTI,rsi28_recovery,RSI 28 Recovery,17,4,23.53,9.55,47.26,3.59,71.77,5.98,5.35,2.91,-16.38,17.15,False
3,VTI,trend,SMA 50/200 + Momentum,41,1,2.44,0.43,12.6,0.11,35.45,2.7,1.53,-2.31,-23.64,10.2,False
3,VTI,trend_breakout_100,100-Day Range Breakout,21,1,4.76,0.85,22.67,0.22,52.9,3.71,2.53,-0.67,-5.41,10.61,False
3,VTI,trend_breakout_200,200-Day Range Breakout,21,1,4.76,0.85,22.67,0.22,52.9,3.71,2.53,-0.67,-5.41,10.61,False
3,VTI,trend_ema100_200,EMA 100/200,70,7,10.0,4.93,19.23,2.22,35.23,4.0,2.7,0.01,-23.64,13.7,False
3,VTI,trend_ema50_200,EMA 50/200,70,8,11.43,5.91,20.96,2.77,36.92,4.0,2.53,-1.33,-23.64,13.7,False
3,VTI,trend_price_sma100,Price above SMA 100,72,7,9.72,4.79,18.74,2.16,34.47,3.99,2.94,-0.75,-23.64,14.98,False
3,VTI,trend_price_sma200,Price above SMA 200,73,8,10.96,5.66,20.16,2.65,35.75,4.5,3.03,-1.1,-23.64,14.98,False
3,VTI,trend_sma100_200,SMA 100/200,64,5,7.81,3.38,17.02,1.38,33.97,4.17,2.79,0.18,-23.64,12.16,False
3,VTI,trend_triple_ma,Triple Moving Average,55,1,1.82,0.32,9.61,0.08,28.8,3.67,2.9,0.26,-12.49,12.09,False
3,VTI,vol_contraction_trend,Volatility Contraction Trend,39,4,10.26,4.06,23.58,1.54,45.49,4.42,3.35,0.02,-14.45,14.98,False
3,XLB,bollinger_recovery,Bollinger Recovery,26,5,19.23,8.51,37.88,3.44,61.42,2.63,2.49,-1.83,-25.81,19.94,False
3,XLB,breadth_trend,Broad-Market Trend,67,9,13.43,7.23,23.6,3.5,39.87,2.89,3.06,-0.73,-27.69,20.04,False
3,XLB,buy_hold,Buy & Hold Benchmark,87,16,18.39,11.65,27.81,6.62,41.75,2.85,2.41,-1.4,-42.96,21.74,False
3,XLB,drawdown_recovery,25% Drawdown Recovery,4,2,50.0,15.0,85.0,4.45,95.55,6.08,7.4,-1.63,-1.96,19.4,False
3,XLB,drawdown_recovery_20,20% Drawdown Recovery,13,3,23.08,8.18,50.26,2.81,75.67,6.26,4.02,-1.52,-17.99,19.4,False
3,XLB,drawdown_recovery_30,30% Drawdown Recovery,4,2,50.0,15.0,85.0,4.45,95.55,11.9,10.42,6.5,-1.52,19.4,False
3,XLB,drawdown_recovery_40,40% Drawdown Recovery,2,1,50.0,9.45,90.55,2.38,97.62,6.56,6.56,2.52,-1.52,14.63,False
3,XLB,low_vol_trend,Low-Volatility Trend,9,0,0.0,0.0,29.92,0.0,68.45,-0.14,-2.01,-4.26,-8.04,2.12,False
3,XLB,momentum,Top Relative Momentum 180,20,3,15.0,5.24,36.04,1.81,62.77,3.31,3.27,-1.62,-6.23,14.89,False
3,XLB,momentum_180,180-Day Absolute Momentum,68,10,14.71,8.19,25.0,4.09,41.07,2.81,2.02,-1.27,-34.34,20.04,False
3,XLB,momentum_270,270-Day Absolute Momentum,67,10,14.93,8.31,25.34,4.15,41.53,2.57,1.67,-1.54,-42.96,13.34,False
3,XLB,momentum_365,365-Day Absolute Momentum,72,13,18.06,10.87,28.48,5.84,43.9,3.85,1.83,-1.94,-42.96,19.94,False
3,XLB,momentum_90,90-Day Absolute Momentum,69,13,18.84,11.35,29.61,6.1,45.32,3.14,2.88,-1.5,-27.69,20.04,False
3,XLB,momentum_composite,Composite Momentum,20,0,0.0,0.0,16.11,0.0,49.4,4.55,1.8,-1.97,-16.32,9.93,False
3,XLB,momentum_dual_180_365,Dual Momentum 180/365,62,7,11.29,5.58,21.52,2.51,38.61,3.11,1.06,-1.86,-34.34,15.86,False
3,XLB,momentum_dual_90_180,Dual Momentum 90/180,60,9,15.0,8.1,26.11,3.92,43.26,2.68,2.0,-2.58,-27.69,20.04,False
3,XLB,momentum_rank_365,Top Relative Momentum 365,17,2,11.76,3.29,34.34,1.02,63.39,1.08,-1.96,-7.85,-42.96,11.98,False
3,XLB,momentum_rank_90,Top Relative Momentum 90,27,2,7.41,2.06,23.37,0.64,49.93,2.37,2.47,-1.24,-10.03,16.5,False
3,XLB,rsi14_recovery,RSI 14 Recovery,41,4,9.76,3.86,22.55,1.46,44.01,1.65,1.64,-1.93,-14.01,19.4,False
3,XLB,rsi28_recovery,RSI 28 Recovery,26,3,11.54,4.0,28.98,1.39,54.68,0.73,-0.36,-3.46,-42.96,19.4,False
3,XLB,trend,SMA 50/200 + Momentum,38,2,5.26,1.46,17.29,0.45,40.44,2.47,1.46,-1.86,-11.97,11.32,False
3,XLB,trend_breakout_100,100-Day Range Breakout,23,4,17.39,6.98,37.14,2.63,62.09,2.83,1.88,-1.74,-27.69,13.68,False
3,XLB,trend_breakout_200,200-Day Range Breakout,18,1,5.56,0.99,25.76,0.26,57.1,3.58,0.98,-2.23,-27.69,12.61,False
3,XLB,trend_ema100_200,EMA 100/200,66,9,13.64,7.34,23.93,3.56,40.32,2.84,2.27,-1.92,-17.99,20.83,False
3,XLB,trend_ema50_200,EMA 50/200,66,10,15.15,8.44,25.69,4.22,42.0,2.34,2.25,-1.81,-11.97,16.5,False
3,XLB,trend_price_sma100,Price above SMA 100,71,10,14.08,7.83,24.02,3.91,39.75,2.86,2.01,-2.01,-27.69,20.04,False
3,XLB,trend_price_sma200,Price above SMA 200,71,10,14.08,7.83,24.02,3.91,39.75,2.89,2.21,-1.61,-27.69,19.94,False
3,XLB,trend_sma100_200,SMA 100/200,60,3,5.0,1.71,13.7,0.6,31.5,3.41,1.7,-1.52,-27.69,20.83,False
3,XLB,trend_triple_ma,Triple Moving Average,49,3,6.12,2.1,16.52,0.73,36.52,1.81,1.12,-2.22,-27.69,16.5,False
3,XLB,vol_contraction_trend,Volatility Contraction Trend,29,6,20.69,9.85,38.39,4.21,60.76,2.99,2.59,-1.96,-17.99,16.5,False
3,XLE,bollinger_recovery,Bollinger Recovery,23,4,17.39,6.98,37.14,2.63,62.09,5.53,3.81,0.68,-24.72,19.51,False
3,XLE,breadth_trend,Broad-Market Trend,60,12,20.0,11.83,31.78,6.22,48.51,4.22,4.18,-1.86,-49.22,36.04,False
3,XLE,buy_hold,Buy & Hold Benchmark,87,18,20.69,13.51,30.35,7.91,44.22,4.72,3.14,-3.1,-34.05,36.04,False
3,XLE,drawdown_recovery,25% Drawdown Recovery,5,2,40.0,11.76,76.93,3.53,92.39,1.69,10.1,1.32,-4.11,34.71,False
3,XLE,drawdown_recovery_20,20% Drawdown Recovery,16,4,25.0,10.18,49.5,3.82,73.66,2.42,5.87,0.09,-17.14,34.71,False
3,XLE,drawdown_recovery_30,30% Drawdown Recovery,8,2,25.0,7.15,59.07,2.18,83.29,5.66,5.93,-1.26,-17.14,34.71,False
3,XLE,drawdown_recovery_40,40% Drawdown Recovery,6,2,33.33,9.68,70.0,2.93,89.24,5.66,6.3,-2.66,-17.14,34.71,False
3,XLE,low_vol_trend,Low-Volatility Trend,4,1,25.0,4.56,69.94,1.18,90.32,4.89,5.89,2.89,0.49,13.32,False
3,XLE,momentum,Top Relative Momentum 180,32,10,31.25,17.95,48.57,8.95,67.76,3.44,5.6,-3.09,-9.92,36.04,False
3,XLE,momentum_180,180-Day Absolute Momentum,63,13,20.63,12.48,32.17,6.71,48.46,4.32,4.28,-2.81,-24.72,36.04,False
3,XLE,momentum_270,270-Day Absolute Momentum,63,11,17.46,10.04,28.62,5.15,45.17,4.32,3.05,-3.15,-34.05,36.04,False
3,XLE,momentum_365,365-Day Absolute Momentum,62,13,20.97,12.68,32.64,6.82,49.02,4.74,3.39,-1.51,-34.05,36.66,False
3,XLE,momentum_90,90-Day Absolute Momentum,67,12,17.91,10.55,28.75,5.55,44.75,1.48,2.14,-3.82,-49.22,31.49,False
3,XLE,momentum_composite,Composite Momentum,28,8,28.57,15.25,47.06,7.11,67.64,1.65,3.64,-3.6,-30.78,36.04,False
3,XLE,momentum_dual_180_365,Dual Momentum 180/365,53,9,16.98,9.2,29.23,4.46,47.29,3.69,3.05,-3.38,-24.72,36.66,False
3,XLE,momentum_dual_90_180,Dual Momentum 90/180,57,12,21.05,12.47,33.29,6.56,50.32,3.69,4.06,-3.03,-18.33,31.49,False
3,XLE,momentum_rank_365,Top Relative Momentum 365,32,7,21.88,11.02,38.76,4.94,60.12,5.48,3.26,-2.5,-34.05,36.04,False
3,XLE,momentum_rank_90,Top Relative Momentum 90,38,7,18.42,9.22,33.42,4.14,54.14,0.05,1.97,-4.4,-30.78,36.66,False
3,XLE,rsi14_recovery,RSI 14 Recovery,33,7,21.21,10.68,37.75,4.79,59.04,5.13,3.76,-0.31,-24.72,34.71,False
3,XLE,rsi28_recovery,RSI 28 Recovery,22,8,36.36,19.73,57.05,9.17,76.38,7.67,8.2,2.46,-8.11,34.71,False
3,XLE,trend,SMA 50/200 + Momentum,41,9,21.95,12.0,36.71,5.81,56.19,3.69,4.1,-3.44,-8.43,30.65,False
3,XLE,trend_breakout_100,100-Day Range Breakout,12,3,25.0,8.89,53.23,3.05,77.92,-0.65,3.01,-3.05,-7.52,19.34,False
3,XLE,trend_breakout_200,200-Day Range Breakout,10,3,30.0,10.78,60.32,3.68,82.77,-0.65,3.73,-3.31,-7.52,19.34,False
3,XLE,trend_ema100_200,EMA 100/200,57,11,19.3,11.13,31.34,5.71,48.55,3.52,3.95,-1.44,-16.62,36.66,False
3,XLE,trend_ema50_200,EMA 50/200,59,13,22.03,13.35,34.13,7.18,50.79,3.52,4.2,-2.1,-16.62,29.42,False
3,XLE,trend_price_sma100,Price above SMA 100,68,11,16.18,9.28,26.69,4.76,42.68,3.3,2.31,-3.69,-49.22,36.04,False
3,XLE,trend_price_sma200,Price above SMA 200,64,13,20.31,12.27,31.71,6.6,47.91,3.93,3.55,-1.86,-49.22,36.04,False
3,XLE,trend_sma100_200,SMA 100/200,57,9,15.79,8.54,27.36,4.14,44.9,2.84,2.86,-4.66,-22.87,36.66,False
3,XLE,trend_triple_ma,Triple Moving Average,42,10,23.81,13.48,38.53,6.73,57.51,3.26,3.23,-4.55,-15.61,24.81,False
3,XLE,vol_contraction_trend,Volatility Contraction Trend,25,4,16.0,6.4,34.65,2.42,59.4,3.75,1.8,-2.52,-49.22,29.42,False
3,XLF,bollinger_recovery,Bollinger Recovery,21,3,14.29,4.98,34.64,1.73,61.26,5.02,2.86,-0.18,-22.79,11.84,False
3,XLF,breadth_trend,Broad-Market Trend,63,11,17.46,10.04,28.62,5.15,45.17,3.31,2.89,-1.04,-27.03,26.05,False
3,XLF,buy_hold,Buy & Hold Benchmark,87,16,18.39,11.65,27.81,6.62,41.75,3.31,1.99,-2.5,-47.06,22.69,False
3,XLF,drawdown_recovery,25% Drawdown Recovery,7,2,28.57,8.22,64.11,2.5,86.19,6.4,6.61,2.18,-14.85,31.7,False
3,XLF,drawdown_recovery_20,20% Drawdown Recovery,17,4,23.53,9.55,47.26,3.59,71.77,6.45,4.59,0.61,-20.81,31.7,False
3,XLF,drawdown_recovery_30,30% Drawdown Recovery,8,2,25.0,7.15,59.07,2.18,83.29,7.52,5.07,1.09,-20.81,31.7,False
3,XLF,drawdown_recovery_40,40% Drawdown Recovery,3,1,33.33,6.15,79.23,1.57,93.99,6.45,14.85,6.43,6.4,31.7,False
3,XLF,low_vol_trend,Low-Volatility Trend,23,3,13.04,4.54,32.13,1.57,58.45,2.07,3.01,-0.19,-8.1,11.84,False
3,XLF,momentum,Top Relative Momentum 180,25,3,12.0,4.17,29.96,1.45,55.88,4.52,2.21,-1.01,-35.07,15.11,False
3,XLF,momentum_180,180-Day Absolute Momentum,67,9,13.43,7.23,23.6,3.5,39.87,3.31,2.49,-1.29,-27.03,17.8,False
3,XLF,momentum_270,270-Day Absolute Momentum,63,11,17.46,10.04,28.62,5.15,45.17,3.31,2.18,-2.67,-27.03,22.84,False
3,XLF,momentum_365,365-Day Absolute Momentum,69,9,13.04,7.02,22.97,3.4,38.99,3.31,2.44,-1.34,-27.03,22.84,False
3,XLF,momentum_90,90-Day Absolute Momentum,66,12,18.18,10.72,29.15,5.64,45.26,3.45,3.19,-0.47,-27.03,24.69,False
3,XLF,momentum_composite,Composite Momentum,21,3,14.29,4.98,34.64,1.73,61.26,5.6,2.16,-0.82,-35.07,11.43,False
3,XLF,momentum_dual_180_365,Dual Momentum 180/365,60,7,11.67,5.77,22.18,2.6,39.56,3.04,2.26,-1.1,-27.03,17.8,False
3,XLF,momentum_dual_90_180,Dual Momentum 90/180,59,8,13.56,7.03,24.54,3.29,41.95,3.65,2.73,-0.69,-27.03,17.8,False
3,XLF,momentum_rank_365,Top Relative Momentum 365,22,1,4.55,0.81,21.8,0.21,51.63,3.01,2.85,-1.65,-7.66,11.43,False
3,XLF,momentum_rank_90,Top Relative Momentum 90,26,5,19.23,8.51,37.88,3.44,61.42,5.86,4.65,0.65,-35.07,19.89,False
3,XLF,rsi14_recovery,RSI 14 Recovery,32,6,18.75,8.89,35.31,3.81,57.38,2.91,2.74,-1.8,-22.79,17.8,False
3,XLF,rsi28_recovery,RSI 28 Recovery,18,1,5.56,0.99,25.76,0.26,57.1,1.4,1.08,-2.92,-22.79,11.84,False
3,XLF,trend,SMA 50/200 + Momentum,36,4,11.11,4.41,25.32,1.67,47.9,2.79,1.81,-1.23,-27.03,17.8,False
3,XLF,trend_breakout_100,100-Day Range Breakout,18,5,27.78,12.5,50.87,5.02,73.66,5.19,5.93,1.1,-1.9,19.89,False
3,XLF,trend_breakout_200,200-Day Range Breakout,14,4,28.57,11.72,54.65,4.39,77.72,5.19,6.26,1.21,-1.9,19.89,False
3,XLF,trend_ema100_200,EMA 100/200,65,10,15.38,8.58,26.06,4.28,42.48,3.31,2.51,-0.91,-27.03,19.0,False
3,XLF,trend_ema50_200,EMA 50/200,63,6,9.52,4.44,19.26,1.91,36.29,3.31,1.99,-1.29,-27.03,17.8,False
3,XLF,trend_price_sma100,Price above SMA 100,62,10,16.13,9.0,27.21,4.5,43.99,3.08,2.97,-1.11,-35.07,22.69,False
3,XLF,trend_price_sma200,Price above SMA 200,64,11,17.19,9.88,28.21,5.07,44.65,3.36,3.16,-0.63,-27.03,26.05,False
3,XLF,trend_sma100_200,SMA 100/200,57,9,15.79,8.54,27.36,4.14,44.9,3.4,2.63,-0.57,-35.07,19.0,False
3,XLF,trend_triple_ma,Triple Moving Average,46,6,13.04,6.12,25.67,2.63,45.49,2.53,2.54,-1.11,-14.85,17.8,False
3,XLF,vol_contraction_trend,Volatility Contraction Trend,29,7,24.14,12.22,42.11,5.47,63.62,3.93,3.58,-1.21,-11.75,26.05,False
3,XLI,bollinger_recovery,Bollinger Recovery,28,6,21.43,10.21,39.54,4.37,61.97,5.12,5.0,0.49,-13.5,18.44,False
3,XLI,breadth_trend,Broad-Market Trend,68,8,11.76,6.08,21.54,2.85,37.74,4.38,3.02,-0.8,-30.78,19.99,False
3,XLI,buy_hold,Buy & Hold Benchmark,87,14,16.09,9.83,25.22,5.39,39.22,3.19,2.73,-0.84,-36.77,19.85,False
3,XLI,drawdown_recovery,25% Drawdown Recovery,3,1,33.33,6.15,79.23,1.57,93.99,9.17,8.86,5.48,1.79,15.6,False
3,XLI,drawdown_recovery_20,20% Drawdown Recovery,12,3,25.0,8.89,53.23,3.05,77.92,7.23,4.32,1.64,-17.47,15.6,False
3,XLI,drawdown_recovery_30,30% Drawdown Recovery,6,2,33.33,9.68,70.0,2.93,89.24,9.52,5.75,6.26,-17.47,15.6,False
3,XLI,drawdown_recovery_40,40% Drawdown Recovery,4,1,25.0,4.56,69.94,1.18,90.32,7.23,3.15,-0.4,-17.47,15.6,False
3,XLI,low_vol_trend,Low-Volatility Trend,34,3,8.82,3.05,22.96,1.06,46.63,1.82,1.57,-2.61,-13.5,12.26,False
3,XLI,momentum,Top Relative Momentum 180,19,2,10.53,2.94,31.39,0.91,60.16,3.01,1.85,-2.03,-12.68,15.98,False
3,XLI,momentum_180,180-Day Absolute Momentum,70,6,8.57,3.99,17.47,1.71,33.5,4.38,2.56,-0.58,-30.78,19.85,False
3,XLI,momentum_270,270-Day Absolute Momentum,73,11,15.07,8.63,25.0,4.43,40.45,3.13,2.52,-0.81,-30.78,15.23,False
3,XLI,momentum_365,365-Day Absolute Momentum,74,10,13.51,7.51,23.12,3.75,38.51,3.9,2.73,-0.25,-30.78,15.14,False
3,XLI,momentum_90,90-Day Absolute Momentum,72,8,11.11,5.74,20.42,2.69,36.13,4.03,2.59,-1.18,-30.78,20.5,False
3,XLI,momentum_composite,Composite Momentum,22,2,9.09,2.53,27.82,0.78,55.87,0.65,0.48,-3.37,-12.68,12.38,False
3,XLI,momentum_dual_180_365,Dual Momentum 180/365,67,7,10.45,5.15,20.03,2.32,36.43,3.67,2.18,-1.08,-30.78,14.85,False
3,XLI,momentum_dual_90_180,Dual Momentum 90/180,65,6,9.23,4.3,18.71,1.85,35.45,3.93,2.19,-1.13,-30.78,19.85,False
3,XLI,momentum_rank_365,Top Relative Momentum 365,19,3,15.79,5.52,37.57,1.91,64.35,3.49,2.07,-1.72,-22.59,15.23,False
3,XLI,momentum_rank_90,Top Relative Momentum 90,26,2,7.69,2.14,24.14,0.66,51.01,-0.25,1.62,-3.05,-11.22,15.75,False
3,XLI,rsi14_recovery,RSI 14 Recovery,37,7,18.92,9.48,34.21,4.26,55.06,4.36,3.14,-1.06,-17.47,18.44,False
3,XLI,rsi28_recovery,RSI 28 Recovery,22,3,13.64,4.75,33.34,1.65,59.82,4.25,3.35,-1.07,-13.5,15.6,False
3,XLI,trend,SMA 50/200 + Momentum,40,7,17.5,8.75,31.95,3.93,52.39,3.91,3.07,0.57,-12.68,14.16,False
3,XLI,trend_breakout_100,100-Day Range Breakout,15,1,6.67,1.19,29.82,0.31,62.04,1.85,2.64,0.84,-10.48,10.74,False
3,XLI,trend_breakout_200,200-Day Range Breakout,12,1,8.33,1.49,35.39,0.39,67.89,1.5,1.94,0.72,-10.48,10.74,False
3,XLI,trend_ema100_200,EMA 100/200,69,10,14.49,8.07,24.66,4.03,40.62,3.19,2.78,0.19,-30.78,15.23,False
3,XLI,trend_ema50_200,EMA 50/200,70,8,11.43,5.91,20.96,2.77,36.92,3.99,2.28,-0.56,-30.78,14.16,False
3,XLI,trend_price_sma100,Price above SMA 100,72,11,15.28,8.75,25.32,4.49,40.88,3.58,2.9,-0.88,-30.78,19.85,False
3,XLI,trend_price_sma200,Price above SMA 200,72,9,12.5,6.72,22.08,3.26,37.74,4.38,2.88,-0.8,-30.78,19.99,False
3,XLI,trend_sma100_200,SMA 100/200,66,10,15.15,8.44,25.69,4.22,42.0,3.1,2.53,-0.64,-30.78,19.85,False
3,XLI,trend_triple_ma,Triple Moving Average,50,5,10.0,4.35,21.36,1.77,40.7,2.02,1.66,-1.47,-30.78,14.16,False
3,XLI,vol_contraction_trend,Volatility Contraction Trend,32,7,21.88,11.02,38.76,4.94,60.12,2.9,2.89,-0.8,-18.16,19.99,False
3,XLK,bollinger_recovery,Bollinger Recovery,20,4,20.0,8.07,41.6,3.04,66.6,2.0,2.86,-1.15,-19.49,24.46,False
3,XLK,breadth_trend,Broad-Market Trend,70,14,20.0,12.3,30.82,6.75,46.34,3.29,2.89,-2.44,-15.79,19.09,False
3,XLK,buy_hold,Buy & Hold Benchmark,87,18,20.69,13.51,30.35,7.91,44.22,4.36,3.42,-0.19,-35.11,26.4,False
3,XLK,drawdown_recovery,25% Drawdown Recovery,7,4,57.14,25.05,84.18,9.1,94.67,11.61,7.83,2.52,-11.03,24.46,False
3,XLK,drawdown_recovery_20,20% Drawdown Recovery,14,6,42.86,21.38,67.41,9.02,85.01,5.52,6.02,-1.01,-11.03,24.46,False
3,XLK,drawdown_recovery_30,30% Drawdown Recovery,8,4,50.0,21.52,78.48,7.89,92.11,8.88,10.06,4.72,0.95,24.46,False
3,XLK,drawdown_recovery_40,40% Drawdown Recovery,5,2,40.0,11.76,76.93,3.53,92.39,6.11,7.98,4.93,4.09,13.11,False
3,XLK,low_vol_trend,Low-Volatility Trend,25,5,20.0,8.86,39.13,3.58,62.73,3.82,3.84,1.0,-16.95,13.11,False
3,XLK,momentum,Top Relative Momentum 180,41,12,29.27,17.61,44.48,9.26,62.65,5.72,4.34,-0.56,-17.86,26.4,False
3,XLK,momentum_180,180-Day Absolute Momentum,73,16,21.92,13.97,32.68,7.94,47.75,4.71,3.67,-1.66,-15.79,24.46,False
3,XLK,momentum_270,270-Day Absolute Momentum,76,17,22.37,14.46,32.93,8.35,47.69,4.99,3.92,0.35,-17.86,24.46,False
3,XLK,momentum_365,365-Day Absolute Momentum,76,14,18.42,11.3,28.58,6.2,43.55,4.24,3.4,-0.25,-17.86,26.4,False
3,XLK,momentum_90,90-Day Absolute Momentum,74,15,20.27,12.69,30.79,7.09,45.87,5.15,3.82,0.49,-17.86,24.46,False
3,XLK,momentum_composite,Composite Momentum,42,13,30.95,19.07,46.03,10.26,63.73,4.89,3.66,-2.2,-17.86,24.46,False
3,XLK,momentum_dual_180_365,Dual Momentum 180/365,67,12,17.91,10.55,28.75,5.55,44.75,4.65,3.17,-2.66,-15.79,24.46,False
3,XLK,momentum_dual_90_180,Dual Momentum 90/180,69,13,18.84,11.35,29.61,6.1,45.32,4.65,3.44,-1.57,-15.79,24.46,False
3,XLK,momentum_rank_365,Top Relative Momentum 365,42,8,19.05,9.98,33.3,4.67,53.08,3.64,3.29,-3.89,-17.86,26.4,False
3,XLK,momentum_rank_90,Top Relative Momentum 90,41,6,14.63,6.88,28.44,2.95,49.13,4.49,3.26,-1.01,-16.95,24.46,False
3,XLK,rsi14_recovery,RSI 14 Recovery,26,5,19.23,8.51,37.88,3.44,61.42,3.82,2.88,-0.0,-19.49,18.54,False
3,XLK,rsi28_recovery,RSI 28 Recovery,13,2,15.38,4.33,42.24,1.33,71.0,1.14,4.22,0.78,-7.25,24.46,False
3,XLK,trend,SMA 50/200 + Momentum,48,9,18.75,10.19,31.94,4.94,50.64,4.98,3.61,-0.91,-15.79,17.01,False
3,XLK,trend_breakout_100,100-Day Range Breakout,19,4,21.05,8.51,43.33,3.2,68.25,4.65,4.48,1.85,-16.95,15.21,False
3,XLK,trend_breakout_200,200-Day Range Breakout,16,2,12.5,3.5,36.02,1.08,65.14,4.64,3.5,1.25,-16.95,15.21,False
3,XLK,trend_ema100_200,EMA 100/200,71,13,18.31,11.02,28.85,5.93,44.36,4.64,3.82,-0.18,-16.95,24.46,False
3,XLK,trend_ema50_200,EMA 50/200,71,14,19.72,12.13,30.42,6.65,45.85,4.65,3.89,-0.19,-16.95,24.46,False
3,XLK,trend_price_sma100,Price above SMA 100,73,16,21.92,13.97,32.68,7.94,47.75,2.21,2.94,-2.46,-16.95,24.46,False
3,XLK,trend_price_sma200,Price above SMA 200,75,15,20.0,12.51,30.41,6.99,45.4,4.86,3.31,-2.11,-15.79,24.46,False
3,XLK,trend_sma100_200,SMA 100/200,65,16,24.62,15.76,36.31,8.96,52.0,5.31,3.64,-2.46,-15.79,24.46,False
3,XLK,trend_triple_ma,Triple Moving Average,54,9,16.67,9.02,28.74,4.37,46.67,3.99,3.54,-0.41,-11.67,26.4,False
3,XLK,vol_contraction_trend,Volatility Contraction Trend,30,5,16.67,7.34,33.56,2.97,56.65,5.59,4.79,1.01,-11.67,26.4,False
3,XLP,bollinger_recovery,Bollinger Recovery,25,2,8.0,2.22,24.97,0.69,52.15,1.53,1.74,-2.85,-11.31,12.68,False
3,XLP,breadth_trend,Broad-Market Trend,68,1,1.47,0.26,7.87,0.07,24.53,2.5,2.05,-0.42,-11.7,11.45,False
3,XLP,buy_hold,Buy & Hold Benchmark,87,6,6.9,3.2,14.24,1.38,28.22,2.58,2.2,-0.97,-18.46,12.45,False
3,XLP,drawdown_recovery_20,20% Drawdown Recovery,5,0,0.0,0.0,43.45,0.0,79.61,5.81,5.35,3.77,1.65,9.56,False
3,XLP,drawdown_recovery_30,30% Drawdown Recovery,2,0,0.0,0.0,65.76,0.0,90.71,4.86,4.86,4.32,3.77,5.96,False
3,XLP,low_vol_trend,Low-Volatility Trend,77,1,1.3,0.23,7.0,0.06,22.24,2.14,1.87,-0.2,-18.46,11.45,False
3,XLP,momentum,Top Relative Momentum 180,19,0,0.0,0.0,16.82,0.0,50.68,0.82,0.47,-2.35,-18.46,8.06,False
3,XLP,momentum_180,180-Day Absolute Momentum,76,3,3.95,1.35,10.97,0.47,26.25,2.09,1.99,-0.96,-11.7,12.68,False
3,XLP,momentum_270,270-Day Absolute Momentum,79,3,3.8,1.3,10.58,0.45,25.45,2.25,2.04,-0.53,-18.46,12.68,False
3,XLP,momentum_365,365-Day Absolute Momentum,78,3,3.85,1.32,10.71,0.46,25.71,2.12,2.05,-0.52,-18.46,12.45,False
3,XLP,momentum_90,90-Day Absolute Momentum,70,3,4.29,1.47,11.86,0.51,28.0,2.12,1.88,-0.18,-18.46,11.37,False
3,XLP,momentum_composite,Composite Momentum,17,0,0.0,0.0,18.43,0.0,53.46,1.06,0.99,-0.93,-5.39,7.57,False
3,XLP,momentum_dual_180_365,Dual Momentum 180/365,72,3,4.17,1.43,11.55,0.5,27.39,1.89,1.8,-1.2,-11.7,12.68,False
3,XLP,momentum_dual_90_180,Dual Momentum 90/180,66,1,1.52,0.27,8.1,0.07,25.1,1.87,1.66,-0.77,-11.7,11.37,False
3,XLP,momentum_rank_365,Top Relative Momentum 365,16,2,12.5,3.5,36.02,1.08,65.14,2.21,1.36,-0.26,-11.7,11.95,False
3,XLP,momentum_rank_90,Top Relative Momentum 90,20,0,0.0,0.0,16.11,0.0,49.4,1.42,0.4,-2.83,-18.46,7.57,False
3,XLP,rsi14_recovery,RSI 14 Recovery,27,2,7.41,2.06,23.37,0.64,49.93,0.68,1.38,-3.06,-11.31,12.68,False
3,XLP,rsi28_recovery,RSI 28 Recovery,14,1,7.14,1.27,31.47,0.33,63.87,3.12,2.75,0.03,-11.31,11.45,False
3,XLP,trend,SMA 50/200 + Momentum,30,1,3.33,0.59,16.67,0.16,43.31,1.35,0.61,-2.68,-11.7,10.09,False
3,XLP,trend_breakout_100,100-Day Range Breakout,23,0,0.0,0.0,14.31,0.0,45.92,1.04,0.82,-1.87,-5.1,5.81,False
3,XLP,trend_breakout_200,200-Day Range Breakout,20,0,0.0,0.0,16.11,0.0,49.4,1.06,1.13,-0.96,-3.55,5.81,False
3,XLP,trend_ema100_200,EMA 100/200,73,3,4.11,1.41,11.4,0.49,27.1,2.09,1.98,-0.05,-18.46,11.45,False
3,XLP,trend_ema50_200,EMA 50/200,75,2,2.67,0.73,9.21,0.23,24.66,2.09,1.93,0.03,-18.46,11.45,False
3,XLP,trend_price_sma100,Price above SMA 100,70,3,4.29,1.47,11.86,0.51,28.0,2.37,2.11,-0.31,-18.46,12.68,False
3,XLP,trend_price_sma200,Price above SMA 200,77,1,1.3,0.23,7.0,0.06,22.24,2.14,1.87,-0.2,-18.46,11.45,False
3,XLP,trend_sma100_200,SMA 100/200,70,2,2.86,0.79,9.83,0.25,26.03,1.89,1.4,-1.3,-18.46,12.39,False
3,XLP,trend_triple_ma,Triple Moving Average,51,1,1.96,0.35,10.3,0.09,30.43,1.48,0.55,-2.18,-11.7,11.37,False
3,XLP,vol_contraction_trend,Volatility Contraction Trend,31,1,3.23,0.57,16.19,0.15,42.45,2.88,1.94,-1.34,-8.55,11.1,False
3,XLU,bollinger_recovery,Bollinger Recovery,21,1,4.76,0.85,22.67,0.22,52.9,2.84,2.75,-0.11,-9.28,10.61,False
3,XLU,breadth_trend,Broad-Market Trend,70,4,5.71,2.24,13.79,0.85,29.89,3.05,2.56,-0.11,-15.09,12.35,False
3,XLU,buy_hold,Buy & Hold Benchmark,87,7,8.05,3.95,15.69,1.78,29.69,3.36,2.49,-1.1,-21.86,18.7,False
3,XLU,drawdown_recovery,25% Drawdown Recovery,2,0,0.0,0.0,65.76,0.0,90.71,-7.2,-7.2,-9.44,-11.69,-2.7,False
3,XLU,drawdown_recovery_20,20% Drawdown Recovery,9,0,0.0,0.0,29.92,0.0,68.45,-1.31,-0.27,-2.03,-11.69,7.28,False
3,XLU,drawdown_recovery_30,30% Drawdown Recovery,3,0,0.0,0.0,56.15,0.0,86.68,4.79,-0.48,-3.45,-11.69,5.46,False
3,XLU,drawdown_recovery_40,40% Drawdown Recovery,3,0,0.0,0.0,56.15,0.0,86.68,4.79,-0.48,-3.45,-11.69,5.46,False
3,XLU,low_vol_trend,Low-Volatility Trend,58,3,5.17,1.77,14.14,0.62,32.31,2.93,2.6,-0.91,-15.09,14.8,False
3,XLU,momentum,Top Relative Momentum 180,32,1,3.12,0.55,15.74,0.15,41.63,3.66,1.63,-3.79,-18.15,14.8,False
3,XLU,momentum_180,180-Day Absolute Momentum,74,8,10.81,5.58,19.91,2.61,35.37,3.49,2.81,-1.16,-17.93,20.08,False
3,XLU,momentum_270,270-Day Absolute Momentum,74,5,6.76,2.92,14.86,1.19,30.38,3.74,2.75,-1.04,-15.09,20.08,False
3,XLU,momentum_365,365-Day Absolute Momentum,76,6,7.89,3.67,16.17,1.58,31.43,2.76,2.17,-2.54,-17.93,20.08,False
3,XLU,momentum_90,90-Day Absolute Momentum,70,3,4.29,1.47,11.86,0.51,28.0,3.73,2.42,-1.35,-15.09,12.35,False
3,XLU,momentum_composite,Composite Momentum,29,1,3.45,0.61,17.18,0.16,44.2,0.88,0.58,-4.14,-18.15,14.8,False
3,XLU,momentum_dual_180_365,Dual Momentum 180/365,68,7,10.29,5.08,19.76,2.29,36.02,2.92,2.4,-3.39,-17.93,20.08,False
3,XLU,momentum_dual_90_180,Dual Momentum 90/180,66,5,7.58,3.28,16.54,1.33,33.19,3.0,2.26,-1.8,-15.09,20.08,False
3,XLU,momentum_rank_365,Top Relative Momentum 365,34,1,2.94,0.52,14.92,0.14,40.08,2.33,1.16,-2.84,-15.09,11.12,False
3,XLU,momentum_rank_90,Top Relative Momentum 90,40,1,2.5,0.44,12.88,0.12,36.05,3.71,2.67,-2.06,-18.15,25.81,False
3,XLU,rsi14_recovery,RSI 14 Recovery,32,2,6.25,1.73,20.15,0.54,45.12,4.71,4.06,1.82,-9.28,18.7,False
3,XLU,rsi28_recovery,RSI 28 Recovery,24,5,20.83,9.24,40.47,3.73,64.1,3.82,4.51,-0.39,-9.28,19.48,False
3,XLU,trend,SMA 50/200 + Momentum,43,1,2.33,0.41,12.06,0.11,34.32,2.11,1.14,-3.59,-15.09,14.8,False
3,XLU,trend_breakout_100,100-Day Range Breakout,25,1,4.0,0.71,19.54,0.19,48.16,2.69,1.81,-1.53,-15.09,11.37,False
3,XLU,trend_breakout_200,200-Day Range Breakout,22,0,0.0,0.0,14.87,0.0,47.02,2.4,1.39,-2.48,-15.09,9.52,False
3,XLU,trend_ema100_200,EMA 100/200,70,5,7.14,3.09,15.66,1.26,31.72,3.03,2.56,-1.04,-15.09,14.8,False
3,XLU,trend_ema50_200,EMA 50/200,72,6,8.33,3.88,17.01,1.67,32.78,3.29,2.51,-1.79,-15.09,20.08,False
3,XLU,trend_price_sma100,Price above SMA 100,75,3,4.0,1.37,11.11,0.48,26.53,3.36,2.54,-0.93,-15.09,18.7,False
3,XLU,trend_price_sma200,Price above SMA 200,78,4,5.13,2.01,12.46,0.77,27.46,3.28,2.56,-0.11,-17.93,12.35,False
3,XLU,trend_sma100_200,SMA 100/200,69,4,5.8,2.28,13.98,0.87,30.23,3.68,2.86,-0.65,-17.93,20.08,False
3,XLU,trend_triple_ma,Triple Moving Average,48,3,6.25,2.15,16.84,0.75,37.05,3.25,2.65,-0.32,-15.09,11.37,False
3,XLU,vol_contraction_trend,Volatility Contraction Trend,26,0,0.0,0.0,12.87,0.0,42.89,2.73,1.28,-1.47,-15.09,7.05,False
3,XLV,bollinger_recovery,Bollinger Recovery,22,2,9.09,2.53,27.82,0.78,55.87,3.41,1.57,-3.06,-15.83,12.63,False
3,XLV,breadth_trend,Broad-Market Trend,66,8,12.12,6.27,22.14,2.94,38.6,2.5,2.26,-1.57,-13.94,15.25,False
3,XLV,buy_hold,Buy & Hold Benchmark,87,11,12.64,7.21,21.24,3.7,35.28,3.12,2.68,-1.26,-25.26,15.93,False
3,XLV,drawdown_recovery,25% Drawdown Recovery,1,0,0.0,0.0,79.35,0.0,95.13,8.23,8.23,8.23,8.23,8.23,False
3,XLV,drawdown_recovery_20,20% Drawdown Recovery,5,2,40.0,11.76,76.93,3.53,92.39,8.23,3.21,-2.65,-11.33,11.25,False
3,XLV,drawdown_recovery_30,30% Drawdown Recovery,3,2,66.67,20.77,93.85,6.01,98.43,10.53,3.49,-0.4,-11.33,11.25,False
3,XLV,low_vol_trend,Low-Volatility Trend,59,7,11.86,5.87,22.52,2.64,40.05,1.31,2.33,-1.79,-13.94,15.76,False
3,XLV,momentum,Top Relative Momentum 180,21,2,9.52,2.65,28.91,0.82,57.23,2.78,2.06,0.5,-13.94,10.64,False
3,XLV,momentum_180,180-Day Absolute Momentum,71,9,12.68,6.81,22.37,3.3,38.15,2.71,2.83,-1.58,-13.94,15.25,False
3,XLV,momentum_270,270-Day Absolute Momentum,74,8,10.81,5.58,19.91,2.61,35.37,3.28,2.85,-0.98,-9.69,15.76,False
3,XLV,momentum_365,365-Day Absolute Momentum,76,6,7.89,3.67,16.17,1.58,31.43,3.11,2.67,-1.03,-13.12,14.63,False
3,XLV,momentum_90,90-Day Absolute Momentum,68,8,11.76,6.08,21.54,2.85,37.74,1.31,1.73,-1.57,-15.83,15.25,False
3,XLV,momentum_composite,Composite Momentum,17,2,11.76,3.29,34.34,1.02,63.39,3.71,2.25,-1.14,-13.94,14.63,False
3,XLV,momentum_dual_180_365,Dual Momentum 180/365,68,8,11.76,6.08,21.54,2.85,37.74,2.77,2.73,-1.42,-13.94,15.25,False
3,XLV,momentum_dual_90_180,Dual Momentum 90/180,60,7,11.67,5.77,22.18,2.6,39.56,1.99,2.39,-0.15,-13.94,15.25,False
3,XLV,momentum_rank_365,Top Relative Momentum 365,19,2,10.53,2.94,31.39,0.91,60.16,6.23,5.04,2.73,-8.35,14.63,False
3,XLV,momentum_rank_90,Top Relative Momentum 90,29,3,10.34,3.58,26.39,1.25,51.36,1.03,-1.19,-5.85,-25.26,10.6,False
3,XLV,rsi14_recovery,RSI 14 Recovery,32,3,9.38,3.24,24.22,1.13,48.41,2.24,1.78,-1.67,-15.83,15.76,False
3,XLV,rsi28_recovery,RSI 28 Recovery,17,3,17.65,6.19,41.03,2.14,67.75,0.08,2.17,-2.04,-8.35,14.93,False
3,XLV,trend,SMA 50/200 + Momentum,35,3,8.57,2.96,22.38,1.03,45.78,1.26,0.45,-4.04,-13.94,11.82,False
3,XLV,trend_breakout_100,100-Day Range Breakout,21,1,4.76,0.85,22.67,0.22,52.9,1.73,0.76,-3.56,-10.75,10.29,False
3,XLV,trend_breakout_200,200-Day Range Breakout,17,1,5.88,1.05,26.98,0.27,58.66,2.83,0.53,-6.18,-10.75,10.29,False
3,XLV,trend_ema100_200,EMA 100/200,70,7,10.0,4.93,19.23,2.22,35.23,1.28,2.02,-1.57,-13.94,15.76,False
3,XLV,trend_ema50_200,EMA 50/200,72,7,9.72,4.79,18.74,2.16,34.47,1.28,1.95,-1.8,-13.94,15.76,False
3,XLV,trend_price_sma100,Price above SMA 100,67,7,10.45,5.15,20.03,2.32,36.43,2.98,1.99,-1.78,-15.83,14.63,False
3,XLV,trend_price_sma200,Price above SMA 200,70,7,10.0,4.93,19.23,2.22,35.23,2.91,2.54,-1.49,-13.94,15.25,False
3,XLV,trend_sma100_200,SMA 100/200,63,8,12.7,6.58,23.11,3.08,39.97,2.42,2.22,-2.17,-13.94,15.76,False
3,XLV,trend_triple_ma,Triple Moving Average,43,2,4.65,1.28,15.46,0.4,37.23,2.35,1.66,-0.85,-13.12,10.6,False
3,XLV,vol_contraction_trend,Volatility Contraction Trend,31,5,16.13,7.09,32.63,2.87,55.57,1.37,1.71,-2.21,-13.12,14.56,False
3,XLY,bollinger_recovery,Bollinger Recovery,21,4,19.05,7.67,40.0,2.89,65.03,4.03,4.47,0.61,-11.83,22.24,False
3,XLY,breadth_trend,Broad-Market Trend,67,11,16.42,9.42,27.06,4.84,43.16,3.15,2.97,-0.85,-25.63,21.56,False
3,XLY,buy_hold,Buy & Hold Benchmark,87,11,12.64,7.21,21.24,3.7,35.28,3.64,2.67,-1.01,-36.95,21.56,False
3,XLY,drawdown_recovery,25% Drawdown Recovery,8,1,12.5,2.24,47.09,0.59,77.62,6.35,3.85,-5.41,-11.9,22.24,False
3,XLY,drawdown_recovery_20,20% Drawdown Recovery,12,2,16.67,4.7,44.8,1.44,73.18,5.35,0.65,-5.41,-36.95,22.24,False
3,XLY,drawdown_recovery_30,30% Drawdown Recovery,9,1,11.11,1.99,43.5,0.52,74.94,-3.85,-1.94,-6.19,-36.95,22.24,False
3,XLY,drawdown_recovery_40,40% Drawdown Recovery,3,0,0.0,0.0,56.15,0.0,86.68,5.24,3.16,0.04,-5.15,9.38,False
3,XLY,low_vol_trend,Low-Volatility Trend,36,5,13.89,6.08,28.66,2.47,50.71,3.01,2.37,-0.79,-25.63,19.9,False
3,XLY,momentum,Top Relative Momentum 180,30,3,10.0,3.46,25.62,1.2,50.34,2.75,2.92,-1.57,-11.39,21.44,False
3,XLY,momentum_180,180-Day Absolute Momentum,71,11,15.49,8.88,25.65,4.56,41.32,3.87,3.36,-0.23,-25.63,19.9,False
3,XLY,momentum_270,270-Day Absolute Momentum,72,9,12.5,6.72,22.08,3.26,37.74,3.87,3.22,-0.9,-15.04,21.44,False
3,XLY,momentum_365,365-Day Absolute Momentum,73,12,16.44,9.66,26.57,5.08,41.96,3.7,3.5,-0.28,-15.04,23.32,False
3,XLY,momentum_90,90-Day Absolute Momentum,70,14,20.0,12.3,30.82,6.75,46.34,3.76,3.14,-1.16,-25.63,21.56,False
3,XLY,momentum_composite,Composite Momentum,30,6,20.0,9.5,37.31,4.07,59.59,5.09,3.8,-1.59,-15.04,21.44,False
3,XLY,momentum_dual_180_365,Dual Momentum 180/365,64,11,17.19,9.88,28.21,5.07,44.65,3.76,3.26,-0.12,-25.63,21.56,False
3,XLY,momentum_dual_90_180,Dual Momentum 90/180,66,13,19.7,11.89,30.84,6.39,46.84,3.76,3.08,-0.86,-25.63,21.56,False
3,XLY,momentum_rank_365,Top Relative Momentum 365,34,5,14.71,6.45,30.13,2.61,52.55,2.95,3.5,-2.76,-12.87,23.32,False
3,XLY,momentum_rank_90,Top Relative Momentum 90,33,9,27.27,15.07,44.22,7.28,64.16,4.73,3.99,-3.51,-13.58,21.44,False
3,XLY,rsi14_recovery,RSI 14 Recovery,30,4,13.33,5.31,29.68,2.01,53.57,2.67,3.13,-0.9,-11.9,22.24,False
3,XLY,rsi28_recovery,RSI 28 Recovery,17,5,29.41,13.28,53.13,5.33,75.5,2.4,5.67,0.47,-11.83,22.24,False
3,XLY,trend,SMA 50/200 + Momentum,41,7,17.07,8.53,31.26,3.83,51.56,3.11,2.86,-0.83,-15.04,12.54,False
3,XLY,trend_breakout_100,100-Day Range Breakout,19,0,0.0,0.0,16.82,0.0,50.68,2.93,1.97,-2.52,-9.67,9.38,False
3,XLY,trend_breakout_200,200-Day Range Breakout,18,0,0.0,0.0,17.59,0.0,52.03,2.68,1.56,-3.65,-9.67,8.98,False
3,XLY,trend_ema100_200,EMA 100/200,68,11,16.18,9.28,26.69,4.76,42.68,3.38,2.76,-0.84,-25.63,17.46,False
3,XLY,trend_ema50_200,EMA 50/200,67,9,13.43,7.23,23.6,3.5,39.87,3.64,3.17,-0.85,-25.63,21.44,False
3,XLY,trend_price_sma100,Price above SMA 100,72,15,20.83,13.05,31.57,7.29,46.82,3.01,3.24,-1.16,-25.63,22.24,False
3,XLY,trend_price_sma200,Price above SMA 200,71,10,14.08,7.83,24.02,3.91,39.75,4.59,3.59,-0.1,-25.63,21.56,False
3,XLY,trend_sma100_200,SMA 100/200,63,6,9.52,4.44,19.26,1.91,36.29,3.11,2.73,-0.82,-25.63,21.56,False
3,XLY,trend_triple_ma,Triple Moving Average,50,5,10.0,4.35,21.36,1.77,40.7,3.57,2.96,-0.6,-12.87,17.46,False
3,XLY,vol_contraction_trend,Volatility Contraction Trend,33,7,21.21,10.68,37.75,4.79,59.04,4.59,5.45,1.63,-7.62,19.9,False
4,DIA,bollinger_recovery,Bollinger Recovery,23,5,21.74,9.66,41.9,3.9,65.53,5.65,6.49,2.73,-5.38,20.8,False
4,DIA,breadth_trend,Broad-Market Trend,55,7,12.73,6.3,24.02,2.84,42.15,3.52,3.79,-0.47,-9.23,15.86,False
4,DIA,buy_hold,Buy & Hold Benchmark,62,7,11.29,5.58,21.52,2.51,38.61,3.42,3.13,-0.86,-28.37,20.8,False
4,DIA,drawdown_recovery,25% Drawdown Recovery,1,1,100.0,20.65,100.0,4.87,100.0,20.65,20.65,20.65,20.65,20.65,False
4,DIA,drawdown_recovery_20,20% Drawdown Recovery,7,1,14.29,2.57,51.31,0.67,80.48,7.24,6.99,4.52,-5.71,20.65,False
4,DIA,drawdown_recovery_30,30% Drawdown Recovery,4,1,25.0,4.56,69.94,1.18,90.32,8.86,8.17,4.45,-5.71,20.65,False
4,DIA,drawdown_recovery_40,40% Drawdown Recovery,2,0,0.0,0.0,65.76,0.0,90.71,2.09,2.09,-1.81,-5.71,9.9,False
4,DIA,low_vol_trend,Low-Volatility Trend,55,8,14.55,7.56,26.16,3.54,44.13,3.79,4.03,-0.3,-12.69,15.86,False
4,DIA,momentum,Top Relative Momentum 180,4,1,25.0,4.56,69.94,1.18,90.32,5.25,4.66,1.58,-1.99,10.14,False
4,DIA,momentum_180,180-Day Absolute Momentum,55,4,7.27,2.86,17.26,1.09,35.85,4.23,3.47,-0.06,-22.48,16.75,False
4,DIA,momentum_270,270-Day Absolute Momentum,56,4,7.14,2.81,16.98,1.07,35.38,3.99,3.62,-0.49,-12.69,20.16,False
4,DIA,momentum_365,365-Day Absolute Momentum,56,7,12.5,6.19,23.63,2.78,41.61,2.98,3.22,-1.22,-15.24,20.16,False
4,DIA,momentum_90,90-Day Absolute Momentum,56,6,10.71,5.0,21.47,2.15,39.59,3.71,3.83,1.36,-15.24,14.72,False
4,DIA,momentum_composite,Composite Momentum,4,0,0.0,0.0,48.99,0.0,83.0,7.15,6.15,5.88,2.56,7.74,False
4,DIA,momentum_dual_180_365,Dual Momentum 180/365,51,5,9.8,4.26,20.98,1.73,40.13,3.52,2.85,-0.67,-22.48,16.75,False
4,DIA,momentum_dual_90_180,Dual Momentum 90/180,54,5,9.26,4.02,19.91,1.63,38.52,3.71,3.85,0.24,-9.23,16.75,False
4,DIA,momentum_rank_365,Top Relative Momentum 365,2,0,0.0,0.0,65.76,0.0,90.71,1.76,1.76,1.36,0.95,2.56,False
4,DIA,momentum_rank_90,Top Relative Momentum 90,6,0,0.0,0.0,39.03,0.0,76.5,3.34,1.74,-0.91,-9.36,9.53,False
4,DIA,rsi14_recovery,RSI 14 Recovery,27,3,11.11,3.85,28.06,1.34,53.53,4.73,3.75,1.79,-9.17,12.93,False
4,DIA,rsi28_recovery,RSI 28 Recovery,22,5,22.73,10.12,43.44,4.08,67.02,6.01,5.41,2.08,-20.8,20.8,False
4,DIA,trend,SMA 50/200 + Momentum,31,4,12.9,5.13,28.85,1.94,52.54,3.25,3.78,0.27,-6.6,16.75,False
4,DIA,trend_breakout_100,100-Day Range Breakout,20,3,15.0,5.24,36.04,1.81,62.77,5.0,4.3,0.98,-9.36,14.72,False
4,DIA,trend_breakout_200,200-Day Range Breakout,17,2,11.76,3.29,34.34,1.02,63.39,4.73,4.0,1.01,-9.36,14.72,False
4,DIA,trend_ema100_200,EMA 100/200,53,5,9.43,4.1,20.25,1.67,39.05,3.79,3.24,0.49,-22.48,16.75,False
4,DIA,trend_ema50_200,EMA 50/200,54,5,9.26,4.02,19.91,1.63,38.52,3.93,3.76,-0.2,-12.69,14.72,False
4,DIA,trend_price_sma100,Price above SMA 100,56,9,16.07,8.69,27.81,4.21,45.48,3.93,3.79,-0.69,-10.75,16.89,False
4,DIA,trend_price_sma200,Price above SMA 200,55,7,12.73,6.3,24.02,2.84,42.15,3.79,3.93,-0.47,-12.69,15.86,False
4,DIA,trend_sma100_200,SMA 100/200,48,4,8.33,3.29,19.55,1.25,39.51,3.92,3.56,-0.02,-12.69,16.75,False
4,DIA,trend_triple_ma,Triple Moving Average,42,5,11.9,5.19,25.0,2.11,45.88,3.37,3.86,0.49,-9.8,16.75,False
4,DIA,vol_contraction_trend,Volatility Contraction Trend,32,7,21.88,11.02,38.76,4.94,60.12,4.08,3.89,0.79,-22.48,15.86,False
4,IWM,bollinger_recovery,Bollinger Recovery,18,4,22.22,9.0,45.22,3.39,69.97,4.68,5.58,2.74,-2.19,24.52,False
4,IWM,breadth_trend,Broad-Market Trend,52,13,25.0,15.23,38.21,8.19,55.46,4.86,3.4,-2.9,-21.24,28.11,False
4,IWM,buy_hold,Buy & Hold Benchmark,62,10,16.13,9.0,27.21,4.5,43.99,4.2,2.92,-2.1,-34.54,32.53,False
4,IWM,drawdown_recovery,25% Drawdown Recovery,6,4,66.67,30.0,90.32,10.76,97.07,15.77,12.7,10.68,-8.58,24.52,False
4,IWM,drawdown_recovery_20,20% Drawdown Recovery,18,8,44.44,24.56,66.28,11.37,83.3,6.97,6.42,-1.22,-31.43,28.11,False
4,IWM,drawdown_recovery_30,30% Drawdown Recovery,7,3,42.86,15.82,74.95,5.33,90.9,4.4,9.59,0.64,-3.84,28.11,False
4,IWM,drawdown_recovery_40,40% Drawdown Recovery,3,2,66.67,20.77,93.85,6.01,98.43,12.66,12.72,6.82,0.99,24.52,False
4,IWM,low_vol_trend,Low-Volatility Trend,4,2,50.0,15.0,85.0,4.45,95.55,1.84,5.01,-7.77,-11.76,28.11,False
4,IWM,momentum,Top Relative Momentum 180,19,6,31.58,15.36,53.99,6.53,75.3,1.39,2.27,-4.26,-31.43,23.65,False
4,IWM,momentum_180,180-Day Absolute Momentum,49,13,26.53,16.21,40.26,8.72,57.72,4.16,2.76,-2.3,-32.38,28.11,False
4,IWM,momentum_270,270-Day Absolute Momentum,50,12,24.0,14.3,37.41,7.52,55.08,4.06,3.07,-4.49,-32.38,23.84,False
4,IWM,momentum_365,365-Day Absolute Momentum,51,10,19.61,11.02,32.46,5.5,50.54,3.97,3.21,-1.77,-25.31,37.15,False
4,IWM,momentum_90,90-Day Absolute Momentum,54,12,22.22,13.2,34.94,6.94,52.26,5.29,3.38,-0.63,-32.38,24.44,False
4,IWM,momentum_composite,Composite Momentum,19,7,36.84,19.15,58.96,8.53,78.49,4.43,4.38,-3.57,-16.59,23.65,False
4,IWM,momentum_dual_180_365,Dual Momentum 180/365,44,10,22.73,12.84,36.99,6.41,55.81,4.12,2.74,-2.04,-25.31,23.65,False
4,IWM,momentum_dual_90_180,Dual Momentum 90/180,46,7,15.22,7.57,28.22,3.4,47.76,3.61,2.25,-2.39,-32.38,28.11,False
4,IWM,momentum_rank_365,Top Relative Momentum 365,18,4,22.22,9.0,45.22,3.39,69.97,3.39,2.15,-4.83,-25.31,18.94,False
4,IWM,momentum_rank_90,Top Relative Momentum 90,21,5,23.81,10.63,45.09,4.28,68.57,4.18,2.64,-2.63,-41.13,23.65,False
4,IWM,rsi14_recovery,RSI 14 Recovery,29,7,24.14,12.22,42.11,5.47,63.62,4.86,6.3,0.99,-7.43,27.55,False
4,IWM,rsi28_recovery,RSI 28 Recovery,16,5,31.25,14.16,55.6,5.68,77.43,5.13,7.81,2.79,-1.72,27.55,False
4,IWM,trend,SMA 50/200 + Momentum,30,6,20.0,9.5,37.31,4.07,59.59,2.91,3.59,-2.8,-7.67,23.65,False
4,IWM,trend_breakout_100,100-Day Range Breakout,15,2,13.33,3.74,37.88,1.15,66.99,4.16,0.54,-6.39,-19.98,28.11,False
4,IWM,trend_breakout_200,200-Day Range Breakout,12,1,8.33,1.49,35.39,0.39,67.89,4.51,0.35,-6.13,-19.98,14.07,False
4,IWM,trend_ema100_200,EMA 100/200,48,11,22.92,13.31,36.54,6.83,54.67,2.93,3.2,-2.7,-13.33,23.84,False
4,IWM,trend_ema50_200,EMA 50/200,49,11,22.45,13.02,35.88,6.68,53.92,2.92,2.97,-2.19,-13.33,23.84,False
4,IWM,trend_price_sma100,Price above SMA 100,57,10,17.54,9.82,29.37,4.9,46.75,3.07,2.69,-2.83,-31.43,38.73,False
4,IWM,trend_price_sma200,Price above SMA 200,53,14,26.42,16.44,39.58,9.02,56.51,4.86,3.09,-3.11,-25.31,28.11,False
4,IWM,trend_sma100_200,SMA 100/200,48,10,20.83,11.73,34.26,5.86,52.68,3.04,1.75,-1.54,-31.43,38.73,False
4,IWM,trend_triple_ma,Triple Moving Average,38,5,13.16,5.75,27.33,2.33,48.99,2.6,1.77,-2.8,-32.38,23.65,False
4,IWM,vol_contraction_trend,Volatility Contraction Trend,29,8,27.59,14.7,45.72,6.85,66.36,2.06,3.31,-3.29,-13.67,23.18,False
4,QQQ,bollinger_recovery,Bollinger Recovery,18,5,27.78,12.5,50.87,5.02,73.66,6.42,7.14,1.9,-12.81,38.75,False
4,QQQ,breadth_trend,Broad-Market Trend,54,14,25.93,16.12,38.93,8.85,55.79,6.05,4.84,-0.09,-21.0,22.22,False
4,QQQ,buy_hold,Buy & Hold Benchmark,62,15,24.19,15.25,36.15,8.52,52.23,7.05,4.49,-0.02,-25.61,30.19,False
4,QQQ,drawdown_recovery,25% Drawdown Recovery,5,3,60.0,23.07,88.24,7.61,96.47,12.34,11.81,-1.81,-6.77,38.75,False
4,QQQ,drawdown_recovery_20,20% Drawdown Recovery,10,6,60.0,31.27,83.18,13.0,93.77,14.14,11.65,3.59,-6.77,38.75,False
4,QQQ,drawdown_recovery_30,30% Drawdown Recovery,6,4,66.67,30.0,90.32,10.76,97.07,14.43,11.1,10.08,-6.77,18.39,False
4,QQQ,drawdown_recovery_40,40% Drawdown Recovery,2,2,100.0,34.24,100.0,9.29,100.0,14.43,14.43,13.38,12.34,16.51,False
4,QQQ,low_vol_trend,Low-Volatility Trend,16,6,37.5,18.48,61.36,7.83,80.91,7.87,10.38,3.72,-0.95,38.75,False
4,QQQ,momentum,Top Relative Momentum 180,37,9,24.32,13.36,40.12,6.46,59.92,6.41,5.41,0.66,-21.0,38.75,False
4,QQQ,momentum_180,180-Day Absolute Momentum,56,16,28.57,18.42,41.48,10.48,57.74,6.4,4.69,-1.99,-25.61,38.75,False
4,QQQ,momentum_270,270-Day Absolute Momentum,57,15,26.32,16.65,38.98,9.31,55.41,6.12,4.58,0.83,-25.61,20.05,False
4,QQQ,momentum_365,365-Day Absolute Momentum,54,12,22.22,13.2,34.94,6.94,52.26,6.54,4.01,-0.02,-25.61,17.46,False
4,QQQ,momentum_90,90-Day Absolute Momentum,55,17,30.91,20.28,44.03,11.73,60.09,4.88,4.97,-1.3,-25.61,38.75,False
4,QQQ,momentum_composite,Composite Momentum,33,8,24.24,12.83,41.02,5.99,61.65,3.84,3.22,-1.42,-25.61,16.88,False
4,QQQ,momentum_dual_180_365,Dual Momentum 180/365,52,11,21.15,12.24,34.03,6.28,51.77,4.73,3.92,-1.25,-25.61,38.75,False
4,QQQ,momentum_dual_90_180,Dual Momentum 90/180,53,14,26.42,16.44,39.58,9.02,56.51,4.01,4.15,-1.19,-25.61,38.75,False
4,QQQ,momentum_rank_365,Top Relative Momentum 365,32,4,12.5,4.97,28.07,1.88,51.54,6.72,4.89,0.8,-9.52,14.39,False
4,QQQ,momentum_rank_90,Top Relative Momentum 90,35,12,34.29,20.83,50.85,10.96,68.87,6.96,5.25,-0.85,-25.61,30.19,False
4,QQQ,rsi14_recovery,RSI 14 Recovery,24,5,20.83,9.24,40.47,3.73,64.1,5.29,4.05,-1.29,-12.81,18.02,False
4,QQQ,rsi28_recovery,RSI 28 Recovery,13,3,23.08,8.18,50.26,2.81,75.67,4.24,6.08,1.68,-12.81,38.75,False
4,QQQ,trend,SMA 50/200 + Momentum,39,10,25.64,14.57,41.08,7.27,60.27,6.5,3.71,-2.26,-22.08,22.22,False
4,QQQ,trend_breakout_100,100-Day Range Breakout,22,6,27.27,13.15,48.15,5.6,70.31,7.06,4.33,0.73,-25.61,16.81,False
4,QQQ,trend_breakout_200,200-Day Range Breakout,17,2,11.76,3.29,34.34,1.02,63.39,7.01,4.22,3.22,-21.0,15.04,False
4,QQQ,trend_ema100_200,EMA 100/200,53,12,22.64,13.45,35.53,7.08,52.94,6.5,4.75,0.38,-16.23,17.38,False
4,QQQ,trend_ema50_200,EMA 50/200,53,14,26.42,16.44,39.58,9.02,56.51,6.34,4.12,0.38,-25.61,16.88,False
4,QQQ,trend_price_sma100,Price above SMA 100,56,11,19.64,11.34,31.84,5.82,49.16,6.72,5.59,0.29,-13.22,38.75,False
4,QQQ,trend_price_sma200,Price above SMA 200,57,15,26.32,16.65,38.98,9.31,55.41,7.21,4.97,0.14,-25.61,23.96,False
4,QQQ,trend_sma100_200,SMA 100/200,50,13,26.0,15.87,39.55,8.54,56.94,7.08,5.56,1.13,-13.22,23.51,False
4,QQQ,trend_triple_ma,Triple Moving Average,44,11,25.0,14.57,39.44,7.48,57.89,5.28,4.83,-0.12,-22.08,38.75,False
4,QQQ,vol_contraction_trend,Volatility Contraction Trend,29,7,24.14,12.22,42.11,5.47,63.62,7.01,5.38,0.44,-25.61,20.7,False
4,SPY,bollinger_recovery,Bollinger Recovery,21,4,19.05,7.67,40.0,2.89,65.03,5.09,5.92,2.02,-9.01,24.51,False
4,SPY,breadth_trend,Broad-Market Trend,56,5,8.93,3.87,19.26,1.58,37.52,5.19,3.93,0.92,-10.6,13.91,False
4,SPY,buy_hold,Buy & Hold Benchmark,62,7,11.29,5.58,21.52,2.51,38.61,4.0,3.28,0.38,-28.68,24.51,False
4,SPY,drawdown_recovery,25% Drawdown Recovery,2,2,100.0,34.24,100.0,9.29,100.0,20.55,20.55,18.84,17.14,23.97,False
4,SPY,drawdown_recovery_20,20% Drawdown Recovery,7,2,28.57,8.22,64.11,2.5,86.19,6.38,7.38,0.55,-1.64,23.97,False
4,SPY,drawdown_recovery_30,30% Drawdown Recovery,5,2,40.0,11.76,76.93,3.53,92.39,9.69,10.11,6.38,-1.64,23.97,False
4,SPY,drawdown_recovery_40,40% Drawdown Recovery,2,0,0.0,0.0,65.76,0.0,90.71,4.02,4.02,1.19,-1.64,9.69,False
4,SPY,low_vol_trend,Low-Volatility Trend,55,5,9.09,3.95,19.58,1.6,38.01,5.35,4.25,1.49,-9.01,13.72,False
4,SPY,momentum,Top Relative Momentum 180,2,0,0.0,0.0,65.76,0.0,90.71,3.48,3.48,2.98,2.47,4.49,False
4,SPY,momentum_180,180-Day Absolute Momentum,56,9,16.07,8.69,27.81,4.21,45.48,4.66,3.84,0.92,-18.42,23.97,False
4,SPY,momentum_270,270-Day Absolute Momentum,55,4,7.27,2.86,17.26,1.09,35.85,5.09,3.95,1.49,-15.89,21.36,False
4,SPY,momentum_365,365-Day Absolute Momentum,54,7,12.96,6.42,24.42,2.89,42.71,3.91,2.84,0.14,-18.7,14.89,False
4,SPY,momentum_90,90-Day Absolute Momentum,56,6,10.71,5.0,21.47,2.15,39.59,5.45,3.6,1.16,-18.7,15.93,False
4,SPY,momentum_composite,Composite Momentum,3,2,66.67,20.77,93.85,6.01,98.43,10.59,10.95,9.2,7.81,14.45,False
4,SPY,momentum_dual_180_365,Dual Momentum 180/365,51,7,13.73,6.81,25.72,3.06,44.47,4.23,3.45,0.17,-18.42,23.97,False
4,SPY,momentum_dual_90_180,Dual Momentum 90/180,54,9,16.67,9.02,28.74,4.37,46.67,4.43,3.62,0.69,-18.42,14.45,False
4,SPY,momentum_rank_365,Top Relative Momentum 365,3,1,33.33,6.15,79.23,1.57,93.99,7.66,8.12,6.88,6.09,10.59,False
4,SPY,rsi14_recovery,RSI 14 Recovery,30,6,20.0,9.5,37.31,4.07,59.59,6.15,5.35,1.75,-9.01,14.62,False
4,SPY,rsi28_recovery,RSI 28 Recovery,17,5,29.41,13.28,53.13,5.33,75.5,5.09,5.44,2.49,-26.46,24.51,False
4,SPY,trend,SMA 50/200 + Momentum,32,3,9.38,3.24,24.22,1.13,48.41,4.29,3.26,-0.33,-12.3,13.91,False
4,SPY,trend_breakout_100,100-Day Range Breakout,19,5,26.32,11.81,48.79,4.75,71.89,6.52,5.61,2.49,-10.88,14.45,False
4,SPY,trend_breakout_200,200-Day Range Breakout,19,5,26.32,11.81,48.79,4.75,71.89,6.09,5.01,1.08,-10.88,14.45,False
4,SPY,trend_ema100_200,EMA 100/200,53,4,7.55,2.97,17.86,1.13,36.82,4.97,4.02,1.23,-15.89,14.47,False
4,SPY,trend_ema50_200,EMA 50/200,53,5,9.43,4.1,20.25,1.67,39.05,4.97,4.2,0.96,-15.89,14.47,False
4,SPY,trend_price_sma100,Price above SMA 100,58,9,15.52,8.38,26.93,4.06,44.34,4.58,3.97,0.27,-10.6,17.14,False
4,SPY,trend_price_sma200,Price above SMA 200,57,6,10.53,4.91,21.12,2.11,39.09,5.45,4.23,1.08,-10.6,13.72,False
4,SPY,trend_sma100_200,SMA 100/200,48,4,8.33,3.29,19.55,1.25,39.51,5.19,4.01,1.59,-10.88,13.91,False
4,SPY,trend_triple_ma,Triple Moving Average,42,8,19.05,9.98,33.3,4.67,53.08,4.25,4.26,0.86,-10.88,14.45,False
4,SPY,vol_contraction_trend,Volatility Contraction Trend,37,5,13.51,5.91,27.98,2.4,49.84,4.91,3.18,0.82,-18.42,13.91,False
4,VTI,bollinger_recovery,Bollinger Recovery,22,4,18.18,7.31,38.52,2.76,63.53,4.63,5.48,1.7,-9.72,26.09,False
4,VTI,breadth_trend,Broad-Market Trend,55,6,10.91,5.1,21.83,2.19,40.11,5.52,4.18,1.0,-10.69,14.35,False
4,VTI,buy_hold,Buy & Hold Benchmark,62,7,11.29,5.58,21.52,2.51,38.61,4.15,3.34,0.99,-28.47,26.09,False
4,VTI,drawdown_recovery,25% Drawdown Recovery,3,2,66.67,20.77,93.85,6.01,98.43,17.5,16.79,12.45,7.39,25.48,False
4,VTI,drawdown_recovery_20,20% Drawdown Recovery,9,3,33.33,12.06,64.58,4.11,85.38,1.66,6.15,-0.15,-3.79,25.48,False
4,VTI,drawdown_recovery_30,30% Drawdown Recovery,4,2,50.0,15.0,85.0,4.45,95.55,8.6,10.63,4.73,-0.15,25.48,False
4,VTI,drawdown_recovery_40,40% Drawdown Recovery,2,1,50.0,9.45,90.55,2.38,97.62,5.34,5.34,2.6,-0.15,10.83,False
4,VTI,low_vol_trend,Low-Volatility Trend,52,5,9.62,4.18,20.61,1.7,39.58,5.56,3.88,0.9,-11.65,15.26,False
4,VTI,momentum,Top Relative Momentum 180,2,1,50.0,9.45,90.55,2.38,97.62,8.08,8.08,6.01,3.94,12.22,False
4,VTI,momentum_180,180-Day Absolute Momentum,55,10,18.18,10.19,30.33,5.09,47.95,3.98,3.54,0.81,-17.68,15.35,False
4,VTI,momentum_270,270-Day Absolute Momentum,54,8,14.81,7.7,26.6,3.61,44.71,4.38,3.75,0.99,-17.68,23.26,False
4,VTI,momentum_365,365-Day Absolute Momentum,54,9,16.67,9.02,28.74,4.37,46.67,3.83,2.81,-0.16,-19.25,15.35,False
4,VTI,momentum_90,90-Day Absolute Momentum,56,10,17.86,10.0,29.84,4.99,47.34,5.56,4.29,0.99,-19.25,17.5,False
4,VTI,momentum_composite,Composite Momentum,3,1,33.33,6.15,79.23,1.57,93.99,4.78,6.98,4.36,3.94,12.22,False
4,VTI,momentum_dual_180_365,Dual Momentum 180/365,50,9,18.0,9.77,30.8,4.73,49.24,3.83,3.14,-0.16,-17.68,15.35,False
4,VTI,momentum_dual_90_180,Dual Momentum 90/180,53,11,20.75,12.0,33.46,6.16,51.1,3.72,3.63,0.24,-13.17,14.61,False
4,VTI,momentum_rank_365,Top Relative Momentum 365,1,0,0.0,0.0,79.35,0.0,95.13,-11.65,-11.65,-11.65,-11.65,-11.65,False
4,VTI,rsi14_recovery,RSI 14 Recovery,28,5,17.86,7.88,35.59,3.19,58.94,4.55,4.29,0.7,-9.72,14.83,False
4,VTI,rsi28_recovery,RSI 28 Recovery,17,5,29.41,13.28,53.13,5.33,75.5,6.32,7.79,3.94,-9.72,26.09,False
4,VTI,trend,SMA 50/200 + Momentum,34,4,11.76,4.67,26.62,1.77,49.66,4.79,3.8,0.41,-13.39,13.99,False
4,VTI,trend_breakout_100,100-Day Range Breakout,20,5,25.0,11.19,46.87,4.51,70.2,6.58,4.72,1.93,-11.78,13.33,False
4,VTI,trend_breakout_200,200-Day Range Breakout,20,5,25.0,11.19,46.87,4.51,70.2,6.58,4.72,1.93,-11.78,13.33,False
4,VTI,trend_ema100_200,EMA 100/200,53,6,11.32,5.29,22.58,2.27,41.2,5.19,3.73,-0.08,-17.68,17.24,False
4,VTI,trend_ema50_200,EMA 50/200,54,7,12.96,6.42,24.42,2.89,42.71,5.4,4.5,0.69,-14.38,17.24,False
4,VTI,trend_price_sma100,Price above SMA 100,56,9,16.07,8.69,27.81,4.21,45.48,5.32,4.41,0.84,-10.69,17.5,False
4,VTI,trend_price_sma200,Price above SMA 200,56,7,12.5,6.19,23.63,2.78,41.61,5.78,4.58,1.11,-10.69,15.26,False
4,VTI,trend_sma100_200,SMA 100/200,47,5,10.64,4.63,22.59,1.88,42.5,5.48,4.38,1.68,-11.78,14.18,False
4,VTI,trend_triple_ma,Triple Moving Average,42,9,21.43,11.71,35.94,5.67,55.33,4.0,3.99,0.93,-11.78,14.61,False
4,VTI,vol_contraction_trend,Volatility Contraction Trend,37,5,13.51,5.91,27.98,2.4,49.84,5.52,3.41,0.59,-20.12,13.75,False
4,XLB,bollinger_recovery,Bollinger Recovery,23,5,21.74,9.66,41.9,3.9,65.53,3.58,4.63,0.07,-12.93,33.66,False
4,XLB,breadth_trend,Broad-Market Trend,53,10,18.87,10.59,31.36,5.29,49.21,4.43,2.95,-3.3,-25.75,21.77,False
4,XLB,buy_hold,Buy & Hold Benchmark,62,13,20.97,12.68,32.64,6.82,49.02,4.02,3.44,0.31,-30.34,33.66,False
4,XLB,drawdown_recovery,25% Drawdown Recovery,3,2,66.67,20.77,93.85,6.01,98.43,16.37,9.81,2.42,-11.54,24.6,False
4,XLB,drawdown_recovery_20,20% Drawdown Recovery,11,3,27.27,9.75,56.57,3.34,80.28,4.21,6.98,-2.75,-11.54,33.66,False
4,XLB,drawdown_recovery_30,30% Drawdown Recovery,3,2,66.67,20.77,93.85,6.01,98.43,24.6,22.59,17.05,9.51,33.66,False
4,XLB,drawdown_recovery_40,40% Drawdown Recovery,2,1,50.0,9.45,90.55,2.38,97.62,21.58,21.58,15.55,9.51,33.66,False
4,XLB,low_vol_trend,Low-Volatility Trend,8,0,0.0,0.0,32.44,0.0,70.94,-3.11,-3.82,-7.07,-16.61,3.58,False
4,XLB,momentum,Top Relative Momentum 180,16,4,25.0,10.18,49.5,3.82,73.66,3.03,4.63,0.87,-7.44,21.77,False
4,XLB,momentum_180,180-Day Absolute Momentum,53,13,24.53,14.93,37.57,8.03,54.74,3.6,2.3,-2.28,-46.34,16.91,False
4,XLB,momentum_270,270-Day Absolute Momentum,51,10,19.61,11.02,32.46,5.5,50.54,3.36,1.91,-2.52,-30.34,16.05,False
4,XLB,momentum_365,365-Day Absolute Momentum,54,13,24.07,14.64,36.95,7.88,54.04,3.6,2.73,-1.74,-30.34,16.05,False
4,XLB,momentum_90,90-Day Absolute Momentum,50,12,24.0,14.3,37.41,7.52,55.08,3.76,4.53,-2.19,-12.93,33.66,False
4,XLB,momentum_composite,Composite Momentum,18,5,27.78,12.5,50.87,5.02,73.66,2.91,2.67,-2.04,-12.5,14.28,False
4,XLB,momentum_dual_180_365,Dual Momentum 180/365,48,13,27.08,16.57,41.0,8.91,58.51,2.13,1.72,-2.17,-46.34,16.91,False
4,XLB,momentum_dual_90_180,Dual Momentum 90/180,47,10,21.28,11.99,34.9,5.99,53.43,3.57,3.45,-2.1,-12.5,21.77,False
4,XLB,momentum_rank_365,Top Relative Momentum 365,14,2,14.29,4.01,39.94,1.24,68.94,3.55,-0.36,-5.5,-30.34,11.21,False
4,XLB,momentum_rank_90,Top Relative Momentum 90,24,7,29.17,14.91,49.17,6.67,70.36,4.64,5.11,0.63,-15.11,18.64,False
4,XLB,rsi14_recovery,RSI 14 Recovery,36,9,25.0,13.75,41.07,6.65,60.93,3.33,3.21,-3.99,-25.2,24.6,False
4,XLB,rsi28_recovery,RSI 28 Recovery,22,4,18.18,7.31,38.52,2.76,63.53,3.47,1.95,-3.6,-38.17,24.6,False
4,XLB,trend,SMA 50/200 + Momentum,31,7,22.58,11.39,39.81,5.11,61.25,2.4,2.56,-2.12,-30.34,16.13,False
4,XLB,trend_breakout_100,100-Day Range Breakout,21,2,9.52,2.65,28.91,0.82,57.23,-0.42,1.31,-2.44,-15.57,21.77,False
4,XLB,trend_breakout_200,200-Day Range Breakout,17,3,17.65,6.19,41.03,2.14,67.75,0.39,2.3,-2.44,-15.57,21.77,False
4,XLB,trend_ema100_200,EMA 100/200,50,11,22.0,12.75,35.24,6.54,53.18,3.06,2.86,-1.86,-30.34,21.77,False
4,XLB,trend_ema50_200,EMA 50/200,50,8,16.0,8.34,28.51,3.9,47.2,3.96,2.32,-3.67,-30.34,16.59,False
4,XLB,trend_price_sma100,Price above SMA 100,56,13,23.21,14.1,35.77,7.58,52.7,3.6,3.65,-1.28,-25.2,33.66,False
4,XLB,trend_price_sma200,Price above SMA 200,55,9,16.36,8.86,28.26,4.29,46.06,4.43,2.78,-2.75,-25.75,23.16,False
4,XLB,trend_sma100_200,SMA 100/200,43,12,27.91,16.75,42.69,8.81,60.8,3.58,3.0,-3.4,-15.11,21.77,False
4,XLB,trend_triple_ma,Triple Moving Average,36,7,19.44,9.75,35.03,4.38,56.0,4.57,3.63,-3.58,-12.5,21.77,False
4,XLB,vol_contraction_trend,Volatility Contraction Trend,27,5,18.52,8.18,36.7,3.31,60.15,3.5,1.46,-3.19,-30.34,21.77,False
4,XLE,bollinger_recovery,Bollinger Recovery,22,5,22.73,10.12,43.44,4.08,67.02,6.36,7.06,0.81,-16.27,32.27,False
4,XLE,breadth_trend,Broad-Market Trend,46,18,39.13,26.39,53.54,15.53,69.21,6.99,5.78,-1.9,-37.51,36.09,False
4,XLE,buy_hold,Buy & Hold Benchmark,62,19,30.65,20.58,42.97,12.25,58.31,3.93,4.79,-3.19,-31.84,40.18,False
4,XLE,drawdown_recovery,25% Drawdown Recovery,5,1,20.0,3.62,62.45,0.94,86.83,0.68,9.08,0.62,-1.67,36.09,False
4,XLE,drawdown_recovery_20,20% Drawdown Recovery,15,3,20.0,7.05,45.19,2.43,71.5,1.32,5.01,-2.75,-12.59,36.09,False
4,XLE,drawdown_recovery_30,30% Drawdown Recovery,8,1,12.5,2.24,47.09,0.59,77.62,1.03,3.98,-3.16,-12.59,36.09,False
4,XLE,drawdown_recovery_40,40% Drawdown Recovery,6,1,16.67,3.01,56.35,0.78,83.55,3.97,6.34,-1.1,-12.59,36.09,False
4,XLE,low_vol_trend,Low-Volatility Trend,4,1,25.0,4.56,69.94,1.18,90.32,5.94,8.07,4.0,2.15,18.24,False
4,XLE,momentum,Top Relative Momentum 180,27,13,48.15,30.74,66.01,16.55,81.3,8.38,8.14,1.1,-14.0,32.27,False
4,XLE,momentum_180,180-Day Absolute Momentum,47,16,34.04,22.17,48.33,12.63,64.82,3.58,6.65,-2.92,-31.84,36.09,False
4,XLE,momentum_270,270-Day Absolute Momentum,48,16,33.33,21.68,47.46,12.35,63.96,4.67,4.17,-1.68,-31.84,41.97,False
4,XLE,momentum_365,365-Day Absolute Momentum,46,17,36.96,24.52,51.4,14.21,67.48,6.8,4.5,-4.61,-31.84,41.97,False
4,XLE,momentum_90,90-Day Absolute Momentum,51,16,31.37,20.33,45.03,11.58,61.48,4.48,5.08,-3.15,-39.51,40.18,False
4,XLE,momentum_composite,Composite Momentum,23,9,39.13,22.16,59.21,10.68,77.57,6.47,3.74,-5.28,-39.51,32.27,False
4,XLE,momentum_dual_180_365,Dual Momentum 180/365,41,13,31.71,19.56,46.98,10.53,64.69,2.86,4.32,-4.48,-31.84,41.97,False
4,XLE,momentum_dual_90_180,Dual Momentum 90/180,45,16,35.56,23.22,50.16,13.23,66.62,4.48,6.2,-3.22,-39.51,40.18,False
4,XLE,momentum_rank_365,Top Relative Momentum 365,22,7,31.82,16.36,52.68,7.3,73.43,6.6,4.57,-2.02,-31.84,41.97,False
4,XLE,momentum_rank_90,Top Relative Momentum 90,31,8,25.81,13.7,43.25,6.39,63.92,6.22,5.32,-0.72,-39.51,46.0,False
4,XLE,rsi14_recovery,RSI 14 Recovery,30,9,30.0,16.66,47.88,8.05,67.72,7.22,5.87,-0.2,-16.27,36.09,False
4,XLE,rsi28_recovery,RSI 28 Recovery,20,7,35.0,18.12,56.71,8.08,76.74,8.17,7.6,0.37,-7.66,36.09,False
4,XLE,trend,SMA 50/200 + Momentum,32,8,25.0,13.25,42.11,6.18,62.76,3.61,4.34,-0.47,-24.44,40.18,False
4,XLE,trend_breakout_100,100-Day Range Breakout,11,2,18.18,5.14,47.7,1.58,75.49,2.49,6.02,-0.48,-5.52,32.27,False
4,XLE,trend_breakout_200,200-Day Range Breakout,9,2,22.22,6.32,54.74,1.93,80.54,5.06,7.28,0.78,-5.52,32.27,False
4,XLE,trend_ema100_200,EMA 100/200,44,16,36.36,23.78,51.13,13.56,67.55,3.78,5.76,-0.33,-18.19,33.42,False
4,XLE,trend_ema50_200,EMA 50/200,46,14,30.43,19.08,44.81,10.48,62.05,4.38,6.49,0.52,-18.19,41.23,False
4,XLE,trend_price_sma100,Price above SMA 100,53,17,32.08,21.09,45.48,12.21,61.6,4.48,5.27,-2.81,-37.51,36.09,False
4,XLE,trend_price_sma200,Price above SMA 200,48,18,37.5,25.22,51.64,14.83,67.4,7.16,6.49,-1.94,-37.51,36.09,False
4,XLE,trend_sma100_200,SMA 100/200,43,14,32.56,20.49,47.48,11.26,64.75,6.27,5.1,0.68,-17.59,26.6,False
4,XLE,trend_triple_ma,Triple Moving Average,33,10,30.3,17.38,47.34,8.66,66.59,6.25,6.38,-1.24,-11.5,33.42,False
4,XLE,vol_contraction_trend,Volatility Contraction Trend,23,6,26.09,12.55,46.47,5.35,68.78,2.15,2.73,-5.77,-37.51,41.23,False
4,XLF,bollinger_recovery,Bollinger Recovery,19,5,26.32,11.81,48.79,4.75,71.89,6.87,5.55,0.02,-17.26,19.97,False
4,XLF,breadth_trend,Broad-Market Trend,50,13,26.0,15.87,39.55,8.54,56.94,3.34,3.19,-2.59,-25.87,23.82,False
4,XLF,buy_hold,Buy & Hold Benchmark,62,11,17.74,10.21,29.04,5.24,45.7,3.68,2.33,-2.95,-59.55,47.9,False
4,XLF,drawdown_recovery,25% Drawdown Recovery,7,2,28.57,8.22,64.11,2.5,86.19,2.93,6.51,-6.18,-9.87,47.9,False
4,XLF,drawdown_recovery_20,20% Drawdown Recovery,16,5,31.25,14.16,55.6,5.68,77.43,3.65,5.8,-2.65,-20.48,47.9,False
4,XLF,drawdown_recovery_30,30% Drawdown Recovery,7,2,28.57,8.22,64.11,2.5,86.19,2.93,5.67,-7.41,-20.48,47.9,False
4,XLF,drawdown_recovery_40,40% Drawdown Recovery,3,1,33.33,6.15,79.23,1.57,93.99,7.88,19.57,5.4,2.93,47.9,False
4,XLF,low_vol_trend,Low-Volatility Trend,20,4,20.0,8.07,41.6,3.04,66.6,2.92,3.11,-0.07,-9.87,18.21,False
4,XLF,momentum,Top Relative Momentum 180,20,4,20.0,8.07,41.6,3.04,66.6,6.23,3.68,2.52,-29.17,15.26,False
4,XLF,momentum_180,180-Day Absolute Momentum,50,12,24.0,14.3,37.41,7.52,55.08,3.14,3.19,-2.33,-15.53,23.82,False
4,XLF,momentum_270,270-Day Absolute Momentum,48,8,16.67,8.7,29.58,4.07,48.54,2.94,2.56,-4.47,-18.26,29.7,False
4,XLF,momentum_365,365-Day Absolute Momentum,51,7,13.73,6.81,25.72,3.06,44.47,0.91,1.66,-3.91,-32.3,24.52,False
4,XLF,momentum_90,90-Day Absolute Momentum,52,14,26.92,16.77,40.25,9.21,57.24,3.52,4.48,-1.22,-15.53,29.7,False
4,XLF,momentum_composite,Composite Momentum,19,3,15.79,5.52,37.57,1.91,64.35,2.86,2.33,0.14,-29.17,15.54,False
4,XLF,momentum_dual_180_365,Dual Momentum 180/365,46,7,15.22,7.57,28.22,3.4,47.76,0.86,2.17,-4.63,-15.53,23.82,False
4,XLF,momentum_dual_90_180,Dual Momentum 90/180,48,11,22.92,13.31,36.54,6.83,54.67,3.21,3.28,-1.8,-15.53,23.82,False
4,XLF,momentum_rank_365,Top Relative Momentum 365,18,1,5.56,0.99,25.76,0.26,57.1,3.42,3.02,-0.29,-11.7,13.06,False
4,XLF,momentum_rank_90,Top Relative Momentum 90,22,8,36.36,19.73,57.05,9.17,76.38,7.79,6.73,0.95,-29.17,29.7,False
4,XLF,rsi14_recovery,RSI 14 Recovery,26,8,30.77,16.5,49.99,7.69,70.35,6.6,5.68,-1.08,-17.26,26.06,False
4,XLF,rsi28_recovery,RSI 28 Recovery,17,4,23.53,9.55,47.26,3.59,71.77,1.58,2.33,-2.57,-17.26,16.73,False
4,XLF,trend,SMA 50/200 + Momentum,31,6,19.35,9.19,36.28,3.93,58.46,3.43,3.52,-1.41,-10.41,23.82,False
4,XLF,trend_breakout_100,100-Day Range Breakout,17,4,23.53,9.55,47.26,3.59,71.77,6.28,6.55,0.6,-9.87,29.7,False
4,XLF,trend_breakout_200,200-Day Range Breakout,13,3,23.08,8.18,50.26,2.81,75.67,6.28,7.72,1.01,-0.32,29.7,False
4,XLF,trend_ema100_200,EMA 100/200,49,9,18.37,9.98,31.36,4.83,49.93,3.14,2.64,-3.75,-25.87,23.82,False
4,XLF,trend_ema50_200,EMA 50/200,49,9,18.37,9.98,31.36,4.83,49.93,3.1,2.58,-3.75,-25.87,23.82,False
4,XLF,trend_price_sma100,Price above SMA 100,49,12,24.49,14.6,38.09,7.68,55.84,3.24,4.72,-1.54,-11.7,38.64,False
4,XLF,trend_price_sma200,Price above SMA 200,51,14,27.45,17.11,40.95,9.4,57.99,3.24,3.2,-3.17,-25.87,23.82,False
4,XLF,trend_sma100_200,SMA 100/200,41,9,21.95,12.0,36.71,5.81,56.19,3.24,3.85,-3.42,-11.7,23.82,False
4,XLF,trend_triple_ma,Triple Moving Average,36,7,19.44,9.75,35.03,4.38,56.0,2.1,3.7,-2.09,-10.41,27.49,False
4,XLF,vol_contraction_trend,Volatility Contraction Trend,28,5,17.86,7.88,35.59,3.19,58.94,3.52,2.83,-2.78,-32.3,29.7,False
4,XLI,bollinger_recovery,Bollinger Recovery,24,7,29.17,14.91,49.17,6.67,70.36,6.34,6.76,1.67,-5.99,25.41,False
4,XLI,breadth_trend,Broad-Market Trend,56,12,21.43,12.71,33.82,6.68,50.95,4.64,4.17,0.17,-11.45,20.92,False
4,XLI,buy_hold,Buy & Hold Benchmark,62,12,19.35,11.43,30.85,6.01,47.38,5.37,3.68,-0.09,-36.17,30.28,False
4,XLI,drawdown_recovery,25% Drawdown Recovery,3,2,66.67,20.77,93.85,6.01,98.43,14.39,10.42,2.92,-8.55,25.41,False
4,XLI,drawdown_recovery_20,20% Drawdown Recovery,11,6,54.55,28.01,78.73,11.71,91.57,10.35,8.34,0.9,-5.62,25.41,False
4,XLI,drawdown_recovery_30,30% Drawdown Recovery,6,4,66.67,30.0,90.32,10.76,97.07,10.53,10.91,9.2,-5.62,25.41,False
4,XLI,drawdown_recovery_40,40% Drawdown Recovery,4,2,50.0,15.0,85.0,4.45,95.55,9.58,9.74,5.21,-5.62,25.41,False
4,XLI,low_vol_trend,Low-Volatility Trend,29,6,20.69,9.85,38.39,4.21,60.76,4.56,4.33,0.5,-8.76,12.11,False
4,XLI,momentum,Top Relative Momentum 180,18,3,16.67,5.84,39.22,2.02,66.0,3.8,4.07,-0.67,-10.32,20.92,False
4,XLI,momentum_180,180-Day Absolute Momentum,52,11,21.15,12.24,34.03,6.28,51.77,4.55,4.61,0.64,-11.45,17.62,False
4,XLI,momentum_270,270-Day Absolute Momentum,55,13,23.64,14.37,36.35,7.73,53.36,5.85,3.36,-2.35,-25.94,20.92,False
4,XLI,momentum_365,365-Day Absolute Momentum,56,10,17.86,10.0,29.84,4.99,47.34,4.58,3.26,0.23,-25.94,22.87,False
4,XLI,momentum_90,90-Day Absolute Momentum,52,12,23.08,13.72,36.13,7.22,53.64,6.01,4.96,0.08,-11.45,22.77,False
4,XLI,momentum_composite,Composite Momentum,20,2,10.0,2.79,30.1,0.86,58.66,2.88,2.67,-1.56,-10.75,16.24,False
4,XLI,momentum_dual_180_365,Dual Momentum 180/365,49,10,20.41,11.48,33.64,5.73,51.95,4.35,3.83,0.5,-21.25,17.62,False
4,XLI,momentum_dual_90_180,Dual Momentum 90/180,49,9,18.37,9.98,31.36,4.83,49.93,6.02,4.19,-0.72,-11.45,16.24,False
4,XLI,momentum_rank_365,Top Relative Momentum 365,16,4,25.0,10.18,49.5,3.82,73.66,4.85,3.28,-1.35,-11.45,15.83,False
4,XLI,momentum_rank_90,Top Relative Momentum 90,22,5,22.73,10.12,43.44,4.08,67.02,2.88,4.21,0.93,-8.92,17.62,False
4,XLI,rsi14_recovery,RSI 14 Recovery,30,7,23.33,11.79,40.93,5.28,62.41,3.08,4.0,-2.68,-11.33,25.41,False
4,XLI,rsi28_recovery,RSI 28 Recovery,19,4,21.05,8.51,43.33,3.2,68.25,5.14,5.63,1.25,-5.99,25.41,False
4,XLI,trend,SMA 50/200 + Momentum,33,7,21.21,10.68,37.75,4.79,59.04,5.5,4.82,-0.29,-8.92,16.38,False
4,XLI,trend_breakout_100,100-Day Range Breakout,15,3,20.0,7.05,45.19,2.43,71.5,4.29,3.95,1.27,-17.21,15.81,False
4,XLI,trend_breakout_200,200-Day Range Breakout,12,1,8.33,1.49,35.39,0.39,67.89,4.15,2.4,1.54,-17.21,11.84,False
4,XLI,trend_ema100_200,EMA 100/200,52,12,23.08,13.72,36.13,7.22,53.64,5.56,2.8,-1.27,-28.43,20.92,False
4,XLI,trend_ema50_200,EMA 50/200,56,12,21.43,12.71,33.82,6.68,50.95,4.55,3.68,0.35,-25.94,20.92,False
4,XLI,trend_price_sma100,Price above SMA 100,55,12,21.82,12.95,34.37,6.81,51.6,6.02,4.58,0.3,-21.25,17.53,False
4,XLI,trend_price_sma200,Price above SMA 200,57,13,22.81,13.84,35.21,7.44,52.05,5.24,4.01,0.2,-21.25,20.92,False
4,XLI,trend_sma100_200,SMA 100/200,49,14,28.57,17.85,42.41,9.8,59.55,6.11,5.0,-0.72,-11.33,22.87,False
4,XLI,trend_triple_ma,Triple Moving Average,41,7,17.07,8.53,31.26,3.83,51.56,4.68,2.71,-1.99,-28.43,20.92,False
4,XLI,vol_contraction_trend,Volatility Contraction Trend,29,6,20.69,9.85,38.39,4.21,60.76,4.56,3.14,0.69,-28.43,20.92,False
4,XLK,bollinger_recovery,Bollinger Recovery,19,5,26.32,11.81,48.79,4.75,71.89,3.96,5.34,-3.7,-9.05,39.26,False
4,XLK,breadth_trend,Broad-Market Trend,53,15,28.3,17.97,41.57,10.05,58.24,6.46,4.35,-0.71,-17.08,23.1,False
4,XLK,buy_hold,Buy & Hold Benchmark,62,20,32.26,21.95,44.63,13.24,59.78,6.46,4.34,-0.62,-23.99,24.81,False
4,XLK,drawdown_recovery,25% Drawdown Recovery,6,5,83.33,43.65,96.99,16.45,99.22,13.08,15.62,10.64,-5.26,39.26,False
4,XLK,drawdown_recovery_20,20% Drawdown Recovery,10,7,70.0,39.68,89.22,17.23,96.32,11.49,10.16,7.25,-23.99,39.26,False
4,XLK,drawdown_recovery_30,30% Drawdown Recovery,6,6,100.0,60.97,100.0,23.5,100.0,12.72,16.93,11.35,10.46,39.26,False
4,XLK,drawdown_recovery_40,40% Drawdown Recovery,3,3,100.0,43.85,100.0,13.32,100.0,11.78,11.97,11.12,10.46,13.66,False
4,XLK,low_vol_trend,Low-Volatility Trend,20,5,25.0,11.19,46.87,4.51,70.2,5.16,5.8,-0.05,-4.69,19.43,False
4,XLK,momentum,Top Relative Momentum 180,34,11,32.35,19.13,49.16,9.81,67.77,6.18,4.89,-0.45,-20.92,19.86,False
4,XLK,momentum_180,180-Day Absolute Momentum,55,17,30.91,20.28,44.03,11.73,60.09,6.96,4.82,-2.55,-17.08,39.26,False
4,XLK,momentum_270,270-Day Absolute Momentum,56,18,32.14,21.4,45.18,12.57,60.95,6.76,4.93,1.66,-13.73,19.06,False
4,XLK,momentum_365,365-Day Absolute Momentum,55,17,30.91,20.28,44.03,11.73,60.09,6.08,3.66,-2.14,-23.99,22.05,False
4,XLK,momentum_90,90-Day Absolute Momentum,57,18,31.58,21.0,44.48,12.33,60.23,6.96,4.56,-3.14,-23.99,39.26,False
4,XLK,momentum_composite,Composite Momentum,32,7,21.88,11.02,38.76,4.94,60.12,3.67,3.91,-2.68,-19.21,39.26,False
4,XLK,momentum_dual_180_365,Dual Momentum 180/365,51,13,25.49,15.55,38.87,8.36,56.19,4.68,4.1,-2.76,-17.08,39.26,False
4,XLK,momentum_dual_90_180,Dual Momentum 90/180,53,13,24.53,14.93,37.57,8.03,54.74,4.68,4.34,-1.9,-17.08,39.26,False
4,XLK,momentum_rank_365,Top Relative Momentum 365,32,10,31.25,17.95,48.57,8.95,67.76,5.43,3.85,-2.42,-13.73,15.34,False
4,XLK,momentum_rank_90,Top Relative Momentum 90,32,9,28.12,15.56,45.37,7.52,65.31,7.83,5.43,-2.87,-20.92,39.26,False
4,XLK,rsi14_recovery,RSI 14 Recovery,24,6,25.0,12.0,44.9,5.12,67.31,5.82,4.57,-0.41,-9.05,19.41,False
4,XLK,rsi28_recovery,RSI 28 Recovery,13,2,15.38,4.33,42.24,1.33,71.0,5.53,6.74,1.88,-2.15,39.26,False
4,XLK,trend,SMA 50/200 + Momentum,39,9,23.08,12.65,38.34,6.12,58.0,6.6,3.68,-2.57,-20.92,16.23,False
4,XLK,trend_breakout_100,100-Day Range Breakout,16,6,37.5,18.48,61.36,7.83,80.91,7.24,6.27,4.44,-20.92,19.86,False
4,XLK,trend_breakout_200,200-Day Range Breakout,14,4,28.57,11.72,54.65,4.39,77.72,7.24,5.78,5.07,-20.92,19.86,False
4,XLK,trend_ema100_200,EMA 100/200,54,12,22.22,13.2,34.94,6.94,52.26,7.04,4.44,-2.36,-20.92,39.26,False
4,XLK,trend_ema50_200,EMA 50/200,54,13,24.07,14.64,36.95,7.88,54.04,6.78,4.21,-2.63,-20.92,39.26,False
4,XLK,trend_price_sma100,Price above SMA 100,56,16,28.57,18.42,41.48,10.48,57.74,6.25,5.44,-0.8,-14.42,39.26,False
4,XLK,trend_price_sma200,Price above SMA 200,56,18,32.14,21.4,45.18,12.57,60.95,6.71,4.26,-2.21,-23.99,23.1,False
4,XLK,trend_sma100_200,SMA 100/200,47,13,27.66,16.94,41.76,9.11,59.32,6.74,4.58,-0.22,-13.73,19.44,False
4,XLK,trend_triple_ma,Triple Moving Average,43,11,25.58,14.93,40.24,7.66,58.75,6.03,4.04,-1.71,-17.08,20.91,False
4,XLK,vol_contraction_trend,Volatility Contraction Trend,29,8,27.59,14.7,45.72,6.85,66.36,6.09,5.81,-0.71,-9.2,23.1,False
4,XLP,bollinger_recovery,Bollinger Recovery,22,2,9.09,2.53,27.82,0.78,55.87,2.16,1.83,-0.13,-16.39,14.79,False
4,XLP,breadth_trend,Broad-Market Trend,50,3,6.0,2.06,16.22,0.72,36.0,3.32,2.96,-0.39,-7.77,12.24,False
4,XLP,buy_hold,Buy & Hold Benchmark,62,4,6.45,2.54,15.45,0.97,32.8,2.23,2.74,-0.23,-19.18,15.17,False
4,XLP,drawdown_recovery_20,20% Drawdown Recovery,4,1,25.0,4.56,69.94,1.18,90.32,7.01,8.17,5.16,4.07,14.6,False
4,XLP,drawdown_recovery_30,30% Drawdown Recovery,2,0,0.0,0.0,65.76,0.0,90.71,6.28,6.28,5.17,4.07,8.49,False
4,XLP,low_vol_trend,Low-Volatility Trend,55,4,7.27,2.86,17.26,1.09,35.85,2.64,2.38,-1.12,-13.69,13.29,False
4,XLP,momentum,Top Relative Momentum 180,16,1,6.25,1.11,28.33,0.29,60.3,2.16,2.58,-0.73,-5.55,12.99,False
4,XLP,momentum_180,180-Day Absolute Momentum,56,4,7.14,2.81,16.98,1.07,35.38,3.11,2.92,-0.33,-7.77,13.29,False
4,XLP,momentum_270,270-Day Absolute Momentum,57,2,3.51,0.97,11.92,0.3,30.44,2.75,2.55,-0.21,-11.72,11.68,False
4,XLP,momentum_365,365-Day Absolute Momentum,57,2,3.51,0.97,11.92,0.3,30.44,2.14,2.78,-0.5,-7.54,13.29,False
4,XLP,momentum_90,90-Day Absolute Momentum,54,1,1.85,0.33,9.77,0.09,29.19,2.52,2.82,-0.51,-7.54,13.29,False
4,XLP,momentum_composite,Composite Momentum,14,1,7.14,1.27,31.47,0.33,63.87,-1.31,1.04,-2.79,-5.55,10.17,False
4,XLP,momentum_dual_180_365,Dual Momentum 180/365,54,3,5.56,1.91,15.11,0.67,34.05,2.39,2.6,-0.62,-7.77,13.29,False
4,XLP,momentum_dual_90_180,Dual Momentum 90/180,53,2,3.77,1.04,12.75,0.32,32.11,2.45,2.76,-0.51,-7.54,13.29,False
4,XLP,momentum_rank_365,Top Relative Momentum 365,12,2,16.67,4.7,44.8,1.44,73.18,4.18,2.7,0.47,-16.39,11.68,False
4,XLP,momentum_rank_90,Top Relative Momentum 90,18,1,5.56,0.99,25.76,0.26,57.1,1.36,0.53,-2.39,-13.69,10.17,False
4,XLP,rsi14_recovery,RSI 14 Recovery,24,1,4.17,0.74,20.24,0.19,49.26,1.13,1.23,-1.09,-16.39,11.49,False
4,XLP,rsi28_recovery,RSI 28 Recovery,12,2,16.67,4.7,44.8,1.44,73.18,4.37,3.47,1.14,-16.39,14.79,False
4,XLP,trend,SMA 50/200 + Momentum,25,0,0.0,0.0,13.32,0.0,43.85,1.18,1.66,-1.05,-5.24,8.24,False
4,XLP,trend_breakout_100,100-Day Range Breakout,21,0,0.0,0.0,15.46,0.0,48.18,1.71,1.46,-2.11,-7.54,9.3,False
4,XLP,trend_breakout_200,200-Day Range Breakout,19,0,0.0,0.0,16.82,0.0,50.68,1.87,1.87,-2.0,-5.55,8.24,False
4,XLP,trend_ema100_200,EMA 100/200,55,2,3.64,1.0,12.32,0.31,31.26,2.6,2.19,-0.58,-13.69,13.29,False
4,XLP,trend_ema50_200,EMA 50/200,54,4,7.41,2.92,17.55,1.11,36.33,2.54,2.65,-0.62,-13.69,13.29,False
4,XLP,trend_price_sma100,Price above SMA 100,53,3,5.66,1.94,15.37,0.68,34.52,2.96,2.8,-0.5,-13.69,13.12,False
4,XLP,trend_price_sma200,Price above SMA 200,55,4,7.27,2.86,17.26,1.09,35.85,2.64,2.38,-1.12,-13.69,13.29,False
4,XLP,trend_sma100_200,SMA 100/200,50,3,6.0,2.06,16.22,0.72,36.0,2.29,1.65,-1.95,-13.69,13.29,False
4,XLP,trend_triple_ma,Triple Moving Average,39,1,2.56,0.45,13.18,0.12,36.66,2.96,2.33,-0.78,-11.72,10.3,False
4,XLP,vol_contraction_trend,Volatility Contraction Trend,29,2,6.9,1.91,21.96,0.59,47.89,4.07,3.31,1.4,-10.48,10.35,False
4,XLU,bollinger_recovery,Bollinger Recovery,20,3,15.0,5.24,36.04,1.81,62.77,3.41,3.28,-1.7,-7.21,14.27,False
4,XLU,breadth_trend,Broad-Market Trend,53,6,11.32,5.29,22.58,2.27,41.2,4.51,3.79,0.06,-10.41,14.87,False
4,XLU,buy_hold,Buy & Hold Benchmark,62,11,17.74,10.21,29.04,5.24,45.7,3.75,3.37,0.01,-19.64,15.16,False
4,XLU,drawdown_recovery,25% Drawdown Recovery,2,0,0.0,0.0,65.76,0.0,90.71,-2.06,-2.06,-3.79,-5.51,1.38,False
4,XLU,drawdown_recovery_20,20% Drawdown Recovery,8,0,0.0,0.0,32.44,0.0,70.94,-1.59,0.23,-5.22,-7.21,9.55,False
4,XLU,drawdown_recovery_30,30% Drawdown Recovery,3,0,0.0,0.0,56.15,0.0,86.68,1.25,1.76,-2.13,-5.51,9.55,False
4,XLU,drawdown_recovery_40,40% Drawdown Recovery,3,0,0.0,0.0,56.15,0.0,86.68,1.25,1.76,-2.13,-5.51,9.55,False
4,XLU,low_vol_trend,Low-Volatility Trend,43,4,9.3,3.68,21.6,1.4,42.63,4.13,2.26,-0.79,-12.82,13.61,False
4,XLU,momentum,Top Relative Momentum 180,25,3,12.0,4.17,29.96,1.45,55.88,2.61,1.7,-2.8,-28.81,13.36,False
4,XLU,momentum_180,180-Day Absolute Momentum,55,11,20.0,11.55,32.37,5.93,49.79,4.13,3.85,-0.43,-10.54,14.56,False
4,XLU,momentum_270,270-Day Absolute Momentum,55,9,16.36,8.86,28.26,4.29,46.06,4.51,3.91,0.03,-19.28,16.2,False
4,XLU,momentum_365,365-Day Absolute Momentum,56,8,14.29,7.42,25.74,3.47,43.57,4.99,3.72,-0.62,-19.28,16.2,False
4,XLU,momentum_90,90-Day Absolute Momentum,55,9,16.36,8.86,28.26,4.29,46.06,4.0,3.35,-0.58,-19.28,20.26,False
4,XLU,momentum_composite,Composite Momentum,24,3,12.5,4.34,31.0,1.51,57.14,3.59,1.43,-4.97,-28.81,13.36,False
4,XLU,momentum_dual_180_365,Dual Momentum 180/365,52,9,17.31,9.38,29.73,4.54,47.92,4.48,3.91,-0.51,-10.54,16.2,False
4,XLU,momentum_dual_90_180,Dual Momentum 90/180,52,10,19.23,10.8,31.9,5.39,49.87,4.04,3.45,-0.58,-19.28,14.56,False
4,XLU,momentum_rank_365,Top Relative Momentum 365,27,1,3.7,0.66,18.28,0.17,46.09,4.82,2.84,-0.1,-10.54,11.16,False
4,XLU,momentum_rank_90,Top Relative Momentum 90,29,3,10.34,3.58,26.39,1.25,51.36,3.81,2.57,-0.61,-28.81,25.74,False
4,XLU,rsi14_recovery,RSI 14 Recovery,30,5,16.67,7.34,33.56,2.97,56.65,4.84,4.57,1.03,-8.14,14.27,False
4,XLU,rsi28_recovery,RSI 28 Recovery,23,6,26.09,12.55,46.47,5.35,68.78,4.43,4.66,-0.9,-4.5,14.56,False
4,XLU,trend,SMA 50/200 + Momentum,36,5,13.89,6.08,28.66,2.47,50.71,2.07,1.81,-2.86,-11.91,14.87,False
4,XLU,trend_breakout_100,100-Day Range Breakout,23,6,26.09,12.55,46.47,5.35,68.78,2.96,3.98,-0.23,-7.58,14.38,False
4,XLU,trend_breakout_200,200-Day Range Breakout,19,2,10.53,2.94,31.39,0.91,60.16,1.66,2.13,-1.42,-7.58,11.91,False
4,XLU,trend_ema100_200,EMA 100/200,51,8,15.69,8.17,28.01,3.82,46.55,3.51,2.98,-0.27,-11.91,13.65,False
4,XLU,trend_ema50_200,EMA 50/200,53,10,18.87,10.59,31.36,5.29,49.21,4.05,3.22,-1.26,-19.28,14.38,False
4,XLU,trend_price_sma100,Price above SMA 100,54,10,18.52,10.38,30.84,5.19,48.57,3.47,3.15,-1.08,-19.28,15.54,False
4,XLU,trend_price_sma200,Price above SMA 200,57,6,10.53,4.91,21.12,2.11,39.09,4.82,3.21,-0.54,-12.82,14.87,False
4,XLU,trend_sma100_200,SMA 100/200,49,8,16.33,8.51,29.04,3.98,47.86,4.6,3.92,-0.18,-9.29,14.56,False
4,XLU,trend_triple_ma,Triple Moving Average,39,8,20.51,10.78,35.53,5.04,55.66,3.75,3.8,0.72,-11.91,13.65,False
4,XLU,vol_contraction_trend,Volatility Contraction Trend,25,2,8.0,2.22,24.97,0.69,52.15,3.05,2.36,-1.46,-10.99,12.71,False
4,XLV,bollinger_recovery,Bollinger Recovery,20,3,15.0,5.24,36.04,1.81,62.77,3.71,1.1,-3.77,-25.21,13.95,False
4,XLV,breadth_trend,Broad-Market Trend,52,3,5.77,1.98,15.64,0.69,35.0,3.27,2.59,-1.14,-10.55,13.16,False
4,XLV,buy_hold,Buy & Hold Benchmark,62,10,16.13,9.0,27.21,4.5,43.99,2.57,3.15,-1.09,-17.62,18.87,False
4,XLV,drawdown_recovery,25% Drawdown Recovery,1,1,100.0,20.65,100.0,4.87,100.0,11.03,11.03,11.03,11.03,11.03,False
4,XLV,drawdown_recovery_20,20% Drawdown Recovery,3,1,33.33,6.15,79.23,1.57,93.99,9.62,3.9,0.33,-8.95,11.03,False
4,XLV,drawdown_recovery_30,30% Drawdown Recovery,2,0,0.0,0.0,65.76,0.0,90.71,0.33,0.33,-4.31,-8.95,9.62,False
4,XLV,low_vol_trend,Low-Volatility Trend,46,5,10.87,4.73,23.04,1.92,43.14,3.71,2.88,1.28,-10.31,12.54,False
4,XLV,momentum,Top Relative Momentum 180,19,2,10.53,2.94,31.39,0.91,60.16,3.62,2.95,-1.41,-11.15,14.22,False
4,XLV,momentum_180,180-Day Absolute Momentum,54,10,18.52,10.38,30.84,5.19,48.57,2.81,3.39,-1.09,-9.55,14.22,False
4,XLV,momentum_270,270-Day Absolute Momentum,57,8,14.04,7.29,25.32,3.41,43.01,2.68,2.97,-0.97,-12.94,17.9,False
4,XLV,momentum_365,365-Day Absolute Momentum,56,7,12.5,6.19,23.63,2.78,41.61,2.56,3.03,-1.19,-6.49,15.5,False
4,XLV,momentum_90,90-Day Absolute Momentum,53,8,15.09,7.85,27.05,3.67,45.31,2.68,2.25,-2.78,-25.21,14.74,False
4,XLV,momentum_composite,Composite Momentum,15,1,6.67,1.19,29.82,0.31,62.04,6.27,2.72,-4.19,-10.55,11.84,False
4,XLV,momentum_dual_180_365,Dual Momentum 180/365,52,9,17.31,9.38,29.73,4.54,47.92,2.81,3.3,-1.25,-6.49,14.22,False
4,XLV,momentum_dual_90_180,Dual Momentum 90/180,51,8,15.69,8.17,28.01,3.82,46.55,2.68,3.19,-1.38,-9.55,14.74,False
4,XLV,momentum_rank_365,Top Relative Momentum 365,17,6,35.29,17.31,58.7,7.34,78.97,6.27,6.59,3.76,-3.54,16.85,False
4,XLV,momentum_rank_90,Top Relative Momentum 90,27,3,11.11,3.85,28.06,1.34,53.53,-1.1,0.12,-4.65,-15.99,13.97,False
4,XLV,rsi14_recovery,RSI 14 Recovery,26,2,7.69,2.14,24.14,0.66,51.01,2.85,1.96,-3.51,-9.47,16.85,False
4,XLV,rsi28_recovery,RSI 28 Recovery,16,4,25.0,10.18,49.5,3.82,73.66,0.45,2.38,-3.67,-9.47,17.78,False
4,XLV,trend,SMA 50/200 + Momentum,29,5,17.24,7.6,34.55,3.08,57.77,3.6,2.06,-3.89,-10.8,14.22,False
4,XLV,trend_breakout_100,100-Day Range Breakout,20,1,5.0,0.89,23.61,0.23,54.23,2.87,1.61,-1.95,-12.89,11.84,False
4,XLV,trend_breakout_200,200-Day Range Breakout,16,1,6.25,1.11,28.33,0.29,60.3,1.94,1.01,-2.27,-12.89,11.84,False
4,XLV,trend_ema100_200,EMA 100/200,51,9,17.65,9.57,30.25,4.64,48.57,3.36,3.05,-1.68,-8.73,14.22,False
4,XLV,trend_ema50_200,EMA 50/200,51,9,17.65,9.57,30.25,4.64,48.57,3.18,2.95,-2.2,-8.73,14.22,False
4,XLV,trend_price_sma100,Price above SMA 100,52,7,13.46,6.68,25.27,3.0,43.87,3.71,2.52,-1.71,-25.21,14.22,False
4,XLV,trend_price_sma200,Price above SMA 200,54,7,12.96,6.42,24.42,2.89,42.71,3.53,2.99,-0.71,-9.55,14.22,False
4,XLV,trend_sma100_200,SMA 100/200,46,5,10.87,4.73,23.04,1.92,43.14,4.47,3.17,-1.12,-12.94,17.9,False
4,XLV,trend_triple_ma,Triple Moving Average,35,4,11.43,4.54,25.95,1.72,48.76,3.18,2.13,-1.76,-12.94,12.22,False
4,XLV,vol_contraction_trend,Volatility Contraction Trend,28,2,7.14,1.98,22.65,0.61,48.89,2.96,2.03,-2.07,-10.31,12.37,False
4,XLY,bollinger_recovery,Bollinger Recovery,21,7,33.33,17.19,54.63,7.67,75.06,6.4,6.58,-0.7,-12.15,33.93,False
4,XLY,breadth_trend,Broad-Market Trend,53,13,24.53,14.93,37.57,8.03,54.74,4.03,4.14,-1.62,-14.51,22.76,False
4,XLY,buy_hold,Buy & Hold Benchmark,62,12,19.35,11.43,30.85,6.01,47.38,4.09,3.25,-1.14,-26.47,29.34,False
4,XLY,drawdown_recovery,25% Drawdown Recovery,7,4,57.14,25.05,84.18,9.1,94.67,12.05,9.0,-0.94,-10.6,33.93,False
4,XLY,drawdown_recovery_20,20% Drawdown Recovery,10,4,40.0,16.82,68.73,6.23,87.0,5.13,4.35,-5.28,-26.46,33.93,False
4,XLY,drawdown_recovery_30,30% Drawdown Recovery,8,3,37.5,13.68,69.43,4.64,88.1,5.13,3.58,-8.65,-26.46,33.93,False
4,XLY,drawdown_recovery_40,40% Drawdown Recovery,2,1,50.0,9.45,90.55,2.38,97.62,9.34,9.34,7.73,6.12,12.56,False
4,XLY,low_vol_trend,Low-Volatility Trend,29,5,17.24,7.6,34.55,3.08,57.77,2.77,3.28,0.27,-13.88,19.2,False
4,XLY,momentum,Top Relative Momentum 180,24,8,33.33,17.97,53.29,8.36,73.26,2.45,3.49,-0.13,-14.85,16.91,False
4,XLY,momentum_180,180-Day Absolute Momentum,54,13,24.07,14.64,36.95,7.88,54.04,3.75,4.13,-0.24,-14.85,22.76,False
4,XLY,momentum_270,270-Day Absolute Momentum,54,15,27.78,17.62,40.89,9.85,57.5,4.25,4.03,-1.14,-17.75,22.98,False
4,XLY,momentum_365,365-Day Absolute Momentum,53,12,22.64,13.45,35.53,7.08,52.94,3.36,4.14,-0.7,-17.75,24.68,False
4,XLY,momentum_90,90-Day Absolute Momentum,53,13,24.53,14.93,37.57,8.03,54.74,4.76,4.68,-1.26,-17.75,29.34,False
4,XLY,momentum_composite,Composite Momentum,24,8,33.33,17.97,53.29,8.36,73.26,2.49,4.03,-0.44,-14.85,16.91,False
4,XLY,momentum_dual_180_365,Dual Momentum 180/365,49,12,24.49,14.6,38.09,7.68,55.84,3.36,3.97,-0.43,-14.85,22.76,False
4,XLY,momentum_dual_90_180,Dual Momentum 90/180,49,13,26.53,16.21,40.26,8.72,57.72,4.49,4.76,0.19,-17.75,18.43,False
4,XLY,momentum_rank_365,Top Relative Momentum 365,27,7,25.93,13.17,44.68,5.9,66.16,5.45,4.83,1.58,-14.85,24.68,False
4,XLY,momentum_rank_90,Top Relative Momentum 90,24,10,41.67,24.47,61.17,12.17,78.64,6.2,7.71,1.17,-8.43,29.34,False
4,XLY,rsi14_recovery,RSI 14 Recovery,29,9,31.03,17.28,49.23,8.34,68.99,4.57,4.7,-1.26,-22.02,33.93,False
4,XLY,rsi28_recovery,RSI 28 Recovery,17,6,35.29,17.31,58.7,7.34,78.97,3.91,7.87,0.61,-12.15,33.93,False
4,XLY,trend,SMA 50/200 + Momentum,33,9,27.27,15.07,44.22,7.28,64.16,5.5,4.35,0.55,-14.85,16.46,False
4,XLY,trend_breakout_100,100-Day Range Breakout,15,3,20.0,7.05,45.19,2.43,71.5,1.31,1.17,-2.81,-14.85,14.89,False
4,XLY,trend_breakout_200,200-Day Range Breakout,15,3,20.0,7.05,45.19,2.43,71.5,1.31,1.12,-2.81,-14.85,14.89,False
4,XLY,trend_ema100_200,EMA 100/200,51,11,21.57,12.49,34.63,6.41,52.47,4.49,3.82,-1.44,-23.82,22.76,False
4,XLY,trend_ema50_200,EMA 50/200,51,10,19.61,11.02,32.46,5.5,50.54,4.49,3.58,-1.44,-23.82,22.76,False
4,XLY,trend_price_sma100,Price above SMA 100,56,12,21.43,12.71,33.82,6.68,50.95,3.53,4.26,-1.57,-15.44,33.93,False
4,XLY,trend_price_sma200,Price above SMA 200,55,13,23.64,14.37,36.35,7.73,53.36,3.7,4.18,-1.44,-14.85,22.76,False
4,XLY,trend_sma100_200,SMA 100/200,47,10,21.28,11.99,34.9,5.99,53.43,4.76,4.25,-0.04,-6.65,14.89,False
4,XLY,trend_triple_ma,Triple Moving Average,37,11,29.73,17.49,45.78,8.97,64.49,5.74,5.08,0.77,-14.85,16.46,False
4,XLY,vol_contraction_trend,Volatility Contraction Trend,30,9,30.0,16.66,47.88,8.05,67.72,5.89,5.32,0.95,-22.02,19.2,False
5,DIA,bollinger_recovery,Bollinger Recovery,19,7,36.84,19.15,58.96,8.53,78.49,4.98,6.92,1.85,-3.4,24.09,False
5,DIA,breadth_trend,Broad-Market Trend,44,11,25.0,14.57,39.44,7.48,57.89,3.9,4.24,-0.98,-15.93,23.06,False
5,DIA,buy_hold,Buy & Hold Benchmark,51,14,27.45,17.11,40.95,9.4,57.99,4.63,4.44,0.46,-30.24,22.92,False
5,DIA,drawdown_recovery,25% Drawdown Recovery,1,1,100.0,20.65,100.0,4.87,100.0,18.05,18.05,18.05,18.05,18.05,False
5,DIA,drawdown_recovery_20,20% Drawdown Recovery,5,3,60.0,23.07,88.24,7.61,96.47,11.12,9.16,3.79,-2.38,18.05,False
5,DIA,drawdown_recovery_30,30% Drawdown Recovery,3,2,66.67,20.77,93.85,6.01,98.43,15.22,10.29,6.42,-2.38,18.05,False
5,DIA,drawdown_recovery_40,40% Drawdown Recovery,2,1,50.0,9.45,90.55,2.38,97.62,6.42,6.42,2.02,-2.38,15.22,False
5,DIA,low_vol_trend,Low-Volatility Trend,45,11,24.44,14.24,38.67,7.3,57.05,5.46,5.03,0.15,-15.93,23.06,False
5,DIA,momentum,Top Relative Momentum 180,3,1,33.33,6.15,79.23,1.57,93.99,0.81,4.67,-0.11,-1.03,14.24,False
5,DIA,momentum_180,180-Day Absolute Momentum,46,10,21.74,12.26,35.57,6.12,54.2,4.7,4.74,1.19,-15.93,23.06,False
5,DIA,momentum_270,270-Day Absolute Momentum,46,12,26.09,15.6,40.26,8.21,58.22,3.96,4.55,-0.57,-15.93,22.92,False
5,DIA,momentum_365,365-Day Absolute Momentum,44,6,13.64,6.4,26.71,2.75,46.88,3.93,3.51,-0.34,-13.92,25.48,False
5,DIA,momentum_90,90-Day Absolute Momentum,47,15,31.91,20.4,46.17,11.42,63.03,3.91,4.15,-0.72,-24.66,17.52,False
5,DIA,momentum_composite,Composite Momentum,4,1,25.0,4.56,69.94,1.18,90.32,5.28,5.76,3.53,1.71,10.79,False
5,DIA,momentum_dual_180_365,Dual Momentum 180/365,42,8,19.05,9.98,33.3,4.67,53.08,3.9,3.51,-0.65,-9.98,16.38,False
5,DIA,momentum_dual_90_180,Dual Momentum 90/180,44,9,20.45,11.15,34.5,5.4,53.67,4.14,4.02,-0.86,-15.93,23.06,False
5,DIA,momentum_rank_365,Top Relative Momentum 365,2,0,0.0,0.0,65.76,0.0,90.71,1.75,1.75,0.55,-0.65,4.14,False
5,DIA,momentum_rank_90,Top Relative Momentum 90,6,0,0.0,0.0,39.03,0.0,76.5,4.74,1.4,0.58,-15.93,8.18,False
5,DIA,rsi14_recovery,RSI 14 Recovery,25,7,28.0,14.28,47.58,6.39,68.91,5.03,5.02,0.59,-9.35,16.1,False
5,DIA,rsi28_recovery,RSI 28 Recovery,20,6,30.0,14.55,51.9,6.19,73.57,5.0,5.4,1.55,-30.24,24.09,False
5,DIA,trend,SMA 50/200 + Momentum,27,5,18.52,8.18,36.7,3.31,60.15,3.75,3.9,0.9,-15.93,14.96,False
5,DIA,trend_breakout_100,100-Day Range Breakout,17,4,23.53,9.55,47.26,3.59,71.77,5.84,5.46,2.77,-15.93,15.32,False
5,DIA,trend_breakout_200,200-Day Range Breakout,14,2,14.29,4.01,39.94,1.24,68.94,5.04,4.86,3.03,-15.93,15.32,False
5,DIA,trend_ema100_200,EMA 100/200,44,10,22.73,12.84,36.99,6.41,55.81,4.69,4.29,-0.25,-9.98,15.92,False
5,DIA,trend_ema50_200,EMA 50/200,46,11,23.91,13.91,37.94,7.14,56.24,4.5,4.95,0.79,-9.98,15.92,False
5,DIA,trend_price_sma100,Price above SMA 100,46,14,30.43,19.08,44.81,10.48,62.05,3.45,4.48,-0.57,-15.77,19.62,False
5,DIA,trend_price_sma200,Price above SMA 200,46,12,26.09,15.6,40.26,8.21,58.22,5.24,5.16,0.25,-15.93,23.06,False
5,DIA,trend_sma100_200,SMA 100/200,42,10,23.81,13.48,38.53,6.73,57.51,3.93,3.7,-0.17,-13.92,15.92,False
5,DIA,trend_triple_ma,Triple Moving Average,35,7,20.0,10.04,35.89,4.51,56.98,3.0,3.61,0.16,-15.93,15.22,False
5,DIA,vol_contraction_trend,Volatility Contraction Trend,30,9,30.0,16.66,47.88,8.05,67.72,4.11,5.74,2.22,-9.98,23.06,False
5,IWM,bollinger_recovery,Bollinger Recovery,17,4,23.53,9.55,47.26,3.59,71.77,6.72,6.58,2.76,-6.55,20.46,False
5,IWM,breadth_trend,Broad-Market Trend,41,13,31.71,19.56,46.98,10.53,64.69,8.13,5.27,-0.36,-28.17,30.0,False
5,IWM,buy_hold,Buy & Hold Benchmark,51,19,37.25,25.32,50.98,15.1,66.47,4.96,4.84,-1.95,-38.79,32.27,False
5,IWM,drawdown_recovery,25% Drawdown Recovery,6,5,83.33,43.65,96.99,16.45,99.22,20.17,16.3,13.53,0.41,24.02,False
5,IWM,drawdown_recovery_20,20% Drawdown Recovery,14,7,50.0,26.8,73.2,11.84,88.16,8.35,7.78,-2.25,-11.87,22.77,False
5,IWM,drawdown_recovery_30,30% Drawdown Recovery,6,3,50.0,18.76,81.24,6.27,93.73,9.21,8.69,-1.08,-6.55,22.77,False
5,IWM,drawdown_recovery_40,40% Drawdown Recovery,3,2,66.67,20.77,93.85,6.01,98.43,13.79,12.96,9.21,4.64,20.46,False
5,IWM,low_vol_trend,Low-Volatility Trend,4,2,50.0,15.0,85.0,4.45,95.55,3.24,2.61,-8.22,-18.84,22.77,False
5,IWM,momentum,Top Relative Momentum 180,18,6,33.33,16.28,56.25,6.91,77.1,4.65,1.72,-3.79,-38.79,24.21,False
5,IWM,momentum_180,180-Day Absolute Momentum,42,14,33.33,21.01,48.45,11.54,65.7,4.34,4.08,-2.91,-28.17,24.21,False
5,IWM,momentum_270,270-Day Absolute Momentum,41,11,26.83,15.69,41.93,8.05,60.56,3.25,3.86,-3.76,-28.17,34.8,False
5,IWM,momentum_365,365-Day Absolute Momentum,42,9,21.43,11.71,35.94,5.67,55.33,2.9,3.94,-3.37,-17.38,45.0,False
5,IWM,momentum_90,90-Day Absolute Momentum,45,15,33.33,21.36,47.93,11.96,64.79,3.25,3.32,-4.69,-32.13,30.0,False
5,IWM,momentum_composite,Composite Momentum,18,6,33.33,16.28,56.25,6.91,77.1,3.72,3.61,-2.07,-28.17,24.21,False
5,IWM,momentum_dual_180_365,Dual Momentum 180/365,38,9,23.68,12.99,39.21,6.29,58.95,4.42,3.76,-3.61,-17.38,25.48,False
5,IWM,momentum_dual_90_180,Dual Momentum 90/180,40,12,30.0,18.07,45.43,9.51,63.61,2.74,3.32,-3.76,-17.38,24.21,False
5,IWM,momentum_rank_365,Top Relative Momentum 365,16,1,6.25,1.11,28.33,0.29,60.3,1.47,2.46,-0.83,-11.82,19.54,False
5,IWM,momentum_rank_90,Top Relative Momentum 90,20,6,30.0,14.55,51.9,6.19,73.57,2.85,3.29,-2.05,-30.47,24.21,False
5,IWM,rsi14_recovery,RSI 14 Recovery,26,9,34.62,19.41,53.78,9.37,73.06,8.0,8.08,4.34,-32.13,38.69,False
5,IWM,rsi28_recovery,RSI 28 Recovery,15,4,26.67,10.9,51.95,4.08,75.64,6.89,9.77,3.95,-2.07,38.69,False
5,IWM,trend,SMA 50/200 + Momentum,28,8,28.57,15.25,47.06,7.11,67.64,4.41,4.01,-2.27,-28.17,24.21,False
5,IWM,trend_breakout_100,100-Day Range Breakout,14,1,7.14,1.27,31.47,0.33,63.87,0.86,-1.95,-7.31,-26.93,22.77,False
5,IWM,trend_breakout_200,200-Day Range Breakout,11,1,9.09,1.62,37.74,0.42,70.09,1.61,-0.15,-6.13,-13.91,21.63,False
5,IWM,trend_ema100_200,EMA 100/200,40,9,22.5,12.32,37.5,5.96,57.08,3.11,3.45,-0.58,-32.13,34.8,False
5,IWM,trend_ema50_200,EMA 50/200,42,12,28.57,17.17,43.57,9.03,61.71,4.47,4.08,0.06,-32.13,34.8,False
5,IWM,trend_price_sma100,Price above SMA 100,46,16,34.78,22.68,49.23,12.93,65.71,3.01,4.18,-4.46,-17.38,28.03,False
5,IWM,trend_price_sma200,Price above SMA 200,42,13,30.95,19.07,46.03,10.26,63.73,6.19,4.5,-2.26,-28.17,30.0,False
5,IWM,trend_sma100_200,SMA 100/200,41,11,26.83,15.69,41.93,8.05,60.56,4.43,3.77,-2.68,-38.79,46.05,False
5,IWM,trend_triple_ma,Triple Moving Average,34,8,23.53,12.44,40.0,5.81,60.57,5.81,2.83,-2.97,-28.17,24.21,False
5,IWM,vol_contraction_trend,Volatility Contraction Trend,27,7,25.93,13.17,44.68,5.9,66.16,1.81,2.04,-6.3,-32.13,30.0,False
5,QQQ,bollinger_recovery,Bollinger Recovery,15,5,33.33,15.18,58.29,6.08,79.44,8.41,9.11,1.74,-13.02,30.73,False
5,QQQ,breadth_trend,Broad-Market Trend,44,17,38.64,25.72,53.38,14.91,69.35,8.59,6.1,-1.19,-17.62,23.31,False
5,QQQ,buy_hold,Buy & Hold Benchmark,51,24,47.06,34.05,60.48,21.6,74.15,9.85,7.15,1.62,-35.4,25.92,False
5,QQQ,drawdown_recovery,25% Drawdown Recovery,5,3,60.0,23.07,88.24,7.61,96.47,20.79,12.63,4.38,-15.86,30.73,False
5,QQQ,drawdown_recovery_20,20% Drawdown Recovery,10,7,70.0,39.68,89.22,17.23,96.32,17.74,11.32,6.08,-20.09,30.73,False
5,QQQ,drawdown_recovery_30,30% Drawdown Recovery,5,4,80.0,37.55,96.38,13.17,99.06,20.79,12.51,11.18,-15.86,23.31,False
5,QQQ,drawdown_recovery_40,40% Drawdown Recovery,2,2,100.0,34.24,100.0,9.29,100.0,21.94,21.94,21.37,20.79,23.1,False
5,QQQ,low_vol_trend,Low-Volatility Trend,13,6,46.15,23.21,70.86,9.77,87.16,7.7,11.82,2.43,-4.48,30.73,False
5,QQQ,momentum,Top Relative Momentum 180,31,13,41.94,26.42,59.23,14.22,75.89,8.95,7.26,2.02,-15.52,27.49,False
5,QQQ,momentum_180,180-Day Absolute Momentum,46,19,41.3,28.29,55.66,16.89,70.9,8.98,6.18,-2.11,-33.57,32.98,False
5,QQQ,momentum_270,270-Day Absolute Momentum,45,18,40.0,27.02,54.55,15.91,70.14,8.32,7.3,-0.11,-13.02,25.92,False
5,QQQ,momentum_365,365-Day Absolute Momentum,45,17,37.78,25.11,52.37,14.55,68.4,5.05,5.04,-1.64,-35.4,25.92,False
5,QQQ,momentum_90,90-Day Absolute Momentum,47,19,40.43,27.64,54.66,16.5,69.97,8.32,6.59,-0.02,-33.57,30.15,False
5,QQQ,momentum_composite,Composite Momentum,30,9,30.0,16.66,47.88,8.05,67.72,7.18,4.94,-0.64,-33.57,30.73,False
5,QQQ,momentum_dual_180_365,Dual Momentum 180/365,43,17,39.53,26.37,54.42,15.29,70.32,7.39,5.09,-2.67,-33.57,22.49,False
5,QQQ,momentum_dual_90_180,Dual Momentum 90/180,45,17,37.78,25.11,52.37,14.55,68.4,8.32,5.42,1.08,-33.57,24.85,False
5,QQQ,momentum_rank_365,Top Relative Momentum 365,28,13,46.43,29.53,64.19,15.9,79.9,7.32,6.43,0.79,-17.62,22.49,False
5,QQQ,momentum_rank_90,Top Relative Momentum 90,32,14,43.75,28.17,60.67,15.49,76.75,8.82,7.81,0.87,-33.57,30.73,False
5,QQQ,rsi14_recovery,RSI 14 Recovery,21,8,38.1,20.75,59.12,9.64,78.02,7.48,6.37,-0.98,-15.86,24.83,False
5,QQQ,rsi28_recovery,RSI 28 Recovery,11,4,36.36,15.17,64.62,5.64,84.54,9.07,9.87,1.74,-4.54,30.73,False
5,QQQ,trend,SMA 50/200 + Momentum,36,17,47.22,31.99,62.99,18.58,77.82,9.75,6.96,-0.09,-15.52,23.12,False
5,QQQ,trend_breakout_100,100-Day Range Breakout,19,7,36.84,19.15,58.96,8.53,78.49,5.92,5.6,3.72,-33.57,23.1,False
5,QQQ,trend_breakout_200,200-Day Range Breakout,15,5,33.33,15.18,58.29,6.08,79.44,5.92,6.32,3.72,-15.52,20.79,False
5,QQQ,trend_ema100_200,EMA 100/200,45,19,42.22,28.97,56.7,17.3,71.85,9.14,7.62,1.24,-9.48,23.12,False
5,QQQ,trend_ema50_200,EMA 50/200,46,19,41.3,28.29,55.66,16.89,70.9,8.73,6.94,1.77,-33.57,23.12,False
5,QQQ,trend_price_sma100,Price above SMA 100,47,18,38.3,25.79,52.57,15.17,68.29,6.47,6.18,-1.06,-20.09,30.15,False
5,QQQ,trend_price_sma200,Price above SMA 200,46,18,39.13,26.39,53.54,15.53,69.21,7.9,6.41,-1.41,-33.57,27.49,False
5,QQQ,trend_sma100_200,SMA 100/200,41,18,43.9,29.89,58.96,17.61,74.13,6.73,7.57,2.24,-13.02,32.98,False
5,QQQ,trend_triple_ma,Triple Moving Average,37,13,35.14,21.83,51.24,11.75,68.79,5.78,5.17,1.56,-23.52,30.73,False
5,QQQ,vol_contraction_trend,Volatility Contraction Trend,26,12,46.15,28.76,64.54,15.11,80.49,9.93,7.35,5.22,-33.57,23.31,False
5,SPY,bollinger_recovery,Bollinger Recovery,17,6,35.29,17.31,58.7,7.34,78.97,5.68,7.29,3.93,-6.58,27.01,False
5,SPY,breadth_trend,Broad-Market Trend,45,12,26.67,15.96,41.04,8.4,59.06,5.3,4.77,-0.98,-18.58,19.54,False
5,SPY,buy_hold,Buy & Hold Benchmark,51,15,29.41,18.71,43.0,10.47,59.76,5.77,4.95,2.02,-34.68,25.09,False
5,SPY,drawdown_recovery,25% Drawdown Recovery,2,2,100.0,34.24,100.0,9.29,100.0,20.31,20.31,19.81,19.32,21.29,False
5,SPY,drawdown_recovery_20,20% Drawdown Recovery,5,2,40.0,11.76,76.93,3.53,92.39,9.47,7.49,1.36,-6.58,19.32,False
5,SPY,drawdown_recovery_30,30% Drawdown Recovery,4,2,50.0,15.0,85.0,4.45,95.55,11.68,11.01,7.44,1.36,19.32,False
5,SPY,drawdown_recovery_40,40% Drawdown Recovery,2,1,50.0,9.45,90.55,2.38,97.62,7.62,7.62,4.49,1.36,13.88,False
5,SPY,low_vol_trend,Low-Volatility Trend,45,11,24.44,14.24,38.67,7.3,57.05,5.03,4.98,1.6,-18.58,16.96,False
5,SPY,momentum,Top Relative Momentum 180,1,1,100.0,20.65,100.0,4.87,100.0,10.93,10.93,10.93,10.93,10.93,False
5,SPY,momentum_180,180-Day Absolute Momentum,46,12,26.09,15.6,40.26,8.21,58.22,6.2,5.54,1.51,-18.58,19.54,False
5,SPY,momentum_270,270-Day Absolute Momentum,45,13,28.89,17.73,43.37,9.54,61.02,5.03,5.4,0.35,-18.58,25.09,False
5,SPY,momentum_365,365-Day Absolute Momentum,43,6,13.95,6.56,27.26,2.81,47.61,4.23,4.04,1.33,-10.9,23.89,False
5,SPY,momentum_90,90-Day Absolute Momentum,47,13,27.66,16.94,41.76,9.11,59.32,5.49,4.65,1.33,-29.43,20.28,False
5,SPY,momentum_composite,Composite Momentum,3,1,33.33,6.15,79.23,1.57,93.99,9.67,9.29,6.29,2.91,15.29,False
5,SPY,momentum_dual_180_365,Dual Momentum 180/365,41,10,24.39,13.82,39.34,6.9,58.41,4.99,4.77,1.0,-10.28,16.96,False
5,SPY,momentum_dual_90_180,Dual Momentum 90/180,44,11,25.0,14.57,39.44,7.48,57.89,5.91,5.12,1.8,-18.58,19.54,False
5,SPY,momentum_rank_365,Top Relative Momentum 365,3,1,33.33,6.15,79.23,1.57,93.99,8.67,8.96,5.79,2.91,15.29,False
5,SPY,rsi14_recovery,RSI 14 Recovery,25,8,32.0,17.2,51.59,8.01,71.78,8.54,6.09,4.07,-18.83,19.54,False
5,SPY,rsi28_recovery,RSI 28 Recovery,15,7,46.67,24.81,69.88,10.99,86.12,9.67,5.59,2.18,-34.68,27.01,False
5,SPY,trend,SMA 50/200 + Momentum,27,5,18.52,8.18,36.7,3.31,60.15,5.8,3.88,1.58,-18.58,15.73,False
5,SPY,trend_breakout_100,100-Day Range Breakout,16,3,18.75,6.59,43.01,2.28,69.58,5.78,5.25,2.9,-18.58,14.75,False
5,SPY,trend_breakout_200,200-Day Range Breakout,16,3,18.75,6.59,43.01,2.28,69.58,5.78,5.13,2.9,-18.58,14.75,False
5,SPY,trend_ema100_200,EMA 100/200,43,10,23.26,13.15,37.74,6.57,56.65,5.0,5.23,2.63,-10.28,20.28,False
5,SPY,trend_ema50_200,EMA 50/200,44,10,22.73,12.84,36.99,6.41,55.81,5.26,5.55,2.13,-8.24,20.28,False
5,SPY,trend_price_sma100,Price above SMA 100,45,13,28.89,17.73,43.37,9.54,61.02,5.77,5.2,-0.16,-17.02,21.29,False
5,SPY,trend_price_sma200,Price above SMA 200,46,11,23.91,13.91,37.94,7.14,56.24,5.28,5.23,1.01,-18.58,16.96,False
5,SPY,trend_sma100_200,SMA 100/200,41,6,14.63,6.88,28.44,2.95,49.13,5.41,4.39,1.84,-18.58,20.28,False
5,SPY,trend_triple_ma,Triple Moving Average,38,8,21.05,11.07,36.35,5.17,56.58,5.4,3.76,1.11,-18.83,14.75,False
5,SPY,vol_contraction_trend,Volatility Contraction Trend,33,10,30.3,17.38,47.34,8.66,66.59,5.49,5.22,0.81,-18.58,16.96,False
5,VTI,bollinger_recovery,Bollinger Recovery,18,6,33.33,16.28,56.25,6.91,77.1,5.9,7.26,2.14,-6.72,28.6,False
5,VTI,breadth_trend,Broad-Market Trend,45,14,31.11,19.53,45.67,10.73,62.93,5.25,4.83,-1.77,-20.27,18.95,False
5,VTI,buy_hold,Buy & Hold Benchmark,51,15,29.41,18.71,43.0,10.47,59.76,5.45,5.05,1.55,-35.47,26.54,False
5,VTI,drawdown_recovery,25% Drawdown Recovery,3,3,100.0,43.85,100.0,13.32,100.0,21.04,18.41,16.44,11.84,22.36,False
5,VTI,drawdown_recovery_20,20% Drawdown Recovery,8,4,50.0,21.52,78.48,7.89,92.11,9.22,8.07,3.07,-6.72,21.04,False
5,VTI,drawdown_recovery_30,30% Drawdown Recovery,3,2,66.67,20.77,93.85,6.01,98.43,14.2,12.72,8.56,2.91,21.04,False
5,VTI,drawdown_recovery_40,40% Drawdown Recovery,2,1,50.0,9.45,90.55,2.38,97.62,8.56,8.56,5.74,2.91,14.2,False
5,VTI,low_vol_trend,Low-Volatility Trend,45,12,26.67,15.96,41.04,8.4,59.06,6.26,5.51,0.34,-10.36,18.97,False
5,VTI,momentum,Top Relative Momentum 180,2,0,0.0,0.0,65.76,0.0,90.71,5.02,5.02,3.23,1.44,8.6,False
5,VTI,momentum_180,180-Day Absolute Momentum,45,13,28.89,17.73,43.37,9.54,61.02,5.82,5.03,-0.07,-20.27,18.97,False
5,VTI,momentum_270,270-Day Absolute Momentum,44,12,27.27,16.35,41.85,8.6,59.92,5.17,5.78,0.43,-20.27,26.54,False
5,VTI,momentum_365,365-Day Absolute Momentum,43,7,16.28,8.12,29.97,3.65,49.97,4.6,4.22,0.79,-11.08,26.31,False
5,VTI,momentum_90,90-Day Absolute Momentum,47,13,27.66,16.94,41.76,9.11,59.32,5.55,4.96,1.19,-30.39,22.36,False
5,VTI,momentum_composite,Composite Momentum,2,0,0.0,0.0,65.76,0.0,90.71,5.02,5.02,3.23,1.44,8.6,False
5,VTI,momentum_dual_180_365,Dual Momentum 180/365,40,9,22.5,12.32,37.5,5.96,57.08,4.78,4.21,-1.11,-10.36,18.97,False
5,VTI,momentum_dual_90_180,Dual Momentum 90/180,44,13,29.55,18.16,44.22,9.77,61.9,6.11,5.07,1.61,-20.27,18.95,False
5,VTI,momentum_rank_365,Top Relative Momentum 365,1,0,0.0,0.0,79.35,0.0,95.13,-7.2,-7.2,-7.2,-7.2,-7.2,False
5,VTI,rsi14_recovery,RSI 14 Recovery,24,6,25.0,12.0,44.9,5.12,67.31,6.35,5.19,2.48,-20.37,18.95,False
5,VTI,rsi28_recovery,RSI 28 Recovery,15,7,46.67,24.81,69.88,10.99,86.12,9.56,9.14,4.53,-12.89,28.6,False
5,VTI,trend,SMA 50/200 + Momentum,28,8,28.57,15.25,47.06,7.11,67.64,5.47,3.79,2.35,-20.27,14.77,False
5,VTI,trend_breakout_100,100-Day Range Breakout,17,5,29.41,13.28,53.13,5.33,75.5,6.2,5.62,3.49,-20.27,14.72,False
5,VTI,trend_breakout_200,200-Day Range Breakout,17,5,29.41,13.28,53.13,5.33,75.5,6.2,5.62,3.49,-20.27,14.72,False
5,VTI,trend_ema100_200,EMA 100/200,43,11,25.58,14.93,40.24,7.66,58.75,5.16,5.36,2.81,-10.36,20.46,False
5,VTI,trend_ema50_200,EMA 50/200,44,12,27.27,16.35,41.85,8.6,59.92,5.18,5.54,2.28,-8.6,20.46,False
5,VTI,trend_price_sma100,Price above SMA 100,45,14,31.11,19.53,45.67,10.73,62.93,5.29,4.87,-1.29,-15.81,22.36,False
5,VTI,trend_price_sma200,Price above SMA 200,46,13,28.26,17.32,42.55,9.32,60.16,6.12,5.34,0.39,-20.27,18.97,False
5,VTI,trend_sma100_200,SMA 100/200,41,9,21.95,12.0,36.71,5.81,56.19,5.83,4.63,0.94,-20.27,20.46,False
5,VTI,trend_triple_ma,Triple Moving Average,36,9,25.0,13.75,41.07,6.65,60.93,4.88,3.96,1.44,-20.37,15.76,False
5,VTI,vol_contraction_trend,Volatility Contraction Trend,32,10,31.25,17.95,48.57,8.95,67.76,5.23,5.27,1.21,-20.27,18.97,False
5,XLB,bollinger_recovery,Bollinger Recovery,21,3,14.29,4.98,34.64,1.73,61.26,2.72,4.05,-2.82,-12.75,32.15,False
5,XLB,breadth_trend,Broad-Market Trend,43,12,27.91,16.75,42.69,8.81,60.8,4.4,4.27,-1.05,-29.03,26.1,False
5,XLB,buy_hold,Buy & Hold Benchmark,51,18,35.29,23.63,49.01,13.89,64.84,5.35,4.49,-1.45,-45.55,29.4,False
5,XLB,drawdown_recovery,25% Drawdown Recovery,3,2,66.67,20.77,93.85,6.01,98.43,21.29,14.01,7.78,-5.73,26.48,False
5,XLB,drawdown_recovery_20,20% Drawdown Recovery,10,4,40.0,16.82,68.73,6.23,87.0,4.13,6.99,-2.39,-9.76,32.15,False
5,XLB,drawdown_recovery_30,30% Drawdown Recovery,3,2,66.67,20.77,93.85,6.01,98.43,26.48,22.64,17.88,9.28,32.15,False
5,XLB,drawdown_recovery_40,40% Drawdown Recovery,2,1,50.0,9.45,90.55,2.38,97.62,20.72,20.72,15.0,9.28,32.15,False
5,XLB,low_vol_trend,Low-Volatility Trend,6,0,0.0,0.0,39.03,0.0,76.5,-1.89,-0.91,-2.69,-7.52,5.53,False
5,XLB,momentum,Top Relative Momentum 180,14,3,21.43,7.57,47.59,2.61,73.53,6.44,4.83,-1.71,-19.76,21.85,False
5,XLB,momentum_180,180-Day Absolute Momentum,44,10,22.73,12.84,36.99,6.41,55.81,4.85,2.8,-1.77,-41.07,26.2,False
5,XLB,momentum_270,270-Day Absolute Momentum,43,13,30.23,18.6,45.11,10.01,62.8,4.73,3.36,-1.69,-45.55,21.53,False
5,XLB,momentum_365,365-Day Absolute Momentum,43,12,27.91,16.75,42.69,8.81,60.8,3.64,2.53,-2.89,-45.55,24.31,False
5,XLB,momentum_90,90-Day Absolute Momentum,44,14,31.82,20.0,46.56,10.99,63.83,5.43,5.11,-2.86,-13.68,32.15,False
5,XLB,momentum_composite,Composite Momentum,16,4,25.0,10.18,49.5,3.82,73.66,4.0,3.18,-3.59,-19.76,24.31,False
5,XLB,momentum_dual_180_365,Dual Momentum 180/365,40,10,25.0,14.19,40.19,7.08,59.32,4.45,2.13,-3.2,-41.07,26.2,False
5,XLB,momentum_dual_90_180,Dual Momentum 90/180,41,10,24.39,13.82,39.34,6.9,58.41,3.65,2.69,-1.51,-41.07,26.1,False
5,XLB,momentum_rank_365,Top Relative Momentum 365,14,3,21.43,7.57,47.59,2.61,73.53,-1.9,-1.89,-5.86,-45.55,16.01,False
5,XLB,momentum_rank_90,Top Relative Momentum 90,22,7,31.82,16.36,52.68,7.3,73.43,5.06,5.23,-0.73,-21.42,24.31,False
5,XLB,rsi14_recovery,RSI 14 Recovery,33,13,39.39,24.68,56.32,13.29,73.39,6.02,6.69,-1.02,-13.68,26.48,False
5,XLB,rsi28_recovery,RSI 28 Recovery,20,6,30.0,14.55,51.9,6.19,73.57,2.87,2.7,-2.65,-45.55,32.15,False
5,XLB,trend,SMA 50/200 + Momentum,27,7,25.93,13.17,44.68,5.9,66.16,3.35,1.48,-2.76,-41.07,22.3,False
5,XLB,trend_breakout_100,100-Day Range Breakout,21,5,23.81,10.63,45.09,4.28,68.57,1.24,4.44,-2.7,-5.83,21.53,False
5,XLB,trend_breakout_200,200-Day Range Breakout,16,5,31.25,14.16,55.6,5.68,77.43,4.33,5.59,-2.1,-5.83,21.85,False
5,XLB,trend_ema100_200,EMA 100/200,43,11,25.58,14.93,40.24,7.66,58.75,4.45,3.76,-1.08,-41.07,22.3,False
5,XLB,trend_ema50_200,EMA 50/200,42,13,30.95,19.07,46.03,10.26,63.73,5.44,3.65,-1.55,-41.07,26.2,False
5,XLB,trend_price_sma100,Price above SMA 100,46,10,21.74,12.26,35.57,6.12,54.2,4.85,3.7,-1.08,-41.07,32.15,False
5,XLB,trend_price_sma200,Price above SMA 200,46,11,23.91,13.91,37.94,7.14,56.24,4.16,2.9,-1.62,-41.07,23.5,False
5,XLB,trend_sma100_200,SMA 100/200,38,11,28.95,17.0,44.76,8.72,63.47,4.63,2.59,-1.22,-41.07,22.3,False
5,XLB,trend_triple_ma,Triple Moving Average,34,10,29.41,16.83,46.17,8.4,65.45,4.19,3.03,-2.21,-29.03,21.53,False
5,XLB,vol_contraction_trend,Volatility Contraction Trend,25,7,28.0,14.28,47.58,6.39,68.91,5.0,0.76,-5.73,-41.07,21.53,False
5,XLE,bollinger_recovery,Bollinger Recovery,20,9,45.0,25.82,65.79,12.42,82.52,8.81,7.4,5.16,-15.4,37.09,False
5,XLE,breadth_trend,Broad-Market Trend,38,14,36.84,23.38,52.72,12.85,69.76,7.02,7.08,-0.41,-31.68,40.64,False
5,XLE,buy_hold,Buy & Hold Benchmark,51,15,29.41,18.71,43.0,10.47,59.76,4.44,4.93,-2.04,-34.11,40.64,False
5,XLE,drawdown_recovery,25% Drawdown Recovery,5,2,40.0,11.76,76.93,3.53,92.39,4.66,9.4,-1.08,-14.09,40.64,False
5,XLE,drawdown_recovery_20,20% Drawdown Recovery,14,4,28.57,11.72,54.65,4.39,77.72,3.79,5.62,-4.86,-14.09,40.64,False
5,XLE,drawdown_recovery_30,30% Drawdown Recovery,7,2,28.57,8.22,64.11,2.5,86.19,4.66,4.89,-6.49,-14.09,40.64,False
5,XLE,drawdown_recovery_40,40% Drawdown Recovery,5,1,20.0,3.62,62.45,0.94,86.83,4.66,5.09,-11.63,-14.09,40.64,False
5,XLE,low_vol_trend,Low-Volatility Trend,3,1,33.33,6.15,79.23,1.57,93.99,9.66,7.48,3.7,-2.26,15.04,False
5,XLE,momentum,Top Relative Momentum 180,23,9,39.13,22.16,59.21,10.68,77.57,7.52,6.76,1.9,-28.38,34.88,False
5,XLE,momentum_180,180-Day Absolute Momentum,40,12,30.0,18.07,45.43,9.51,63.61,5.57,6.48,-1.44,-28.38,40.64,False
5,XLE,momentum_270,270-Day Absolute Momentum,39,13,33.33,20.63,49.02,11.1,66.68,7.52,4.95,-3.52,-34.11,41.62,False
5,XLE,momentum_365,365-Day Absolute Momentum,38,10,26.32,14.97,42.01,7.47,61.24,4.41,4.41,-5.97,-34.11,41.62,False
5,XLE,momentum_90,90-Day Absolute Momentum,44,11,25.0,14.57,39.44,7.48,57.89,5.81,4.2,-5.99,-31.68,47.68,False
5,XLE,momentum_composite,Composite Momentum,19,7,36.84,19.15,58.96,8.53,78.49,5.54,5.57,-1.47,-19.72,37.09,False
5,XLE,momentum_dual_180_365,Dual Momentum 180/365,33,9,27.27,15.07,44.22,7.28,64.16,4.69,4.45,-4.12,-28.38,41.62,False
5,XLE,momentum_dual_90_180,Dual Momentum 90/180,37,10,27.03,15.4,42.98,7.68,62.24,5.06,6.64,-2.24,-28.38,47.68,False
5,XLE,momentum_rank_365,Top Relative Momentum 365,20,8,40.0,21.88,61.34,10.15,79.73,4.66,7.42,-3.24,-34.11,57.65,False
5,XLE,momentum_rank_90,Top Relative Momentum 90,27,8,29.63,15.85,48.48,7.39,68.97,5.61,5.08,-2.55,-42.18,44.46,False
5,XLE,rsi14_recovery,RSI 14 Recovery,26,11,42.31,25.54,61.05,13.08,78.13,6.83,6.84,-2.28,-14.09,40.64,False
5,XLE,rsi28_recovery,RSI 28 Recovery,19,7,36.84,19.15,58.96,8.53,78.49,6.81,5.61,-1.08,-15.4,40.64,False
5,XLE,trend,SMA 50/200 + Momentum,29,8,27.59,14.7,45.72,6.85,66.36,6.26,7.32,0.71,-23.46,57.65,False
5,XLE,trend_breakout_100,100-Day Range Breakout,11,2,18.18,5.14,47.7,1.58,75.49,7.24,4.66,1.51,-8.86,12.38,False
5,XLE,trend_breakout_200,200-Day Range Breakout,9,1,11.11,1.99,43.5,0.52,74.94,7.24,4.44,4.13,-8.86,11.48,False
5,XLE,trend_ema100_200,EMA 100/200,36,12,33.33,20.21,49.67,10.63,67.76,6.7,7.48,-3.11,-28.38,57.65,False
5,XLE,trend_ema50_200,EMA 50/200,37,12,32.43,19.63,48.54,10.33,66.68,6.16,7.78,-2.24,-28.38,57.65,False
5,XLE,trend_price_sma100,Price above SMA 100,45,12,26.67,15.96,41.04,8.4,59.06,5.87,5.03,-2.24,-31.68,40.64,False
5,XLE,trend_price_sma200,Price above SMA 200,41,13,31.71,19.56,46.98,10.53,64.69,6.19,5.58,-1.3,-31.68,40.64,False
5,XLE,trend_sma100_200,SMA 100/200,36,12,33.33,20.21,49.67,10.63,67.76,8.28,6.44,-4.14,-28.38,57.65,False
5,XLE,trend_triple_ma,Triple Moving Average,32,8,25.0,13.25,42.11,6.18,62.76,4.96,5.48,-3.37,-28.38,37.09,False
5,XLE,vol_contraction_trend,Volatility Contraction Trend,21,4,19.05,7.67,40.0,2.89,65.03,4.1,3.72,-6.61,-31.68,36.94,False
5,XLF,bollinger_recovery,Bollinger Recovery,19,6,31.58,15.36,53.99,6.53,75.3,6.93,4.0,0.37,-31.53,23.73,False
5,XLF,breadth_trend,Broad-Market Trend,40,8,20.0,10.5,34.76,4.91,54.77,3.72,4.68,-2.36,-12.29,29.88,False
5,XLF,buy_hold,Buy & Hold Benchmark,51,16,31.37,20.33,45.03,11.58,61.48,4.55,4.01,-1.97,-56.51,32.04,False
5,XLF,drawdown_recovery,25% Drawdown Recovery,7,1,14.29,2.57,51.31,0.67,80.48,3.88,8.51,-2.88,-15.59,62.99,False
5,XLF,drawdown_recovery_20,20% Drawdown Recovery,16,4,25.0,10.18,49.5,3.82,73.66,6.03,7.45,-4.94,-26.49,62.99,False
5,XLF,drawdown_recovery_30,30% Drawdown Recovery,7,2,28.57,8.22,64.11,2.5,86.19,3.78,7.06,-10.01,-26.49,62.99,False
5,XLF,drawdown_recovery_40,40% Drawdown Recovery,3,1,33.33,6.15,79.23,1.57,93.99,4.27,23.68,4.03,3.78,62.99,False
5,XLF,low_vol_trend,Low-Volatility Trend,17,3,17.65,6.19,41.03,2.14,67.75,2.28,3.07,-0.51,-9.53,12.59,False
5,XLF,momentum,Top Relative Momentum 180,17,5,29.41,13.28,53.13,5.33,75.5,6.24,4.92,1.84,-22.65,18.02,False
5,XLF,momentum_180,180-Day Absolute Momentum,41,8,19.51,10.23,34.01,4.78,53.91,3.23,4.55,-3.1,-7.23,29.88,False
5,XLF,momentum_270,270-Day Absolute Momentum,40,7,17.5,8.75,31.95,3.93,52.39,2.82,2.79,-3.77,-30.42,31.91,False
5,XLF,momentum_365,365-Day Absolute Momentum,43,12,27.91,16.75,42.69,8.81,60.8,3.88,3.68,-4.29,-22.65,29.88,False
5,XLF,momentum_90,90-Day Absolute Momentum,42,12,28.57,17.17,43.57,9.03,61.71,3.6,5.55,1.58,-30.42,31.91,False
5,XLF,momentum_composite,Composite Momentum,16,4,25.0,10.18,49.5,3.82,73.66,4.58,4.35,1.03,-22.65,18.02,False
5,XLF,momentum_dual_180_365,Dual Momentum 180/365,38,12,31.58,19.08,47.46,10.04,65.63,4.05,4.31,0.87,-30.42,29.88,False
5,XLF,momentum_dual_90_180,Dual Momentum 90/180,39,11,28.21,16.54,43.78,8.49,62.47,4.55,4.65,-0.43,-30.42,29.88,False
5,XLF,momentum_rank_365,Top Relative Momentum 365,16,5,31.25,14.16,55.6,5.68,77.43,4.6,4.4,0.12,-13.17,13.7,False
5,XLF,momentum_rank_90,Top Relative Momentum 90,19,9,47.37,27.33,68.29,13.13,84.27,9.9,8.82,4.92,-22.65,31.91,False
5,XLF,rsi14_recovery,RSI 14 Recovery,24,8,33.33,17.97,53.29,8.36,73.26,5.93,3.27,-0.81,-32.05,29.88,False
5,XLF,rsi28_recovery,RSI 28 Recovery,16,4,25.0,10.18,49.5,3.82,73.66,3.97,0.99,-4.26,-31.53,13.8,False
5,XLF,trend,SMA 50/200 + Momentum,25,5,20.0,8.86,39.13,3.58,62.73,4.27,2.34,-2.07,-32.05,29.88,False
5,XLF,trend_breakout_100,100-Day Range Breakout,15,7,46.67,24.81,69.88,10.99,86.12,8.74,8.65,2.68,-9.53,31.91,False
5,XLF,trend_breakout_200,200-Day Range Breakout,12,5,41.67,19.33,68.05,7.69,85.97,8.72,10.26,4.12,0.67,31.91,False
5,XLF,trend_ema100_200,EMA 100/200,39,10,25.64,14.57,41.08,7.27,60.27,3.35,3.74,-0.85,-30.42,29.88,False
5,XLF,trend_ema50_200,EMA 50/200,39,7,17.95,8.98,32.67,4.03,53.25,3.04,4.1,-1.56,-8.27,29.88,False
5,XLF,trend_price_sma100,Price above SMA 100,43,13,30.23,18.6,45.11,10.01,62.8,3.72,5.26,-1.11,-30.42,41.34,False
5,XLF,trend_price_sma200,Price above SMA 200,41,9,21.95,12.0,36.71,5.81,56.19,3.18,4.44,-2.07,-15.21,29.88,False
5,XLF,trend_sma100_200,SMA 100/200,35,11,31.43,18.55,47.98,9.51,66.64,3.69,4.57,-0.51,-26.14,29.88,False
5,XLF,trend_triple_ma,Triple Moving Average,33,10,30.3,17.38,47.34,8.66,66.59,3.18,4.65,-1.05,-15.59,29.88,False
5,XLF,vol_contraction_trend,Volatility Contraction Trend,26,8,30.77,16.5,49.99,7.69,70.35,4.4,4.25,-3.03,-30.42,31.91,False
5,XLI,bollinger_recovery,Bollinger Recovery,23,9,39.13,22.16,59.21,10.68,77.57,9.12,8.06,2.54,-8.75,24.55,False
5,XLI,breadth_trend,Broad-Market Trend,44,11,25.0,14.57,39.44,7.48,57.89,4.77,4.56,-1.15,-25.82,25.32,False
5,XLI,buy_hold,Buy & Hold Benchmark,51,15,29.41,18.71,43.0,10.47,59.76,5.56,5.1,0.1,-42.06,30.63,False
5,XLI,drawdown_recovery,25% Drawdown Recovery,3,2,66.67,20.77,93.85,6.01,98.43,21.07,14.34,9.23,-2.6,24.55,False
5,XLI,drawdown_recovery_20,20% Drawdown Recovery,8,4,50.0,21.52,78.48,7.89,92.11,10.14,8.02,-2.09,-10.0,24.55,False
5,XLI,drawdown_recovery_30,30% Drawdown Recovery,4,3,75.0,30.06,95.44,9.68,98.82,14.18,12.23,7.26,-4.0,24.55,False
5,XLI,drawdown_recovery_40,40% Drawdown Recovery,3,2,66.67,20.77,93.85,6.01,98.43,17.34,12.63,6.67,-4.0,24.55,False
5,XLI,low_vol_trend,Low-Volatility Trend,25,5,20.0,8.86,39.13,3.58,62.73,6.04,3.39,0.31,-35.18,17.43,False
5,XLI,momentum,Top Relative Momentum 180,16,4,25.0,10.18,49.5,3.82,73.66,5.02,6.59,1.48,-5.91,21.34,False
5,XLI,momentum_180,180-Day Absolute Momentum,44,14,31.82,20.0,46.56,10.99,63.83,5.98,4.4,-1.1,-25.82,19.74,False
5,XLI,momentum_270,270-Day Absolute Momentum,45,13,28.89,17.73,43.37,9.54,61.02,5.58,5.01,-1.15,-25.82,30.63,False
5,XLI,momentum_365,365-Day Absolute Momentum,44,8,18.18,9.51,31.96,4.45,51.48,4.5,3.89,-2.24,-16.7,29.12,False
5,XLI,momentum_90,90-Day Absolute Momentum,46,15,32.61,20.87,47.03,11.68,63.9,6.37,5.12,0.95,-35.18,24.94,False
5,XLI,momentum_composite,Composite Momentum,18,2,11.11,3.1,32.8,0.96,61.73,4.65,2.43,0.73,-19.81,16.75,False
5,XLI,momentum_dual_180_365,Dual Momentum 180/365,41,7,17.07,8.53,31.26,3.83,51.56,4.66,3.74,-1.15,-19.81,24.81,False
5,XLI,momentum_dual_90_180,Dual Momentum 90/180,41,12,29.27,17.61,44.48,9.26,62.65,7.18,3.91,-1.54,-19.81,18.02,False
5,XLI,momentum_rank_365,Top Relative Momentum 365,15,3,20.0,7.05,45.19,2.43,71.5,6.17,4.96,2.58,-10.2,14.76,False
5,XLI,momentum_rank_90,Top Relative Momentum 90,22,3,13.64,4.75,33.34,1.65,59.82,4.14,3.79,-0.35,-19.81,24.94,False
5,XLI,rsi14_recovery,RSI 14 Recovery,27,10,37.04,21.53,55.77,10.72,74.23,4.71,4.3,-1.2,-28.96,24.55,False
5,XLI,rsi28_recovery,RSI 28 Recovery,16,6,37.5,18.48,61.36,7.83,80.91,8.72,7.82,1.75,-14.28,24.69,False
5,XLI,trend,SMA 50/200 + Momentum,30,8,26.67,14.18,44.45,6.61,65.12,5.48,4.46,1.46,-25.82,19.2,False
5,XLI,trend_breakout_100,100-Day Range Breakout,15,3,20.0,7.05,45.19,2.43,71.5,5.58,3.51,2.0,-25.82,17.34,False
5,XLI,trend_breakout_200,200-Day Range Breakout,12,1,8.33,1.49,35.39,0.39,67.89,4.75,2.14,2.11,-25.82,10.2,False
5,XLI,trend_ema100_200,EMA 100/200,43,9,20.93,11.42,35.21,5.53,54.49,4.88,3.27,-2.35,-35.18,20.09,False
5,XLI,trend_ema50_200,EMA 50/200,45,9,20.0,10.9,33.82,5.28,52.88,4.66,3.38,-1.45,-35.18,20.09,False
5,XLI,trend_price_sma100,Price above SMA 100,45,15,33.33,21.36,47.93,11.96,64.79,5.58,5.18,1.36,-19.81,29.12,False
5,XLI,trend_price_sma200,Price above SMA 200,47,16,34.04,22.17,48.33,12.63,64.82,5.86,4.77,1.27,-35.18,25.32,False
5,XLI,trend_sma100_200,SMA 100/200,42,10,23.81,13.48,38.53,6.73,57.51,5.0,4.19,0.37,-22.93,21.13,False
5,XLI,trend_triple_ma,Triple Moving Average,34,8,23.53,12.44,40.0,5.81,60.57,5.04,4.0,-0.67,-25.82,16.75,False
5,XLI,vol_contraction_trend,Volatility Contraction Trend,26,5,19.23,8.51,37.88,3.44,61.42,3.81,2.89,-1.47,-35.18,25.32,False
5,XLK,bollinger_recovery,Bollinger Recovery,15,5,33.33,15.18,58.29,6.08,79.44,3.46,5.8,0.24,-13.99,31.82,False
5,XLK,breadth_trend,Broad-Market Trend,44,16,36.36,23.78,51.13,13.56,67.55,6.94,6.3,0.78,-13.5,29.88,False
5,XLK,buy_hold,Buy & Hold Benchmark,51,22,43.14,30.5,56.73,18.91,71.17,8.81,7.11,0.63,-33.6,36.06,False
5,XLK,drawdown_recovery,25% Drawdown Recovery,5,4,80.0,37.55,96.38,13.17,99.06,20.28,17.4,19.0,-13.99,31.82,False
5,XLK,drawdown_recovery_20,20% Drawdown Recovery,10,7,70.0,39.68,89.22,17.23,96.32,19.13,11.71,7.46,-33.05,31.82,False
5,XLK,drawdown_recovery_30,30% Drawdown Recovery,5,5,100.0,56.55,100.0,20.39,100.0,19.0,18.56,12.47,10.27,31.82,False
5,XLK,drawdown_recovery_40,40% Drawdown Recovery,3,3,100.0,43.85,100.0,13.32,100.0,19.0,16.91,15.74,12.47,19.26,False
5,XLK,low_vol_trend,Low-Volatility Trend,16,4,25.0,10.18,49.5,3.82,73.66,6.9,7.06,2.68,-5.85,21.34,False
5,XLK,momentum,Top Relative Momentum 180,28,14,50.0,32.63,67.37,17.95,82.05,10.23,7.86,1.71,-20.19,27.38,False
5,XLK,momentum_180,180-Day Absolute Momentum,45,18,40.0,27.02,54.55,15.91,70.14,7.52,6.53,-2.76,-13.5,29.88,False
5,XLK,momentum_270,270-Day Absolute Momentum,46,18,39.13,26.39,53.54,15.53,69.21,7.39,6.54,0.34,-19.56,36.06,False
5,XLK,momentum_365,365-Day Absolute Momentum,44,14,31.82,20.0,46.56,10.99,63.83,6.39,5.51,0.26,-14.37,29.88,False
5,XLK,momentum_90,90-Day Absolute Momentum,46,18,39.13,26.39,53.54,15.53,69.21,8.71,6.67,0.41,-33.05,25.12,False
5,XLK,momentum_composite,Composite Momentum,26,12,46.15,28.76,64.54,15.11,80.49,7.97,7.31,-0.24,-20.19,27.38,False
5,XLK,momentum_dual_180_365,Dual Momentum 180/365,42,14,33.33,21.01,48.45,11.54,65.7,5.82,5.55,-1.29,-13.5,29.88,False
5,XLK,momentum_dual_90_180,Dual Momentum 90/180,44,16,36.36,23.78,51.13,13.56,67.55,7.26,6.17,0.92,-18.51,25.11,False
5,XLK,momentum_rank_365,Top Relative Momentum 365,25,7,28.0,14.28,47.58,6.39,68.91,5.79,5.41,-0.69,-13.5,24.87,False
5,XLK,momentum_rank_90,Top Relative Momentum 90,28,13,46.43,29.53,64.19,15.9,79.9,8.62,9.02,2.07,-20.19,32.07,False
5,XLK,rsi14_recovery,RSI 14 Recovery,22,9,40.91,23.26,61.27,11.2,79.17,6.05,6.72,0.54,-13.99,25.11,False
5,XLK,rsi28_recovery,RSI 28 Recovery,12,4,33.33,13.81,60.94,5.15,82.17,4.97,7.75,0.71,-0.65,31.82,False
5,XLK,trend,SMA 50/200 + Momentum,34,13,38.24,23.9,54.96,12.86,72.19,7.46,7.15,1.71,-12.82,36.06,False
5,XLK,trend_breakout_100,100-Day Range Breakout,16,7,43.75,23.1,66.82,10.25,84.12,8.71,8.74,5.82,-17.64,20.28,False
5,XLK,trend_breakout_200,200-Day Range Breakout,14,6,42.86,21.38,67.41,9.02,85.01,8.71,7.73,5.89,-17.64,17.43,False
5,XLK,trend_ema100_200,EMA 100/200,44,19,43.18,29.68,57.78,17.74,72.82,9.02,7.69,0.28,-13.5,36.06,False
5,XLK,trend_ema50_200,EMA 50/200,44,16,36.36,23.78,51.13,13.56,67.55,7.39,6.81,0.42,-13.5,32.07,False
5,XLK,trend_price_sma100,Price above SMA 100,47,17,36.17,23.97,50.46,13.88,66.58,6.56,5.66,-0.28,-33.05,29.88,False
5,XLK,trend_price_sma200,Price above SMA 200,46,18,39.13,26.39,53.54,15.53,69.21,7.34,6.1,0.15,-33.05,29.88,False
5,XLK,trend_sma100_200,SMA 100/200,41,15,36.59,23.59,51.88,13.21,68.61,7.05,7.55,2.08,-17.64,27.38,False
5,XLK,trend_triple_ma,Triple Moving Average,36,11,30.56,18.0,46.86,9.23,65.55,6.0,3.84,-1.0,-18.51,17.43,False
5,XLK,vol_contraction_trend,Volatility Contraction Trend,27,13,48.15,30.74,66.01,16.55,81.3,9.58,8.3,2.79,-12.82,29.88,False
5,XLP,bollinger_recovery,Bollinger Recovery,19,3,15.79,5.52,37.57,1.91,64.35,3.35,2.76,-0.34,-11.7,13.56,False
5,XLP,breadth_trend,Broad-Market Trend,43,4,9.3,3.68,21.6,1.4,42.63,3.66,3.78,1.27,-7.53,15.76,False
5,XLP,buy_hold,Buy & Hold Benchmark,51,8,15.69,8.17,28.01,3.82,46.55,4.51,3.73,1.16,-21.72,15.06,False
5,XLP,drawdown_recovery_20,20% Drawdown Recovery,3,2,66.67,20.77,93.85,6.01,98.43,12.14,10.87,9.97,7.8,12.68,False
5,XLP,drawdown_recovery_30,30% Drawdown Recovery,2,1,50.0,9.45,90.55,2.38,97.62,9.97,9.97,8.88,7.8,12.14,False
5,XLP,low_vol_trend,Low-Volatility Trend,47,5,10.64,4.63,22.59,1.88,42.5,3.66,3.05,1.15,-21.72,15.26,False
5,XLP,momentum,Top Relative Momentum 180,13,0,0.0,0.0,22.81,0.0,60.03,0.16,-0.35,-6.13,-12.41,8.91,False
5,XLP,momentum_180,180-Day Absolute Momentum,46,7,15.22,7.57,28.22,3.4,47.76,4.19,3.82,1.25,-10.26,15.06,False
5,XLP,momentum_270,270-Day Absolute Momentum,47,5,10.64,4.63,22.59,1.88,42.5,4.46,3.34,1.27,-21.72,15.06,False
5,XLP,momentum_365,365-Day Absolute Momentum,47,5,10.64,4.63,22.59,1.88,42.5,3.66,3.25,1.25,-21.72,15.06,False
5,XLP,momentum_90,90-Day Absolute Momentum,46,4,8.7,3.43,20.32,1.3,40.7,2.52,2.52,-0.66,-12.41,14.14,False
5,XLP,momentum_composite,Composite Momentum,12,0,0.0,0.0,24.25,0.0,61.94,0.96,0.88,-1.84,-10.26,8.12,False
5,XLP,momentum_dual_180_365,Dual Momentum 180/365,44,4,9.09,3.59,21.16,1.36,41.97,3.21,3.56,1.26,-10.26,15.06,False
5,XLP,momentum_dual_90_180,Dual Momentum 90/180,44,3,6.82,2.35,18.23,0.82,39.36,3.32,2.8,-0.55,-12.41,15.76,False
5,XLP,momentum_rank_365,Top Relative Momentum 365,10,2,20.0,5.67,50.98,1.74,77.94,5.41,4.86,2.19,-11.48,15.21,False
5,XLP,momentum_rank_90,Top Relative Momentum 90,17,0,0.0,0.0,18.43,0.0,53.46,-0.27,0.5,-2.02,-21.72,9.05,False
5,XLP,rsi14_recovery,RSI 14 Recovery,20,2,10.0,2.79,30.1,0.86,58.66,2.68,2.75,-0.4,-11.7,14.58,False
5,XLP,rsi28_recovery,RSI 28 Recovery,11,4,36.36,15.17,64.62,5.64,84.54,7.22,3.96,-0.53,-11.7,13.56,False
5,XLP,trend,SMA 50/200 + Momentum,23,0,0.0,0.0,14.31,0.0,45.92,2.43,2.3,-1.45,-6.17,9.21,False
5,XLP,trend_breakout_100,100-Day Range Breakout,20,1,5.0,0.89,23.61,0.23,54.23,2.57,1.99,-1.07,-11.7,10.42,False
5,XLP,trend_breakout_200,200-Day Range Breakout,18,1,5.56,0.99,25.76,0.26,57.1,2.57,1.96,-2.94,-10.69,10.42,False
5,XLP,trend_ema100_200,EMA 100/200,46,5,10.87,4.73,23.04,1.92,43.14,2.7,3.5,0.78,-12.41,14.58,False
5,XLP,trend_ema50_200,EMA 50/200,47,6,12.77,5.98,25.17,2.57,44.82,2.29,3.31,1.23,-21.72,14.5,False
5,XLP,trend_price_sma100,Price above SMA 100,47,5,10.64,4.63,22.59,1.88,42.5,4.33,2.9,-0.59,-21.72,16.87,False
5,XLP,trend_price_sma200,Price above SMA 200,47,5,10.64,4.63,22.59,1.88,42.5,3.66,3.05,1.15,-21.72,15.26,False
5,XLP,trend_sma100_200,SMA 100/200,43,2,4.65,1.28,15.46,0.4,37.23,2.32,2.75,-0.2,-21.72,10.42,False
5,XLP,trend_triple_ma,Triple Moving Average,34,2,5.88,1.63,19.09,0.51,43.45,3.25,2.24,-0.04,-12.41,14.14,False
5,XLP,vol_contraction_trend,Volatility Contraction Trend,28,2,7.14,1.98,22.65,0.61,48.89,3.5,2.95,-0.94,-7.53,10.91,False
5,XLU,bollinger_recovery,Bollinger Recovery,17,4,23.53,9.55,47.26,3.59,71.77,6.11,5.67,1.58,-7.62,15.09,False
5,XLU,breadth_trend,Broad-Market Trend,44,9,20.45,11.15,34.5,5.4,53.67,5.37,5.23,0.39,-5.25,16.25,False
5,XLU,buy_hold,Buy & Hold Benchmark,51,11,21.57,12.49,34.63,6.41,52.47,5.75,4.36,-0.91,-20.08,17.59,False
5,XLU,drawdown_recovery,25% Drawdown Recovery,2,0,0.0,0.0,65.76,0.0,90.71,-0.29,-0.29,-1.17,-2.05,1.48,False
5,XLU,drawdown_recovery_20,20% Drawdown Recovery,8,2,25.0,7.15,59.07,2.18,83.29,4.66,3.64,-2.28,-8.27,12.91,False
5,XLU,drawdown_recovery_30,30% Drawdown Recovery,3,1,33.33,6.15,79.23,1.57,93.99,6.33,5.73,2.14,-2.05,12.91,False
5,XLU,drawdown_recovery_40,40% Drawdown Recovery,3,1,33.33,6.15,79.23,1.57,93.99,6.33,5.73,2.14,-2.05,12.91,False
5,XLU,low_vol_trend,Low-Volatility Trend,36,9,25.0,13.75,41.07,6.65,60.93,4.64,3.6,0.19,-27.71,15.23,False
5,XLU,momentum,Top Relative Momentum 180,22,5,22.73,10.12,43.44,4.08,67.02,6.03,4.34,0.61,-30.76,17.03,False
5,XLU,momentum_180,180-Day Absolute Momentum,45,12,26.67,15.96,41.04,8.4,59.06,4.47,4.43,0.87,-16.4,17.59,False
5,XLU,momentum_270,270-Day Absolute Momentum,45,8,17.78,9.29,31.33,4.35,50.71,4.24,4.91,0.87,-5.25,17.59,False
5,XLU,momentum_365,365-Day Absolute Momentum,45,12,26.67,15.96,41.04,8.4,59.06,5.62,5.3,-0.94,-8.61,21.34,False
5,XLU,momentum_90,90-Day Absolute Momentum,46,10,21.74,12.26,35.57,6.12,54.2,5.31,4.8,0.71,-27.71,19.65,False
5,XLU,momentum_composite,Composite Momentum,20,5,25.0,11.19,46.87,4.51,70.2,2.87,0.48,-6.1,-30.76,17.03,False
5,XLU,momentum_dual_180_365,Dual Momentum 180/365,43,12,27.91,16.75,42.69,8.81,60.8,5.12,4.51,-0.34,-16.4,17.74,False
5,XLU,momentum_dual_90_180,Dual Momentum 90/180,44,9,20.45,11.15,34.5,5.4,53.67,5.07,3.93,0.73,-27.71,17.59,False
5,XLU,momentum_rank_365,Top Relative Momentum 365,22,5,22.73,10.12,43.44,4.08,67.02,3.25,3.03,-2.37,-11.24,17.03,False
5,XLU,momentum_rank_90,Top Relative Momentum 90,28,4,14.29,5.7,31.49,2.16,55.76,3.91,2.96,-1.29,-30.76,17.45,False
5,XLU,rsi14_recovery,RSI 14 Recovery,26,8,30.77,16.5,49.99,7.69,70.35,7.88,7.6,4.25,-7.05,19.77,False
5,XLU,rsi28_recovery,RSI 28 Recovery,21,7,33.33,17.19,54.63,7.67,75.06,7.86,7.26,5.12,-7.62,16.59,False
5,XLU,trend,SMA 50/200 + Momentum,28,4,14.29,5.7,31.49,2.16,55.76,2.33,2.87,-0.63,-8.27,15.61,False
5,XLU,trend_breakout_100,100-Day Range Breakout,19,7,36.84,19.15,58.96,8.53,78.49,5.98,6.71,1.07,-5.2,17.59,False
5,XLU,trend_breakout_200,200-Day Range Breakout,17,4,23.53,9.55,47.26,3.59,71.77,4.81,4.99,0.87,-5.2,17.03,False
5,XLU,trend_ema100_200,EMA 100/200,43,10,23.26,13.15,37.74,6.57,56.65,4.34,4.42,-0.62,-16.4,21.34,False
5,XLU,trend_ema50_200,EMA 50/200,44,9,20.45,11.15,34.5,5.4,53.67,4.78,4.01,0.75,-27.71,17.59,False
5,XLU,trend_price_sma100,Price above SMA 100,47,12,25.53,15.25,39.51,8.02,57.4,4.98,4.36,-0.52,-27.71,16.56,False
5,XLU,trend_price_sma200,Price above SMA 200,47,9,19.15,10.42,32.54,5.04,51.37,4.47,4.4,-0.27,-16.4,15.57,False
5,XLU,trend_sma100_200,SMA 100/200,42,10,23.81,13.48,38.53,6.73,57.51,4.16,3.77,-1.34,-16.4,17.59,False
5,XLU,trend_triple_ma,Triple Moving Average,31,11,35.48,21.12,53.05,10.83,71.36,6.66,5.63,0.71,-15.93,21.34,False
5,XLU,vol_contraction_trend,Volatility Contraction Trend,23,2,8.7,2.42,26.8,0.75,54.57,3.42,2.27,-1.23,-16.4,12.91,False
5,XLV,bollinger_recovery,Bollinger Recovery,20,2,10.0,2.79,30.1,0.86,58.66,3.43,1.36,-4.8,-15.48,14.08,False
5,XLV,breadth_trend,Broad-Market Trend,43,8,18.6,9.74,32.62,4.55,52.26,3.42,3.72,-0.18,-12.92,19.01,False
5,XLV,buy_hold,Buy & Hold Benchmark,51,11,21.57,12.49,34.63,6.41,52.47,3.05,3.84,-1.26,-18.13,19.0,False
5,XLV,drawdown_recovery,25% Drawdown Recovery,1,0,0.0,0.0,79.35,0.0,95.13,8.61,8.61,8.61,8.61,8.61,False
5,XLV,drawdown_recovery_20,20% Drawdown Recovery,3,1,33.33,6.15,79.23,1.57,93.99,8.61,6.4,2.72,-3.16,13.75,False
5,XLV,drawdown_recovery_30,30% Drawdown Recovery,2,1,50.0,9.45,90.55,2.38,97.62,5.3,5.3,1.07,-3.16,13.75,False
5,XLV,low_vol_trend,Low-Volatility Trend,37,8,21.62,11.39,37.2,5.32,57.53,2.97,3.46,0.16,-12.92,17.47,False
5,XLV,momentum,Top Relative Momentum 180,17,3,17.65,6.19,41.03,2.14,67.75,3.05,4.06,0.83,-7.49,19.01,False
5,XLV,momentum_180,180-Day Absolute Momentum,48,11,22.92,13.31,36.54,6.83,54.67,4.13,4.46,-0.8,-12.92,18.5,False
5,XLV,momentum_270,270-Day Absolute Momentum,46,10,21.74,12.26,35.57,6.12,54.2,3.0,3.95,-1.42,-12.92,18.5,False
5,XLV,momentum_365,365-Day Absolute Momentum,46,9,19.57,10.65,33.17,5.16,52.11,3.08,3.93,0.16,-12.92,18.5,False
5,XLV,momentum_90,90-Day Absolute Momentum,43,7,16.28,8.12,29.97,3.65,49.97,4.55,3.58,-0.11,-15.48,19.01,False
5,XLV,momentum_composite,Composite Momentum,13,3,23.08,8.18,50.26,2.81,75.67,2.59,3.78,-0.75,-9.8,19.01,False
5,XLV,momentum_dual_180_365,Dual Momentum 180/365,45,8,17.78,9.29,31.33,4.35,50.71,4.44,3.84,-0.75,-12.92,18.5,False
5,XLV,momentum_dual_90_180,Dual Momentum 90/180,41,7,17.07,8.53,31.26,3.83,51.56,3.11,3.18,-1.66,-12.92,19.01,False
5,XLV,momentum_rank_365,Top Relative Momentum 365,14,4,28.57,11.72,54.65,4.39,77.72,6.75,6.05,2.28,-8.33,19.35,False
5,XLV,momentum_rank_90,Top Relative Momentum 90,24,4,16.67,6.68,35.85,2.52,60.72,3.01,1.48,-5.19,-18.13,19.01,False
5,XLV,rsi14_recovery,RSI 14 Recovery,23,3,13.04,4.54,32.13,1.57,58.45,3.81,3.56,-3.65,-8.18,19.35,False
5,XLV,rsi28_recovery,RSI 28 Recovery,14,2,14.29,4.01,39.94,1.24,68.94,2.58,3.21,-3.3,-8.18,19.35,False
5,XLV,trend,SMA 50/200 + Momentum,25,4,16.0,6.4,34.65,2.42,59.4,3.93,3.95,0.32,-9.83,15.59,False
5,XLV,trend_breakout_100,100-Day Range Breakout,18,1,5.56,0.99,25.76,0.26,57.1,3.35,2.46,-1.33,-11.19,10.87,False
5,XLV,trend_breakout_200,200-Day Range Breakout,15,0,0.0,0.0,20.39,0.0,56.56,3.58,2.14,-1.51,-11.19,9.83,False
5,XLV,trend_ema100_200,EMA 100/200,42,7,16.67,8.32,30.6,3.74,50.76,2.95,3.33,0.2,-9.8,19.01,False
5,XLV,trend_ema50_200,EMA 50/200,43,7,16.28,8.12,29.97,3.65,49.97,3.36,3.83,0.02,-9.83,19.01,False
5,XLV,trend_price_sma100,Price above SMA 100,45,9,20.0,10.9,33.82,5.28,52.88,3.93,4.04,0.32,-15.48,17.47,False
5,XLV,trend_price_sma200,Price above SMA 200,45,9,20.0,10.9,33.82,5.28,52.88,3.81,4.29,0.17,-12.92,17.47,False
5,XLV,trend_sma100_200,SMA 100/200,39,9,23.08,12.65,38.34,6.12,58.0,3.42,3.03,-4.4,-9.8,19.35,False
5,XLV,trend_triple_ma,Triple Moving Average,34,5,14.71,6.45,30.13,2.61,52.55,2.11,1.65,-3.79,-12.69,13.75,False
5,XLV,vol_contraction_trend,Volatility Contraction Trend,23,7,30.43,15.6,50.87,6.97,71.87,6.18,4.87,-1.28,-12.69,16.71,False
5,XLY,bollinger_recovery,Bollinger Recovery,19,8,42.11,23.14,63.72,10.73,81.48,7.95,8.52,0.85,-15.74,31.44,False
5,XLY,breadth_trend,Broad-Market Trend,43,14,32.56,20.49,47.48,11.26,64.75,6.51,5.39,-0.82,-17.53,23.5,False
5,XLY,buy_hold,Buy & Hold Benchmark,51,18,35.29,23.63,49.01,13.89,64.84,4.05,5.06,-0.31,-38.0,29.13,False
5,XLY,drawdown_recovery,25% Drawdown Recovery,7,3,42.86,15.82,74.95,5.33,90.9,9.81,8.11,3.08,-21.26,31.44,False
5,XLY,drawdown_recovery_20,20% Drawdown Recovery,10,6,60.0,31.27,83.18,13.0,93.77,13.62,6.86,1.89,-38.0,31.44,False
5,XLY,drawdown_recovery_30,30% Drawdown Recovery,8,4,50.0,21.52,78.48,7.89,92.11,11.86,5.15,-5.88,-38.0,31.44,False
5,XLY,drawdown_recovery_40,40% Drawdown Recovery,2,1,50.0,9.45,90.55,2.38,97.62,12.08,12.08,9.5,6.92,17.24,False
5,XLY,low_vol_trend,Low-Volatility Trend,25,8,32.0,17.2,51.59,8.01,71.78,2.61,4.58,-2.16,-8.51,20.65,False
5,XLY,momentum,Top Relative Momentum 180,23,8,34.78,18.81,55.11,8.75,74.79,5.41,5.71,-0.64,-10.81,24.41,False
5,XLY,momentum_180,180-Day Absolute Momentum,45,17,37.78,25.11,52.37,14.55,68.4,5.92,5.62,-0.75,-16.35,23.5,False
5,XLY,momentum_270,270-Day Absolute Momentum,43,13,30.23,18.6,45.11,10.01,62.8,5.54,4.72,-1.57,-16.35,29.13,False
5,XLY,momentum_365,365-Day Absolute Momentum,44,14,31.82,20.0,46.56,10.99,63.83,4.8,5.94,-0.15,-16.35,29.13,False
5,XLY,momentum_90,90-Day Absolute Momentum,45,16,35.56,23.22,50.16,13.23,66.62,6.94,5.98,-0.41,-29.83,31.19,False
5,XLY,momentum_composite,Composite Momentum,23,7,30.43,15.6,50.87,6.97,71.87,4.57,5.93,-0.01,-10.81,23.5,False
5,XLY,momentum_dual_180_365,Dual Momentum 180/365,40,13,32.5,20.08,47.98,10.81,65.67,5.73,6.28,0.63,-16.35,24.53,False
5,XLY,momentum_dual_90_180,Dual Momentum 90/180,43,16,37.21,24.38,52.14,13.9,68.51,6.94,6.28,-0.44,-17.53,24.53,False
5,XLY,momentum_rank_365,Top Relative Momentum 365,23,9,39.13,22.16,59.21,10.68,77.57,4.73,5.5,-0.32,-16.35,25.14,False
5,XLY,momentum_rank_90,Top Relative Momentum 90,23,8,34.78,18.81,55.11,8.75,74.79,4.57,7.35,1.34,-10.06,31.19,False
5,XLY,rsi14_recovery,RSI 14 Recovery,26,9,34.62,19.41,53.78,9.37,73.06,7.31,5.97,0.75,-21.26,21.19,False
5,XLY,rsi28_recovery,RSI 28 Recovery,16,6,37.5,18.48,61.36,7.83,80.91,5.01,9.71,0.73,-15.74,31.44,False
5,XLY,trend,SMA 50/200 + Momentum,28,8,28.57,15.25,47.06,7.11,67.64,6.11,5.1,0.63,-17.53,17.24,False
5,XLY,trend_breakout_100,100-Day Range Breakout,15,3,20.0,7.05,45.19,2.43,71.5,2.61,3.49,-0.82,-10.81,19.3,False
5,XLY,trend_breakout_200,200-Day Range Breakout,15,3,20.0,7.05,45.19,2.43,71.5,2.61,3.36,-0.82,-10.81,17.24,False
5,XLY,trend_ema100_200,EMA 100/200,43,15,34.88,22.42,49.83,12.56,66.65,4.73,5.2,-0.2,-12.75,22.07,False
5,XLY,trend_ema50_200,EMA 50/200,43,15,34.88,22.42,49.83,12.56,66.65,5.0,5.52,0.34,-12.75,22.07,False
5,XLY,trend_price_sma100,Price above SMA 100,45,15,33.33,21.36,47.93,11.96,64.79,5.92,4.9,-0.9,-29.83,31.19,False
5,XLY,trend_price_sma200,Price above SMA 200,44,15,34.09,21.88,48.86,12.25,65.71,6.43,5.89,-0.63,-10.81,22.07,False
5,XLY,trend_sma100_200,SMA 100/200,42,12,28.57,17.17,43.57,9.03,61.71,3.4,4.32,-0.81,-26.51,19.25,False
5,XLY,trend_triple_ma,Triple Moving Average,34,10,29.41,16.83,46.17,8.4,65.45,4.68,4.2,-0.62,-22.45,22.67,False
5,XLY,vol_contraction_trend,Volatility Contraction Trend,25,9,36.0,20.25,55.48,9.77,74.51,7.35,6.61,0.43,-8.89,19.37,False
6,DIA,bollinger_recovery,Bollinger Recovery,19,8,42.11,23.14,63.72,10.73,81.48,7.42,7.99,5.2,-12.56,24.4,False
6,DIA,breadth_trend,Broad-Market Trend,37,12,32.43,19.63,48.54,10.33,66.68,4.99,5.92,0.59,-7.85,24.12,False
6,DIA,buy_hold,Buy & Hold Benchmark,43,15,34.88,22.42,49.83,12.56,66.65,6.21,5.29,-1.22,-21.94,25.3,False
6,DIA,drawdown_recovery,25% Drawdown Recovery,1,1,100.0,20.65,100.0,4.87,100.0,14.56,14.56,14.56,14.56,14.56,False
6,DIA,drawdown_recovery_20,20% Drawdown Recovery,5,3,60.0,23.07,88.24,7.61,96.47,11.75,7.11,3.28,-6.23,14.56,False
6,DIA,drawdown_recovery_30,30% Drawdown Recovery,3,2,66.67,20.77,93.85,6.01,98.43,12.18,6.84,2.98,-6.23,14.56,False
6,DIA,drawdown_recovery_40,40% Drawdown Recovery,2,1,50.0,9.45,90.55,2.38,97.62,2.98,2.98,-1.63,-6.23,12.18,False
6,DIA,low_vol_trend,Low-Volatility Trend,38,15,39.47,25.6,55.28,14.35,71.75,6.06,7.59,3.11,-6.86,24.12,False
6,DIA,momentum,Top Relative Momentum 180,3,1,33.33,6.15,79.23,1.57,93.99,-0.94,4.61,-1.49,-2.04,16.82,False
6,DIA,momentum_180,180-Day Absolute Momentum,37,11,29.73,17.49,45.78,8.97,64.49,4.68,5.77,0.59,-6.86,24.12,False
6,DIA,momentum_270,270-Day Absolute Momentum,38,14,36.84,23.38,52.72,12.85,69.76,7.46,6.9,1.07,-6.52,19.93,False
6,DIA,momentum_365,365-Day Absolute Momentum,38,10,26.32,14.97,42.01,7.47,61.24,4.91,4.71,0.76,-14.54,18.44,False
6,DIA,momentum_90,90-Day Absolute Momentum,38,13,34.21,21.21,50.11,11.42,67.72,5.17,5.34,0.19,-31.67,21.52,False
6,DIA,momentum_composite,Composite Momentum,3,1,33.33,6.15,79.23,1.57,93.99,5.51,6.46,4.27,3.04,10.83,False
6,DIA,momentum_dual_180_365,Dual Momentum 180/365,35,8,22.86,12.07,39.02,5.63,59.52,4.5,5.27,1.41,-7.85,18.44,False
6,DIA,momentum_dual_90_180,Dual Momentum 90/180,37,11,29.73,17.49,45.78,8.97,64.49,4.99,5.04,-0.02,-12.56,24.12,False
6,DIA,momentum_rank_365,Top Relative Momentum 365,2,0,0.0,0.0,65.76,0.0,90.71,1.55,1.55,-0.43,-2.41,5.51,False
6,DIA,momentum_rank_90,Top Relative Momentum 90,6,0,0.0,0.0,39.03,0.0,76.5,4.23,2.77,0.2,-7.85,9.65,False
6,DIA,rsi14_recovery,RSI 14 Recovery,22,8,36.36,19.73,57.05,9.17,76.38,6.38,6.27,4.28,-14.59,19.93,False
6,DIA,rsi28_recovery,RSI 28 Recovery,20,9,45.0,25.82,65.79,12.42,82.52,7.67,5.5,2.46,-39.24,24.4,False
6,DIA,trend,SMA 50/200 + Momentum,23,6,26.09,12.55,46.47,5.35,68.78,5.7,5.44,0.29,-20.31,20.34,False
6,DIA,trend_breakout_100,100-Day Range Breakout,17,5,29.41,13.28,53.13,5.33,75.5,5.42,5.84,0.83,-7.85,20.34,False
6,DIA,trend_breakout_200,200-Day Range Breakout,14,3,21.43,7.57,47.59,2.61,73.53,5.33,5.45,1.69,-7.85,20.34,False
6,DIA,trend_ema100_200,EMA 100/200,37,9,24.32,13.36,40.12,6.46,59.92,4.68,5.67,1.5,-6.02,16.82,False
6,DIA,trend_ema50_200,EMA 50/200,38,12,31.58,19.08,47.46,10.04,65.63,4.84,5.16,0.06,-14.54,18.44,False
6,DIA,trend_price_sma100,Price above SMA 100,39,14,35.9,22.74,51.58,12.5,68.71,5.7,5.96,1.92,-31.67,20.67,False
6,DIA,trend_price_sma200,Price above SMA 200,38,15,39.47,25.6,55.28,14.35,71.75,6.06,7.59,3.11,-6.86,24.12,False
6,DIA,trend_sma100_200,SMA 100/200,34,10,29.41,16.83,46.17,8.4,65.45,4.23,5.82,0.8,-2.89,21.49,False
6,DIA,trend_triple_ma,Triple Moving Average,32,7,21.88,11.02,38.76,4.94,60.12,5.62,4.62,0.3,-20.31,20.34,False
6,DIA,vol_contraction_trend,Volatility Contraction Trend,26,6,23.08,11.03,42.05,4.71,64.54,6.23,6.45,2.6,-6.86,24.12,False
6,IWM,bollinger_recovery,Bollinger Recovery,17,7,41.18,21.61,63.99,9.6,82.19,8.32,6.97,0.81,-27.67,25.31,False
6,IWM,breadth_trend,Broad-Market Trend,36,11,30.56,18.0,46.86,9.23,65.55,4.93,5.29,-2.0,-20.01,43.53,False
6,IWM,buy_hold,Buy & Hold Benchmark,43,17,39.53,26.37,54.42,15.29,70.32,5.2,5.8,-3.4,-27.88,43.53,False
6,IWM,drawdown_recovery,25% Drawdown Recovery,6,5,83.33,43.65,96.99,16.45,99.22,17.74,15.72,13.12,-4.22,25.49,False
6,IWM,drawdown_recovery_20,20% Drawdown Recovery,13,6,46.15,23.21,70.86,9.77,87.16,9.35,9.05,-0.28,-25.66,33.47,False
6,IWM,drawdown_recovery_30,30% Drawdown Recovery,6,2,33.33,9.68,70.0,2.93,89.24,6.28,11.83,1.24,-0.93,33.47,False
6,IWM,drawdown_recovery_40,40% Drawdown Recovery,3,1,33.33,6.15,79.23,1.57,93.99,9.35,11.25,4.21,-0.93,25.31,False
6,IWM,low_vol_trend,Low-Volatility Trend,4,2,50.0,15.0,85.0,4.45,95.55,6.51,8.94,-4.89,-10.73,33.47,False
6,IWM,momentum,Top Relative Momentum 180,17,5,29.41,13.28,53.13,5.33,75.5,3.77,1.39,-3.38,-49.52,25.5,False
6,IWM,momentum_180,180-Day Absolute Momentum,34,9,26.47,14.6,43.12,7.06,63.05,5.31,5.23,-2.76,-27.46,33.47,False
6,IWM,momentum_270,270-Day Absolute Momentum,35,14,40.0,25.55,56.43,14.05,73.12,4.71,6.21,-2.1,-11.17,40.38,False
6,IWM,momentum_365,365-Day Absolute Momentum,35,12,34.29,20.83,50.85,10.96,68.87,7.34,5.63,-1.95,-23.04,31.12,False
6,IWM,momentum_90,90-Day Absolute Momentum,37,15,40.54,26.35,56.51,14.77,72.85,7.12,5.85,0.17,-39.97,43.53,False
6,IWM,momentum_composite,Composite Momentum,15,5,33.33,15.18,58.29,6.08,79.44,5.14,6.23,-1.28,-17.65,25.5,False
6,IWM,momentum_dual_180_365,Dual Momentum 180/365,30,11,36.67,21.87,54.49,11.21,72.64,6.04,6.08,-1.41,-15.91,25.59,False
6,IWM,momentum_dual_90_180,Dual Momentum 90/180,33,9,27.27,15.07,44.22,7.28,64.16,5.14,5.67,0.27,-15.91,33.47,False
6,IWM,momentum_rank_365,Top Relative Momentum 365,12,6,50.0,25.38,74.62,10.65,89.35,8.82,7.05,-0.75,-10.83,25.05,False
6,IWM,momentum_rank_90,Top Relative Momentum 90,19,6,31.58,15.36,53.99,6.53,75.3,6.02,4.3,-2.85,-36.7,25.5,False
6,IWM,rsi14_recovery,RSI 14 Recovery,23,8,34.78,18.81,55.11,8.75,74.79,7.43,8.34,0.63,-20.01,36.51,False
6,IWM,rsi28_recovery,RSI 28 Recovery,15,7,46.67,24.81,69.88,10.99,86.12,9.11,10.24,2.57,-5.45,36.51,False
6,IWM,trend,SMA 50/200 + Momentum,23,7,30.43,15.6,50.87,6.97,71.87,4.06,5.23,-1.28,-17.65,25.5,False
6,IWM,trend_breakout_100,100-Day Range Breakout,13,2,15.38,4.33,42.24,1.33,71.0,0.19,-2.55,-5.79,-39.97,33.47,False
6,IWM,trend_breakout_200,200-Day Range Breakout,10,1,10.0,1.79,40.42,0.47,72.44,-1.98,-2.16,-5.62,-27.46,25.49,False
6,IWM,trend_ema100_200,EMA 100/200,33,14,42.42,27.24,59.19,14.98,75.51,7.37,6.66,-1.76,-20.01,40.38,False
6,IWM,trend_ema50_200,EMA 50/200,35,13,37.14,23.17,53.66,12.47,71.03,6.61,5.78,-4.67,-20.01,40.38,False
6,IWM,trend_price_sma100,Price above SMA 100,39,13,33.33,20.63,49.02,11.1,66.68,7.34,5.58,-3.1,-39.97,31.12,False
6,IWM,trend_price_sma200,Price above SMA 200,37,11,29.73,17.49,45.78,8.97,64.49,4.71,4.31,-2.19,-39.97,43.53,False
6,IWM,trend_sma100_200,SMA 100/200,33,8,24.24,12.83,41.02,5.99,61.65,4.46,4.05,0.27,-49.52,48.47,False
6,IWM,trend_triple_ma,Triple Moving Average,28,7,25.0,12.68,43.36,5.68,64.87,4.92,5.41,0.37,-11.17,25.5,False
6,IWM,vol_contraction_trend,Volatility Contraction Trend,26,8,30.77,16.5,49.99,7.69,70.35,1.28,3.29,-4.01,-39.97,43.53,False
6,QQQ,bollinger_recovery,Bollinger Recovery,15,6,40.0,19.82,64.25,8.38,82.93,8.5,9.94,5.7,-17.6,33.44,False
6,QQQ,breadth_trend,Broad-Market Trend,37,17,45.95,31.04,61.62,18.02,76.67,9.27,8.95,-0.86,-11.91,26.95,False
6,QQQ,buy_hold,Buy & Hold Benchmark,43,20,46.51,32.51,61.08,19.71,75.5,9.63,8.17,3.99,-35.04,34.06,False
6,QQQ,drawdown_recovery,25% Drawdown Recovery,5,3,60.0,23.07,88.24,7.61,96.47,19.83,14.05,9.06,-6.26,27.03,False
6,QQQ,drawdown_recovery_20,20% Drawdown Recovery,8,5,62.5,30.57,86.32,11.9,95.36,19.44,10.06,4.64,-32.47,27.03,False
6,QQQ,drawdown_recovery_30,30% Drawdown Recovery,4,3,75.0,30.06,95.44,9.68,98.82,20.21,14.66,13.31,-6.26,24.48,False
6,QQQ,drawdown_recovery_40,40% Drawdown Recovery,2,2,100.0,34.24,100.0,9.29,100.0,20.21,20.21,20.02,19.83,20.59,False
6,QQQ,low_vol_trend,Low-Volatility Trend,12,7,58.33,31.95,80.67,14.03,92.31,14.1,10.88,-2.47,-9.95,27.03,False
6,QQQ,momentum,Top Relative Momentum 180,26,12,46.15,28.76,64.54,15.11,80.49,8.82,9.14,3.63,-9.95,37.3,False
6,QQQ,momentum_180,180-Day Absolute Momentum,38,17,44.74,30.15,60.29,17.5,75.55,9.22,9.64,0.14,-18.69,30.8,False
6,QQQ,momentum_270,270-Day Absolute Momentum,38,18,47.37,32.48,62.74,19.16,77.37,9.42,10.31,5.79,-18.69,54.99,False
6,QQQ,momentum_365,365-Day Absolute Momentum,37,13,35.14,21.83,51.24,11.75,68.79,7.95,5.32,-0.16,-43.69,27.81,False
6,QQQ,momentum_90,90-Day Absolute Momentum,40,18,45.0,30.71,60.17,18.1,75.18,8.9,8.18,0.96,-43.69,33.44,False
6,QQQ,momentum_composite,Composite Momentum,27,8,29.63,15.85,48.48,7.39,68.97,8.28,5.71,0.88,-43.69,29.78,False
6,QQQ,momentum_dual_180_365,Dual Momentum 180/365,35,12,34.29,20.83,50.85,10.96,68.87,8.28,7.81,0.44,-18.69,30.8,False
6,QQQ,momentum_dual_90_180,Dual Momentum 90/180,38,16,42.11,27.85,57.81,15.9,73.67,7.84,8.13,-1.33,-18.69,27.03,False
6,QQQ,momentum_rank_365,Top Relative Momentum 365,24,11,45.83,27.89,64.93,14.28,81.13,8.83,7.08,0.81,-18.69,21.96,False
6,QQQ,momentum_rank_90,Top Relative Momentum 90,28,12,42.86,26.51,60.93,13.94,77.65,8.48,7.77,3.59,-43.69,33.44,False
6,QQQ,rsi14_recovery,RSI 14 Recovery,21,9,42.86,24.47,63.45,11.78,80.82,9.27,8.49,5.35,-17.6,30.8,False
6,QQQ,rsi28_recovery,RSI 28 Recovery,11,4,36.36,15.17,64.62,5.64,84.54,8.5,10.78,5.77,-17.6,30.8,False
6,QQQ,trend,SMA 50/200 + Momentum,29,13,44.83,28.41,62.45,15.29,78.52,8.32,7.71,1.53,-11.43,26.95,False
6,QQQ,trend_breakout_100,100-Day Range Breakout,17,6,35.29,17.31,58.7,7.34,78.97,8.02,5.38,5.83,-43.69,20.59,False
6,QQQ,trend_breakout_200,200-Day Range Breakout,13,4,30.77,12.68,57.63,4.74,79.89,7.6,7.45,5.83,-17.6,20.59,False
6,QQQ,trend_ema100_200,EMA 100/200,37,17,45.95,31.04,61.62,18.02,76.67,9.43,9.38,5.08,-18.69,27.03,False
6,QQQ,trend_ema50_200,EMA 50/200,37,19,51.35,35.89,66.55,21.5,80.26,10.23,9.45,1.03,-18.69,27.03,False
6,QQQ,trend_price_sma100,Price above SMA 100,41,18,43.9,29.89,58.96,17.61,74.13,9.42,7.89,-0.86,-43.69,33.44,False
6,QQQ,trend_price_sma200,Price above SMA 200,40,19,47.5,32.94,62.5,19.71,76.93,9.42,8.88,0.96,-43.69,37.3,False
6,QQQ,trend_sma100_200,SMA 100/200,34,16,47.06,31.45,63.26,17.97,78.3,9.07,9.9,3.26,-9.95,30.16,False
6,QQQ,trend_triple_ma,Triple Moving Average,33,15,45.45,29.84,62.01,16.74,77.55,8.59,7.53,0.06,-28.43,29.78,False
6,QQQ,vol_contraction_trend,Volatility Contraction Trend,25,13,52.0,33.5,69.97,18.03,84.22,10.12,8.28,1.37,-43.69,25.38,False
6,SPY,bollinger_recovery,Bollinger Recovery,17,7,41.18,21.61,63.99,9.6,82.19,8.23,7.66,4.47,-12.08,28.26,False
6,SPY,breadth_trend,Broad-Market Trend,38,12,31.58,19.08,47.46,10.04,65.63,6.66,5.9,1.29,-18.47,21.83,False
6,SPY,buy_hold,Buy & Hold Benchmark,43,17,39.53,26.37,54.42,15.29,70.32,6.7,5.79,1.32,-28.83,29.78,False
6,SPY,drawdown_recovery,25% Drawdown Recovery,2,2,100.0,34.24,100.0,9.29,100.0,18.74,18.74,18.19,17.65,19.83,False
6,SPY,drawdown_recovery_20,20% Drawdown Recovery,5,3,60.0,23.07,88.24,7.61,96.47,10.91,8.27,-0.28,-2.26,17.65,False
6,SPY,drawdown_recovery_30,30% Drawdown Recovery,4,3,75.0,30.06,95.44,9.68,98.82,13.13,10.41,7.62,-2.26,17.65,False
6,SPY,drawdown_recovery_40,40% Drawdown Recovery,2,1,50.0,9.45,90.55,2.38,97.62,4.33,4.33,1.03,-2.26,10.91,False
6,SPY,low_vol_trend,Low-Volatility Trend,38,15,39.47,25.6,55.28,14.35,71.75,7.3,6.69,2.81,-19.55,20.7,False
6,SPY,momentum,Top Relative Momentum 180,1,0,0.0,0.0,79.35,0.0,95.13,8.06,8.06,8.06,8.06,8.06,False
6,SPY,momentum_180,180-Day Absolute Momentum,38,14,36.84,23.38,52.72,12.85,69.76,6.87,7.05,2.14,-19.55,22.73,False
6,SPY,momentum_270,270-Day Absolute Momentum,38,16,42.11,27.85,57.81,15.9,73.67,8.38,7.8,4.38,-6.84,26.72,False
6,SPY,momentum_365,365-Day Absolute Momentum,37,10,27.03,15.4,42.98,7.68,62.24,5.87,4.82,1.04,-30.74,19.74,False
6,SPY,momentum_90,90-Day Absolute Momentum,39,15,38.46,24.89,54.1,13.95,70.67,8.51,6.8,4.54,-38.05,18.57,False
6,SPY,momentum_composite,Composite Momentum,2,1,50.0,9.45,90.55,2.38,97.62,11.88,11.88,9.97,8.06,15.69,False
6,SPY,momentum_dual_180_365,Dual Momentum 180/365,35,11,31.43,18.55,47.98,9.51,66.64,6.19,5.92,1.55,-19.55,19.74,False
6,SPY,momentum_dual_90_180,Dual Momentum 90/180,36,11,30.56,18.0,46.86,9.23,65.55,7.25,5.91,0.83,-15.25,21.83,False
6,SPY,momentum_rank_365,Top Relative Momentum 365,2,2,100.0,34.24,100.0,9.29,100.0,12.25,12.25,11.24,10.23,14.26,False
6,SPY,rsi14_recovery,RSI 14 Recovery,24,13,54.17,35.07,72.11,18.87,85.72,10.5,7.66,3.75,-8.99,17.29,False
6,SPY,rsi28_recovery,RSI 28 Recovery,15,7,46.67,24.81,69.88,10.99,86.12,8.23,4.63,3.57,-43.27,28.26,False
6,SPY,trend,SMA 50/200 + Momentum,25,6,24.0,11.5,43.43,4.91,65.9,7.88,5.51,0.76,-8.99,17.31,False
6,SPY,trend_breakout_100,100-Day Range Breakout,16,5,31.25,14.16,55.6,5.68,77.43,6.13,5.62,1.26,-9.63,18.06,False
6,SPY,trend_breakout_200,200-Day Range Breakout,16,4,25.0,10.18,49.5,3.82,73.66,6.86,5.53,3.45,-9.63,18.06,False
6,SPY,trend_ema100_200,EMA 100/200,38,14,36.84,23.38,52.72,12.85,69.76,6.94,6.88,1.55,-7.92,21.3,False
6,SPY,trend_ema50_200,EMA 50/200,38,15,39.47,25.6,55.28,14.35,71.75,6.94,6.81,2.59,-9.63,21.3,False
6,SPY,trend_price_sma100,Price above SMA 100,40,15,37.5,24.22,52.97,13.57,69.63,8.21,5.78,0.83,-38.05,20.7,False
6,SPY,trend_price_sma200,Price above SMA 200,38,14,36.84,23.38,52.72,12.85,69.76,7.05,6.65,2.14,-19.55,20.7,False
6,SPY,trend_sma100_200,SMA 100/200,35,8,22.86,12.07,39.02,5.63,59.52,7.52,6.05,2.35,-5.63,15.69,False
6,SPY,trend_triple_ma,Triple Moving Average,33,11,33.33,19.75,50.39,10.13,68.93,5.91,6.04,1.47,-8.99,16.91,False
6,SPY,vol_contraction_trend,Volatility Contraction Trend,28,9,32.14,17.93,50.66,8.66,70.3,5.43,6.84,0.99,-8.52,21.3,False
6,VTI,bollinger_recovery,Bollinger Recovery,18,8,44.44,24.56,66.28,11.37,83.3,8.54,8.19,5.5,-11.55,30.37,False
6,VTI,breadth_trend,Broad-Market Trend,37,13,35.14,21.83,51.24,11.75,68.79,7.4,6.6,2.21,-10.6,22.35,False
6,VTI,buy_hold,Buy & Hold Benchmark,43,17,39.53,26.37,54.42,15.29,70.32,6.93,5.95,0.96,-29.74,31.34,False
6,VTI,drawdown_recovery,25% Drawdown Recovery,3,3,100.0,43.85,100.0,13.32,100.0,19.81,17.8,16.75,13.69,19.92,False
6,VTI,drawdown_recovery_20,20% Drawdown Recovery,8,3,37.5,13.68,69.43,4.64,88.1,7.2,8.24,2.01,-0.84,19.92,False
6,VTI,drawdown_recovery_30,30% Drawdown Recovery,3,2,66.67,20.77,93.85,6.01,98.43,11.39,10.16,5.28,-0.84,19.92,False
6,VTI,drawdown_recovery_40,40% Drawdown Recovery,2,1,50.0,9.45,90.55,2.38,97.62,5.28,5.28,2.22,-0.84,11.39,False
6,VTI,low_vol_trend,Low-Volatility Trend,37,12,32.43,19.63,48.54,10.33,66.68,7.4,6.39,2.21,-20.81,23.14,False
6,VTI,momentum,Top Relative Momentum 180,2,1,50.0,9.45,90.55,2.38,97.62,9.68,9.68,8.57,7.46,11.9,False
6,VTI,momentum_180,180-Day Absolute Momentum,38,13,34.21,21.21,50.11,11.42,67.72,7.43,6.78,1.77,-20.81,23.14,False
6,VTI,momentum_270,270-Day Absolute Momentum,38,17,44.74,30.15,60.29,17.5,75.55,8.49,8.07,3.71,-8.61,28.77,False
6,VTI,momentum_365,365-Day Absolute Momentum,37,10,27.03,15.4,42.98,7.68,62.24,6.07,4.86,1.43,-30.54,20.75,False
6,VTI,momentum_90,90-Day Absolute Momentum,38,17,44.74,30.15,60.29,17.5,75.55,8.61,6.66,4.6,-39.21,20.75,False
6,VTI,momentum_composite,Composite Momentum,2,1,50.0,9.45,90.55,2.38,97.62,9.68,9.68,8.57,7.46,11.9,False
6,VTI,momentum_dual_180_365,Dual Momentum 180/365,35,10,28.57,16.33,45.06,8.14,64.35,6.16,5.57,1.02,-20.81,23.14,False
6,VTI,momentum_dual_90_180,Dual Momentum 90/180,36,14,38.89,24.78,55.14,13.62,71.97,7.12,6.15,1.33,-16.73,22.35,False
6,VTI,momentum_rank_365,Top Relative Momentum 365,1,0,0.0,0.0,79.35,0.0,95.13,-1.79,-1.79,-1.79,-1.79,-1.79,False
6,VTI,rsi14_recovery,RSI 14 Recovery,23,8,34.78,18.81,55.11,8.75,74.79,8.66,6.33,1.72,-11.55,18.88,False
6,VTI,rsi28_recovery,RSI 28 Recovery,15,8,53.33,30.12,75.19,13.88,89.01,10.86,8.92,5.08,-18.92,30.37,False
6,VTI,trend,SMA 50/200 + Momentum,26,7,26.92,13.7,46.08,6.13,67.51,7.16,5.42,0.08,-11.55,16.58,False
6,VTI,trend_breakout_100,100-Day Range Breakout,16,5,31.25,14.16,55.6,5.68,77.43,7.02,5.34,2.93,-11.55,17.8,False
6,VTI,trend_breakout_200,200-Day Range Breakout,16,5,31.25,14.16,55.6,5.68,77.43,7.02,5.34,2.93,-11.55,17.8,False
6,VTI,trend_ema100_200,EMA 100/200,38,15,39.47,25.6,55.28,14.35,71.75,7.03,6.76,1.64,-8.46,24.54,False
6,VTI,trend_ema50_200,EMA 50/200,38,15,39.47,25.6,55.28,14.35,71.75,7.65,7.01,1.64,-10.6,24.54,False
6,VTI,trend_price_sma100,Price above SMA 100,40,14,35.0,22.13,50.49,12.16,67.68,8.29,5.86,1.43,-39.21,23.14,False
6,VTI,trend_price_sma200,Price above SMA 200,38,13,34.21,21.21,50.11,11.42,67.72,7.46,6.8,2.28,-20.81,23.14,False
6,VTI,trend_sma100_200,SMA 100/200,34,11,32.35,19.13,49.16,9.81,67.77,7.43,5.94,1.98,-9.56,15.99,False
6,VTI,trend_triple_ma,Triple Moving Average,32,13,40.62,25.52,57.74,13.74,74.62,7.48,6.35,2.1,-11.55,20.75,False
6,VTI,vol_contraction_trend,Volatility Contraction Trend,28,8,28.57,15.25,47.06,7.11,67.64,5.56,6.21,1.32,-10.6,24.54,False
6,XLB,bollinger_recovery,Bollinger Recovery,20,7,35.0,18.12,56.71,8.08,76.74,3.63,4.72,-2.29,-23.49,32.35,False
6,XLB,breadth_trend,Broad-Market Trend,37,14,37.84,24.06,53.9,13.23,70.85,5.49,4.36,-2.97,-23.49,28.71,False
6,XLB,buy_hold,Buy & Hold Benchmark,43,13,30.23,18.6,45.11,10.01,62.8,5.19,4.81,-1.48,-43.57,31.73,False
6,XLB,drawdown_recovery,25% Drawdown Recovery,3,2,66.67,20.77,93.85,6.01,98.43,16.03,12.75,4.25,-7.53,29.74,False
6,XLB,drawdown_recovery_20,20% Drawdown Recovery,9,4,44.44,18.88,73.34,6.96,89.53,6.11,11.31,2.65,-7.53,32.35,False
6,XLB,drawdown_recovery_30,30% Drawdown Recovery,3,3,100.0,43.85,100.0,13.32,100.0,29.74,26.8,24.02,18.3,32.35,False
6,XLB,drawdown_recovery_40,40% Drawdown Recovery,2,2,100.0,34.24,100.0,9.29,100.0,25.32,25.32,21.81,18.3,32.35,False
6,XLB,low_vol_trend,Low-Volatility Trend,6,1,16.67,3.01,56.35,0.78,83.55,-1.9,-1.12,-4.02,-18.02,15.54,False
6,XLB,momentum,Top Relative Momentum 180,12,3,25.0,8.89,53.23,3.05,77.92,4.85,2.53,-0.83,-37.75,15.91,False
6,XLB,momentum_180,180-Day Absolute Momentum,37,12,32.43,19.63,48.54,10.33,66.68,4.89,3.99,-2.41,-37.75,28.71,False
6,XLB,momentum_270,270-Day Absolute Momentum,35,10,28.57,16.33,45.06,8.14,64.35,7.82,4.88,0.46,-50.76,29.77,False
6,XLB,momentum_365,365-Day Absolute Momentum,37,15,40.54,26.35,56.51,14.77,72.85,7.96,4.97,-1.47,-43.57,29.77,False
6,XLB,momentum_90,90-Day Absolute Momentum,37,11,29.73,17.49,45.78,8.97,64.49,6.13,5.78,1.68,-23.49,32.35,False
6,XLB,momentum_composite,Composite Momentum,14,3,21.43,7.57,47.59,2.61,73.53,3.49,2.42,-0.25,-37.75,31.62,False
6,XLB,momentum_dual_180_365,Dual Momentum 180/365,33,10,30.3,17.38,47.34,8.66,66.59,4.89,3.22,-3.85,-37.75,29.34,False
6,XLB,momentum_dual_90_180,Dual Momentum 90/180,35,12,34.29,20.83,50.85,10.96,68.87,3.54,2.67,-3.32,-49.75,28.71,False
6,XLB,momentum_rank_365,Top Relative Momentum 365,12,3,25.0,8.89,53.23,3.05,77.92,-0.51,-2.16,-7.03,-50.76,21.78,False
6,XLB,momentum_rank_90,Top Relative Momentum 90,20,4,20.0,8.07,41.6,3.04,66.6,3.94,3.53,-0.79,-23.49,31.62,False
6,XLB,rsi14_recovery,RSI 14 Recovery,30,8,26.67,14.18,44.45,6.61,65.12,6.17,6.61,1.78,-11.22,29.74,False
6,XLB,rsi28_recovery,RSI 28 Recovery,19,5,26.32,11.81,48.79,4.75,71.89,5.19,3.66,1.05,-50.76,32.35,False
6,XLB,trend,SMA 50/200 + Momentum,25,5,20.0,8.86,39.13,3.58,62.73,4.89,1.73,-1.63,-49.75,30.4,False
6,XLB,trend_breakout_100,100-Day Range Breakout,19,4,21.05,8.51,43.33,3.2,68.25,3.02,3.92,-2.71,-18.02,21.78,False
6,XLB,trend_breakout_200,200-Day Range Breakout,16,2,12.5,3.5,36.02,1.08,65.14,4.11,3.23,-1.05,-18.02,15.91,False
6,XLB,trend_ema100_200,EMA 100/200,37,11,29.73,17.49,45.78,8.97,64.49,5.49,4.66,-1.63,-20.28,30.4,False
6,XLB,trend_ema50_200,EMA 50/200,37,11,29.73,17.49,45.78,8.97,64.49,5.19,4.84,-2.4,-16.57,29.34,False
6,XLB,trend_price_sma100,Price above SMA 100,39,12,30.77,18.57,46.42,9.77,64.61,5.35,5.63,2.27,-37.75,32.35,False
6,XLB,trend_price_sma200,Price above SMA 200,38,15,39.47,25.6,55.28,14.35,71.75,5.8,4.07,-3.92,-49.75,29.77,False
6,XLB,trend_sma100_200,SMA 100/200,34,8,23.53,12.44,40.0,5.81,60.57,5.04,4.0,-1.47,-37.75,30.4,False
6,XLB,trend_triple_ma,Triple Moving Average,28,6,21.43,10.21,39.54,4.37,61.97,2.46,4.35,-1.04,-16.57,23.04,False
6,XLB,vol_contraction_trend,Volatility Contraction Trend,24,11,45.83,27.89,64.93,14.28,81.13,6.62,5.23,-1.41,-49.75,29.34,False
6,XLE,bollinger_recovery,Bollinger Recovery,18,11,61.11,38.62,79.7,19.69,90.97,10.87,6.22,0.31,-49.32,46.46,False
6,XLE,breadth_trend,Broad-Market Trend,32,13,40.62,25.52,57.74,13.74,74.62,8.15,7.68,-2.23,-36.09,53.06,False
6,XLE,buy_hold,Buy & Hold Benchmark,43,18,41.86,28.38,56.67,16.72,72.09,5.73,5.96,-2.38,-45.88,57.1,False
6,XLE,drawdown_recovery,25% Drawdown Recovery,5,2,40.0,11.76,76.93,3.53,92.39,8.38,12.41,2.04,-14.81,53.06,False
6,XLE,drawdown_recovery_20,20% Drawdown Recovery,11,4,36.36,15.17,64.62,5.64,84.54,6.12,7.41,-6.12,-17.32,53.06,False
6,XLE,drawdown_recovery_30,30% Drawdown Recovery,5,1,20.0,3.62,62.45,0.94,86.83,-3.99,6.88,-8.25,-14.81,53.06,False
6,XLE,drawdown_recovery_40,40% Drawdown Recovery,4,1,25.0,4.56,69.94,1.18,90.32,2.19,10.66,-6.7,-14.81,53.06,False
6,XLE,low_vol_trend,Low-Volatility Trend,3,1,33.33,6.15,79.23,1.57,93.99,8.26,7.45,1.27,-5.72,19.79,False
6,XLE,momentum,Top Relative Momentum 180,20,10,50.0,29.93,70.07,14.86,85.14,11.78,7.89,1.38,-45.88,24.25,False
6,XLE,momentum_180,180-Day Absolute Momentum,33,14,42.42,27.24,59.19,14.98,75.51,6.43,6.56,-4.14,-45.88,53.06,False
6,XLE,momentum_270,270-Day Absolute Momentum,34,15,44.12,28.88,60.55,16.2,76.33,9.01,8.02,-3.15,-37.51,46.46,False
6,XLE,momentum_365,365-Day Absolute Momentum,32,15,46.88,30.87,63.55,17.32,78.8,6.81,7.06,0.09,-45.88,57.1,False
6,XLE,momentum_90,90-Day Absolute Momentum,36,13,36.11,22.48,52.43,12.1,69.89,1.2,5.29,-7.4,-36.09,57.1,False
6,XLE,momentum_composite,Composite Momentum,17,10,58.82,36.01,78.39,17.81,90.4,11.99,7.31,-0.83,-45.88,46.46,False
6,XLE,momentum_dual_180_365,Dual Momentum 180/365,29,10,34.48,19.94,52.66,9.94,71.52,5.73,6.11,-2.16,-45.88,57.1,False
6,XLE,momentum_dual_90_180,Dual Momentum 90/180,31,15,48.39,31.97,65.16,17.94,80.08,8.69,7.06,-5.19,-45.88,42.69,False
6,XLE,momentum_rank_365,Top Relative Momentum 365,17,8,47.06,26.16,69.04,12.1,85.16,9.97,6.08,-0.14,-26.85,24.25,False
6,XLE,momentum_rank_90,Top Relative Momentum 90,24,10,41.67,24.47,61.17,12.17,78.64,7.91,7.87,-3.21,-17.1,67.16,False
6,XLE,rsi14_recovery,RSI 14 Recovery,23,11,47.83,29.24,67.04,14.96,82.69,9.66,9.51,-9.1,-14.81,57.1,False
6,XLE,rsi28_recovery,RSI 28 Recovery,19,9,47.37,27.33,68.29,13.13,84.27,9.66,6.72,-7.18,-49.32,57.1,False
6,XLE,trend,SMA 50/200 + Momentum,23,11,47.83,29.24,67.04,14.96,82.69,7.28,9.91,0.71,-14.63,42.2,False
6,XLE,trend_breakout_100,100-Day Range Breakout,10,5,50.0,23.66,76.34,9.34,90.66,8.84,7.29,-0.84,-11.87,26.18,False
6,XLE,trend_breakout_200,200-Day Range Breakout,9,5,55.56,26.66,81.12,10.47,93.04,11.19,7.54,4.65,-11.87,18.44,False
6,XLE,trend_ema100_200,EMA 100/200,31,14,45.16,29.16,62.23,16.04,78.02,7.5,7.95,0.38,-45.88,57.1,False
6,XLE,trend_ema50_200,EMA 50/200,32,14,43.75,28.17,60.67,15.49,76.75,7.94,7.86,0.57,-45.88,57.1,False
6,XLE,trend_price_sma100,Price above SMA 100,37,16,43.24,28.67,59.09,16.37,74.79,7.28,7.35,-0.95,-36.09,46.46,False
6,XLE,trend_price_sma200,Price above SMA 200,34,14,41.18,26.37,57.78,14.5,74.29,8.32,8.4,-1.87,-36.09,53.06,False
6,XLE,trend_sma100_200,SMA 100/200,31,14,45.16,29.16,62.23,16.04,78.02,9.33,6.43,-5.29,-17.94,57.1,False
6,XLE,trend_triple_ma,Triple Moving Average,27,11,40.74,24.51,59.27,12.56,76.69,2.04,6.14,-3.47,-20.67,46.46,False
6,XLE,vol_contraction_trend,Volatility Contraction Trend,21,8,38.1,20.75,59.12,9.64,78.02,2.97,5.07,-3.47,-36.09,41.89,False
6,XLF,bollinger_recovery,Bollinger Recovery,18,8,44.44,24.56,66.28,11.37,83.3,7.43,5.53,-0.21,-26.6,22.68,False
6,XLF,breadth_trend,Broad-Market Trend,35,13,37.14,23.17,53.66,12.47,71.03,4.23,4.82,-3.28,-24.01,36.45,False
6,XLF,buy_hold,Buy & Hold Benchmark,43,13,30.23,18.6,45.11,10.01,62.8,6.23,4.46,-0.93,-36.97,41.59,False
6,XLF,drawdown_recovery,25% Drawdown Recovery,6,3,50.0,18.76,81.24,6.27,93.73,9.74,13.57,-5.63,-9.53,58.82,False
6,XLF,drawdown_recovery_20,20% Drawdown Recovery,13,8,61.54,35.52,82.29,16.29,92.94,14.31,11.8,3.37,-42.62,58.82,False
6,XLF,drawdown_recovery_30,30% Drawdown Recovery,5,4,80.0,37.55,96.38,13.17,99.06,20.88,14.55,14.31,-42.62,58.82,False
6,XLF,drawdown_recovery_40,40% Drawdown Recovery,3,3,100.0,43.85,100.0,13.32,100.0,20.88,31.33,17.59,14.31,58.82,False
6,XLF,low_vol_trend,Low-Volatility Trend,15,2,13.33,3.74,37.88,1.15,66.99,4.76,3.41,0.71,-15.65,11.37,False
6,XLF,momentum,Top Relative Momentum 180,16,6,37.5,18.48,61.36,7.83,80.91,6.27,5.38,1.49,-23.65,18.26,False
6,XLF,momentum_180,180-Day Absolute Momentum,35,10,28.57,16.33,45.06,8.14,64.35,6.23,4.81,-2.17,-24.01,36.45,False
6,XLF,momentum_270,270-Day Absolute Momentum,33,11,33.33,19.75,50.39,10.13,68.93,4.91,4.45,-3.45,-23.65,25.99,False
6,XLF,momentum_365,365-Day Absolute Momentum,36,12,33.33,20.21,49.67,10.63,67.76,6.73,4.8,-0.16,-20.66,36.45,False
6,XLF,momentum_90,90-Day Absolute Momentum,35,16,45.71,30.47,61.81,17.4,77.1,7.94,5.32,-0.8,-24.01,25.91,False
6,XLF,momentum_composite,Composite Momentum,14,7,50.0,26.8,73.2,11.84,88.16,9.65,6.48,2.23,-23.65,18.63,False
6,XLF,momentum_dual_180_365,Dual Momentum 180/365,33,9,27.27,15.07,44.22,7.28,64.16,6.32,4.71,-3.22,-24.01,36.45,False
6,XLF,momentum_dual_90_180,Dual Momentum 90/180,31,10,32.26,18.57,49.86,9.26,68.97,6.1,5.23,-1.99,-24.01,36.45,False
6,XLF,momentum_rank_365,Top Relative Momentum 365,15,7,46.67,24.81,69.88,10.99,86.12,9.14,7.6,0.08,-13.36,18.72,False
6,XLF,momentum_rank_90,Top Relative Momentum 90,16,7,43.75,23.1,66.82,10.25,84.12,8.64,7.65,1.97,-15.65,25.99,False
6,XLF,rsi14_recovery,RSI 14 Recovery,21,9,42.86,24.47,63.45,11.78,80.82,5.56,4.14,-3.79,-26.6,25.91,False
6,XLF,rsi28_recovery,RSI 28 Recovery,15,6,40.0,19.82,64.25,8.38,82.93,8.73,4.15,-2.6,-26.6,18.0,False
6,XLF,trend,SMA 50/200 + Momentum,22,7,31.82,16.36,52.68,7.3,73.43,4.02,4.37,-2.12,-24.01,36.45,False
6,XLF,trend_breakout_100,100-Day Range Breakout,14,7,50.0,26.8,73.2,11.84,88.16,10.48,9.97,4.85,-8.22,26.74,False
6,XLF,trend_breakout_200,200-Day Range Breakout,11,5,45.45,21.27,71.99,8.43,88.29,8.33,10.6,5.09,1.19,26.74,False
6,XLF,trend_ema100_200,EMA 100/200,33,10,30.3,17.38,47.34,8.66,66.59,7.75,5.21,-0.32,-24.01,36.45,False
6,XLF,trend_ema50_200,EMA 50/200,35,10,28.57,16.33,45.06,8.14,64.35,6.46,4.05,-1.91,-24.01,36.45,False
6,XLF,trend_price_sma100,Price above SMA 100,34,16,47.06,31.45,63.26,17.97,78.3,9.45,7.48,0.92,-27.8,34.05,False
6,XLF,trend_price_sma200,Price above SMA 200,35,13,37.14,23.17,53.66,12.47,71.03,4.23,4.82,-3.28,-24.01,36.45,False
6,XLF,trend_sma100_200,SMA 100/200,31,9,29.03,16.1,46.59,7.78,66.49,7.75,5.85,0.41,-23.65,36.45,False
6,XLF,trend_triple_ma,Triple Moving Average,29,9,31.03,17.28,49.23,8.34,68.99,3.13,4.39,-3.32,-24.01,36.45,False
6,XLF,vol_contraction_trend,Volatility Contraction Trend,22,9,40.91,23.26,61.27,11.2,79.17,7.13,5.43,-0.17,-20.66,25.99,False
6,XLI,bollinger_recovery,Bollinger Recovery,21,10,47.62,28.34,67.63,14.08,83.45,8.33,6.38,1.88,-24.78,26.08,False
6,XLI,breadth_trend,Broad-Market Trend,37,13,35.14,21.83,51.24,11.75,68.79,6.03,6.76,-0.01,-15.34,27.42,False
6,XLI,buy_hold,Buy & Hold Benchmark,43,18,41.86,28.38,56.67,16.72,72.09,7.63,6.04,-0.74,-30.15,33.06,False
6,XLI,drawdown_recovery,25% Drawdown Recovery,3,2,66.67,20.77,93.85,6.01,98.43,17.57,13.71,7.52,-2.52,26.08,False
6,XLI,drawdown_recovery_20,20% Drawdown Recovery,8,4,50.0,21.52,78.48,7.89,92.11,9.63,8.8,0.36,-10.64,26.08,False
6,XLI,drawdown_recovery_30,30% Drawdown Recovery,4,3,75.0,30.06,95.44,9.68,98.82,17.61,12.67,10.34,-10.64,26.08,False
6,XLI,drawdown_recovery_40,40% Drawdown Recovery,3,2,66.67,20.77,93.85,6.01,98.43,17.34,10.92,3.35,-10.64,26.08,False
6,XLI,low_vol_trend,Low-Volatility Trend,23,13,56.52,36.81,74.37,19.8,87.25,11.65,7.4,1.88,-15.81,17.1,False
6,XLI,momentum,Top Relative Momentum 180,13,4,30.77,12.68,57.63,4.74,79.89,7.14,7.53,1.48,-5.98,22.52,False
6,XLI,momentum_180,180-Day Absolute Momentum,36,13,36.11,22.48,52.43,12.1,69.89,5.57,5.95,-0.14,-24.53,28.39,False
6,XLI,momentum_270,270-Day Absolute Momentum,37,13,35.14,21.83,51.24,11.75,68.79,7.14,6.29,0.95,-24.78,28.7,False
6,XLI,momentum_365,365-Day Absolute Momentum,38,12,31.58,19.08,47.46,10.04,65.63,6.77,5.91,0.56,-20.69,22.52,False
6,XLI,momentum_90,90-Day Absolute Momentum,36,14,38.89,24.78,55.14,13.62,71.97,7.78,6.03,-0.37,-24.78,22.52,False
6,XLI,momentum_composite,Composite Momentum,17,5,29.41,13.28,53.13,5.33,75.5,6.38,3.48,-0.05,-34.46,22.52,False
6,XLI,momentum_dual_180_365,Dual Momentum 180/365,35,11,31.43,18.55,47.98,9.51,66.64,6.03,4.72,-0.49,-34.46,22.52,False
6,XLI,momentum_dual_90_180,Dual Momentum 90/180,35,11,31.43,18.55,47.98,9.51,66.64,5.9,3.97,-1.58,-34.46,22.52,False
6,XLI,momentum_rank_365,Top Relative Momentum 365,12,5,41.67,19.33,68.05,7.69,85.97,9.34,8.41,6.09,-7.92,20.09,False
6,XLI,momentum_rank_90,Top Relative Momentum 90,21,6,28.57,13.81,49.96,5.88,71.91,7.05,4.99,-1.19,-34.46,31.13,False
6,XLI,rsi14_recovery,RSI 14 Recovery,25,9,36.0,20.25,55.48,9.77,74.51,3.5,5.03,-1.48,-22.48,22.31,False
6,XLI,rsi28_recovery,RSI 28 Recovery,16,7,43.75,23.1,66.82,10.25,84.12,8.27,7.11,0.82,-12.55,26.08,False
6,XLI,trend,SMA 50/200 + Momentum,26,9,34.62,19.41,53.78,9.37,73.06,7.67,8.12,0.83,-6.32,20.62,False
6,XLI,trend_breakout_100,100-Day Range Breakout,15,3,20.0,7.05,45.19,2.43,71.5,6.03,5.51,2.43,-15.34,17.89,False
6,XLI,trend_breakout_200,200-Day Range Breakout,12,1,8.33,1.49,35.39,0.39,67.89,5.76,3.95,2.71,-15.34,10.9,False
6,XLI,trend_ema100_200,EMA 100/200,36,11,30.56,18.0,46.86,9.23,65.55,4.91,5.75,-0.09,-24.78,24.45,False
6,XLI,trend_ema50_200,EMA 50/200,37,14,37.84,24.06,53.9,13.23,70.85,5.24,6.56,-0.01,-15.34,22.52,False
6,XLI,trend_price_sma100,Price above SMA 100,38,16,42.11,27.85,57.81,15.9,73.67,8.56,6.4,0.49,-41.89,30.42,False
6,XLI,trend_price_sma200,Price above SMA 200,39,16,41.03,27.08,56.58,15.45,72.59,8.24,6.3,-0.01,-41.89,27.42,False
6,XLI,trend_sma100_200,SMA 100/200,35,10,28.57,16.33,45.06,8.14,64.35,5.24,6.36,1.14,-16.77,31.13,False
6,XLI,trend_triple_ma,Triple Moving Average,31,9,29.03,16.1,46.59,7.78,66.49,4.93,4.58,-0.61,-22.48,22.52,False
6,XLI,vol_contraction_trend,Volatility Contraction Trend,24,8,33.33,17.97,53.29,8.36,73.26,5.87,4.97,-0.37,-41.89,27.42,False
6,XLK,bollinger_recovery,Bollinger Recovery,15,6,40.0,19.82,64.25,8.38,82.93,7.36,6.87,-0.16,-14.27,27.03,False
6,XLK,breadth_trend,Broad-Market Trend,38,16,42.11,27.85,57.81,15.9,73.67,7.35,8.1,-1.06,-22.43,27.42,False
6,XLK,buy_hold,Buy & Hold Benchmark,43,18,41.86,28.38,56.67,16.72,72.09,9.03,8.03,5.02,-31.77,32.94,False
6,XLK,drawdown_recovery,25% Drawdown Recovery,5,4,80.0,37.55,96.38,13.17,99.06,19.47,16.59,18.58,-5.12,25.54,False
6,XLK,drawdown_recovery_20,20% Drawdown Recovery,9,6,66.67,35.42,87.94,14.62,95.89,14.29,9.09,7.89,-41.11,25.54,False
6,XLK,drawdown_recovery_30,30% Drawdown Recovery,5,4,80.0,37.55,96.38,13.17,99.06,18.58,17.46,12.16,7.89,25.54,False
6,XLK,drawdown_recovery_40,40% Drawdown Recovery,3,2,66.67,20.77,93.85,6.01,98.43,12.16,12.88,10.03,7.89,18.58,False
6,XLK,low_vol_trend,Low-Volatility Trend,14,7,50.0,26.8,73.2,11.84,88.16,10.48,7.52,5.21,-9.67,19.47,False
6,XLK,momentum,Top Relative Momentum 180,26,12,46.15,28.76,64.54,15.11,80.49,7.79,7.12,-2.79,-11.45,28.23,False
6,XLK,momentum_180,180-Day Absolute Momentum,38,12,31.58,19.08,47.46,10.04,65.63,7.15,8.72,-2.28,-13.59,41.45,False
6,XLK,momentum_270,270-Day Absolute Momentum,38,19,50.0,34.85,65.15,20.87,79.13,9.82,9.22,3.8,-32.54,54.74,False
6,XLK,momentum_365,365-Day Absolute Momentum,37,12,32.43,19.63,48.54,10.33,66.68,7.36,5.34,-1.35,-41.11,24.19,False
6,XLK,momentum_90,90-Day Absolute Momentum,40,16,40.0,26.35,55.4,15.03,71.53,7.15,7.69,0.17,-41.11,27.42,False
6,XLK,momentum_composite,Composite Momentum,24,9,37.5,21.16,57.29,10.2,76.01,6.28,6.61,-2.14,-11.45,27.42,False
6,XLK,momentum_dual_180_365,Dual Momentum 180/365,35,9,25.71,14.16,42.07,6.85,61.97,6.97,6.87,-1.97,-13.59,25.54,False
6,XLK,momentum_dual_90_180,Dual Momentum 90/180,37,14,37.84,24.06,53.9,13.23,70.85,6.97,7.97,-1.35,-14.27,27.42,False
6,XLK,momentum_rank_365,Top Relative Momentum 365,22,7,31.82,16.36,52.68,7.3,73.43,6.73,5.92,-1.27,-14.27,24.19,False
6,XLK,momentum_rank_90,Top Relative Momentum 90,25,12,48.0,30.03,66.5,15.78,81.97,8.72,10.67,2.8,-11.45,30.08,False
6,XLK,rsi14_recovery,RSI 14 Recovery,20,10,50.0,29.93,70.07,14.86,85.14,10.1,8.83,4.92,-14.27,38.72,False
6,XLK,rsi28_recovery,RSI 28 Recovery,12,5,41.67,19.33,68.05,7.69,85.97,7.47,9.82,5.39,-5.49,25.54,False
6,XLK,trend,SMA 50/200 + Momentum,26,11,42.31,25.54,61.05,13.08,78.13,7.98,7.73,3.7,-15.09,26.19,False
6,XLK,trend_breakout_100,100-Day Range Breakout,14,7,50.0,26.8,73.2,11.84,88.16,9.98,10.03,7.84,-10.6,19.47,False
6,XLK,trend_breakout_200,200-Day Range Breakout,12,5,41.67,19.33,68.05,7.69,85.97,9.18,8.52,7.25,-10.6,18.82,False
6,XLK,trend_ema100_200,EMA 100/200,37,16,43.24,28.67,59.09,16.37,74.79,8.72,8.49,-2.59,-13.59,28.88,False
6,XLK,trend_ema50_200,EMA 50/200,37,16,43.24,28.67,59.09,16.37,74.79,8.72,9.33,-2.87,-13.59,30.08,False
6,XLK,trend_price_sma100,Price above SMA 100,41,18,43.9,29.89,58.96,17.61,74.13,8.05,7.6,0.3,-41.11,27.42,False
6,XLK,trend_price_sma200,Price above SMA 200,39,18,46.15,31.57,61.43,18.61,76.26,9.12,8.87,0.83,-41.11,27.42,False
6,XLK,trend_sma100_200,SMA 100/200,36,14,38.89,24.78,55.14,13.62,71.97,7.58,6.74,-0.27,-22.43,26.19,False
6,XLK,trend_triple_ma,Triple Moving Average,32,13,40.62,25.52,57.74,13.74,74.62,8.42,7.17,0.02,-26.27,28.23,False
6,XLK,vol_contraction_trend,Volatility Contraction Trend,25,12,48.0,30.03,66.5,15.78,81.97,9.6,9.97,0.49,-4.42,25.13,False
6,XLP,bollinger_recovery,Bollinger Recovery,19,3,15.79,5.52,37.57,1.91,64.35,4.15,2.16,-1.29,-18.57,13.0,False
6,XLP,breadth_trend,Broad-Market Trend,36,4,11.11,4.41,25.32,1.67,47.9,4.79,4.37,1.29,-10.3,15.0,False
6,XLP,buy_hold,Buy & Hold Benchmark,43,11,25.58,14.93,40.24,7.66,58.75,5.36,4.9,0.66,-11.32,18.45,False
6,XLP,drawdown_recovery_20,20% Drawdown Recovery,3,2,66.67,20.77,93.85,6.01,98.43,11.19,11.62,9.06,6.94,16.75,False
6,XLP,drawdown_recovery_30,30% Drawdown Recovery,2,1,50.0,9.45,90.55,2.38,97.62,11.84,11.84,9.39,6.94,16.75,False
6,XLP,low_vol_trend,Low-Volatility Trend,38,4,10.53,4.17,24.13,1.58,46.27,6.14,4.42,2.19,-28.33,18.22,False
6,XLP,momentum,Top Relative Momentum 180,11,1,9.09,1.62,37.74,0.42,70.09,1.46,1.18,-2.93,-17.49,11.87,False
6,XLP,momentum_180,180-Day Absolute Momentum,37,7,18.92,9.48,34.21,4.26,55.06,5.7,5.15,0.4,-10.3,18.45,False
6,XLP,momentum_270,270-Day Absolute Momentum,40,9,22.5,12.32,37.5,5.96,57.08,5.34,4.54,1.5,-18.57,21.93,False
6,XLP,momentum_365,365-Day Absolute Momentum,39,5,12.82,5.6,26.71,2.27,48.18,5.36,5.06,1.75,-9.39,21.93,False
6,XLP,momentum_90,90-Day Absolute Momentum,36,5,13.89,6.08,28.66,2.47,50.71,4.78,4.25,1.29,-17.49,16.75,False
6,XLP,momentum_composite,Composite Momentum,11,0,0.0,0.0,25.88,0.0,63.97,1.46,2.41,-2.28,-4.13,9.68,False
6,XLP,momentum_dual_180_365,Dual Momentum 180/365,36,4,11.11,4.41,25.32,1.67,47.9,5.53,4.61,1.12,-10.3,16.44,False
6,XLP,momentum_dual_90_180,Dual Momentum 90/180,36,6,16.67,7.87,31.89,3.37,53.41,4.78,4.19,0.68,-17.49,14.54,False
6,XLP,momentum_rank_365,Top Relative Momentum 365,10,2,20.0,5.67,50.98,1.74,77.94,3.81,4.26,1.84,-18.57,18.45,False
6,XLP,momentum_rank_90,Top Relative Momentum 90,16,1,6.25,1.11,28.33,0.29,60.3,4.16,1.65,-0.12,-28.33,10.74,False
6,XLP,rsi14_recovery,RSI 14 Recovery,20,2,10.0,2.79,30.1,0.86,58.66,4.74,2.53,-1.17,-18.57,16.48,False
6,XLP,rsi28_recovery,RSI 28 Recovery,11,3,27.27,9.75,56.57,3.34,80.28,4.69,2.61,-0.47,-18.57,13.0,False
6,XLP,trend,SMA 50/200 + Momentum,19,3,15.79,5.52,37.57,1.91,64.35,6.28,4.94,-0.35,-4.49,18.22,False
6,XLP,trend_breakout_100,100-Day Range Breakout,20,3,15.0,5.24,36.04,1.81,62.77,2.07,1.86,-2.35,-11.46,12.85,False
6,XLP,trend_breakout_200,200-Day Range Breakout,18,3,16.67,5.84,39.22,2.02,66.0,2.07,2.07,-1.93,-11.46,12.85,False
6,XLP,trend_ema100_200,EMA 100/200,38,8,21.05,11.07,36.35,5.17,56.58,5.19,4.09,0.34,-17.49,16.48,False
6,XLP,trend_ema50_200,EMA 50/200,38,8,21.05,11.07,36.35,5.17,56.58,4.76,3.63,-0.97,-28.33,14.54,False
6,XLP,trend_price_sma100,Price above SMA 100,37,5,13.51,5.91,27.98,2.4,49.84,6.41,4.73,0.78,-17.49,19.72,False
6,XLP,trend_price_sma200,Price above SMA 200,38,4,10.53,4.17,24.13,1.58,46.27,6.14,4.42,2.19,-28.33,18.22,False
6,XLP,trend_sma100_200,SMA 100/200,36,8,22.22,11.72,38.09,5.47,58.51,4.0,2.72,-2.32,-28.33,14.54,False
6,XLP,trend_triple_ma,Triple Moving Average,31,6,19.35,9.19,36.28,3.93,58.46,2.29,2.57,-1.9,-17.49,13.98,False
6,XLP,vol_contraction_trend,Volatility Contraction Trend,25,4,16.0,6.4,34.65,2.42,59.4,2.65,3.04,0.28,-13.46,13.97,False
6,XLU,bollinger_recovery,Bollinger Recovery,17,5,29.41,13.28,53.13,5.33,75.5,5.82,5.62,4.28,-14.18,17.48,False
6,XLU,breadth_trend,Broad-Market Trend,36,8,22.22,11.72,38.09,5.47,58.51,6.27,5.49,-1.16,-7.43,26.56,False
6,XLU,buy_hold,Buy & Hold Benchmark,43,15,34.88,22.42,49.83,12.56,66.65,6.17,5.57,1.0,-27.61,19.2,False
6,XLU,drawdown_recovery,25% Drawdown Recovery,2,0,0.0,0.0,65.76,0.0,90.71,0.48,0.48,-0.11,-0.7,1.66,False
6,XLU,drawdown_recovery_20,20% Drawdown Recovery,8,3,37.5,13.68,69.43,4.64,88.1,4.6,4.42,-2.19,-7.43,15.07,False
6,XLU,drawdown_recovery_30,30% Drawdown Recovery,3,2,66.67,20.77,93.85,6.01,98.43,12.16,8.38,5.73,-0.7,13.68,False
6,XLU,drawdown_recovery_40,40% Drawdown Recovery,3,2,66.67,20.77,93.85,6.01,98.43,12.16,8.38,5.73,-0.7,13.68,False
6,XLU,low_vol_trend,Low-Volatility Trend,34,9,26.47,14.6,43.12,7.06,63.05,4.68,3.58,-0.98,-27.61,18.37,False
6,XLU,momentum,Top Relative Momentum 180,19,6,31.58,15.36,53.99,6.53,75.3,7.01,4.09,1.29,-27.61,19.84,False
6,XLU,momentum_180,180-Day Absolute Momentum,38,13,34.21,21.21,50.11,11.42,67.72,5.29,5.57,-0.84,-27.61,26.56,False
6,XLU,momentum_270,270-Day Absolute Momentum,37,11,29.73,17.49,45.78,8.97,64.49,6.38,6.2,-1.06,-8.82,26.56,False
6,XLU,momentum_365,365-Day Absolute Momentum,38,12,31.58,19.08,47.46,10.04,65.63,5.88,5.71,-0.39,-27.61,26.56,False
6,XLU,momentum_90,90-Day Absolute Momentum,39,13,33.33,20.63,49.02,11.1,66.68,5.97,5.12,0.65,-28.6,25.35,False
6,XLU,momentum_composite,Composite Momentum,18,4,22.22,9.0,45.22,3.39,69.97,4.61,3.69,-0.56,-27.61,18.06,False
6,XLU,momentum_dual_180_365,Dual Momentum 180/365,36,11,30.56,18.0,46.86,9.23,65.55,5.15,5.49,-0.7,-27.61,26.56,False
6,XLU,momentum_dual_90_180,Dual Momentum 90/180,36,11,30.56,18.0,46.86,9.23,65.55,5.39,4.72,-0.7,-28.6,26.56,False
6,XLU,momentum_rank_365,Top Relative Momentum 365,20,6,30.0,14.55,51.9,6.19,73.57,5.59,3.2,-3.0,-27.61,18.71,False
6,XLU,momentum_rank_90,Top Relative Momentum 90,25,7,28.0,14.28,47.58,6.39,68.91,5.57,4.22,-0.75,-27.61,22.54,False
6,XLU,rsi14_recovery,RSI 14 Recovery,24,9,37.5,21.16,57.29,10.2,76.01,6.95,8.29,5.19,-5.37,25.35,False
6,XLU,rsi28_recovery,RSI 28 Recovery,19,5,26.32,11.81,48.79,4.75,71.89,5.97,6.4,3.03,-14.18,20.33,False
6,XLU,trend,SMA 50/200 + Momentum,27,4,14.81,5.92,32.48,2.24,56.93,3.39,2.68,-3.23,-10.28,18.91,False
6,XLU,trend_breakout_100,100-Day Range Breakout,18,4,22.22,9.0,45.22,3.39,69.97,4.22,5.61,0.04,-9.05,26.56,False
6,XLU,trend_breakout_200,200-Day Range Breakout,17,2,11.76,3.29,34.34,1.02,63.39,4.6,4.56,0.09,-9.05,18.91,False
6,XLU,trend_ema100_200,EMA 100/200,36,11,30.56,18.0,46.86,9.23,65.55,5.89,5.9,1.9,-27.61,20.03,False
6,XLU,trend_ema50_200,EMA 50/200,37,10,27.03,15.4,42.98,7.68,62.24,5.05,5.39,-0.57,-27.61,26.56,False
6,XLU,trend_price_sma100,Price above SMA 100,38,11,28.95,17.0,44.76,8.72,63.47,6.17,5.24,0.83,-28.6,20.37,False
6,XLU,trend_price_sma200,Price above SMA 200,39,13,33.33,20.63,49.02,11.1,66.68,5.44,5.32,-0.78,-27.28,26.56,False
6,XLU,trend_sma100_200,SMA 100/200,35,10,28.57,16.33,45.06,8.14,64.35,5.44,4.94,-0.17,-27.28,26.56,False
6,XLU,trend_triple_ma,Triple Moving Average,27,7,25.93,13.17,44.68,5.9,66.16,6.44,5.87,0.98,-9.05,20.03,False
6,XLU,vol_contraction_trend,Volatility Contraction Trend,23,4,17.39,6.98,37.14,2.63,62.09,4.25,2.81,0.16,-27.28,13.68,False
6,XLV,bollinger_recovery,Bollinger Recovery,18,3,16.67,5.84,39.22,2.02,66.0,2.82,1.36,-5.41,-15.96,15.08,False
6,XLV,breadth_trend,Broad-Market Trend,36,9,25.0,13.75,41.07,6.65,60.93,4.27,3.77,-2.65,-10.23,19.3,False
6,XLV,buy_hold,Buy & Hold Benchmark,43,15,34.88,22.42,49.83,12.56,66.65,6.56,5.33,-1.14,-12.35,24.0,False
6,XLV,drawdown_recovery,25% Drawdown Recovery,1,0,0.0,0.0,79.35,0.0,95.13,6.56,6.56,6.56,6.56,6.56,False
6,XLV,drawdown_recovery_20,20% Drawdown Recovery,3,1,33.33,6.15,79.23,1.57,93.99,6.56,6.29,1.66,-3.23,15.55,False
6,XLV,drawdown_recovery_30,30% Drawdown Recovery,2,1,50.0,9.45,90.55,2.38,97.62,6.16,6.16,1.47,-3.23,15.55,False
6,XLV,low_vol_trend,Low-Volatility Trend,32,9,28.12,15.56,45.37,7.52,65.31,5.16,4.9,-2.0,-11.14,21.95,False
6,XLV,momentum,Top Relative Momentum 180,15,3,20.0,7.05,45.19,2.43,71.5,2.85,4.19,-0.66,-10.71,19.52,False
6,XLV,momentum_180,180-Day Absolute Momentum,37,13,35.14,21.83,51.24,11.75,68.79,5.67,5.56,-0.14,-10.23,20.79,False
6,XLV,momentum_270,270-Day Absolute Momentum,38,12,31.58,19.08,47.46,10.04,65.63,4.02,5.58,-1.54,-9.84,21.95,False
6,XLV,momentum_365,365-Day Absolute Momentum,38,11,28.95,17.0,44.76,8.72,63.47,5.51,5.05,-0.84,-9.84,20.88,False
6,XLV,momentum_90,90-Day Absolute Momentum,39,10,25.64,14.57,41.08,7.27,60.27,3.94,4.67,-0.08,-15.96,21.95,False
6,XLV,momentum_composite,Composite Momentum,12,4,33.33,13.81,60.94,5.15,82.17,7.79,5.98,-3.34,-6.02,19.54,False
6,XLV,momentum_dual_180_365,Dual Momentum 180/365,35,12,34.29,20.83,50.85,10.96,68.87,5.67,5.72,-0.0,-6.96,20.88,False
6,XLV,momentum_dual_90_180,Dual Momentum 90/180,34,8,23.53,12.44,40.0,5.81,60.57,3.51,4.84,-1.58,-10.23,21.95,False
6,XLV,momentum_rank_365,Top Relative Momentum 365,12,4,33.33,13.81,60.94,5.15,82.17,7.18,5.92,0.92,-6.23,19.52,False
6,XLV,momentum_rank_90,Top Relative Momentum 90,22,4,18.18,7.31,38.52,2.76,63.53,0.61,0.4,-5.77,-30.02,19.54,False
6,XLV,rsi14_recovery,RSI 14 Recovery,21,4,19.05,7.67,40.0,2.89,65.03,4.57,2.61,-3.23,-16.31,19.52,False
6,XLV,rsi28_recovery,RSI 28 Recovery,14,2,14.29,4.01,39.94,1.24,68.94,1.66,2.26,-3.05,-16.31,24.0,False
6,XLV,trend,SMA 50/200 + Momentum,23,7,30.43,15.6,50.87,6.97,71.87,3.93,5.21,0.79,-10.71,19.16,False
6,XLV,trend_breakout_100,100-Day Range Breakout,17,2,11.76,3.29,34.34,1.02,63.39,2.7,1.59,-3.91,-11.33,14.44,False
6,XLV,trend_breakout_200,200-Day Range Breakout,15,2,13.33,3.74,37.88,1.15,66.99,3.94,2.23,-3.67,-11.33,14.44,False
6,XLV,trend_ema100_200,EMA 100/200,37,12,32.43,19.63,48.54,10.33,66.68,4.55,4.8,-1.89,-11.33,20.79,False
6,XLV,trend_ema50_200,EMA 50/200,38,12,31.58,19.08,47.46,10.04,65.63,4.27,4.47,-1.67,-10.71,20.79,False
6,XLV,trend_price_sma100,Price above SMA 100,37,12,32.43,19.63,48.54,10.33,66.68,5.01,4.51,-1.02,-15.96,21.11,False
6,XLV,trend_price_sma200,Price above SMA 200,37,11,29.73,17.49,45.78,8.97,64.49,4.8,4.89,-1.02,-10.23,20.79,False
6,XLV,trend_sma100_200,SMA 100/200,34,10,29.41,16.83,46.17,8.4,65.45,6.56,5.2,-1.17,-11.33,19.5,False
6,XLV,trend_triple_ma,Triple Moving Average,30,8,26.67,14.18,44.45,6.61,65.12,4.4,4.13,-1.91,-9.11,18.03,False
6,XLV,vol_contraction_trend,Volatility Contraction Trend,22,7,31.82,16.36,52.68,7.3,73.43,3.49,5.5,-1.81,-5.18,21.95,False
6,XLY,bollinger_recovery,Bollinger Recovery,17,9,52.94,30.96,73.84,14.84,87.9,11.05,10.98,3.36,-13.33,35.19,False
6,XLY,breadth_trend,Broad-Market Trend,36,13,36.11,22.48,52.43,12.1,69.89,7.84,7.26,-0.28,-5.87,29.17,False
6,XLY,buy_hold,Buy & Hold Benchmark,43,17,39.53,26.37,54.42,15.29,70.32,4.89,5.99,-0.61,-22.78,34.42,False
6,XLY,drawdown_recovery,25% Drawdown Recovery,7,4,57.14,25.05,84.18,9.1,94.67,10.66,9.94,1.55,-8.79,28.76,False
6,XLY,drawdown_recovery_20,20% Drawdown Recovery,9,6,66.67,35.42,87.94,14.62,95.89,12.06,9.61,7.86,-44.47,35.19,False
6,XLY,drawdown_recovery_30,30% Drawdown Recovery,7,5,71.43,35.89,91.78,13.81,97.5,19.82,9.71,1.64,-44.47,35.19,False
6,XLY,drawdown_recovery_40,40% Drawdown Recovery,2,1,50.0,9.45,90.55,2.38,97.62,7.89,7.89,3.82,-0.25,16.03,False
6,XLY,low_vol_trend,Low-Volatility Trend,22,6,27.27,13.15,48.15,5.6,70.31,5.28,6.66,1.91,-3.53,24.56,False
6,XLY,momentum,Top Relative Momentum 180,19,7,36.84,19.15,58.96,8.53,78.49,5.19,7.09,-0.85,-19.38,28.17,False
6,XLY,momentum_180,180-Day Absolute Momentum,38,14,36.84,23.38,52.72,12.85,69.76,5.15,7.51,2.23,-22.78,29.17,False
6,XLY,momentum_270,270-Day Absolute Momentum,36,16,44.44,29.54,60.42,16.87,75.93,7.77,8.24,1.32,-21.35,28.76,False
6,XLY,momentum_365,365-Day Absolute Momentum,37,14,37.84,24.06,53.9,13.23,70.85,4.89,7.04,1.02,-22.78,34.53,False
6,XLY,momentum_90,90-Day Absolute Momentum,36,12,33.33,20.21,49.67,10.63,67.76,7.02,5.74,-2.63,-38.49,35.19,False
6,XLY,momentum_composite,Composite Momentum,18,7,38.89,20.3,61.38,9.03,80.31,4.39,6.43,-2.47,-19.38,29.17,False
6,XLY,momentum_dual_180_365,Dual Momentum 180/365,35,13,37.14,23.17,53.66,12.47,71.03,4.89,6.47,1.18,-22.78,27.83,False
6,XLY,momentum_dual_90_180,Dual Momentum 90/180,34,14,41.18,26.37,57.78,14.5,74.29,7.11,7.37,-2.3,-21.18,29.17,False
6,XLY,momentum_rank_365,Top Relative Momentum 365,20,8,40.0,21.88,61.34,10.15,79.73,7.25,9.96,2.15,-4.08,34.53,False
6,XLY,momentum_rank_90,Top Relative Momentum 90,21,8,38.1,20.75,59.12,9.64,78.02,5.41,9.96,2.58,-5.13,35.19,False
6,XLY,rsi14_recovery,RSI 14 Recovery,23,9,39.13,22.16,59.21,10.68,77.57,6.14,8.0,2.23,-8.79,27.83,False
6,XLY,rsi28_recovery,RSI 28 Recovery,15,6,40.0,19.82,64.25,8.38,82.93,6.14,12.2,3.24,-13.33,35.19,False
6,XLY,trend,SMA 50/200 + Momentum,24,8,33.33,17.97,53.29,8.36,73.26,5.77,4.45,-2.35,-21.18,24.56,False
6,XLY,trend_breakout_100,100-Day Range Breakout,15,5,33.33,15.18,58.29,6.08,79.44,3.35,3.84,-1.26,-19.38,17.61,False
6,XLY,trend_breakout_200,200-Day Range Breakout,15,5,33.33,15.18,58.29,6.08,79.44,3.35,3.73,-1.26,-19.38,16.81,False
6,XLY,trend_ema100_200,EMA 100/200,36,14,38.89,24.78,55.14,13.62,71.97,5.0,6.99,1.45,-22.78,27.35,False
6,XLY,trend_ema50_200,EMA 50/200,35,14,40.0,25.55,56.43,14.05,73.12,5.12,7.46,1.42,-5.87,27.35,False
6,XLY,trend_price_sma100,Price above SMA 100,39,14,35.9,22.74,51.58,12.5,68.71,7.86,6.14,0.38,-38.49,35.19,False
6,XLY,trend_price_sma200,Price above SMA 200,38,16,42.11,27.85,57.81,15.9,73.67,8.85,7.73,1.16,-31.78,28.17,False
6,XLY,trend_sma100_200,SMA 100/200,33,10,30.3,17.38,47.34,8.66,66.59,5.41,6.94,1.9,-10.04,27.83,False
6,XLY,trend_triple_ma,Triple Moving Average,32,12,37.5,22.93,54.75,12.06,72.41,6.32,5.98,-3.0,-14.31,24.56,False
6,XLY,vol_contraction_trend,Volatility Contraction Trend,23,9,39.13,22.16,59.21,10.68,77.57,7.83,6.99,1.1,-14.31,26.83,False
7,DIA,bollinger_recovery,Bollinger Recovery,17,6,35.29,17.31,58.7,7.34,78.97,8.92,9.19,4.05,-12.65,28.09,False
7,DIA,breadth_trend,Broad-Market Trend,34,13,38.24,23.9,54.96,12.86,72.19,7.67,6.32,1.19,-9.95,21.46,False
7,DIA,buy_hold,Buy & Hold Benchmark,37,11,29.73,17.49,45.78,8.97,64.49,6.62,5.79,0.44,-28.99,28.16,False
7,DIA,drawdown_recovery,25% Drawdown Recovery,1,1,100.0,20.65,100.0,4.87,100.0,26.52,26.52,26.52,26.52,26.52,False
7,DIA,drawdown_recovery_20,20% Drawdown Recovery,5,3,60.0,23.07,88.24,7.61,96.47,14.24,13.71,4.76,4.74,26.52,False
7,DIA,drawdown_recovery_30,30% Drawdown Recovery,3,2,66.67,20.77,93.85,6.01,98.43,14.24,15.17,9.5,4.76,26.52,False
7,DIA,drawdown_recovery_40,40% Drawdown Recovery,2,1,50.0,9.45,90.55,2.38,97.62,9.5,9.5,7.13,4.76,14.24,False
7,DIA,low_vol_trend,Low-Volatility Trend,35,11,31.43,18.55,47.98,9.51,66.64,7.45,7.19,1.83,-6.41,23.3,False
7,DIA,momentum,Top Relative Momentum 180,3,1,33.33,6.15,79.23,1.57,93.99,6.93,10.22,3.69,0.44,23.3,False
7,DIA,momentum_180,180-Day Absolute Momentum,35,11,31.43,18.55,47.98,9.51,66.64,7.42,6.73,0.91,-9.68,23.3,False
7,DIA,momentum_270,270-Day Absolute Momentum,33,10,30.3,17.38,47.34,8.66,66.59,6.56,7.28,1.64,-6.62,25.58,False
7,DIA,momentum_365,365-Day Absolute Momentum,34,11,32.35,19.13,49.16,9.81,67.77,7.25,5.32,2.79,-36.15,23.3,False
7,DIA,momentum_90,90-Day Absolute Momentum,34,13,38.24,23.9,54.96,12.86,72.19,7.57,5.78,1.83,-26.71,21.22,False
7,DIA,momentum_composite,Composite Momentum,3,1,33.33,6.15,79.23,1.57,93.99,1.23,5.21,0.21,-0.81,15.2,False
7,DIA,momentum_dual_180_365,Dual Momentum 180/365,32,11,34.38,20.41,51.69,10.46,70.13,6.47,5.03,1.53,-18.39,18.11,False
7,DIA,momentum_dual_90_180,Dual Momentum 90/180,33,12,36.36,22.19,53.38,11.67,71.2,7.22,6.11,1.69,-9.95,21.46,False
7,DIA,momentum_rank_365,Top Relative Momentum 365,2,0,0.0,0.0,65.76,0.0,90.71,-3.29,-3.29,-4.53,-5.77,-0.81,False
7,DIA,momentum_rank_90,Top Relative Momentum 90,6,1,16.67,3.01,56.35,0.78,83.55,4.64,3.24,-3.18,-6.23,12.12,False
7,DIA,rsi14_recovery,RSI 14 Recovery,18,5,27.78,12.5,50.87,5.02,73.66,7.41,7.36,3.38,-6.62,18.49,False
7,DIA,rsi28_recovery,RSI 28 Recovery,17,5,29.41,13.28,53.13,5.33,75.5,8.92,6.28,3.65,-28.99,26.52,False
7,DIA,trend,SMA 50/200 + Momentum,21,6,28.57,13.81,49.96,5.88,71.91,6.19,5.61,-1.08,-9.62,19.32,False
7,DIA,trend_breakout_100,100-Day Range Breakout,17,6,35.29,17.31,58.7,7.34,78.97,7.19,7.13,1.82,-6.41,18.29,False
7,DIA,trend_breakout_200,200-Day Range Breakout,14,4,28.57,11.72,54.65,4.39,77.72,6.84,6.26,2.52,-6.41,16.9,False
7,DIA,trend_ema100_200,EMA 100/200,34,11,32.35,19.13,49.16,9.81,67.77,6.55,6.75,1.57,-9.68,23.3,False
7,DIA,trend_ema50_200,EMA 50/200,34,10,29.41,16.83,46.17,8.4,65.45,7.43,6.73,0.9,-6.41,23.3,False
7,DIA,trend_price_sma100,Price above SMA 100,35,9,25.71,14.16,42.07,6.85,61.97,7.22,5.85,1.66,-36.15,28.16,False
7,DIA,trend_price_sma200,Price above SMA 200,35,11,31.43,18.55,47.98,9.51,66.64,7.45,7.19,1.83,-6.41,23.3,False
7,DIA,trend_sma100_200,SMA 100/200,32,9,28.12,15.56,45.37,7.52,65.31,6.05,6.84,1.9,-9.68,23.68,False
7,DIA,trend_triple_ma,Triple Moving Average,28,8,28.57,15.25,47.06,7.11,67.64,5.71,5.97,2.79,-9.68,18.29,False
7,DIA,vol_contraction_trend,Volatility Contraction Trend,24,9,37.5,21.16,57.29,10.2,76.01,6.56,7.89,3.07,-5.84,23.3,False
7,IWM,bollinger_recovery,Bollinger Recovery,15,6,40.0,19.82,64.25,8.38,82.93,9.16,8.57,0.31,-15.12,45.6,False
7,IWM,breadth_trend,Broad-Market Trend,34,12,35.29,21.49,52.09,11.3,70.02,7.58,7.45,1.65,-19.02,43.24,False
7,IWM,buy_hold,Buy & Hold Benchmark,37,15,40.54,26.35,56.51,14.77,72.85,8.65,6.09,-0.24,-37.51,43.24,False
7,IWM,drawdown_recovery,25% Drawdown Recovery,6,4,66.67,30.0,90.32,10.76,97.07,20.75,20.77,10.46,2.44,45.6,False
7,IWM,drawdown_recovery_20,20% Drawdown Recovery,13,6,46.15,23.21,70.86,9.77,87.16,7.42,10.24,2.52,-41.91,45.6,False
7,IWM,drawdown_recovery_30,30% Drawdown Recovery,5,4,80.0,37.55,96.38,13.17,99.06,16.12,23.4,13.25,1.79,45.6,False
7,IWM,drawdown_recovery_40,40% Drawdown Recovery,3,3,100.0,43.85,100.0,13.32,100.0,16.12,24.99,14.68,13.25,45.6,False
7,IWM,low_vol_trend,Low-Volatility Trend,4,2,50.0,15.0,85.0,4.45,95.55,3.48,9.69,-5.73,-8.44,40.26,False
7,IWM,momentum,Top Relative Momentum 180,16,6,37.5,18.48,61.36,7.83,80.91,0.97,2.75,-5.37,-37.51,27.68,False
7,IWM,momentum_180,180-Day Absolute Momentum,31,10,32.26,18.57,49.86,9.26,68.97,6.22,7.35,-1.56,-10.21,40.26,False
7,IWM,momentum_270,270-Day Absolute Momentum,32,11,34.38,20.41,51.69,10.46,70.13,4.53,5.56,-3.44,-15.68,44.27,False
7,IWM,momentum_365,365-Day Absolute Momentum,32,12,37.5,22.93,54.75,12.06,72.41,4.24,6.73,-0.5,-17.59,41.16,False
7,IWM,momentum_90,90-Day Absolute Momentum,34,12,35.29,21.49,52.09,11.3,70.02,7.69,6.26,-0.62,-31.31,43.24,False
7,IWM,momentum_composite,Composite Momentum,14,6,42.86,21.38,67.41,9.02,85.01,6.6,8.17,0.01,-8.83,27.68,False
7,IWM,momentum_dual_180_365,Dual Momentum 180/365,28,7,25.0,12.68,43.36,5.68,64.87,4.14,5.3,-1.65,-15.13,27.91,False
7,IWM,momentum_dual_90_180,Dual Momentum 90/180,29,9,31.03,17.28,49.23,8.34,68.99,5.45,6.78,-1.62,-14.44,40.26,False
7,IWM,momentum_rank_365,Top Relative Momentum 365,12,2,16.67,4.7,44.8,1.44,73.18,2.43,4.22,-2.89,-15.6,27.91,False
7,IWM,momentum_rank_90,Top Relative Momentum 90,19,5,26.32,11.81,48.79,4.75,71.89,4.11,3.38,-1.29,-47.87,27.68,False
7,IWM,rsi14_recovery,RSI 14 Recovery,22,11,50.0,30.72,69.28,15.71,84.29,10.42,10.77,3.62,-14.44,44.5,False
7,IWM,rsi28_recovery,RSI 28 Recovery,14,7,50.0,26.8,73.2,11.84,88.16,10.14,13.81,7.65,-1.18,45.6,False
7,IWM,trend,SMA 50/200 + Momentum,21,8,38.1,20.75,59.12,9.64,78.02,8.32,6.72,-0.79,-14.44,27.68,False
7,IWM,trend_breakout_100,100-Day Range Breakout,13,2,15.38,4.33,42.24,1.33,71.0,2.42,2.05,-3.42,-31.31,40.26,False
7,IWM,trend_breakout_200,200-Day Range Breakout,10,1,10.0,1.79,40.42,0.47,72.44,2.74,2.98,-0.66,-11.95,27.68,False
7,IWM,trend_ema100_200,EMA 100/200,30,9,30.0,16.66,47.88,8.05,67.72,3.96,6.37,-2.43,-15.68,44.27,False
7,IWM,trend_ema50_200,EMA 50/200,31,11,35.48,21.12,53.05,10.83,71.36,3.62,5.79,-2.23,-17.59,44.27,False
7,IWM,trend_price_sma100,Price above SMA 100,35,15,42.86,27.98,59.14,15.69,75.14,6.54,5.6,-2.92,-31.31,41.16,False
7,IWM,trend_price_sma200,Price above SMA 200,35,12,34.29,20.83,50.85,10.96,68.87,7.53,6.34,-0.19,-31.31,43.24,False
7,IWM,trend_sma100_200,SMA 100/200,31,10,32.26,18.57,49.86,9.26,68.97,6.13,5.97,-1.69,-37.51,49.15,False
7,IWM,trend_triple_ma,Triple Moving Average,26,8,30.77,16.5,49.99,7.69,70.35,3.76,4.51,-2.48,-19.02,27.68,False
7,IWM,vol_contraction_trend,Volatility Contraction Trend,23,8,34.78,18.81,55.11,8.75,74.79,2.52,3.6,-4.11,-31.31,43.24,False
7,QQQ,bollinger_recovery,Bollinger Recovery,14,7,50.0,26.8,73.2,11.84,88.16,9.75,10.85,-1.39,-18.75,40.98,False
7,QQQ,breadth_trend,Broad-Market Trend,33,18,54.55,37.99,70.16,22.45,83.26,11.45,9.21,3.12,-18.75,29.55,False
7,QQQ,buy_hold,Buy & Hold Benchmark,37,18,48.65,33.45,64.11,19.74,78.5,9.48,9.04,1.17,-28.81,26.92,False
7,QQQ,drawdown_recovery,25% Drawdown Recovery,5,4,80.0,37.55,96.38,13.17,99.06,22.87,19.7,14.29,-6.58,40.98,False
7,QQQ,drawdown_recovery_20,20% Drawdown Recovery,8,6,75.0,40.93,92.85,16.71,97.82,15.62,10.24,6.77,-44.73,40.98,False
7,QQQ,drawdown_recovery_30,30% Drawdown Recovery,4,3,75.0,30.06,95.44,9.68,98.82,18.31,14.24,8.66,-6.58,26.92,False
7,QQQ,drawdown_recovery_40,40% Drawdown Recovery,2,2,100.0,34.24,100.0,9.29,100.0,24.89,24.89,23.88,22.87,26.92,False
7,QQQ,low_vol_trend,Low-Volatility Trend,11,6,54.55,28.01,78.73,11.71,91.57,11.73,11.21,-2.93,-10.88,40.98,False
7,QQQ,momentum,Top Relative Momentum 180,25,15,60.0,40.74,76.6,22.88,88.35,11.43,9.85,1.09,-12.16,34.83,False
7,QQQ,momentum_180,180-Day Absolute Momentum,35,19,54.29,38.19,69.53,22.9,82.6,10.98,9.18,3.54,-37.11,38.13,False
7,QQQ,momentum_270,270-Day Absolute Momentum,34,19,55.88,39.45,71.12,23.67,83.8,12.31,9.17,2.65,-44.73,31.96,False
7,QQQ,momentum_365,365-Day Absolute Momentum,33,16,48.48,32.5,64.78,18.57,79.52,9.9,7.55,1.79,-44.73,28.58,False
7,QQQ,momentum_90,90-Day Absolute Momentum,33,19,57.58,40.81,72.76,24.49,85.02,13.02,11.4,3.33,-11.83,39.39,False
7,QQQ,momentum_composite,Composite Momentum,25,11,44.0,26.67,62.93,13.65,79.61,9.48,6.5,-3.03,-37.11,24.88,False
7,QQQ,momentum_dual_180_365,Dual Momentum 180/365,33,16,48.48,32.5,64.78,18.57,79.52,9.9,7.52,1.79,-37.11,29.64,False
7,QQQ,momentum_dual_90_180,Dual Momentum 90/180,33,18,54.55,37.99,70.16,22.45,83.26,11.45,8.91,1.84,-37.11,34.42,False
7,QQQ,momentum_rank_365,Top Relative Momentum 365,23,11,47.83,29.24,67.04,14.96,82.69,8.97,9.89,3.33,-11.83,29.64,False
7,QQQ,momentum_rank_90,Top Relative Momentum 90,27,14,51.85,33.99,69.26,18.7,83.45,10.2,9.49,3.46,-37.11,39.39,False
7,QQQ,rsi14_recovery,RSI 14 Recovery,20,13,65.0,43.29,81.88,23.26,91.92,12.35,10.16,7.07,-18.75,29.31,False
7,QQQ,rsi28_recovery,RSI 28 Recovery,10,6,60.0,31.27,83.18,13.0,93.77,12.11,15.16,7.97,-18.75,40.98,False
7,QQQ,trend,SMA 50/200 + Momentum,27,12,44.44,27.59,62.69,14.5,79.05,9.83,8.56,3.97,-19.08,30.82,False
7,QQQ,trend_breakout_100,100-Day Range Breakout,16,10,62.5,38.64,81.52,19.09,92.17,12.59,8.27,7.77,-37.11,26.92,False
7,QQQ,trend_breakout_200,200-Day Range Breakout,12,8,66.67,39.06,86.19,17.83,94.85,12.59,10.63,9.46,-18.75,22.87,False
7,QQQ,trend_ema100_200,EMA 100/200,33,17,51.52,35.22,67.5,20.48,81.43,11.22,8.34,-1.88,-23.0,40.98,False
7,QQQ,trend_ema50_200,EMA 50/200,33,18,54.55,37.99,70.16,22.45,83.26,11.22,9.2,4.69,-37.11,40.98,False
7,QQQ,trend_price_sma100,Price above SMA 100,36,20,55.56,39.58,70.46,24.07,83.13,10.64,8.92,4.26,-44.73,33.86,False
7,QQQ,trend_price_sma200,Price above SMA 200,34,17,50.0,34.07,65.93,19.8,80.2,9.81,10.56,3.43,-18.75,34.83,False
7,QQQ,trend_sma100_200,SMA 100/200,32,18,56.25,39.33,71.83,23.25,84.51,11.47,10.28,2.96,-18.75,38.13,False
7,QQQ,trend_triple_ma,Triple Moving Average,29,16,55.17,37.55,71.59,21.48,84.71,11.73,10.16,5.3,-19.08,29.55,False
7,QQQ,vol_contraction_trend,Volatility Contraction Trend,22,13,59.09,38.73,76.74,20.83,88.8,11.81,9.18,7.88,-37.11,26.11,False
7,SPY,bollinger_recovery,Bollinger Recovery,15,7,46.67,24.81,69.88,10.99,86.12,8.56,8.09,1.34,-13.0,29.94,False
7,SPY,breadth_trend,Broad-Market Trend,34,15,44.12,28.88,60.55,16.2,76.33,8.52,6.76,1.83,-8.77,19.9,False
7,SPY,buy_hold,Buy & Hold Benchmark,37,14,37.84,24.06,53.9,13.23,70.85,7.45,6.33,2.16,-32.87,26.29,False
7,SPY,drawdown_recovery,25% Drawdown Recovery,2,2,100.0,34.24,100.0,9.29,100.0,27.65,27.65,26.97,26.29,29.01,False
7,SPY,drawdown_recovery_20,20% Drawdown Recovery,5,3,60.0,23.07,88.24,7.61,96.47,13.19,13.4,9.33,-2.41,29.01,False
7,SPY,drawdown_recovery_30,30% Drawdown Recovery,4,3,75.0,30.06,95.44,9.68,98.82,15.52,17.35,12.22,9.33,29.01,False
7,SPY,drawdown_recovery_40,40% Drawdown Recovery,2,1,50.0,9.45,90.55,2.38,97.62,11.26,11.26,10.3,9.33,13.19,False
7,SPY,low_vol_trend,Low-Volatility Trend,33,14,42.42,27.24,59.19,14.98,75.51,9.0,6.82,1.26,-8.15,23.82,False
7,SPY,momentum,Top Relative Momentum 180,1,1,100.0,20.65,100.0,4.87,100.0,11.56,11.56,11.56,11.56,11.56,False
7,SPY,momentum_180,180-Day Absolute Momentum,34,15,44.12,28.88,60.55,16.2,76.33,8.27,7.72,3.58,-8.77,19.9,False
7,SPY,momentum_270,270-Day Absolute Momentum,33,16,48.48,32.5,64.78,18.57,79.52,9.64,8.32,2.16,-9.12,27.93,False
7,SPY,momentum_365,365-Day Absolute Momentum,34,14,41.18,26.37,57.78,14.5,74.29,7.55,5.68,2.1,-41.29,17.33,False
7,SPY,momentum_90,90-Day Absolute Momentum,35,17,48.57,32.99,64.43,19.17,79.0,9.82,6.43,2.18,-31.9,20.74,False
7,SPY,momentum_composite,Composite Momentum,2,2,100.0,34.24,100.0,9.29,100.0,15.74,15.74,13.65,11.56,19.92,False
7,SPY,momentum_dual_180_365,Dual Momentum 180/365,32,10,31.25,17.95,48.57,8.95,67.76,6.2,5.89,0.93,-14.11,29.01,False
7,SPY,momentum_dual_90_180,Dual Momentum 90/180,33,13,39.39,24.68,56.32,13.29,73.39,6.88,7.57,3.69,-8.77,19.9,False
7,SPY,momentum_rank_365,Top Relative Momentum 365,2,2,100.0,34.24,100.0,9.29,100.0,18.42,18.42,16.98,15.54,21.3,False
7,SPY,rsi14_recovery,RSI 14 Recovery,21,11,52.38,32.37,71.66,16.55,85.92,10.29,8.03,5.02,-8.77,19.92,False
7,SPY,rsi28_recovery,RSI 28 Recovery,12,6,50.0,25.38,74.62,10.65,89.35,9.67,5.68,0.56,-32.87,29.01,False
7,SPY,trend,SMA 50/200 + Momentum,23,10,43.48,25.63,63.19,12.75,80.2,8.0,6.75,2.06,-12.76,16.48,False
7,SPY,trend_breakout_100,100-Day Range Breakout,16,7,43.75,23.1,66.82,10.25,84.12,8.17,7.72,3.82,-8.77,20.47,False
7,SPY,trend_breakout_200,200-Day Range Breakout,16,7,43.75,23.1,66.82,10.25,84.12,8.17,7.31,3.82,-8.77,20.47,False
7,SPY,trend_ema100_200,EMA 100/200,32,13,40.62,25.52,57.74,13.74,74.62,9.07,7.18,1.94,-8.15,22.06,False
7,SPY,trend_ema50_200,EMA 50/200,32,13,40.62,25.52,57.74,13.74,74.62,8.48,7.29,2.37,-8.15,22.06,False
7,SPY,trend_price_sma100,Price above SMA 100,36,13,36.11,22.48,52.43,12.1,69.89,7.82,6.3,2.02,-31.9,26.29,False
7,SPY,trend_price_sma200,Price above SMA 200,34,16,47.06,31.45,63.26,17.97,78.3,9.24,7.54,2.39,-8.15,23.82,False
7,SPY,trend_sma100_200,SMA 100/200,31,9,29.03,16.1,46.59,7.78,66.49,7.93,7.09,4.98,-12.76,24.92,False
7,SPY,trend_triple_ma,Triple Moving Average,29,13,44.83,28.41,62.45,15.29,78.52,9.0,7.69,4.93,-8.77,19.92,False
7,SPY,vol_contraction_trend,Volatility Contraction Trend,24,9,37.5,21.16,57.29,10.2,76.01,8.99,8.8,5.41,0.22,19.36,False
7,VTI,bollinger_recovery,Bollinger Recovery,16,8,50.0,28.0,72.0,12.93,87.07,9.39,8.47,3.01,-11.65,32.7,False
7,VTI,breadth_trend,Broad-Market Trend,34,15,44.12,28.88,60.55,16.2,76.33,8.73,6.82,2.4,-11.65,21.43,False
7,VTI,buy_hold,Buy & Hold Benchmark,37,14,37.84,24.06,53.9,13.23,70.85,7.96,6.46,3.14,-33.39,25.93,False
7,VTI,drawdown_recovery,25% Drawdown Recovery,3,3,100.0,43.85,100.0,13.32,100.0,25.93,25.35,21.67,17.42,32.7,False
7,VTI,drawdown_recovery_20,20% Drawdown Recovery,7,4,57.14,25.05,84.18,9.1,94.67,11.34,13.1,7.04,-1.87,32.7,False
7,VTI,drawdown_recovery_30,30% Drawdown Recovery,3,3,100.0,43.85,100.0,13.32,100.0,14.18,19.41,12.76,11.34,32.7,False
7,VTI,drawdown_recovery_40,40% Drawdown Recovery,2,2,100.0,34.24,100.0,9.29,100.0,12.76,12.76,12.05,11.34,14.18,False
7,VTI,low_vol_trend,Low-Volatility Trend,32,11,34.38,20.41,51.69,10.46,70.13,5.92,6.46,2.87,-11.65,21.27,False
7,VTI,momentum,Top Relative Momentum 180,2,0,0.0,0.0,65.76,0.0,90.71,7.76,7.76,7.74,7.72,7.81,False
7,VTI,momentum_180,180-Day Absolute Momentum,33,11,33.33,19.75,50.39,10.13,68.93,6.16,7.53,3.72,-8.55,27.28,False
7,VTI,momentum_270,270-Day Absolute Momentum,33,16,48.48,32.5,64.78,18.57,79.52,9.55,8.33,2.7,-11.65,29.24,False
7,VTI,momentum_365,365-Day Absolute Momentum,34,14,41.18,26.37,57.78,14.5,74.29,7.24,5.46,1.34,-41.84,18.97,False
7,VTI,momentum_90,90-Day Absolute Momentum,35,17,48.57,32.99,64.43,19.17,79.0,9.94,6.38,2.01,-32.74,25.93,False
7,VTI,momentum_composite,Composite Momentum,2,0,0.0,0.0,65.76,0.0,90.71,7.76,7.76,7.74,7.72,7.81,False
7,VTI,momentum_dual_180_365,Dual Momentum 180/365,31,11,35.48,21.12,53.05,10.83,71.36,6.15,6.73,1.36,-8.55,27.28,False
7,VTI,momentum_dual_90_180,Dual Momentum 90/180,32,11,34.38,20.41,51.69,10.46,70.13,6.47,7.46,4.72,-11.65,21.43,False
7,VTI,momentum_rank_365,Top Relative Momentum 365,1,0,0.0,0.0,79.35,0.0,95.13,3.43,3.43,3.43,3.43,3.43,False
7,VTI,rsi14_recovery,RSI 14 Recovery,21,12,57.14,36.55,75.53,19.18,88.22,10.42,7.7,1.0,-11.65,21.43,False
7,VTI,rsi28_recovery,RSI 28 Recovery,13,8,61.54,35.52,82.29,16.29,92.94,11.79,11.79,7.61,-14.51,32.7,False
7,VTI,trend,SMA 50/200 + Momentum,24,9,37.5,21.16,57.29,10.2,76.01,7.32,6.44,1.99,-13.99,19.64,False
7,VTI,trend_breakout_100,100-Day Range Breakout,16,8,50.0,28.0,72.0,12.93,87.07,8.91,7.48,4.54,-11.65,19.8,False
7,VTI,trend_breakout_200,200-Day Range Breakout,16,8,50.0,28.0,72.0,12.93,87.07,8.91,7.48,4.54,-11.65,19.8,False
7,VTI,trend_ema100_200,EMA 100/200,32,14,43.75,28.17,60.67,15.49,76.75,8.22,7.14,2.28,-8.64,26.24,False
7,VTI,trend_ema50_200,EMA 50/200,32,14,43.75,28.17,60.67,15.49,76.75,8.91,7.53,2.59,-8.64,26.24,False
7,VTI,trend_price_sma100,Price above SMA 100,36,14,38.89,24.78,55.14,13.62,71.97,7.52,6.45,2.62,-32.74,25.93,False
7,VTI,trend_price_sma200,Price above SMA 200,34,15,44.12,28.88,60.55,16.2,76.33,9.27,7.65,1.86,-8.64,27.28,False
7,VTI,trend_sma100_200,SMA 100/200,31,11,35.48,21.12,53.05,10.83,71.36,7.69,7.12,4.79,-13.99,27.48,False
7,VTI,trend_triple_ma,Triple Moving Average,28,12,42.86,26.51,60.93,13.94,77.65,8.55,7.6,4.39,-11.65,18.97,False
7,VTI,vol_contraction_trend,Volatility Contraction Trend,25,9,36.0,20.25,55.48,9.77,74.51,8.2,7.94,1.08,-8.5,21.43,False
7,XLB,bollinger_recovery,Bollinger Recovery,18,7,38.89,20.3,61.38,9.03,80.31,6.77,8.12,-0.38,-10.53,41.1,False
7,XLB,breadth_trend,Broad-Market Trend,33,13,39.39,24.68,56.32,13.29,73.39,8.17,7.12,1.57,-21.12,27.81,False
7,XLB,buy_hold,Buy & Hold Benchmark,37,14,37.84,24.06,53.9,13.23,70.85,6.43,5.85,-1.63,-37.16,27.41,False
7,XLB,drawdown_recovery,25% Drawdown Recovery,3,2,66.67,20.77,93.85,6.01,98.43,27.41,21.0,10.95,-5.52,41.1,False
7,XLB,drawdown_recovery_20,20% Drawdown Recovery,9,3,33.33,12.06,64.58,4.11,85.38,6.09,13.2,3.19,-5.52,41.1,False
7,XLB,drawdown_recovery_30,30% Drawdown Recovery,2,2,100.0,34.24,100.0,9.29,100.0,36.43,36.43,34.1,31.77,41.1,False
7,XLB,drawdown_recovery_40,40% Drawdown Recovery,1,1,100.0,20.65,100.0,4.87,100.0,31.77,31.77,31.77,31.77,31.77,False
7,XLB,low_vol_trend,Low-Volatility Trend,6,1,16.67,3.01,56.35,0.78,83.55,-2.95,1.58,-4.1,-13.26,23.93,False
7,XLB,momentum,Top Relative Momentum 180,12,4,33.33,13.81,60.94,5.15,82.17,2.81,3.17,1.41,-49.13,24.55,False
7,XLB,momentum_180,180-Day Absolute Momentum,34,13,38.24,23.9,54.96,12.86,72.19,4.67,4.79,-0.28,-45.52,35.47,False
7,XLB,momentum_270,270-Day Absolute Momentum,31,13,41.94,26.42,59.23,14.22,75.89,6.43,5.68,-1.61,-37.16,40.07,False
7,XLB,momentum_365,365-Day Absolute Momentum,34,11,32.35,19.13,49.16,9.81,67.77,5.66,5.0,-0.28,-49.13,29.37,False
7,XLB,momentum_90,90-Day Absolute Momentum,34,13,38.24,23.9,54.96,12.86,72.19,7.72,5.81,-0.86,-49.13,31.77,False
7,XLB,momentum_composite,Composite Momentum,13,3,23.08,8.18,50.26,2.81,75.67,2.2,1.23,-2.65,-49.13,35.52,False
7,XLB,momentum_dual_180_365,Dual Momentum 180/365,32,9,28.12,15.56,45.37,7.52,65.31,5.02,4.6,-0.63,-45.52,29.37,False
7,XLB,momentum_dual_90_180,Dual Momentum 90/180,32,11,34.38,20.41,51.69,10.46,70.13,3.29,5.92,-0.2,-14.35,29.37,False
7,XLB,momentum_rank_365,Top Relative Momentum 365,12,3,25.0,8.89,53.23,3.05,77.92,4.37,2.18,-2.4,-37.16,29.37,False
7,XLB,momentum_rank_90,Top Relative Momentum 90,19,4,21.05,8.51,43.33,3.2,68.25,6.67,5.28,-1.23,-36.91,35.52,False
7,XLB,rsi14_recovery,RSI 14 Recovery,28,12,42.86,26.51,60.93,13.94,77.65,9.11,9.29,2.76,-25.71,41.1,False
7,XLB,rsi28_recovery,RSI 28 Recovery,18,8,44.44,24.56,66.28,11.37,83.3,9.48,8.36,2.09,-25.71,41.1,False
7,XLB,trend,SMA 50/200 + Momentum,23,7,30.43,15.6,50.87,6.97,71.87,5.66,2.97,-0.38,-45.52,24.63,False
7,XLB,trend_breakout_100,100-Day Range Breakout,17,6,35.29,17.31,58.7,7.34,78.97,4.19,7.39,0.92,-13.26,29.37,False
7,XLB,trend_breakout_200,200-Day Range Breakout,15,4,26.67,10.9,51.95,4.08,75.64,5.54,5.94,1.39,-13.26,24.55,False
7,XLB,trend_ema100_200,EMA 100/200,30,8,26.67,14.18,44.45,6.61,65.12,6.13,6.17,-0.45,-13.21,24.63,False
7,XLB,trend_ema50_200,EMA 50/200,34,12,35.29,21.49,52.09,11.3,70.02,8.38,5.39,-0.28,-49.13,29.37,False
7,XLB,trend_price_sma100,Price above SMA 100,36,13,36.11,22.48,52.43,12.1,69.89,7.61,5.34,-0.09,-49.13,31.77,False
7,XLB,trend_price_sma200,Price above SMA 200,34,13,38.24,23.9,54.96,12.86,72.19,7.84,5.17,-1.28,-49.13,27.81,False
7,XLB,trend_sma100_200,SMA 100/200,29,8,27.59,14.7,45.72,6.85,66.36,5.54,5.66,1.92,-45.52,35.47,False
7,XLB,trend_triple_ma,Triple Moving Average,25,8,32.0,17.2,51.59,8.01,71.78,6.23,5.07,0.17,-25.71,29.37,False
7,XLB,vol_contraction_trend,Volatility Contraction Trend,22,10,45.45,26.92,65.34,13.38,81.8,5.29,5.62,-2.39,-45.52,29.37,False
7,XLE,bollinger_recovery,Bollinger Recovery,17,6,35.29,17.31,58.7,7.34,78.97,4.23,5.37,2.19,-34.19,44.92,False
7,XLE,breadth_trend,Broad-Market Trend,30,15,50.0,33.15,66.85,18.6,81.4,9.93,10.15,-2.97,-38.29,53.11,False
7,XLE,buy_hold,Buy & Hold Benchmark,37,16,43.24,28.67,59.09,16.37,74.79,5.37,7.57,-5.21,-33.98,54.43,False
7,XLE,drawdown_recovery,25% Drawdown Recovery,5,3,60.0,23.07,88.24,7.61,96.47,13.42,18.72,7.91,5.46,53.11,False
7,XLE,drawdown_recovery_20,20% Drawdown Recovery,11,5,45.45,21.27,71.99,8.43,88.29,7.91,8.41,-4.99,-20.32,53.11,False
7,XLE,drawdown_recovery_30,30% Drawdown Recovery,5,1,20.0,3.62,62.45,0.94,86.83,5.46,10.69,-2.59,-10.45,53.11,False
7,XLE,drawdown_recovery_40,40% Drawdown Recovery,4,1,25.0,4.56,69.94,1.18,90.32,6.68,15.97,3.45,-2.59,53.11,False
7,XLE,low_vol_trend,Low-Volatility Trend,3,1,33.33,6.15,79.23,1.57,93.99,7.73,6.24,-2.95,-13.62,24.6,False
7,XLE,momentum,Top Relative Momentum 180,19,9,47.37,27.33,68.29,13.13,84.27,7.73,8.95,2.14,-23.81,30.79,False
7,XLE,momentum_180,180-Day Absolute Momentum,30,14,46.67,30.23,63.86,16.63,79.33,9.51,9.5,-3.46,-43.58,53.11,False
7,XLE,momentum_270,270-Day Absolute Momentum,30,12,40.0,24.59,57.68,12.93,74.96,5.72,8.01,-1.85,-33.98,54.43,False
7,XLE,momentum_365,365-Day Absolute Momentum,29,13,44.83,28.41,62.45,15.29,78.52,8.35,8.38,-0.5,-43.58,67.37,False
7,XLE,momentum_90,90-Day Absolute Momentum,34,15,44.12,28.88,60.55,16.2,76.33,7.07,8.59,-1.79,-38.29,54.43,False
7,XLE,momentum_composite,Composite Momentum,14,7,50.0,26.8,73.2,11.84,88.16,9.83,8.68,-5.76,-23.81,44.92,False
7,XLE,momentum_dual_180_365,Dual Momentum 180/365,26,11,42.31,25.54,61.05,13.08,78.13,8.92,8.45,-4.65,-43.58,67.37,False
7,XLE,momentum_dual_90_180,Dual Momentum 90/180,29,14,48.28,31.39,65.57,17.26,80.68,9.52,9.72,-4.22,-43.58,67.37,False
7,XLE,momentum_rank_365,Top Relative Momentum 365,13,7,53.85,29.14,76.79,12.84,90.23,12.37,8.56,1.87,-23.18,40.2,False
7,XLE,momentum_rank_90,Top Relative Momentum 90,22,11,50.0,30.72,69.28,15.71,84.29,10.61,8.75,2.58,-43.58,37.79,False
7,XLE,rsi14_recovery,RSI 14 Recovery,23,12,52.17,32.96,70.76,17.31,85.04,10.76,11.07,-5.79,-23.18,67.37,False
7,XLE,rsi28_recovery,RSI 28 Recovery,18,8,44.44,24.56,66.28,11.37,83.3,7.32,9.75,1.9,-34.19,67.37,False
7,XLE,trend,SMA 50/200 + Momentum,22,11,50.0,30.72,69.28,15.71,84.29,10.3,10.0,-0.2,-43.58,54.43,False
7,XLE,trend_breakout_100,100-Day Range Breakout,10,5,50.0,23.66,76.34,9.34,90.66,9.37,9.36,0.84,-9.79,34.9,False
7,XLE,trend_breakout_200,200-Day Range Breakout,9,5,55.56,26.66,81.12,10.47,93.04,12.67,9.76,0.56,-9.79,30.79,False
7,XLE,trend_ema100_200,EMA 100/200,28,14,50.0,32.63,67.37,17.95,82.05,9.93,8.47,-0.2,-43.58,44.92,False
7,XLE,trend_ema50_200,EMA 50/200,29,16,55.17,37.55,71.59,21.48,84.71,11.67,8.89,0.79,-43.58,44.92,False
7,XLE,trend_price_sma100,Price above SMA 100,34,14,41.18,26.37,57.78,14.5,74.29,4.6,6.44,-7.94,-38.29,54.43,False
7,XLE,trend_price_sma200,Price above SMA 200,31,13,41.94,26.42,59.23,14.22,75.89,8.73,7.74,-4.67,-43.58,53.11,False
7,XLE,trend_sma100_200,SMA 100/200,30,12,40.0,24.59,57.68,12.93,74.96,8.81,8.11,0.34,-43.58,44.92,False
7,XLE,trend_triple_ma,Triple Moving Average,24,12,50.0,31.43,68.57,16.51,83.49,10.52,9.79,1.4,-43.58,44.92,False
7,XLE,vol_contraction_trend,Volatility Contraction Trend,19,9,47.37,27.33,68.29,13.13,84.27,8.73,8.29,1.47,-38.29,37.79,False
7,XLF,bollinger_recovery,Bollinger Recovery,17,7,41.18,21.61,63.99,9.6,82.19,7.11,8.54,4.66,-25.68,30.79,False
7,XLF,breadth_trend,Broad-Market Trend,32,11,34.38,20.41,51.69,10.46,70.13,5.82,6.21,-1.41,-21.89,32.19,False
7,XLF,buy_hold,Buy & Hold Benchmark,37,16,43.24,28.67,59.09,16.37,74.79,8.34,4.91,-5.28,-53.93,38.69,False
7,XLF,drawdown_recovery,25% Drawdown Recovery,6,3,50.0,18.76,81.24,6.27,93.73,12.6,15.91,-1.8,-9.16,57.6,False
7,XLF,drawdown_recovery_20,20% Drawdown Recovery,13,6,46.15,23.21,70.86,9.77,87.16,8.04,7.96,3.21,-61.05,57.6,False
7,XLF,drawdown_recovery_30,30% Drawdown Recovery,5,2,40.0,11.76,76.93,3.53,92.39,5.81,3.95,-9.16,-61.05,57.6,False
7,XLF,drawdown_recovery_40,40% Drawdown Recovery,2,2,100.0,34.24,100.0,9.29,100.0,42.07,42.07,34.31,26.55,57.6,False
7,XLF,low_vol_trend,Low-Volatility Trend,14,5,35.71,16.34,61.24,6.53,81.54,7.87,6.26,1.14,-4.71,15.02,False
7,XLF,momentum,Top Relative Momentum 180,16,8,50.0,28.0,72.0,12.93,87.07,9.58,6.11,-2.34,-21.4,20.9,False
7,XLF,momentum_180,180-Day Absolute Momentum,32,10,31.25,17.95,48.57,8.95,67.76,4.68,5.24,-3.31,-21.89,32.19,False
7,XLF,momentum_270,270-Day Absolute Momentum,30,13,43.33,27.38,60.8,14.74,77.19,7.91,6.33,1.0,-21.89,28.59,False
7,XLF,momentum_365,365-Day Absolute Momentum,33,10,30.3,17.38,47.34,8.66,66.59,3.98,4.94,-4.71,-20.67,28.59,False
7,XLF,momentum_90,90-Day Absolute Momentum,33,14,42.42,27.24,59.19,14.98,75.51,8.81,7.13,1.75,-21.89,38.66,False
7,XLF,momentum_composite,Composite Momentum,14,7,50.0,26.8,73.2,11.84,88.16,9.53,7.6,4.6,-21.4,23.93,False
7,XLF,momentum_dual_180_365,Dual Momentum 180/365,30,9,30.0,16.66,47.88,8.05,67.72,4.25,5.06,-3.73,-21.89,32.19,False
7,XLF,momentum_dual_90_180,Dual Momentum 90/180,29,10,34.48,19.94,52.66,9.94,71.52,6.11,6.37,-0.41,-22.32,32.19,False
7,XLF,momentum_rank_365,Top Relative Momentum 365,13,5,38.46,17.71,64.48,7.06,83.71,8.99,8.22,4.43,-8.83,21.04,False
7,XLF,momentum_rank_90,Top Relative Momentum 90,15,9,60.0,35.75,80.18,17.07,91.62,10.76,9.17,3.07,-11.5,28.59,False
7,XLF,rsi14_recovery,RSI 14 Recovery,20,8,40.0,21.88,61.34,10.15,79.73,8.16,9.02,3.51,-25.68,32.19,False
7,XLF,rsi28_recovery,RSI 28 Recovery,14,6,42.86,21.38,67.41,9.02,85.01,8.25,8.34,6.18,-25.68,27.79,False
7,XLF,trend,SMA 50/200 + Momentum,21,8,38.1,20.75,59.12,9.64,78.02,3.84,4.18,-1.62,-27.76,32.19,False
7,XLF,trend_breakout_100,100-Day Range Breakout,14,7,50.0,26.8,73.2,11.84,88.16,9.86,9.72,3.75,-4.71,28.59,False
7,XLF,trend_breakout_200,200-Day Range Breakout,11,6,54.55,28.01,78.73,11.71,91.57,10.91,10.47,3.9,-5.91,28.59,False
7,XLF,trend_ema100_200,EMA 100/200,31,10,32.26,18.57,49.86,9.26,68.97,4.55,5.27,-2.32,-21.89,32.19,False
7,XLF,trend_ema50_200,EMA 50/200,32,10,31.25,17.95,48.57,8.95,67.76,4.99,5.33,1.57,-21.89,32.19,False
7,XLF,trend_price_sma100,Price above SMA 100,32,11,34.38,20.41,51.69,10.46,70.13,5.79,7.35,-1.41,-17.67,38.69,False
7,XLF,trend_price_sma200,Price above SMA 200,32,11,34.38,20.41,51.69,10.46,70.13,6.36,6.25,-1.41,-21.89,32.19,False
7,XLF,trend_sma100_200,SMA 100/200,28,12,42.86,26.51,60.93,13.94,77.65,4.68,6.08,-2.16,-24.72,32.19,False
7,XLF,trend_triple_ma,Triple Moving Average,26,7,26.92,13.7,46.08,6.13,67.51,4.25,4.88,-0.11,-21.89,32.19,False
7,XLF,vol_contraction_trend,Volatility Contraction Trend,21,8,38.1,20.75,59.12,9.64,78.02,6.91,6.61,1.74,-22.32,28.59,False
7,XLI,bollinger_recovery,Bollinger Recovery,20,10,50.0,29.93,70.07,14.86,85.14,9.59,8.69,1.82,-16.87,42.45,False
7,XLI,breadth_trend,Broad-Market Trend,34,15,44.12,28.88,60.55,16.2,76.33,7.84,7.09,-0.7,-16.87,28.54,False
7,XLI,buy_hold,Buy & Hold Benchmark,37,16,43.24,28.67,59.09,16.37,74.79,7.09,6.71,-1.52,-42.29,27.64,False
7,XLI,drawdown_recovery,25% Drawdown Recovery,3,2,66.67,20.77,93.85,6.01,98.43,26.45,22.67,12.78,-0.9,42.45,False
7,XLI,drawdown_recovery_20,20% Drawdown Recovery,8,3,37.5,13.68,69.43,4.64,88.1,5.93,13.57,4.51,2.04,42.45,False
7,XLI,drawdown_recovery_30,30% Drawdown Recovery,4,3,75.0,30.06,95.44,9.68,98.82,22.01,22.13,17.0,2.04,42.45,False
7,XLI,drawdown_recovery_40,40% Drawdown Recovery,3,2,66.67,20.77,93.85,6.01,98.43,22.02,22.17,12.03,2.04,42.45,False
7,XLI,low_vol_trend,Low-Volatility Trend,19,9,47.37,27.33,68.29,13.13,84.27,7.94,7.51,3.98,-13.24,19.0,False
7,XLI,momentum,Top Relative Momentum 180,13,7,53.85,29.14,76.79,12.84,90.23,10.37,8.24,0.02,-6.54,24.49,False
7,XLI,momentum_180,180-Day Absolute Momentum,35,13,37.14,23.17,53.66,12.47,71.03,5.16,5.47,-1.11,-44.81,22.4,False
7,XLI,momentum_270,270-Day Absolute Momentum,33,15,45.45,29.84,62.01,16.74,77.55,7.09,6.63,-1.52,-13.14,28.54,False
7,XLI,momentum_365,365-Day Absolute Momentum,34,14,41.18,26.37,57.78,14.5,74.29,7.7,5.39,-1.02,-44.81,32.1,False
7,XLI,momentum_90,90-Day Absolute Momentum,35,16,45.71,30.47,61.81,17.4,77.1,7.88,6.09,0.02,-44.81,27.64,False
7,XLI,momentum_composite,Composite Momentum,15,7,46.67,24.81,69.88,10.99,86.12,7.79,4.88,3.73,-44.81,17.2,False
7,XLI,momentum_dual_180_365,Dual Momentum 180/365,33,12,36.36,22.19,53.38,11.67,71.2,4.49,4.89,-1.4,-44.81,22.4,False
7,XLI,momentum_dual_90_180,Dual Momentum 90/180,33,13,39.39,24.68,56.32,13.29,73.39,5.16,5.53,-0.3,-44.81,22.02,False
7,XLI,momentum_rank_365,Top Relative Momentum 365,11,6,54.55,28.01,78.73,11.71,91.57,10.68,8.6,3.51,-11.18,21.82,False
7,XLI,momentum_rank_90,Top Relative Momentum 90,19,5,26.32,11.81,48.79,4.75,71.89,7.2,4.58,1.54,-44.81,35.05,False
7,XLI,rsi14_recovery,RSI 14 Recovery,24,10,41.67,24.47,61.17,12.17,78.64,8.02,8.62,1.85,-22.11,42.45,False
7,XLI,rsi28_recovery,RSI 28 Recovery,16,9,56.25,33.18,76.9,15.88,89.75,11.15,10.82,1.94,-10.74,42.45,False
7,XLI,trend,SMA 50/200 + Momentum,22,8,36.36,19.73,57.05,9.17,76.38,5.14,7.03,0.85,-8.82,30.61,False
7,XLI,trend_breakout_100,100-Day Range Breakout,14,6,42.86,21.38,67.41,9.02,85.01,7.84,7.81,1.77,-11.75,22.02,False
7,XLI,trend_breakout_200,200-Day Range Breakout,11,3,27.27,9.75,56.57,3.34,80.28,7.79,5.18,1.24,-11.75,13.6,False
7,XLI,trend_ema100_200,EMA 100/200,34,15,44.12,28.88,60.55,16.2,76.33,7.79,6.55,0.31,-35.79,30.55,False
7,XLI,trend_ema50_200,EMA 50/200,34,12,35.29,21.49,52.09,11.3,70.02,7.11,5.0,-0.7,-35.79,30.61,False
7,XLI,trend_price_sma100,Price above SMA 100,35,15,42.86,27.98,59.14,15.69,75.14,7.88,6.69,0.41,-44.81,26.45,False
7,XLI,trend_price_sma200,Price above SMA 200,35,15,42.86,27.98,59.14,15.69,75.14,7.88,5.64,-1.08,-44.81,28.54,False
7,XLI,trend_sma100_200,SMA 100/200,33,14,42.42,27.24,59.19,14.98,75.51,7.88,8.34,2.01,-7.94,35.05,False
7,XLI,trend_triple_ma,Triple Moving Average,28,10,35.71,20.71,54.17,10.31,72.85,5.36,7.31,-0.3,-8.82,30.61,False
7,XLI,vol_contraction_trend,Volatility Contraction Trend,23,11,47.83,29.24,67.04,14.96,82.69,7.79,6.8,1.95,-35.79,28.54,False
7,XLK,bollinger_recovery,Bollinger Recovery,14,6,42.86,21.38,67.41,9.02,85.01,7.11,9.05,-1.32,-14.8,39.49,False
7,XLK,breadth_trend,Broad-Market Trend,33,20,60.61,43.68,75.32,26.61,86.71,12.38,9.05,1.57,-11.93,27.52,False
7,XLK,buy_hold,Buy & Hold Benchmark,37,19,51.35,35.89,66.55,21.5,80.26,10.0,8.64,1.72,-25.2,27.52,False
7,XLK,drawdown_recovery,25% Drawdown Recovery,5,4,80.0,37.55,96.38,13.17,99.06,24.34,21.43,22.23,-4.26,39.49,False
7,XLK,drawdown_recovery_20,20% Drawdown Recovery,9,7,77.78,45.26,93.68,19.46,98.07,18.53,12.8,11.07,-35.37,39.49,False
7,XLK,drawdown_recovery_30,30% Drawdown Recovery,5,5,100.0,56.55,100.0,20.39,100.0,25.99,25.4,22.23,11.07,39.49,False
7,XLK,drawdown_recovery_40,40% Drawdown Recovery,3,3,100.0,43.85,100.0,13.32,100.0,22.23,19.76,16.65,11.07,25.99,False
7,XLK,low_vol_trend,Low-Volatility Trend,13,7,53.85,29.14,76.79,12.84,90.23,11.28,8.2,2.67,-13.72,25.35,False
7,XLK,momentum,Top Relative Momentum 180,24,15,62.5,42.71,78.84,23.99,89.8,11.79,10.21,0.68,-10.97,28.24,False
7,XLK,momentum_180,180-Day Absolute Momentum,34,19,55.88,39.45,71.12,23.67,83.8,10.95,10.04,2.03,-11.6,27.52,False
7,XLK,momentum_270,270-Day Absolute Momentum,33,17,51.52,35.22,67.5,20.48,81.43,10.56,9.53,1.82,-14.8,29.57,False
7,XLK,momentum_365,365-Day Absolute Momentum,34,16,47.06,31.45,63.26,17.97,78.3,6.76,7.14,0.07,-42.68,34.7,False
7,XLK,momentum_90,90-Day Absolute Momentum,33,19,57.58,40.81,72.76,24.49,85.02,12.78,10.27,4.5,-14.8,33.63,False
7,XLK,momentum_composite,Composite Momentum,20,11,55.0,34.21,74.18,17.48,87.58,11.8,8.73,1.29,-13.72,33.63,False
7,XLK,momentum_dual_180_365,Dual Momentum 180/365,32,16,50.0,33.63,66.37,19.22,80.78,8.75,8.83,0.73,-12.89,34.7,False
7,XLK,momentum_dual_90_180,Dual Momentum 90/180,32,19,59.38,42.26,74.48,25.38,86.26,12.28,9.62,1.67,-11.93,33.63,False
7,XLK,momentum_rank_365,Top Relative Momentum 365,21,10,47.62,28.34,67.63,14.08,83.45,8.69,6.73,-3.07,-22.08,33.44,False
7,XLK,momentum_rank_90,Top Relative Momentum 90,24,15,62.5,42.71,78.84,23.99,89.8,11.37,11.68,4.3,-9.46,31.72,False
7,XLK,rsi14_recovery,RSI 14 Recovery,18,10,55.56,33.72,75.44,16.7,88.63,12.22,9.62,3.3,-14.8,26.53,False
7,XLK,rsi28_recovery,RSI 28 Recovery,10,6,60.0,31.27,83.18,13.0,93.77,12.15,14.74,6.92,2.67,39.49,False
7,XLK,trend,SMA 50/200 + Momentum,26,13,50.0,32.06,67.94,17.25,82.75,10.01,8.16,2.64,-15.77,27.35,False
7,XLK,trend_breakout_100,100-Day Range Breakout,13,9,69.23,42.37,87.32,20.11,95.26,14.1,11.81,7.04,-10.85,25.35,False
7,XLK,trend_breakout_200,200-Day Range Breakout,11,7,63.64,35.38,84.83,15.46,94.36,12.26,9.38,6.02,-10.85,17.31,False
7,XLK,trend_ema100_200,EMA 100/200,32,18,56.25,39.33,71.83,23.25,84.51,11.76,8.74,1.99,-11.93,33.63,False
7,XLK,trend_ema50_200,EMA 50/200,33,18,54.55,37.99,70.16,22.45,83.26,10.57,9.25,1.72,-10.85,26.9,False
7,XLK,trend_price_sma100,Price above SMA 100,35,20,57.14,40.86,72.02,24.86,84.31,10.91,9.18,2.55,-14.8,30.04,False
7,XLK,trend_price_sma200,Price above SMA 200,35,19,54.29,38.19,69.53,22.9,82.6,10.57,8.85,1.76,-35.37,27.52,False
7,XLK,trend_sma100_200,SMA 100/200,32,17,53.12,36.45,69.13,21.2,82.68,10.92,10.4,2.64,-10.85,33.44,False
7,XLK,trend_triple_ma,Triple Moving Average,30,16,53.33,36.14,69.77,20.67,83.37,11.76,9.52,1.81,-11.93,33.63,False
7,XLK,vol_contraction_trend,Volatility Contraction Trend,22,11,50.0,30.72,69.28,15.71,84.29,10.28,10.39,4.72,-11.93,27.74,False
7,XLP,bollinger_recovery,Bollinger Recovery,18,2,11.11,3.1,32.8,0.96,61.73,4.41,2.53,0.87,-25.96,17.62,False
7,XLP,breadth_trend,Broad-Market Trend,33,7,21.21,10.68,37.75,4.79,59.04,4.26,4.86,0.88,-8.0,16.72,False
7,XLP,buy_hold,Buy & Hold Benchmark,37,10,27.03,15.4,42.98,7.68,62.24,4.51,4.68,0.71,-21.76,22.93,False
7,XLP,drawdown_recovery_20,20% Drawdown Recovery,3,2,66.67,20.77,93.85,6.01,98.43,14.9,13.75,11.81,8.71,17.62,False
7,XLP,drawdown_recovery_30,30% Drawdown Recovery,2,1,50.0,9.45,90.55,2.38,97.62,11.81,11.81,10.26,8.71,14.9,False
7,XLP,low_vol_trend,Low-Volatility Trend,36,9,25.0,13.75,41.07,6.65,60.93,4.53,4.17,1.6,-18.42,14.7,False
7,XLP,momentum,Top Relative Momentum 180,10,3,30.0,10.78,60.32,3.68,82.77,2.33,1.55,-5.35,-12.67,13.91,False
7,XLP,momentum_180,180-Day Absolute Momentum,35,8,22.86,12.07,39.02,5.63,59.52,4.88,4.27,1.48,-18.42,16.72,False
7,XLP,momentum_270,270-Day Absolute Momentum,35,8,22.86,12.07,39.02,5.63,59.52,5.59,5.18,1.53,-21.76,19.11,False
7,XLP,momentum_365,365-Day Absolute Momentum,34,8,23.53,12.44,40.0,5.81,60.57,5.63,4.59,2.54,-18.42,17.95,False
7,XLP,momentum_90,90-Day Absolute Momentum,34,5,14.71,6.45,30.13,2.61,52.55,3.75,3.68,-0.14,-12.67,14.9,False
7,XLP,momentum_composite,Composite Momentum,11,1,9.09,1.62,37.74,0.42,70.09,1.6,1.58,-3.25,-7.66,13.91,False
7,XLP,momentum_dual_180_365,Dual Momentum 180/365,34,9,26.47,14.6,43.12,7.06,63.05,4.39,4.28,1.01,-18.42,17.95,False
7,XLP,momentum_dual_90_180,Dual Momentum 90/180,34,7,20.59,10.35,36.8,4.64,57.99,3.39,3.8,-0.72,-12.67,16.72,False
7,XLP,momentum_rank_365,Top Relative Momentum 365,10,2,20.0,5.67,50.98,1.74,77.94,1.44,1.49,-3.98,-25.96,19.11,False
7,XLP,momentum_rank_90,Top Relative Momentum 90,15,1,6.67,1.19,29.82,0.31,62.04,3.8,1.54,-2.34,-21.76,10.96,False
7,XLP,rsi14_recovery,RSI 14 Recovery,20,4,20.0,8.07,41.6,3.04,66.6,5.23,2.92,-0.12,-25.96,14.53,False
7,XLP,rsi28_recovery,RSI 28 Recovery,11,3,27.27,9.75,56.57,3.34,80.28,5.59,3.67,-0.97,-25.96,17.95,False
7,XLP,trend,SMA 50/200 + Momentum,17,4,23.53,9.55,47.26,3.59,71.77,5.61,5.55,2.49,-7.02,16.1,False
7,XLP,trend_breakout_100,100-Day Range Breakout,17,3,17.65,6.19,41.03,2.14,67.75,5.61,5.25,2.07,-3.44,12.04,False
7,XLP,trend_breakout_200,200-Day Range Breakout,16,3,18.75,6.59,43.01,2.28,69.58,5.24,4.62,1.82,-7.66,11.56,False
7,XLP,trend_ema100_200,EMA 100/200,34,8,23.53,12.44,40.0,5.81,60.57,4.34,4.16,0.01,-13.61,16.61,False
7,XLP,trend_ema50_200,EMA 50/200,34,8,23.53,12.44,40.0,5.81,60.57,4.44,3.94,-2.26,-13.61,17.6,False
7,XLP,trend_price_sma100,Price above SMA 100,34,6,17.65,8.35,33.51,3.58,55.32,5.7,4.42,-0.14,-13.61,22.93,False
7,XLP,trend_price_sma200,Price above SMA 200,36,9,25.0,13.75,41.07,6.65,60.93,4.53,4.17,1.6,-18.42,14.7,False
7,XLP,trend_sma100_200,SMA 100/200,32,8,25.0,13.25,42.11,6.18,62.76,4.07,4.29,1.08,-18.42,16.72,False
7,XLP,trend_triple_ma,Triple Moving Average,29,6,20.69,9.85,38.39,4.21,60.76,3.28,3.4,-0.89,-12.67,13.64,False
7,XLP,vol_contraction_trend,Volatility Contraction Trend,23,5,21.74,9.66,41.9,3.9,65.53,3.5,3.51,-0.82,-18.42,16.61,False
7,XLU,bollinger_recovery,Bollinger Recovery,16,6,37.5,18.48,61.36,7.83,80.91,7.85,8.14,6.3,-10.79,21.44,False
7,XLU,breadth_trend,Broad-Market Trend,34,11,32.35,19.13,49.16,9.81,67.77,7.4,6.8,-0.28,-12.04,24.19,False
7,XLU,buy_hold,Buy & Hold Benchmark,37,15,40.54,26.35,56.51,14.77,72.85,8.0,6.03,-0.98,-27.49,22.83,False
7,XLU,drawdown_recovery,25% Drawdown Recovery,2,0,0.0,0.0,65.76,0.0,90.71,4.25,4.25,2.6,0.95,7.56,False
7,XLU,drawdown_recovery_20,20% Drawdown Recovery,7,1,14.29,2.57,51.31,0.67,80.48,4.27,4.37,1.15,-5.53,14.25,False
7,XLU,drawdown_recovery_30,30% Drawdown Recovery,2,1,50.0,9.45,90.55,2.38,97.62,7.6,7.6,4.27,0.95,14.25,False
7,XLU,drawdown_recovery_40,40% Drawdown Recovery,2,1,50.0,9.45,90.55,2.38,97.62,7.6,7.6,4.27,0.95,14.25,False
7,XLU,low_vol_trend,Low-Volatility Trend,28,7,25.0,12.68,43.36,5.68,64.87,7.28,5.08,0.09,-16.69,23.2,False
7,XLU,momentum,Top Relative Momentum 180,18,7,38.89,20.3,61.38,9.03,80.31,8.08,4.19,0.84,-27.73,22.43,False
7,XLU,momentum_180,180-Day Absolute Momentum,35,8,22.86,12.07,39.02,5.63,59.52,7.36,5.9,1.99,-29.27,24.19,False
7,XLU,momentum_270,270-Day Absolute Momentum,33,11,33.33,19.75,50.39,10.13,68.93,6.71,6.2,-0.84,-8.94,24.19,False
7,XLU,momentum_365,365-Day Absolute Momentum,34,9,26.47,14.6,43.12,7.06,63.05,7.52,5.62,-0.22,-29.27,22.43,False
7,XLU,momentum_90,90-Day Absolute Momentum,35,12,34.29,20.83,50.85,10.96,68.87,7.45,5.31,-0.91,-25.54,19.71,False
7,XLU,momentum_composite,Composite Momentum,17,4,23.53,9.55,47.26,3.59,71.77,3.62,2.75,-0.65,-27.73,16.6,False
7,XLU,momentum_dual_180_365,Dual Momentum 180/365,33,9,27.27,15.07,44.22,7.28,64.16,7.19,5.87,1.64,-29.27,24.19,False
7,XLU,momentum_dual_90_180,Dual Momentum 90/180,35,9,25.71,14.16,42.07,6.85,61.97,7.36,6.15,1.34,-25.54,24.19,False
7,XLU,momentum_rank_365,Top Relative Momentum 365,19,6,31.58,15.36,53.99,6.53,75.3,6.31,2.89,-4.43,-29.27,18.21,False
7,XLU,momentum_rank_90,Top Relative Momentum 90,23,9,39.13,22.16,59.21,10.68,77.57,8.11,5.03,0.58,-32.3,27.68,False
7,XLU,rsi14_recovery,RSI 14 Recovery,24,10,41.67,24.47,61.17,12.17,78.64,8.15,9.95,6.29,-10.79,33.83,False
7,XLU,rsi28_recovery,RSI 28 Recovery,19,7,36.84,19.15,58.96,8.53,78.49,7.96,8.32,6.23,-10.79,21.44,False
7,XLU,trend,SMA 50/200 + Momentum,23,6,26.09,12.55,46.47,5.35,68.78,6.16,4.98,0.17,-10.34,20.14,False
7,XLU,trend_breakout_100,100-Day Range Breakout,16,5,31.25,14.16,55.6,5.68,77.43,6.48,6.62,2.87,-16.69,24.19,False
7,XLU,trend_breakout_200,200-Day Range Breakout,15,5,33.33,15.18,58.29,6.08,79.44,7.92,5.88,1.21,-16.69,19.36,False
7,XLU,trend_ema100_200,EMA 100/200,32,12,37.5,22.93,54.75,12.06,72.41,7.03,5.86,1.43,-29.27,21.89,False
7,XLU,trend_ema50_200,EMA 50/200,34,8,23.53,12.44,40.0,5.81,60.57,7.21,6.15,2.59,-25.54,24.19,False
7,XLU,trend_price_sma100,Price above SMA 100,35,14,40.0,25.55,56.43,14.05,73.12,7.51,5.95,0.57,-25.54,21.44,False
7,XLU,trend_price_sma200,Price above SMA 200,35,11,31.43,18.55,47.98,9.51,66.64,7.45,5.35,-0.46,-29.27,23.2,False
7,XLU,trend_sma100_200,SMA 100/200,33,10,30.3,17.38,47.34,8.66,66.59,7.49,6.83,3.25,-29.27,24.19,False
7,XLU,trend_triple_ma,Triple Moving Average,24,7,29.17,14.91,49.17,6.67,70.36,6.52,6.44,3.04,-16.69,22.43,False
7,XLU,vol_contraction_trend,Volatility Contraction Trend,19,3,15.79,5.52,37.57,1.91,64.35,2.57,2.28,-1.43,-29.27,15.37,False
7,XLV,bollinger_recovery,Bollinger Recovery,16,4,25.0,10.18,49.5,3.82,73.66,1.73,1.27,-1.38,-30.01,17.17,False
7,XLV,breadth_trend,Broad-Market Trend,32,10,31.25,17.95,48.57,8.95,67.76,4.79,5.0,-2.15,-12.83,20.91,False
7,XLV,buy_hold,Buy & Hold Benchmark,37,11,29.73,17.49,45.78,8.97,64.49,4.99,5.43,-1.06,-25.43,28.19,False
7,XLV,drawdown_recovery,25% Drawdown Recovery,1,1,100.0,20.65,100.0,4.87,100.0,13.0,13.0,13.0,13.0,13.0,False
7,XLV,drawdown_recovery_20,20% Drawdown Recovery,3,2,66.67,20.77,93.85,6.01,98.43,13.0,10.4,8.78,4.57,13.64,False
7,XLV,drawdown_recovery_30,30% Drawdown Recovery,2,1,50.0,9.45,90.55,2.38,97.62,9.11,9.11,6.84,4.57,13.64,False
7,XLV,low_vol_trend,Low-Volatility Trend,29,11,37.93,22.69,56.0,11.63,73.95,6.74,5.69,-1.2,-12.83,20.34,False
7,XLV,momentum,Top Relative Momentum 180,14,4,28.57,11.72,54.65,4.39,77.72,1.22,4.35,-1.72,-7.41,20.34,False
7,XLV,momentum_180,180-Day Absolute Momentum,34,13,38.24,23.9,54.96,12.86,72.19,3.53,5.75,-0.91,-12.83,20.91,False
7,XLV,momentum_270,270-Day Absolute Momentum,34,10,29.41,16.83,46.17,8.4,65.45,5.04,5.96,-1.33,-12.83,27.13,False
7,XLV,momentum_365,365-Day Absolute Momentum,34,11,32.35,19.13,49.16,9.81,67.77,5.89,5.52,-1.68,-12.83,27.13,False
7,XLV,momentum_90,90-Day Absolute Momentum,35,10,28.57,16.33,45.06,8.14,64.35,6.69,5.27,0.44,-30.01,21.19,False
7,XLV,momentum_composite,Composite Momentum,10,5,50.0,23.66,76.34,9.34,90.66,7.91,7.45,-3.03,-7.46,20.91,False
7,XLV,momentum_dual_180_365,Dual Momentum 180/365,33,11,33.33,19.75,50.39,10.13,68.93,3.19,4.9,-1.2,-12.83,20.91,False
7,XLV,momentum_dual_90_180,Dual Momentum 90/180,31,8,25.81,13.7,43.25,6.39,63.92,3.85,4.84,-0.89,-12.83,20.91,False
7,XLV,momentum_rank_365,Top Relative Momentum 365,11,6,54.55,28.01,78.73,11.71,91.57,11.57,7.99,3.64,-11.11,19.98,False
7,XLV,momentum_rank_90,Top Relative Momentum 90,22,5,22.73,10.12,43.44,4.08,67.02,1.52,1.51,-1.78,-25.43,17.04,False
7,XLV,rsi14_recovery,RSI 14 Recovery,20,5,25.0,11.19,46.87,4.51,70.2,1.71,2.75,-2.36,-25.64,17.8,False
7,XLV,rsi28_recovery,RSI 28 Recovery,12,3,25.0,8.89,53.23,3.05,77.92,-0.6,1.29,-4.21,-25.64,23.08,False
7,XLV,trend,SMA 50/200 + Momentum,21,6,28.57,13.81,49.96,5.88,71.91,5.63,6.22,1.57,-8.92,21.72,False
7,XLV,trend_breakout_100,100-Day Range Breakout,17,3,17.65,6.19,41.03,2.14,67.75,1.62,1.98,-1.07,-14.86,15.44,False
7,XLV,trend_breakout_200,200-Day Range Breakout,14,3,21.43,7.57,47.59,2.61,73.53,1.21,2.21,-0.73,-14.86,15.44,False
7,XLV,trend_ema100_200,EMA 100/200,33,10,30.3,17.38,47.34,8.66,66.59,4.94,4.71,-1.85,-12.83,20.92,False
7,XLV,trend_ema50_200,EMA 50/200,34,10,29.41,16.83,46.17,8.4,65.45,4.72,4.67,-2.25,-12.83,20.91,False
7,XLV,trend_price_sma100,Price above SMA 100,34,11,32.35,19.13,49.16,9.81,67.77,5.85,4.79,-1.99,-30.01,21.19,False
7,XLV,trend_price_sma200,Price above SMA 200,34,12,35.29,21.49,52.09,11.3,70.02,4.51,4.99,-2.08,-12.83,20.34,False
7,XLV,trend_sma100_200,SMA 100/200,32,12,37.5,22.93,54.75,12.06,72.41,3.53,5.49,-0.63,-9.51,20.92,False
7,XLV,trend_triple_ma,Triple Moving Average,26,10,38.46,22.43,57.47,11.17,75.65,5.78,6.47,0.38,-12.83,20.91,False
7,XLV,vol_contraction_trend,Volatility Contraction Trend,21,6,28.57,13.81,49.96,5.88,71.91,4.51,5.85,-1.95,-8.92,20.34,False
7,XLY,bollinger_recovery,Bollinger Recovery,15,9,60.0,35.75,80.18,17.07,91.62,11.72,12.25,3.28,-10.2,40.64,False
7,XLY,breadth_trend,Broad-Market Trend,32,13,40.62,25.52,57.74,13.74,74.62,8.25,8.01,-1.49,-22.92,27.82,False
7,XLY,buy_hold,Buy & Hold Benchmark,37,17,45.95,31.04,61.62,18.02,76.67,9.77,6.73,-0.12,-30.18,26.54,False
7,XLY,drawdown_recovery,25% Drawdown Recovery,7,5,71.43,35.89,91.78,13.81,97.5,14.87,14.29,6.32,-12.15,40.64,False
7,XLY,drawdown_recovery_20,20% Drawdown Recovery,8,5,62.5,30.57,86.32,11.9,95.36,11.38,8.63,-1.82,-30.18,40.64,False
7,XLY,drawdown_recovery_30,30% Drawdown Recovery,6,3,50.0,18.76,81.24,6.27,93.73,11.84,7.71,-8.7,-30.18,40.64,False
7,XLY,drawdown_recovery_40,40% Drawdown Recovery,2,2,100.0,34.24,100.0,9.29,100.0,18.42,18.42,16.64,14.87,21.97,False
7,XLY,low_vol_trend,Low-Volatility Trend,20,10,50.0,29.93,70.07,14.86,85.14,9.31,7.7,1.11,-8.42,19.9,False
7,XLY,momentum,Top Relative Momentum 180,17,6,35.29,17.31,58.7,7.34,78.97,5.73,7.36,0.75,-22.92,24.3,False
7,XLY,momentum_180,180-Day Absolute Momentum,33,17,51.52,35.22,67.5,20.48,81.43,10.02,8.23,-0.87,-22.92,27.04,False
7,XLY,momentum_270,270-Day Absolute Momentum,32,15,46.88,30.87,63.55,17.32,78.8,8.72,8.37,-0.42,-22.92,36.45,False
7,XLY,momentum_365,365-Day Absolute Momentum,32,15,46.88,30.87,63.55,17.32,78.8,8.86,8.21,-0.91,-22.92,30.53,False
7,XLY,momentum_90,90-Day Absolute Momentum,32,13,40.62,25.52,57.74,13.74,74.62,6.8,7.11,-0.5,-28.25,36.25,False
7,XLY,momentum_composite,Composite Momentum,17,8,47.06,26.16,69.04,12.1,85.16,9.1,7.43,0.19,-22.92,27.04,False
7,XLY,momentum_dual_180_365,Dual Momentum 180/365,30,14,46.67,30.23,63.86,16.63,79.33,8.86,7.32,-1.0,-22.92,27.61,False
7,XLY,momentum_dual_90_180,Dual Momentum 90/180,30,11,36.67,21.87,54.49,11.21,72.64,7.03,6.84,-0.35,-22.92,27.04,False
7,XLY,momentum_rank_365,Top Relative Momentum 365,18,9,50.0,29.03,70.97,13.93,86.07,10.69,9.58,0.9,-22.92,30.53,False
7,XLY,momentum_rank_90,Top Relative Momentum 90,19,10,52.63,31.71,72.67,15.73,86.87,10.42,10.25,1.49,-8.42,36.25,False
7,XLY,rsi14_recovery,RSI 14 Recovery,18,10,55.56,33.72,75.44,16.7,88.63,10.7,9.03,5.8,-13.32,22.67,False
7,XLY,rsi28_recovery,RSI 28 Recovery,13,8,61.54,35.52,82.29,16.29,92.94,18.41,17.09,5.86,-10.2,40.64,False
7,XLY,trend,SMA 50/200 + Momentum,24,9,37.5,21.16,57.29,10.2,76.01,7.68,6.88,0.13,-22.92,21.97,False
7,XLY,trend_breakout_100,100-Day Range Breakout,15,5,33.33,15.18,58.29,6.08,79.44,8.58,6.71,0.42,-22.92,24.3,False
7,XLY,trend_breakout_200,200-Day Range Breakout,14,5,35.71,16.34,61.24,6.53,81.54,7.07,6.41,-0.18,-22.92,21.97,False
7,XLY,trend_ema100_200,EMA 100/200,32,12,37.5,22.93,54.75,12.06,72.41,6.08,5.98,-0.47,-21.61,31.57,False
7,XLY,trend_ema50_200,EMA 50/200,32,12,37.5,22.93,54.75,12.06,72.41,6.39,6.24,-0.5,-18.13,29.27,False
7,XLY,trend_price_sma100,Price above SMA 100,35,16,45.71,30.47,61.81,17.4,77.1,7.84,7.05,-0.26,-28.25,36.25,False
7,XLY,trend_price_sma200,Price above SMA 200,33,17,51.52,35.22,67.5,20.48,81.43,10.02,8.85,0.53,-22.92,26.54,False
7,XLY,trend_sma100_200,SMA 100/200,31,13,41.94,26.42,59.23,14.22,75.89,8.36,6.94,-0.02,-20.31,21.97,False
7,XLY,trend_triple_ma,Triple Moving Average,27,13,48.15,30.74,66.01,16.55,81.3,7.0,7.69,1.89,-6.28,21.97,False
7,XLY,vol_contraction_trend,Volatility Contraction Trend,21,9,42.86,24.47,63.45,11.78,80.82,9.81,10.08,3.8,-2.31,28.96,False
8,DIA,bollinger_recovery,Bollinger Recovery,15,6,40.0,19.82,64.25,8.38,82.93,8.66,10.01,3.07,-10.61,37.56,False
8,DIA,breadth_trend,Broad-Market Trend,29,12,41.38,25.51,59.26,13.41,76.28,7.7,8.04,3.07,-16.15,27.28,False
8,DIA,buy_hold,Buy & Hold Benchmark,33,13,39.39,24.68,56.32,13.29,73.39,7.37,7.67,1.79,-25.25,29.96,False
8,DIA,drawdown_recovery,25% Drawdown Recovery,1,1,100.0,20.65,100.0,4.87,100.0,30.69,30.69,30.69,30.69,30.69,False
8,DIA,drawdown_recovery_20,20% Drawdown Recovery,5,2,40.0,11.76,76.93,3.53,92.39,9.64,14.48,6.84,5.79,30.69,False
8,DIA,drawdown_recovery_30,30% Drawdown Recovery,3,1,33.33,6.15,79.23,1.57,93.99,9.64,15.37,7.72,5.79,30.69,False
8,DIA,drawdown_recovery_40,40% Drawdown Recovery,1,0,0.0,0.0,79.35,0.0,95.13,5.79,5.79,5.79,5.79,5.79,False
8,DIA,low_vol_trend,Low-Volatility Trend,29,13,44.83,28.41,62.45,15.29,78.52,9.6,8.41,4.75,-16.15,25.84,False
8,DIA,momentum,Top Relative Momentum 180,3,3,100.0,43.85,100.0,13.32,100.0,12.27,13.59,11.59,10.92,17.57,False
8,DIA,momentum_180,180-Day Absolute Momentum,30,12,40.0,24.59,57.68,12.93,74.96,8.71,7.98,5.11,-14.2,24.36,False
8,DIA,momentum_270,270-Day Absolute Momentum,29,12,41.38,25.51,59.26,13.41,76.28,8.41,7.22,2.13,-16.15,27.28,False
8,DIA,momentum_365,365-Day Absolute Momentum,29,11,37.93,22.69,56.0,11.63,73.95,8.77,6.59,3.81,-22.54,19.79,False
8,DIA,momentum_90,90-Day Absolute Momentum,31,13,41.94,26.42,59.23,14.22,75.89,7.37,7.9,3.45,-35.45,29.96,False
8,DIA,momentum_composite,Composite Momentum,3,1,33.33,6.15,79.23,1.57,93.99,7.86,11.12,6.94,6.01,19.49,False
8,DIA,momentum_dual_180_365,Dual Momentum 180/365,28,11,39.29,23.57,57.59,12.08,75.3,8.14,7.77,4.55,-13.7,20.23,False
8,DIA,momentum_dual_90_180,Dual Momentum 90/180,29,10,34.48,19.94,52.66,9.94,71.52,6.62,7.71,3.41,-13.7,24.36,False
8,DIA,momentum_rank_365,Top Relative Momentum 365,2,0,0.0,0.0,65.76,0.0,90.71,-0.17,-0.17,-4.19,-8.21,7.86,False
8,DIA,momentum_rank_90,Top Relative Momentum 90,6,3,50.0,18.76,81.24,6.27,93.73,8.93,7.63,3.99,-1.58,13.79,False
8,DIA,rsi14_recovery,RSI 14 Recovery,17,6,35.29,17.31,58.7,7.34,78.97,7.07,7.5,3.81,-16.15,23.51,False
8,DIA,rsi28_recovery,RSI 28 Recovery,17,7,41.18,21.61,63.99,9.6,82.19,8.66,7.11,2.34,-25.25,30.69,False
8,DIA,trend,SMA 50/200 + Momentum,21,8,38.1,20.75,59.12,9.64,78.02,5.33,6.67,1.42,-10.03,21.39,False
8,DIA,trend_breakout_100,100-Day Range Breakout,16,9,56.25,33.18,76.9,15.88,89.75,11.52,8.56,3.61,-12.7,20.19,False
8,DIA,trend_breakout_200,200-Day Range Breakout,14,8,57.14,32.59,78.62,14.99,90.98,11.52,7.59,3.89,-12.7,17.38,False
8,DIA,trend_ema100_200,EMA 100/200,29,11,37.93,22.69,56.0,11.63,73.95,7.87,7.55,3.41,-13.7,20.23,False
8,DIA,trend_ema50_200,EMA 50/200,30,11,36.67,21.87,54.49,11.21,72.64,8.57,7.78,3.88,-13.7,27.28,False
8,DIA,trend_price_sma100,Price above SMA 100,30,12,40.0,24.59,57.68,12.93,74.96,8.36,7.72,1.87,-16.15,29.27,False
8,DIA,trend_price_sma200,Price above SMA 200,30,13,43.33,27.38,60.8,14.74,77.19,8.7,7.65,3.28,-16.15,27.28,False
8,DIA,trend_sma100_200,SMA 100/200,26,9,34.62,19.41,53.78,9.37,73.06,7.73,6.66,0.24,-14.2,25.84,False
8,DIA,trend_triple_ma,Triple Moving Average,25,9,36.0,20.25,55.48,9.77,74.51,7.6,7.61,2.12,-13.7,25.25,False
8,DIA,vol_contraction_trend,Volatility Contraction Trend,23,8,34.78,18.81,55.11,8.75,74.79,7.27,8.27,3.77,-16.15,27.28,False
8,IWM,bollinger_recovery,Bollinger Recovery,14,7,50.0,26.8,73.2,11.84,88.16,9.28,11.41,1.31,-11.19,58.19,False
8,IWM,breadth_trend,Broad-Market Trend,28,11,39.29,23.57,57.59,12.08,75.3,7.01,9.78,3.08,-11.3,50.69,False
8,IWM,buy_hold,Buy & Hold Benchmark,33,16,48.48,32.5,64.78,18.57,79.52,9.22,8.47,-2.1,-30.69,45.79,False
8,IWM,drawdown_recovery,25% Drawdown Recovery,6,5,83.33,43.65,96.99,16.45,99.22,28.78,28.62,21.18,5.06,58.19,False
8,IWM,drawdown_recovery_20,20% Drawdown Recovery,12,9,75.0,46.77,91.11,22.08,96.95,13.9,15.34,7.8,-31.39,58.19,False
8,IWM,drawdown_recovery_30,30% Drawdown Recovery,5,4,80.0,37.55,96.38,13.17,99.06,13.7,24.42,12.69,-3.46,58.19,False
8,IWM,drawdown_recovery_40,40% Drawdown Recovery,2,2,100.0,34.24,100.0,9.29,100.0,35.44,35.44,24.06,12.69,58.19,False
8,IWM,low_vol_trend,Low-Volatility Trend,3,1,33.33,6.15,79.23,1.57,93.99,0.81,8.37,-7.94,-16.69,40.97,False
8,IWM,momentum,Top Relative Momentum 180,15,6,40.0,19.82,64.25,8.38,82.93,5.68,3.81,-8.99,-30.69,32.14,False
8,IWM,momentum_180,180-Day Absolute Momentum,26,11,42.31,25.54,61.05,13.08,78.13,8.52,6.41,-4.55,-30.2,40.97,False
8,IWM,momentum_270,270-Day Absolute Momentum,28,12,42.86,26.51,60.93,13.94,77.65,8.01,7.95,-0.44,-20.6,44.92,False
8,IWM,momentum_365,365-Day Absolute Momentum,27,10,37.04,21.53,55.77,10.72,74.23,8.15,7.63,1.75,-25.66,51.64,False
8,IWM,momentum_90,90-Day Absolute Momentum,31,12,38.71,23.73,56.18,12.48,73.67,5.68,7.22,-0.26,-36.38,51.45,False
8,IWM,momentum_composite,Composite Momentum,13,6,46.15,23.21,70.86,9.77,87.16,9.68,9.37,1.87,-13.9,32.14,False
8,IWM,momentum_dual_180_365,Dual Momentum 180/365,25,10,40.0,23.4,59.26,11.65,77.12,8.15,6.74,1.3,-30.2,28.51,False
8,IWM,momentum_dual_90_180,Dual Momentum 90/180,26,10,38.46,22.43,57.47,11.17,75.65,7.57,5.84,-4.55,-30.2,40.97,False
8,IWM,momentum_rank_365,Top Relative Momentum 365,12,3,25.0,8.89,53.23,3.05,77.92,6.51,5.19,1.9,-25.66,28.51,False
8,IWM,momentum_rank_90,Top Relative Momentum 90,16,8,50.0,28.0,72.0,12.93,87.07,12.56,8.21,0.64,-36.38,32.14,False
8,IWM,rsi14_recovery,RSI 14 Recovery,19,9,47.37,27.33,68.29,13.13,84.27,8.19,10.53,0.71,-9.04,51.85,False
8,IWM,rsi28_recovery,RSI 28 Recovery,14,9,64.29,38.76,83.66,18.46,93.47,11.53,16.47,7.61,-0.1,58.19,False
8,IWM,trend,SMA 50/200 + Momentum,19,7,36.84,19.15,58.96,8.53,78.49,7.4,7.09,-1.11,-15.7,32.14,False
8,IWM,trend_breakout_100,100-Day Range Breakout,12,4,33.33,13.81,60.94,5.15,82.17,4.44,2.87,-7.27,-38.68,40.97,False
8,IWM,trend_breakout_200,200-Day Range Breakout,10,3,30.0,10.78,60.32,3.68,82.77,6.03,6.36,1.02,-12.92,32.14,False
8,IWM,trend_ema100_200,EMA 100/200,27,12,44.44,27.59,62.69,14.5,79.05,7.87,6.96,-2.21,-30.2,44.92,False
8,IWM,trend_ema50_200,EMA 50/200,27,11,40.74,24.51,59.27,12.56,76.69,7.4,7.06,-3.21,-20.6,44.92,False
8,IWM,trend_price_sma100,Price above SMA 100,31,16,51.61,34.84,68.03,19.92,82.06,10.16,7.01,-2.36,-36.38,51.64,False
8,IWM,trend_price_sma200,Price above SMA 200,29,11,37.93,22.69,56.0,11.63,73.95,6.7,8.11,2.33,-38.68,50.69,False
8,IWM,trend_sma100_200,SMA 100/200,26,10,38.46,22.43,57.47,11.17,75.65,6.35,6.39,-4.38,-30.69,50.69,False
8,IWM,trend_triple_ma,Triple Moving Average,24,10,41.67,24.47,61.17,12.17,78.64,6.47,4.84,-4.32,-30.2,32.14,False
8,IWM,vol_contraction_trend,Volatility Contraction Trend,22,7,31.82,16.36,52.68,7.3,73.43,4.45,5.28,-3.83,-38.68,51.45,False
8,QQQ,bollinger_recovery,Bollinger Recovery,13,6,46.15,23.21,70.86,9.77,87.16,9.67,12.37,5.6,-25.7,47.9,False
8,QQQ,breadth_trend,Broad-Market Trend,28,17,60.71,42.41,76.43,24.7,87.92,13.97,10.5,3.66,-26.91,31.62,False
8,QQQ,buy_hold,Buy & Hold Benchmark,33,21,63.64,46.62,77.81,28.8,88.33,14.67,11.82,3.35,-22.86,43.27,False
8,QQQ,drawdown_recovery,25% Drawdown Recovery,5,4,80.0,37.55,96.38,13.17,99.06,24.93,25.74,20.29,2.03,47.9,False
8,QQQ,drawdown_recovery_20,20% Drawdown Recovery,8,6,75.0,40.93,92.85,16.71,97.82,20.45,15.27,9.28,-38.86,47.9,False
8,QQQ,drawdown_recovery_30,30% Drawdown Recovery,4,3,75.0,30.06,95.44,9.68,98.82,22.92,20.35,16.19,2.03,33.53,False
8,QQQ,drawdown_recovery_40,40% Drawdown Recovery,2,2,100.0,34.24,100.0,9.29,100.0,29.23,29.23,27.08,24.93,33.53,False
8,QQQ,low_vol_trend,Low-Volatility Trend,11,7,63.64,35.38,84.83,15.46,94.36,14.81,15.4,2.03,-16.02,47.9,False
8,QQQ,momentum,Top Relative Momentum 180,24,16,66.67,46.71,82.03,26.74,91.64,12.71,12.1,3.62,-18.54,47.9,False
8,QQQ,momentum_180,180-Day Absolute Momentum,30,20,66.67,48.78,80.77,29.78,90.42,14.33,13.59,6.75,-26.91,40.96,False
8,QQQ,momentum_270,270-Day Absolute Momentum,30,16,53.33,36.14,69.77,20.67,83.37,12.36,9.02,1.97,-40.4,33.4,False
8,QQQ,momentum_365,365-Day Absolute Momentum,29,16,55.17,37.55,71.59,21.48,84.71,12.64,8.63,0.69,-23.02,40.51,False
8,QQQ,momentum_90,90-Day Absolute Momentum,30,17,56.67,39.2,72.62,22.81,85.26,11.99,11.37,1.86,-40.4,43.24,False
8,QQQ,momentum_composite,Composite Momentum,22,13,59.09,38.73,76.74,20.83,88.8,11.51,11.37,3.41,-17.09,40.51,False
8,QQQ,momentum_dual_180_365,Dual Momentum 180/365,28,15,53.57,35.81,70.47,20.1,84.1,11.55,9.26,0.77,-18.63,40.51,False
8,QQQ,momentum_dual_90_180,Dual Momentum 90/180,28,17,60.71,42.41,76.43,24.7,87.92,12.28,9.78,1.51,-40.4,33.88,False
8,QQQ,momentum_rank_365,Top Relative Momentum 365,20,12,60.0,38.66,78.12,20.27,89.85,12.19,9.77,0.18,-9.61,33.88,False
8,QQQ,momentum_rank_90,Top Relative Momentum 90,24,14,58.33,38.83,75.53,21.36,87.83,11.55,10.13,0.69,-40.4,43.24,False
8,QQQ,rsi14_recovery,RSI 14 Recovery,20,12,60.0,38.66,78.12,20.27,89.85,14.16,11.47,5.31,-25.7,27.89,False
8,QQQ,rsi28_recovery,RSI 28 Recovery,10,6,60.0,31.27,83.18,13.0,93.77,15.35,15.87,7.43,-25.7,47.9,False
8,QQQ,trend,SMA 50/200 + Momentum,23,11,47.83,29.24,67.04,14.96,82.69,6.29,9.36,0.99,-18.54,31.62,False
8,QQQ,trend_breakout_100,100-Day Range Breakout,16,10,62.5,38.64,81.52,19.09,92.17,12.56,8.51,7.32,-40.4,33.53,False
8,QQQ,trend_breakout_200,200-Day Range Breakout,12,8,66.67,39.06,86.19,17.83,94.85,12.77,9.93,8.38,-25.7,26.03,False
8,QQQ,trend_ema100_200,EMA 100/200,29,16,55.17,37.55,71.59,21.48,84.71,12.79,10.57,3.74,-18.63,40.51,False
8,QQQ,trend_ema50_200,EMA 50/200,30,19,63.33,45.51,78.13,27.36,88.79,12.74,10.62,5.73,-40.4,27.48,False
8,QQQ,trend_price_sma100,Price above SMA 100,31,20,64.52,46.95,78.88,28.64,89.17,13.6,11.37,4.39,-38.86,43.24,False
8,QQQ,trend_price_sma200,Price above SMA 200,30,17,56.67,39.2,72.62,22.81,85.26,13.8,12.0,1.25,-40.4,44.97,False
8,QQQ,trend_sma100_200,SMA 100/200,27,17,62.96,44.23,78.47,25.77,89.28,14.94,13.26,2.16,-5.56,40.96,False
8,QQQ,trend_triple_ma,Triple Moving Average,26,16,61.54,42.53,77.57,24.35,88.83,13.0,10.28,1.71,-26.91,31.62,False
8,QQQ,vol_contraction_trend,Volatility Contraction Trend,20,15,75.0,53.13,88.81,29.8,95.49,14.72,11.2,9.59,-40.4,33.4,False
8,SPY,bollinger_recovery,Bollinger Recovery,15,6,40.0,19.82,64.25,8.38,82.93,8.85,9.62,3.41,-16.16,38.64,False
8,SPY,breadth_trend,Broad-Market Trend,29,15,51.72,34.43,68.61,19.32,82.74,10.04,8.77,5.12,-17.69,24.92,False
8,SPY,buy_hold,Buy & Hold Benchmark,33,16,48.48,32.5,64.78,18.57,79.52,8.65,8.45,4.55,-27.59,32.43,False
8,SPY,drawdown_recovery,25% Drawdown Recovery,2,2,100.0,34.24,100.0,9.29,100.0,31.25,31.25,29.98,28.71,33.79,False
8,SPY,drawdown_recovery_20,20% Drawdown Recovery,5,2,40.0,11.76,76.93,3.53,92.39,9.56,15.02,8.07,1.2,33.79,False
8,SPY,drawdown_recovery_30,30% Drawdown Recovery,4,2,50.0,15.0,85.0,4.45,95.55,16.02,18.47,9.19,8.07,33.79,False
8,SPY,drawdown_recovery_40,40% Drawdown Recovery,1,0,0.0,0.0,79.35,0.0,95.13,9.56,9.56,9.56,9.56,9.56,False
8,SPY,low_vol_trend,Low-Volatility Trend,30,16,53.33,36.14,69.77,20.67,83.37,10.4,8.76,5.59,-16.16,24.6,False
8,SPY,momentum,Top Relative Momentum 180,1,0,0.0,0.0,79.35,0.0,95.13,7.64,7.64,7.64,7.64,7.64,False
8,SPY,momentum_180,180-Day Absolute Momentum,30,12,40.0,24.59,57.68,12.93,74.96,9.81,9.88,4.91,-17.69,31.15,False
8,SPY,momentum_270,270-Day Absolute Momentum,29,12,41.38,25.51,59.26,13.41,76.28,9.84,8.04,5.56,-17.69,24.92,False
8,SPY,momentum_365,365-Day Absolute Momentum,29,13,44.83,28.41,62.45,15.29,78.52,9.36,7.19,3.67,-26.21,24.6,False
8,SPY,momentum_90,90-Day Absolute Momentum,31,15,48.39,31.97,65.16,17.94,80.08,9.99,8.52,5.92,-39.52,24.92,False
8,SPY,momentum_composite,Composite Momentum,2,1,50.0,9.45,90.55,2.38,97.62,12.13,12.13,8.49,4.85,19.41,False
8,SPY,momentum_dual_180_365,Dual Momentum 180/365,27,12,44.44,27.59,62.69,14.5,79.05,9.96,8.41,4.91,-17.69,24.92,False
8,SPY,momentum_dual_90_180,Dual Momentum 90/180,28,10,35.71,20.71,54.17,10.31,72.85,9.47,8.2,3.98,-17.69,24.92,False
8,SPY,momentum_rank_365,Top Relative Momentum 365,2,2,100.0,34.24,100.0,9.29,100.0,18.08,18.08,18.03,17.98,18.17,False
8,SPY,rsi14_recovery,RSI 14 Recovery,20,10,50.0,29.93,70.07,14.86,85.14,10.66,9.4,7.22,-16.16,20.75,False
8,SPY,rsi28_recovery,RSI 28 Recovery,12,4,33.33,13.81,60.94,5.15,82.17,8.65,6.82,0.56,-27.59,33.79,False
8,SPY,trend,SMA 50/200 + Momentum,21,9,42.86,24.47,63.45,11.78,80.82,7.1,8.97,5.32,-14.79,20.75,False
8,SPY,trend_breakout_100,100-Day Range Breakout,14,8,57.14,32.59,78.62,14.99,90.98,11.16,9.65,6.54,-16.16,23.12,False
8,SPY,trend_breakout_200,200-Day Range Breakout,14,8,57.14,32.59,78.62,14.99,90.98,11.09,9.69,6.06,-16.16,23.12,False
8,SPY,trend_ema100_200,EMA 100/200,29,11,37.93,22.69,56.0,11.63,73.95,9.77,8.5,3.88,-17.69,24.92,False
8,SPY,trend_ema50_200,EMA 50/200,29,11,37.93,22.69,56.0,11.63,73.95,9.77,8.41,3.88,-17.69,24.92,False
8,SPY,trend_price_sma100,Price above SMA 100,31,13,41.94,26.42,59.23,14.22,75.89,8.65,6.69,2.14,-39.52,28.71,False
8,SPY,trend_price_sma200,Price above SMA 200,30,15,50.0,33.15,66.85,18.6,81.4,9.91,9.12,5.5,-16.16,24.6,False
8,SPY,trend_sma100_200,SMA 100/200,27,13,48.15,30.74,66.01,16.55,81.3,8.65,7.46,3.5,-17.69,19.88,False
8,SPY,trend_triple_ma,Triple Moving Average,25,12,48.0,30.03,66.5,15.78,81.97,9.87,9.45,4.8,-9.15,25.55,False
8,SPY,vol_contraction_trend,Volatility Contraction Trend,22,11,50.0,30.72,69.28,15.71,84.29,9.8,8.48,4.29,-14.79,23.12,False
8,VTI,bollinger_recovery,Bollinger Recovery,16,6,37.5,18.48,61.36,7.83,80.91,9.26,10.07,4.02,-18.89,39.52,False
8,VTI,breadth_trend,Broad-Market Trend,29,15,51.72,34.43,68.61,19.32,82.74,10.08,8.94,4.81,-18.89,28.17,False
8,VTI,buy_hold,Buy & Hold Benchmark,33,16,48.48,32.5,64.78,18.57,79.52,9.22,8.69,3.72,-27.7,34.52,False
8,VTI,drawdown_recovery,25% Drawdown Recovery,3,3,100.0,43.85,100.0,13.32,100.0,29.54,29.69,25.08,20.63,38.91,False
8,VTI,drawdown_recovery_20,20% Drawdown Recovery,7,3,42.86,15.82,74.95,5.33,90.9,9.57,14.65,8.48,0.66,38.91,False
8,VTI,drawdown_recovery_30,30% Drawdown Recovery,3,2,66.67,20.77,93.85,6.01,98.43,11.6,19.85,10.33,9.05,38.91,False
8,VTI,drawdown_recovery_40,40% Drawdown Recovery,1,1,100.0,20.65,100.0,4.87,100.0,11.6,11.6,11.6,11.6,11.6,False
8,VTI,low_vol_trend,Low-Volatility Trend,29,14,48.28,31.39,65.57,17.26,80.68,9.22,8.65,3.29,-18.89,29.02,False
8,VTI,momentum,Top Relative Momentum 180,2,0,0.0,0.0,65.76,0.0,90.71,7.04,7.04,5.78,4.52,9.57,False
8,VTI,momentum_180,180-Day Absolute Momentum,29,12,41.38,25.51,59.26,13.41,76.28,9.07,9.62,4.29,-4.44,30.45,False
8,VTI,momentum_270,270-Day Absolute Momentum,29,14,48.28,31.39,65.57,17.26,80.68,9.47,8.23,4.47,-14.76,28.06,False
8,VTI,momentum_365,365-Day Absolute Momentum,29,14,48.28,31.39,65.57,17.26,80.68,9.42,7.39,4.27,-26.51,29.02,False
8,VTI,momentum_90,90-Day Absolute Momentum,31,16,51.61,34.84,68.03,19.92,82.06,10.08,8.18,3.6,-40.0,29.54,False
8,VTI,momentum_composite,Composite Momentum,2,0,0.0,0.0,65.76,0.0,90.71,7.04,7.04,5.78,4.52,9.57,False
8,VTI,momentum_dual_180_365,Dual Momentum 180/365,26,11,42.31,25.54,61.05,13.08,78.13,9.09,8.18,4.36,-11.68,20.88,False
8,VTI,momentum_dual_90_180,Dual Momentum 90/180,27,13,48.15,30.74,66.01,16.55,81.3,9.07,9.07,3.9,-8.39,28.06,False
8,VTI,momentum_rank_365,Top Relative Momentum 365,1,0,0.0,0.0,79.35,0.0,95.13,4.27,4.27,4.27,4.27,4.27,False
8,VTI,rsi14_recovery,RSI 14 Recovery,18,9,50.0,29.03,70.97,13.93,86.07,9.88,7.63,2.57,-18.89,20.88,False
8,VTI,rsi28_recovery,RSI 28 Recovery,13,6,46.15,23.21,70.86,9.77,87.16,9.59,13.44,7.9,-10.04,39.52,False
8,VTI,trend,SMA 50/200 + Momentum,22,10,45.45,26.92,65.34,13.38,81.8,7.2,9.04,4.0,-16.09,21.25,False
8,VTI,trend_breakout_100,100-Day Range Breakout,15,10,66.67,41.71,84.82,20.56,93.92,10.37,9.76,5.98,-18.89,22.26,False
8,VTI,trend_breakout_200,200-Day Range Breakout,15,10,66.67,41.71,84.82,20.56,93.92,10.37,9.76,5.98,-18.89,22.26,False
8,VTI,trend_ema100_200,EMA 100/200,28,12,42.86,26.51,60.93,13.94,77.65,9.3,8.56,2.43,-10.22,30.08,False
8,VTI,trend_ema50_200,EMA 50/200,29,12,41.38,25.51,59.26,13.41,76.28,9.12,8.66,4.47,-18.89,28.17,False
8,VTI,trend_price_sma100,Price above SMA 100,31,14,45.16,29.16,62.23,16.04,78.02,9.07,6.84,1.72,-40.0,29.54,False
8,VTI,trend_price_sma200,Price above SMA 200,30,16,53.33,36.14,69.77,20.67,83.37,10.37,9.33,4.93,-18.89,29.02,False
8,VTI,trend_sma100_200,SMA 100/200,27,13,48.15,30.74,66.01,16.55,81.3,9.47,7.7,2.98,-18.89,22.9,False
8,VTI,trend_triple_ma,Triple Moving Average,26,11,42.31,25.54,61.05,13.08,78.13,9.23,9.18,4.87,-8.39,28.06,False
8,VTI,vol_contraction_trend,Volatility Contraction Trend,22,10,45.45,26.92,65.34,13.38,81.8,8.95,7.83,4.05,-16.09,22.26,False
8,XLB,bollinger_recovery,Bollinger Recovery,16,5,31.25,14.16,55.6,5.68,77.43,7.06,7.82,0.9,-10.34,47.49,False
8,XLB,breadth_trend,Broad-Market Trend,28,12,42.86,26.51,60.93,13.94,77.65,7.27,9.16,2.68,-11.18,41.04,False
8,XLB,buy_hold,Buy & Hold Benchmark,33,14,42.42,27.24,59.19,14.98,75.51,9.34,6.76,-1.0,-28.25,26.68,False
8,XLB,drawdown_recovery,25% Drawdown Recovery,3,2,66.67,20.77,93.85,6.01,98.43,30.05,24.59,14.58,-0.89,44.61,False
8,XLB,drawdown_recovery_20,20% Drawdown Recovery,9,4,44.44,18.88,73.34,6.96,89.53,7.26,17.95,3.23,-0.89,47.49,False
8,XLB,drawdown_recovery_30,30% Drawdown Recovery,2,2,100.0,34.24,100.0,9.29,100.0,46.05,46.05,45.33,44.61,47.49,False
8,XLB,drawdown_recovery_40,40% Drawdown Recovery,1,1,100.0,20.65,100.0,4.87,100.0,47.49,47.49,47.49,47.49,47.49,False
8,XLB,low_vol_trend,Low-Volatility Trend,6,2,33.33,9.68,70.0,2.93,89.24,0.9,1.92,-3.78,-16.33,17.84,False
8,XLB,momentum,Top Relative Momentum 180,11,6,54.55,28.01,78.73,11.71,91.57,12.32,4.47,-0.83,-44.73,20.58,False
8,XLB,momentum_180,180-Day Absolute Momentum,29,11,37.93,22.69,56.0,11.63,73.95,7.26,5.68,-0.92,-52.03,35.49,False
8,XLB,momentum_270,270-Day Absolute Momentum,28,11,39.29,23.57,57.59,12.08,75.3,8.84,5.58,-4.37,-28.25,26.84,False
8,XLB,momentum_365,365-Day Absolute Momentum,29,13,44.83,28.41,62.45,15.29,78.52,7.48,5.74,2.67,-52.03,35.85,False
8,XLB,momentum_90,90-Day Absolute Momentum,29,14,48.28,31.39,65.57,17.26,80.68,9.83,9.67,0.32,-10.97,47.49,False
8,XLB,momentum_composite,Composite Momentum,13,5,38.46,17.71,64.48,7.06,83.71,4.16,1.77,-5.92,-52.03,26.68,False
8,XLB,momentum_dual_180_365,Dual Momentum 180/365,27,12,44.44,27.59,62.69,14.5,79.05,7.26,5.32,-1.23,-52.03,35.49,False
8,XLB,momentum_dual_90_180,Dual Momentum 90/180,27,9,33.33,18.64,52.18,9.0,71.66,5.84,5.52,-0.96,-44.73,35.85,False
8,XLB,momentum_rank_365,Top Relative Momentum 365,9,4,44.44,18.88,73.34,6.96,89.53,7.76,1.48,-3.33,-52.03,23.67,False
8,XLB,momentum_rank_90,Top Relative Momentum 90,17,6,35.29,17.31,58.7,7.34,78.97,7.37,4.94,-1.0,-48.44,30.05,False
8,XLB,rsi14_recovery,RSI 14 Recovery,23,8,34.78,18.81,55.11,8.75,74.79,7.44,9.35,1.38,-37.16,44.61,False
8,XLB,rsi28_recovery,RSI 28 Recovery,14,6,42.86,21.38,67.41,9.02,85.01,8.18,8.92,3.34,-37.16,44.61,False
8,XLB,trend,SMA 50/200 + Momentum,20,10,50.0,29.93,70.07,14.86,85.14,9.42,8.36,0.84,-12.05,33.29,False
8,XLB,trend_breakout_100,100-Day Range Breakout,15,6,40.0,19.82,64.25,8.38,82.93,3.23,7.02,-0.49,-16.33,30.05,False
8,XLB,trend_breakout_200,200-Day Range Breakout,14,8,57.14,32.59,78.62,14.99,90.98,10.26,7.07,1.12,-16.33,20.58,False
8,XLB,trend_ema100_200,EMA 100/200,29,14,48.28,31.39,65.57,17.26,80.68,8.83,5.9,-2.31,-52.03,41.04,False
8,XLB,trend_ema50_200,EMA 50/200,29,13,44.83,28.41,62.45,15.29,78.52,8.71,6.15,0.84,-52.03,41.04,False
8,XLB,trend_price_sma100,Price above SMA 100,30,12,40.0,24.59,57.68,12.93,74.96,6.07,7.03,-0.67,-44.73,47.49,False
8,XLB,trend_price_sma200,Price above SMA 200,30,14,46.67,30.23,63.86,16.63,79.33,8.05,6.92,0.71,-52.03,41.04,False
8,XLB,trend_sma100_200,SMA 100/200,26,12,46.15,28.76,64.54,15.11,80.49,6.66,4.42,-3.68,-52.03,33.29,False
8,XLB,trend_triple_ma,Triple Moving Average,23,9,39.13,22.16,59.21,10.68,77.57,7.44,5.13,-3.7,-52.03,35.85,False
8,XLB,vol_contraction_trend,Volatility Contraction Trend,19,9,47.37,27.33,68.29,13.13,84.27,8.71,6.47,-0.9,-52.03,35.85,False
8,XLE,bollinger_recovery,Bollinger Recovery,16,6,37.5,18.48,61.36,7.83,80.91,3.07,7.67,-4.15,-27.59,67.69,False
8,XLE,breadth_trend,Broad-Market Trend,26,16,61.54,42.53,77.57,24.35,88.83,11.78,11.08,3.18,-39.86,62.82,False
8,XLE,buy_hold,Buy & Hold Benchmark,33,12,36.36,22.19,53.38,11.67,71.2,3.71,8.58,-2.9,-39.85,84.21,False
8,XLE,drawdown_recovery,25% Drawdown Recovery,5,3,60.0,23.07,88.24,7.61,96.47,10.19,11.87,6.56,3.72,22.19,False
8,XLE,drawdown_recovery_20,20% Drawdown Recovery,11,5,45.45,21.27,71.99,8.43,88.29,6.56,8.2,-0.86,-9.91,30.42,False
8,XLE,drawdown_recovery_30,30% Drawdown Recovery,5,2,40.0,11.76,76.93,3.53,92.39,6.56,7.08,-1.33,-9.91,29.88,False
8,XLE,drawdown_recovery_40,40% Drawdown Recovery,4,2,50.0,15.0,85.0,4.45,95.55,8.38,11.33,4.59,-1.33,29.88,False
8,XLE,low_vol_trend,Low-Volatility Trend,3,1,33.33,6.15,79.23,1.57,93.99,9.68,9.42,-2.21,-14.1,32.68,False
8,XLE,momentum,Top Relative Momentum 180,16,7,43.75,23.1,66.82,10.25,84.12,8.63,5.3,-4.15,-34.84,34.82,False
8,XLE,momentum_180,180-Day Absolute Momentum,28,20,71.43,52.94,84.75,32.36,92.89,12.8,12.28,5.17,-46.14,62.82,False
8,XLE,momentum_270,270-Day Absolute Momentum,27,11,40.74,24.51,59.27,12.56,76.69,4.51,9.28,-1.23,-29.48,47.53,False
8,XLE,momentum_365,365-Day Absolute Momentum,25,15,60.0,40.74,76.6,22.88,88.35,13.38,11.54,4.7,-46.14,70.25,False
8,XLE,momentum_90,90-Day Absolute Momentum,29,14,48.28,31.39,65.57,17.26,80.68,9.28,9.69,0.67,-39.86,67.69,False
8,XLE,momentum_composite,Composite Momentum,13,6,46.15,23.21,70.86,9.77,87.16,3.2,8.29,-4.17,-34.84,67.69,False
8,XLE,momentum_dual_180_365,Dual Momentum 180/365,23,13,56.52,36.81,74.37,19.8,87.25,11.21,11.32,5.1,-46.14,70.25,False
8,XLE,momentum_dual_90_180,Dual Momentum 90/180,26,16,61.54,42.53,77.57,24.35,88.83,13.06,11.28,-2.1,-46.14,67.69,False
8,XLE,momentum_rank_365,Top Relative Momentum 365,13,5,38.46,17.71,64.48,7.06,83.71,6.38,7.44,-2.9,-29.48,47.53,False
8,XLE,momentum_rank_90,Top Relative Momentum 90,20,11,55.0,34.21,74.18,17.48,87.58,11.31,8.72,1.7,-38.59,46.6,False
8,XLE,rsi14_recovery,RSI 14 Recovery,22,13,59.09,38.73,76.74,20.83,88.8,13.56,8.47,-5.62,-34.84,34.24,False
8,XLE,rsi28_recovery,RSI 28 Recovery,15,8,53.33,30.12,75.19,13.88,89.01,10.19,7.11,3.71,-34.84,36.32,False
8,XLE,trend,SMA 50/200 + Momentum,19,11,57.89,36.28,76.86,18.52,89.27,12.51,8.76,1.31,-39.69,35.24,False
8,XLE,trend_breakout_100,100-Day Range Breakout,10,7,70.0,39.68,89.22,17.23,96.32,13.18,10.5,3.65,-9.53,34.24,False
8,XLE,trend_breakout_200,200-Day Range Breakout,8,5,62.5,30.57,86.32,11.9,95.36,13.18,7.36,-0.36,-9.53,16.9,False
8,XLE,trend_ema100_200,EMA 100/200,25,15,60.0,40.74,76.6,22.88,88.35,14.58,9.45,-1.65,-46.14,35.24,False
8,XLE,trend_ema50_200,EMA 50/200,26,16,61.54,42.53,77.57,24.35,88.83,13.19,10.69,-1.43,-46.14,42.69,False
8,XLE,trend_price_sma100,Price above SMA 100,30,13,43.33,27.38,60.8,14.74,77.19,5.82,8.85,-6.66,-39.86,67.69,False
8,XLE,trend_price_sma200,Price above SMA 200,29,15,51.72,34.43,68.61,19.32,82.74,10.07,9.73,-0.51,-40.2,62.82,False
8,XLE,trend_sma100_200,SMA 100/200,25,14,56.0,37.07,73.33,20.39,86.35,11.53,8.48,-0.76,-46.14,31.61,False
8,XLE,trend_triple_ma,Triple Moving Average,20,13,65.0,43.29,81.88,23.26,91.92,13.43,13.51,4.55,-10.87,34.82,False
8,XLE,vol_contraction_trend,Volatility Contraction Trend,16,9,56.25,33.18,76.9,15.88,89.75,11.5,9.37,1.49,-39.86,42.69,False
8,XLF,bollinger_recovery,Bollinger Recovery,16,5,31.25,14.16,55.6,5.68,77.43,7.31,7.81,4.27,-32.16,35.85,False
8,XLF,breadth_trend,Broad-Market Trend,27,12,44.44,27.59,62.69,14.5,79.05,8.86,8.23,0.19,-24.05,30.72,False
8,XLF,buy_hold,Buy & Hold Benchmark,33,12,36.36,22.19,53.38,11.67,71.2,6.51,6.64,0.34,-44.21,51.54,False
8,XLF,drawdown_recovery,25% Drawdown Recovery,6,4,66.67,30.0,90.32,10.76,97.07,16.68,18.82,1.63,-7.97,63.16,False
8,XLF,drawdown_recovery_20,20% Drawdown Recovery,12,7,58.33,31.95,80.67,14.03,92.31,18.07,9.37,-3.61,-53.07,63.16,False
8,XLF,drawdown_recovery_30,30% Drawdown Recovery,5,3,60.0,23.07,88.24,7.61,96.47,16.1,8.82,-7.97,-53.07,63.16,False
8,XLF,drawdown_recovery_40,40% Drawdown Recovery,2,2,100.0,34.24,100.0,9.29,100.0,44.53,44.53,35.22,25.91,63.16,False
8,XLF,low_vol_trend,Low-Volatility Trend,12,6,50.0,25.38,74.62,10.65,89.35,9.94,8.93,4.04,-8.98,25.25,False
8,XLF,momentum,Top Relative Momentum 180,14,6,42.86,21.38,67.41,9.02,85.01,8.01,5.25,-3.18,-20.12,22.33,False
8,XLF,momentum_180,180-Day Absolute Momentum,27,13,48.15,30.74,66.01,16.55,81.3,7.43,7.74,-0.47,-32.03,34.01,False
8,XLF,momentum_270,270-Day Absolute Momentum,25,10,40.0,23.4,59.26,11.65,77.12,5.53,7.48,-2.7,-12.53,31.12,False
8,XLF,momentum_365,365-Day Absolute Momentum,28,13,46.43,29.53,64.19,15.9,79.9,8.2,6.9,-0.04,-35.93,30.72,False
8,XLF,momentum_90,90-Day Absolute Momentum,28,12,42.86,26.51,60.93,13.94,77.65,4.51,7.87,-0.08,-24.05,60.23,False
8,XLF,momentum_composite,Composite Momentum,12,7,58.33,31.95,80.67,14.03,92.31,12.38,8.66,6.08,-16.86,20.05,False
8,XLF,momentum_dual_180_365,Dual Momentum 180/365,25,11,44.0,26.67,62.93,13.65,79.61,7.43,7.04,-0.6,-32.03,34.01,False
8,XLF,momentum_dual_90_180,Dual Momentum 90/180,27,13,48.15,30.74,66.01,16.55,81.3,7.43,7.45,0.11,-32.03,34.01,False
8,XLF,momentum_rank_365,Top Relative Momentum 365,10,5,50.0,23.66,76.34,9.34,90.66,9.44,9.4,6.63,-6.55,20.41,False
8,XLF,momentum_rank_90,Top Relative Momentum 90,15,8,53.33,30.12,75.19,13.88,89.01,11.11,9.33,3.73,-27.96,31.12,False
8,XLF,rsi14_recovery,RSI 14 Recovery,19,8,42.11,23.14,63.72,10.73,81.48,8.12,7.14,0.89,-32.16,35.85,False
8,XLF,rsi28_recovery,RSI 28 Recovery,13,6,46.15,23.21,70.86,9.77,87.16,9.29,8.84,5.75,-32.16,35.85,False
8,XLF,trend,SMA 50/200 + Momentum,20,8,40.0,21.88,61.34,10.15,79.73,6.38,6.22,-0.98,-19.64,30.72,False
8,XLF,trend_breakout_100,100-Day Range Breakout,14,8,57.14,32.59,78.62,14.99,90.98,11.21,13.04,6.97,-2.02,31.12,False
8,XLF,trend_breakout_200,200-Day Range Breakout,11,5,45.45,21.27,71.99,8.43,88.29,9.78,13.0,5.15,-2.7,31.12,False
8,XLF,trend_ema100_200,EMA 100/200,27,12,44.44,27.59,62.69,14.5,79.05,5.9,7.69,-0.61,-17.17,34.01,False
8,XLF,trend_ema50_200,EMA 50/200,27,12,44.44,27.59,62.69,14.5,79.05,7.77,8.25,0.74,-24.05,30.72,False
8,XLF,trend_price_sma100,Price above SMA 100,28,12,42.86,26.51,60.93,13.94,77.65,5.54,10.01,2.32,-16.86,60.23,False
8,XLF,trend_price_sma200,Price above SMA 200,27,12,44.44,27.59,62.69,14.5,79.05,8.86,8.23,0.19,-24.05,30.72,False
8,XLF,trend_sma100_200,SMA 100/200,25,11,44.0,26.67,62.93,13.65,79.61,7.43,8.1,-0.34,-32.03,34.01,False
8,XLF,trend_triple_ma,Triple Moving Average,24,10,41.67,24.47,61.17,12.17,78.64,6.74,5.51,-2.48,-24.05,30.72,False
8,XLF,vol_contraction_trend,Volatility Contraction Trend,19,9,47.37,27.33,68.29,13.13,84.27,6.38,5.78,-2.55,-27.96,31.12,False
8,XLI,bollinger_recovery,Bollinger Recovery,18,10,55.56,33.72,75.44,16.7,88.63,13.69,11.56,5.72,-16.32,43.88,False
8,XLI,breadth_trend,Broad-Market Trend,29,13,44.83,28.41,62.45,15.29,78.52,8.46,9.71,2.39,-11.46,34.21,False
8,XLI,buy_hold,Buy & Hold Benchmark,33,19,57.58,40.81,72.76,24.49,85.02,12.74,9.1,2.39,-34.0,32.56,False
8,XLI,drawdown_recovery,25% Drawdown Recovery,3,2,66.67,20.77,93.85,6.01,98.43,28.57,24.68,15.07,1.58,43.88,False
8,XLI,drawdown_recovery_20,20% Drawdown Recovery,7,4,57.14,25.05,84.18,9.1,94.67,10.77,16.85,7.31,3.8,43.88,False
8,XLI,drawdown_recovery_30,30% Drawdown Recovery,4,3,75.0,30.06,95.44,9.68,98.82,22.43,23.14,13.45,3.8,43.88,False
8,XLI,drawdown_recovery_40,40% Drawdown Recovery,3,2,66.67,20.77,93.85,6.01,98.43,16.67,21.45,10.23,3.8,43.88,False
8,XLI,low_vol_trend,Low-Volatility Trend,19,8,42.11,23.14,63.72,10.73,81.48,9.0,7.8,2.36,-11.44,22.76,False
8,XLI,momentum,Top Relative Momentum 180,13,7,53.85,29.14,76.79,12.84,90.23,11.96,9.86,5.88,-2.37,19.59,False
8,XLI,momentum_180,180-Day Absolute Momentum,29,13,44.83,28.41,62.45,15.29,78.52,7.43,6.79,0.35,-46.76,31.68,False
8,XLI,momentum_270,270-Day Absolute Momentum,30,13,43.33,27.38,60.8,14.74,77.19,8.21,7.79,3.03,-11.46,32.38,False
8,XLI,momentum_365,365-Day Absolute Momentum,29,13,44.83,28.41,62.45,15.29,78.52,8.55,7.06,2.01,-31.82,27.77,False
8,XLI,momentum_90,90-Day Absolute Momentum,30,16,53.33,36.14,69.77,20.67,83.37,12.74,9.15,4.96,-46.76,32.56,False
8,XLI,momentum_composite,Composite Momentum,13,6,46.15,23.21,70.86,9.77,87.16,9.72,2.96,-1.74,-38.45,15.09,False
8,XLI,momentum_dual_180_365,Dual Momentum 180/365,27,11,40.74,24.51,59.27,12.56,76.69,8.53,6.19,0.56,-38.45,26.81,False
8,XLI,momentum_dual_90_180,Dual Momentum 90/180,29,13,44.83,28.41,62.45,15.29,78.52,7.43,7.41,2.48,-46.76,31.68,False
8,XLI,momentum_rank_365,Top Relative Momentum 365,9,3,33.33,12.06,64.58,4.11,85.38,6.81,7.48,4.98,-9.29,24.82,False
8,XLI,momentum_rank_90,Top Relative Momentum 90,18,7,38.89,20.3,61.38,9.03,80.31,7.17,6.25,2.1,-38.45,38.0,False
8,XLI,rsi14_recovery,RSI 14 Recovery,21,10,47.62,28.34,67.63,14.08,83.45,7.22,8.61,2.48,-31.82,43.88,False
8,XLI,rsi28_recovery,RSI 28 Recovery,16,8,50.0,28.0,72.0,12.93,87.07,11.81,11.08,-0.85,-16.32,43.88,False
8,XLI,trend,SMA 50/200 + Momentum,21,9,42.86,24.47,63.45,11.78,80.82,7.23,9.06,1.35,-12.35,37.01,False
8,XLI,trend_breakout_100,100-Day Range Breakout,11,4,36.36,15.17,64.62,5.64,84.54,9.0,9.7,2.62,-9.29,31.68,False
8,XLI,trend_breakout_200,200-Day Range Breakout,9,4,44.44,18.88,73.34,6.96,89.53,6.81,6.68,-0.64,-9.29,18.99,False
8,XLI,trend_ema100_200,EMA 100/200,30,12,40.0,24.59,57.68,12.93,74.96,7.98,7.2,1.8,-46.76,38.0,False
8,XLI,trend_ema50_200,EMA 50/200,30,13,43.33,27.38,60.8,14.74,77.19,7.98,7.21,2.04,-46.76,37.01,False
8,XLI,trend_price_sma100,Price above SMA 100,31,14,45.16,29.16,62.23,16.04,78.02,6.81,7.6,1.53,-46.76,36.48,False
8,XLI,trend_price_sma200,Price above SMA 200,30,13,43.33,27.38,60.8,14.74,77.19,7.22,7.66,2.04,-46.76,34.21,False
8,XLI,trend_sma100_200,SMA 100/200,27,10,37.04,21.53,55.77,10.72,74.23,7.23,8.95,-0.16,-12.35,38.0,False
8,XLI,trend_triple_ma,Triple Moving Average,24,11,45.83,27.89,64.93,14.28,81.13,8.47,9.43,1.84,-12.35,37.01,False
8,XLI,vol_contraction_trend,Volatility Contraction Trend,21,10,47.62,28.34,67.63,14.08,83.45,9.47,8.17,2.84,-21.66,34.21,False
8,XLK,bollinger_recovery,Bollinger Recovery,14,6,42.86,21.38,67.41,9.02,85.01,6.04,9.83,1.93,-19.61,47.22,False
8,XLK,breadth_trend,Broad-Market Trend,28,14,50.0,32.63,67.37,17.95,82.05,11.26,10.32,3.65,-24.58,30.13,False
8,XLK,buy_hold,Buy & Hold Benchmark,33,17,51.52,35.22,67.5,20.48,81.43,11.55,11.74,4.04,-20.32,43.98,False
8,XLK,drawdown_recovery,25% Drawdown Recovery,5,4,80.0,37.55,96.38,13.17,99.06,26.83,27.46,25.17,5.46,47.22,False
8,XLK,drawdown_recovery_20,20% Drawdown Recovery,8,6,75.0,40.93,92.85,16.71,97.82,23.59,18.19,16.31,-39.74,47.22,False
8,XLK,drawdown_recovery_30,30% Drawdown Recovery,5,4,80.0,37.55,96.38,13.17,99.06,26.83,27.24,24.54,8.83,47.22,False
8,XLK,drawdown_recovery_40,40% Drawdown Recovery,2,2,100.0,34.24,100.0,9.29,100.0,25.68,25.68,25.11,24.54,26.83,False
8,XLK,low_vol_trend,Low-Volatility Trend,12,6,50.0,25.38,74.62,10.65,89.35,10.95,9.96,1.6,-10.14,32.64,False
8,XLK,momentum,Top Relative Momentum 180,20,12,60.0,38.66,78.12,20.27,89.85,12.33,11.38,4.43,-19.56,37.01,False
8,XLK,momentum_180,180-Day Absolute Momentum,30,18,60.0,42.32,75.41,25.04,87.07,12.76,11.99,2.63,-24.58,37.7,False
8,XLK,momentum_270,270-Day Absolute Momentum,29,16,55.17,37.55,71.59,21.48,84.71,14.64,10.64,3.43,-24.58,31.58,False
8,XLK,momentum_365,365-Day Absolute Momentum,29,16,55.17,37.55,71.59,21.48,84.71,11.63,7.91,1.16,-37.24,37.01,False
8,XLK,momentum_90,90-Day Absolute Momentum,30,16,53.33,36.14,69.77,20.67,83.37,11.97,10.58,1.85,-39.74,38.64,False
8,XLK,momentum_composite,Composite Momentum,17,10,58.82,36.01,78.39,17.81,90.4,12.22,11.54,6.12,-10.14,31.58,False
8,XLK,momentum_dual_180_365,Dual Momentum 180/365,27,16,59.26,40.73,75.49,23.31,87.44,11.63,9.97,0.69,-14.34,36.1,False
8,XLK,momentum_dual_90_180,Dual Momentum 90/180,27,15,55.56,37.31,72.41,20.95,85.5,13.99,10.63,2.74,-10.14,36.1,False
8,XLK,momentum_rank_365,Top Relative Momentum 365,20,11,55.0,34.21,74.18,17.48,87.58,12.74,9.57,-2.81,-24.58,39.57,False
8,XLK,momentum_rank_90,Top Relative Momentum 90,21,13,61.9,40.88,79.25,21.98,90.36,15.45,13.35,4.31,-13.79,38.64,False
8,XLK,rsi14_recovery,RSI 14 Recovery,18,10,55.56,33.72,75.44,16.7,88.63,13.58,9.87,4.34,-19.61,24.74,False
8,XLK,rsi28_recovery,RSI 28 Recovery,10,5,50.0,23.66,76.34,9.34,90.66,11.21,15.32,4.63,1.43,47.22,False
8,XLK,trend,SMA 50/200 + Momentum,24,12,50.0,31.43,68.57,16.51,83.49,8.89,8.05,0.91,-19.56,27.33,False
8,XLK,trend_breakout_100,100-Day Range Breakout,13,9,69.23,42.37,87.32,20.11,95.26,15.76,12.87,8.43,-19.61,32.64,False
8,XLK,trend_breakout_200,200-Day Range Breakout,11,6,54.55,28.01,78.73,11.71,91.57,11.41,8.96,6.28,-19.61,22.92,False
8,XLK,trend_ema100_200,EMA 100/200,28,15,53.57,35.81,70.47,20.1,84.1,13.2,9.88,2.5,-24.58,31.58,False
8,XLK,trend_ema50_200,EMA 50/200,28,15,53.57,35.81,70.47,20.1,84.1,14.22,11.18,3.28,-24.58,37.7,False
8,XLK,trend_price_sma100,Price above SMA 100,31,18,58.06,40.77,73.58,24.11,85.78,13.61,10.95,1.69,-37.24,38.64,False
8,XLK,trend_price_sma200,Price above SMA 200,30,16,53.33,36.14,69.77,20.67,83.37,12.79,10.37,0.95,-39.74,37.7,False
8,XLK,trend_sma100_200,SMA 100/200,26,13,50.0,32.06,67.94,17.25,82.75,10.34,11.96,3.26,-7.62,38.01,False
8,XLK,trend_triple_ma,Triple Moving Average,25,14,56.0,37.07,73.33,20.39,86.35,12.43,10.44,4.57,-9.83,35.83,False
8,XLK,vol_contraction_trend,Volatility Contraction Trend,20,11,55.0,34.21,74.18,17.48,87.58,13.21,11.49,3.95,-2.03,31.58,False
8,XLP,bollinger_recovery,Bollinger Recovery,17,5,29.41,13.28,53.13,5.33,75.5,7.12,4.85,0.79,-18.27,19.57,False
8,XLP,breadth_trend,Broad-Market Trend,28,10,35.71,20.71,54.17,10.31,72.85,5.7,6.15,1.2,-5.39,18.7,False
8,XLP,buy_hold,Buy & Hold Benchmark,33,13,39.39,24.68,56.32,13.29,73.39,7.01,6.23,1.94,-19.57,18.94,False
8,XLP,drawdown_recovery_20,20% Drawdown Recovery,3,3,100.0,43.85,100.0,13.32,100.0,14.6,14.88,12.54,10.48,19.57,False
8,XLP,drawdown_recovery_30,30% Drawdown Recovery,2,2,100.0,34.24,100.0,9.29,100.0,12.54,12.54,11.51,10.48,14.6,False
8,XLP,low_vol_trend,Low-Volatility Trend,30,10,33.33,19.23,51.22,9.58,70.22,7.79,6.5,2.05,-19.57,18.7,False
8,XLP,momentum,Top Relative Momentum 180,10,3,30.0,10.78,60.32,3.68,82.77,2.42,2.95,-1.19,-20.8,15.89,False
8,XLP,momentum_180,180-Day Absolute Momentum,29,8,27.59,14.7,45.72,6.85,66.36,6.59,7.04,4.18,-5.58,16.8,False
8,XLP,momentum_270,270-Day Absolute Momentum,30,9,30.0,16.66,47.88,8.05,67.72,6.09,5.26,0.25,-19.57,17.33,False
8,XLP,momentum_365,365-Day Absolute Momentum,30,9,30.0,16.66,47.88,8.05,67.72,5.39,5.35,2.66,-20.8,17.33,False
8,XLP,momentum_90,90-Day Absolute Momentum,30,10,33.33,19.23,51.22,9.58,70.22,6.62,5.84,-0.18,-19.57,18.94,False
8,XLP,momentum_composite,Composite Momentum,11,2,18.18,5.14,47.7,1.58,75.49,-0.05,3.34,-2.8,-4.08,13.91,False
8,XLP,momentum_dual_180_365,Dual Momentum 180/365,29,7,24.14,12.22,42.11,5.47,63.62,5.28,5.65,3.83,-20.8,17.33,False
8,XLP,momentum_dual_90_180,Dual Momentum 90/180,28,9,32.14,17.93,50.66,8.66,70.3,5.26,5.67,0.13,-7.87,17.01,False
8,XLP,momentum_rank_365,Top Relative Momentum 365,9,2,22.22,6.32,54.74,1.93,80.54,2.53,2.12,-3.92,-18.27,15.36,False
8,XLP,momentum_rank_90,Top Relative Momentum 90,15,4,26.67,10.9,51.95,4.08,75.64,2.4,2.0,-2.8,-19.57,13.91,False
8,XLP,rsi14_recovery,RSI 14 Recovery,18,2,11.11,3.1,32.8,0.96,61.73,5.24,2.73,-0.71,-18.27,10.22,False
8,XLP,rsi28_recovery,RSI 28 Recovery,10,4,40.0,16.82,68.73,6.23,87.0,4.29,4.76,-0.62,-18.27,19.57,False
8,XLP,trend,SMA 50/200 + Momentum,15,3,20.0,7.05,45.19,2.43,71.5,7.86,6.73,5.22,-3.78,12.81,False
8,XLP,trend_breakout_100,100-Day Range Breakout,15,3,20.0,7.05,45.19,2.43,71.5,7.34,5.95,2.73,-5.39,15.34,False
8,XLP,trend_breakout_200,200-Day Range Breakout,15,3,20.0,7.05,45.19,2.43,71.5,7.34,5.66,2.73,-5.39,15.34,False
8,XLP,trend_ema100_200,EMA 100/200,30,8,26.67,14.18,44.45,6.61,65.12,6.7,5.88,2.87,-19.57,17.01,False
8,XLP,trend_ema50_200,EMA 50/200,30,9,30.0,16.66,47.88,8.05,67.72,6.06,6.33,4.07,-19.57,17.01,False
8,XLP,trend_price_sma100,Price above SMA 100,30,9,30.0,16.66,47.88,8.05,67.72,7.19,5.65,1.29,-19.57,17.01,False
8,XLP,trend_price_sma200,Price above SMA 200,30,10,33.33,19.23,51.22,9.58,70.22,7.79,6.5,2.05,-19.57,18.7,False
8,XLP,trend_sma100_200,SMA 100/200,29,9,31.03,17.28,49.23,8.34,68.99,7.01,5.04,0.02,-19.57,17.01,False
8,XLP,trend_triple_ma,Triple Moving Average,25,7,28.0,14.28,47.58,6.39,68.91,4.97,4.65,0.07,-20.8,17.01,False
8,XLP,vol_contraction_trend,Volatility Contraction Trend,21,9,42.86,24.47,63.45,11.78,80.82,8.33,6.91,2.27,-13.62,15.34,False
8,XLU,bollinger_recovery,Bollinger Recovery,13,7,53.85,29.14,76.79,12.84,90.23,11.18,9.34,5.56,-4.45,24.02,False
8,XLU,breadth_trend,Broad-Market Trend,28,12,42.86,26.51,60.93,13.94,77.65,7.99,8.39,5.26,-11.07,23.78,False
8,XLU,buy_hold,Buy & Hold Benchmark,33,17,51.52,35.22,67.5,20.48,81.43,10.56,8.09,2.17,-25.33,30.11,False
8,XLU,drawdown_recovery,25% Drawdown Recovery,2,0,0.0,0.0,65.76,0.0,90.71,8.47,8.47,8.01,7.54,9.41,False
8,XLU,drawdown_recovery_20,20% Drawdown Recovery,7,3,42.86,15.82,74.95,5.33,90.9,7.54,8.57,3.13,-5.07,21.41,False
8,XLU,drawdown_recovery_30,30% Drawdown Recovery,2,1,50.0,9.45,90.55,2.38,97.62,14.47,14.47,11.01,7.54,21.41,False
8,XLU,drawdown_recovery_40,40% Drawdown Recovery,2,1,50.0,9.45,90.55,2.38,97.62,14.47,14.47,11.01,7.54,21.41,False
8,XLU,low_vol_trend,Low-Volatility Trend,26,9,34.62,19.41,53.78,9.37,73.06,5.7,6.79,2.22,-13.4,23.78,False
8,XLU,momentum,Top Relative Momentum 180,15,6,40.0,19.82,64.25,8.38,82.93,8.74,5.27,1.24,-38.79,23.7,False
8,XLU,momentum_180,180-Day Absolute Momentum,30,11,36.67,21.87,54.49,11.21,72.64,8.69,7.45,4.16,-26.97,26.12,False
8,XLU,momentum_270,270-Day Absolute Momentum,29,13,44.83,28.41,62.45,15.29,78.52,9.84,8.23,5.08,-13.4,26.12,False
8,XLU,momentum_365,365-Day Absolute Momentum,29,10,34.48,19.94,52.66,9.94,71.52,8.04,6.73,3.9,-26.97,26.12,False
8,XLU,momentum_90,90-Day Absolute Momentum,29,12,41.38,25.51,59.26,13.41,76.28,8.74,8.19,5.56,-27.56,23.78,False
8,XLU,momentum_composite,Composite Momentum,15,4,26.67,10.9,51.95,4.08,75.64,7.12,4.85,-3.69,-13.4,22.77,False
8,XLU,momentum_dual_180_365,Dual Momentum 180/365,28,11,39.29,23.57,57.59,12.08,75.3,8.23,6.88,3.8,-26.97,26.12,False
8,XLU,momentum_dual_90_180,Dual Momentum 90/180,28,11,39.29,23.57,57.59,12.08,75.3,9.2,8.71,5.14,-13.4,26.12,False
8,XLU,momentum_rank_365,Top Relative Momentum 365,17,6,35.29,17.31,58.7,7.34,78.97,7.54,4.55,-3.93,-16.03,21.37,False
8,XLU,momentum_rank_90,Top Relative Momentum 90,22,11,50.0,30.72,69.28,15.71,84.29,9.25,7.95,0.74,-13.4,27.79,False
8,XLU,rsi14_recovery,RSI 14 Recovery,20,9,45.0,25.82,65.79,12.42,82.52,7.42,10.59,4.12,-4.17,32.39,False
8,XLU,rsi28_recovery,RSI 28 Recovery,16,10,62.5,38.64,81.52,19.09,92.17,13.1,11.66,6.69,-5.07,24.02,False
8,XLU,trend,SMA 50/200 + Momentum,22,7,31.82,16.36,52.68,7.3,73.43,6.76,5.11,-4.02,-13.4,23.48,False
8,XLU,trend_breakout_100,100-Day Range Breakout,16,6,37.5,18.48,61.36,7.83,80.91,9.85,8.56,4.99,-9.42,26.12,False
8,XLU,trend_breakout_200,200-Day Range Breakout,14,5,35.71,16.34,61.24,6.53,81.54,8.75,8.3,6.47,-9.42,23.83,False
8,XLU,trend_ema100_200,EMA 100/200,30,13,43.33,27.38,60.8,14.74,77.19,7.45,6.5,1.9,-26.97,23.48,False
8,XLU,trend_ema50_200,EMA 50/200,30,10,33.33,19.23,51.22,9.58,70.22,8.14,6.82,4.16,-26.97,26.12,False
8,XLU,trend_price_sma100,Price above SMA 100,30,14,46.67,30.23,63.86,16.63,79.33,9.28,8.02,4.29,-13.4,24.02,False
8,XLU,trend_price_sma200,Price above SMA 200,29,13,44.83,28.41,62.45,15.29,78.52,8.62,8.64,5.56,-5.07,22.29,False
8,XLU,trend_sma100_200,SMA 100/200,27,14,51.85,33.99,69.26,18.7,83.45,10.25,9.14,3.33,-8.88,26.12,False
8,XLU,trend_triple_ma,Triple Moving Average,24,7,29.17,14.91,49.17,6.67,70.36,7.68,6.48,2.72,-13.4,23.48,False
8,XLU,vol_contraction_trend,Volatility Contraction Trend,17,4,23.53,9.55,47.26,3.59,71.77,6.29,4.88,0.18,-26.97,21.41,False
8,XLV,bollinger_recovery,Bollinger Recovery,15,4,26.67,10.9,51.95,4.08,75.64,2.9,4.76,-0.52,-10.72,20.86,False
8,XLV,breadth_trend,Broad-Market Trend,28,8,28.57,15.25,47.06,7.11,67.64,6.74,6.17,0.24,-10.72,21.68,False
8,XLV,buy_hold,Buy & Hold Benchmark,33,12,36.36,22.19,53.38,11.67,71.2,7.39,6.9,-0.59,-23.43,29.48,False
8,XLV,drawdown_recovery,25% Drawdown Recovery,1,1,100.0,20.65,100.0,4.87,100.0,17.29,17.29,17.29,17.29,17.29,False
8,XLV,drawdown_recovery_20,20% Drawdown Recovery,2,1,50.0,9.45,90.55,2.38,97.62,11.03,11.03,7.89,4.76,17.29,False
8,XLV,drawdown_recovery_30,30% Drawdown Recovery,1,0,0.0,0.0,79.35,0.0,95.13,4.76,4.76,4.76,4.76,4.76,False
8,XLV,low_vol_trend,Low-Volatility Trend,25,10,40.0,23.4,59.26,11.65,77.12,7.8,7.6,0.71,-10.98,22.65,False
8,XLV,momentum,Top Relative Momentum 180,14,5,35.71,16.34,61.24,6.53,81.54,5.24,5.29,-0.34,-10.62,20.93,False
8,XLV,momentum_180,180-Day Absolute Momentum,29,11,37.93,22.69,56.0,11.63,73.95,4.27,6.9,1.71,-10.62,21.68,False
8,XLV,momentum_270,270-Day Absolute Momentum,30,10,33.33,19.23,51.22,9.58,70.22,4.31,6.43,1.35,-8.41,23.38,False
8,XLV,momentum_365,365-Day Absolute Momentum,31,12,38.71,23.73,56.18,12.48,73.67,4.35,6.16,0.41,-17.24,23.38,False
8,XLV,momentum_90,90-Day Absolute Momentum,30,12,40.0,24.59,57.68,12.93,74.96,7.99,7.08,0.44,-22.17,29.48,False
8,XLV,momentum_composite,Composite Momentum,10,5,50.0,23.66,76.34,9.34,90.66,9.92,7.25,-1.25,-8.41,23.38,False
8,XLV,momentum_dual_180_365,Dual Momentum 180/365,29,11,37.93,22.69,56.0,11.63,73.95,4.35,6.48,0.02,-10.98,29.48,False
8,XLV,momentum_dual_90_180,Dual Momentum 90/180,28,10,35.71,20.71,54.17,10.31,72.85,4.89,6.43,1.18,-10.98,23.38,False
8,XLV,momentum_rank_365,Top Relative Momentum 365,10,5,50.0,23.66,76.34,9.34,90.66,10.6,7.63,-2.52,-10.62,20.93,False
8,XLV,momentum_rank_90,Top Relative Momentum 90,19,6,31.58,15.36,53.99,6.53,75.3,5.5,4.76,0.72,-23.43,20.93,False
8,XLV,rsi14_recovery,RSI 14 Recovery,20,6,30.0,14.55,51.9,6.19,73.57,3.9,4.85,-0.71,-15.96,20.86,False
8,XLV,rsi28_recovery,RSI 28 Recovery,12,4,33.33,13.81,60.94,5.15,82.17,0.12,3.46,-1.48,-15.96,17.29,False
8,XLV,trend,SMA 50/200 + Momentum,17,5,29.41,13.28,53.13,5.33,75.5,7.04,7.44,1.4,-10.62,21.24,False
8,XLV,trend_breakout_100,100-Day Range Breakout,17,5,29.41,13.28,53.13,5.33,75.5,4.23,4.55,-0.59,-10.98,20.93,False
8,XLV,trend_breakout_200,200-Day Range Breakout,14,5,35.71,16.34,61.24,6.53,81.54,4.4,4.76,-0.46,-10.98,20.93,False
8,XLV,trend_ema100_200,EMA 100/200,28,14,50.0,32.63,67.37,17.95,82.05,8.98,7.26,2.58,-10.98,21.24,False
8,XLV,trend_ema50_200,EMA 50/200,29,10,34.48,19.94,52.66,9.94,71.52,6.36,6.74,1.71,-10.62,20.93,False
8,XLV,trend_price_sma100,Price above SMA 100,29,12,41.38,25.51,59.26,13.41,76.28,6.48,6.65,0.63,-22.17,22.72,False
8,XLV,trend_price_sma200,Price above SMA 200,29,9,31.03,17.28,49.23,8.34,68.99,7.12,7.28,0.71,-10.98,22.65,False
8,XLV,trend_sma100_200,SMA 100/200,26,10,38.46,22.43,57.47,11.17,75.65,5.65,7.41,2.92,-11.06,21.24,False
8,XLV,trend_triple_ma,Triple Moving Average,23,9,39.13,22.16,59.21,10.68,77.57,9.28,6.97,1.87,-13.48,18.56,False
8,XLV,vol_contraction_trend,Volatility Contraction Trend,20,8,40.0,21.88,61.34,10.15,79.73,8.83,6.53,0.04,-12.74,21.68,False
8,XLY,bollinger_recovery,Bollinger Recovery,15,7,46.67,24.81,69.88,10.99,86.12,7.45,12.33,3.52,-13.63,46.27,False
8,XLY,breadth_trend,Broad-Market Trend,27,14,51.85,33.99,69.26,18.7,83.45,10.58,9.33,3.42,-26.03,33.82,False
8,XLY,buy_hold,Buy & Hold Benchmark,33,17,51.52,35.22,67.5,20.48,81.43,10.06,9.17,3.63,-21.88,32.82,False
8,XLY,drawdown_recovery,25% Drawdown Recovery,6,4,66.67,30.0,90.32,10.76,97.07,14.72,16.15,8.46,-8.84,44.05,False
8,XLY,drawdown_recovery_20,20% Drawdown Recovery,8,5,62.5,30.57,86.32,11.9,95.36,12.81,12.78,2.65,-21.88,44.05,False
8,XLY,drawdown_recovery_30,30% Drawdown Recovery,6,3,50.0,18.76,81.24,6.27,93.73,16.11,12.77,-5.01,-21.88,44.05,False
8,XLY,drawdown_recovery_40,40% Drawdown Recovery,1,1,100.0,20.65,100.0,4.87,100.0,15.04,15.04,15.04,15.04,15.04,False
8,XLY,low_vol_trend,Low-Volatility Trend,18,11,61.11,38.62,79.7,19.69,90.97,11.42,9.9,2.93,-12.66,26.47,False
8,XLY,momentum,Top Relative Momentum 180,16,8,50.0,28.0,72.0,12.93,87.07,9.26,9.65,-0.24,-29.85,30.0,False
8,XLY,momentum_180,180-Day Absolute Momentum,29,15,51.72,34.43,68.61,19.32,82.74,11.81,10.2,3.41,-29.85,33.82,False
8,XLY,momentum_270,270-Day Absolute Momentum,29,12,41.38,25.51,59.26,13.41,76.28,8.28,7.9,1.88,-26.03,27.35,False
8,XLY,momentum_365,365-Day Absolute Momentum,29,12,41.38,25.51,59.26,13.41,76.28,7.97,9.27,4.91,-20.85,38.92,False
8,XLY,momentum_90,90-Day Absolute Momentum,30,15,50.0,33.15,66.85,18.6,81.4,9.24,9.67,3.4,-39.51,46.27,False
8,XLY,momentum_composite,Composite Momentum,15,7,46.67,24.81,69.88,10.99,86.12,8.59,10.14,3.25,-29.85,33.82,False
8,XLY,momentum_dual_180_365,Dual Momentum 180/365,28,11,39.29,23.57,57.59,12.08,75.3,7.51,8.22,4.89,-20.85,24.09,False
8,XLY,momentum_dual_90_180,Dual Momentum 90/180,26,13,50.0,32.06,67.94,17.25,82.75,9.36,10.41,2.34,-2.62,33.82,False
8,XLY,momentum_rank_365,Top Relative Momentum 365,17,6,35.29,17.31,58.7,7.34,78.97,7.05,9.07,3.29,-29.85,38.92,False
8,XLY,momentum_rank_90,Top Relative Momentum 90,18,8,44.44,24.56,66.28,11.37,83.3,8.54,12.77,6.56,-12.66,46.27,False
8,XLY,rsi14_recovery,RSI 14 Recovery,17,9,52.94,30.96,73.84,14.84,87.9,12.0,7.48,3.29,-28.07,21.01,False
8,XLY,rsi28_recovery,RSI 28 Recovery,13,7,53.85,29.14,76.79,12.84,90.23,16.23,17.16,3.75,-13.63,46.27,False
8,XLY,trend,SMA 50/200 + Momentum,21,7,33.33,17.19,54.63,7.67,75.06,7.79,8.62,2.83,-26.03,31.06,False
8,XLY,trend_breakout_100,100-Day Range Breakout,12,7,58.33,31.95,80.67,14.03,92.31,12.94,8.65,1.78,-29.85,30.0,False
8,XLY,trend_breakout_200,200-Day Range Breakout,11,6,54.55,28.01,78.73,11.71,91.57,12.2,8.23,1.07,-29.85,31.06,False
8,XLY,trend_ema100_200,EMA 100/200,28,13,46.43,29.53,64.19,15.9,79.9,7.63,8.95,2.11,-26.03,39.64,False
8,XLY,trend_ema50_200,EMA 50/200,28,12,42.86,26.51,60.93,13.94,77.65,7.63,8.51,2.42,-26.03,31.06,False
8,XLY,trend_price_sma100,Price above SMA 100,30,14,46.67,30.23,63.86,16.63,79.33,8.52,8.75,0.85,-39.51,46.27,False
8,XLY,trend_price_sma200,Price above SMA 200,28,14,50.0,32.63,67.37,17.95,82.05,9.5,10.88,4.98,-2.97,30.0,False
8,XLY,trend_sma100_200,SMA 100/200,26,13,50.0,32.06,67.94,17.25,82.75,9.5,10.1,3.32,-4.47,31.06,False
8,XLY,trend_triple_ma,Triple Moving Average,26,11,42.31,25.54,61.05,13.08,78.13,8.0,9.2,1.74,-4.47,31.06,False
8,XLY,vol_contraction_trend,Volatility Contraction Trend,20,11,55.0,34.21,74.18,17.48,87.58,11.86,12.43,5.97,0.57,33.32,False
9,DIA,bollinger_recovery,Bollinger Recovery,14,7,50.0,26.8,73.2,11.84,88.16,10.93,11.11,4.43,-18.04,37.22,False
9,DIA,breadth_trend,Broad-Market Trend,25,11,44.0,26.67,62.93,13.65,79.61,9.09,8.58,0.1,-16.52,30.92,False
9,DIA,buy_hold,Buy & Hold Benchmark,29,12,41.38,25.51,59.26,13.41,76.28,9.15,7.19,3.56,-23.73,22.76,False
9,DIA,drawdown_recovery,25% Drawdown Recovery,1,1,100.0,20.65,100.0,4.87,100.0,29.13,29.13,29.13,29.13,29.13,False
9,DIA,drawdown_recovery_20,20% Drawdown Recovery,4,2,50.0,15.0,85.0,4.45,95.55,15.12,17.06,9.42,8.84,29.13,False
9,DIA,drawdown_recovery_30,30% Drawdown Recovery,2,1,50.0,9.45,90.55,2.38,97.62,18.99,18.99,13.91,8.84,29.13,False
9,DIA,drawdown_recovery_40,40% Drawdown Recovery,1,0,0.0,0.0,79.35,0.0,95.13,8.84,8.84,8.84,8.84,8.84,False
9,DIA,low_vol_trend,Low-Volatility Trend,25,11,44.0,26.67,62.93,13.65,79.61,9.39,8.79,0.39,-16.52,30.92,False
9,DIA,momentum,Top Relative Momentum 180,2,2,100.0,34.24,100.0,9.29,100.0,14.1,14.1,13.89,13.67,14.54,False
9,DIA,momentum_180,180-Day Absolute Momentum,27,11,40.74,24.51,59.27,12.56,76.69,6.77,8.42,3.21,-5.88,30.92,False
9,DIA,momentum_270,270-Day Absolute Momentum,27,12,44.44,27.59,62.69,14.5,79.05,7.68,6.63,2.18,-29.14,30.57,False
9,DIA,momentum_365,365-Day Absolute Momentum,26,9,34.62,19.41,53.78,9.37,73.06,6.74,6.91,4.27,-15.3,22.34,False
9,DIA,momentum_90,90-Day Absolute Momentum,26,11,42.31,25.54,61.05,13.08,78.13,9.22,9.51,5.57,-18.04,29.71,False
9,DIA,momentum_composite,Composite Momentum,3,1,33.33,6.15,79.23,1.57,93.99,9.59,12.61,7.82,6.05,22.18,False
9,DIA,momentum_dual_180_365,Dual Momentum 180/365,26,10,38.46,22.43,57.47,11.17,75.65,6.74,6.96,4.3,-15.3,22.34,False
9,DIA,momentum_dual_90_180,Dual Momentum 90/180,25,12,48.0,30.03,66.5,15.78,81.97,8.69,8.82,1.7,-16.52,30.92,False
9,DIA,momentum_rank_365,Top Relative Momentum 365,2,0,0.0,0.0,65.76,0.0,90.71,0.37,0.37,-2.47,-5.3,6.05,False
9,DIA,momentum_rank_90,Top Relative Momentum 90,6,2,33.33,9.68,70.0,2.93,89.24,8.96,8.26,2.55,-0.02,16.88,False
9,DIA,rsi14_recovery,RSI 14 Recovery,16,8,50.0,28.0,72.0,12.93,87.07,11.0,10.88,5.11,-15.3,30.57,False
9,DIA,rsi28_recovery,RSI 28 Recovery,15,9,60.0,35.75,80.18,17.07,91.62,13.42,13.0,6.19,-18.04,37.22,False
9,DIA,trend,SMA 50/200 + Momentum,18,9,50.0,29.03,70.97,13.93,86.07,10.84,9.23,4.96,-8.62,22.18,False
9,DIA,trend_breakout_100,100-Day Range Breakout,16,8,50.0,28.0,72.0,12.93,87.07,10.53,9.59,4.21,-8.62,20.63,False
9,DIA,trend_breakout_200,200-Day Range Breakout,13,5,38.46,17.71,64.48,7.06,83.71,8.69,7.98,4.71,-8.62,16.47,False
9,DIA,trend_ema100_200,EMA 100/200,26,10,38.46,22.43,57.47,11.17,75.65,7.71,8.59,2.56,-5.3,24.12,False
9,DIA,trend_ema50_200,EMA 50/200,26,13,50.0,32.06,67.94,17.25,82.75,10.25,9.7,3.28,-5.3,24.12,False
9,DIA,trend_price_sma100,Price above SMA 100,27,12,44.44,27.59,62.69,14.5,79.05,9.39,6.63,2.08,-37.08,26.49,False
9,DIA,trend_price_sma200,Price above SMA 200,26,12,46.15,28.76,64.54,15.11,80.49,9.5,9.53,4.65,-5.88,30.92,False
9,DIA,trend_sma100_200,SMA 100/200,25,11,44.0,26.67,62.93,13.65,79.61,7.55,8.53,0.64,-16.52,26.6,False
9,DIA,trend_triple_ma,Triple Moving Average,21,11,52.38,32.37,71.66,16.55,85.92,10.87,9.21,4.71,-16.52,22.34,False
9,DIA,vol_contraction_trend,Volatility Contraction Trend,21,10,47.62,28.34,67.63,14.08,83.45,7.76,8.7,4.59,-15.3,30.92,False
9,IWM,bollinger_recovery,Bollinger Recovery,13,8,61.54,35.52,82.29,16.29,92.94,11.78,14.64,7.49,-9.87,69.94,False
9,IWM,breadth_trend,Broad-Market Trend,25,12,48.0,30.03,66.5,15.78,81.97,8.28,8.4,1.24,-25.96,50.32,False
9,IWM,buy_hold,Buy & Hold Benchmark,29,11,37.93,22.69,56.0,11.63,73.95,6.06,7.45,-3.24,-28.32,46.42,False
9,IWM,drawdown_recovery,25% Drawdown Recovery,6,5,83.33,43.65,96.99,16.45,99.22,26.39,30.58,23.96,3.32,69.94,False
9,IWM,drawdown_recovery_20,20% Drawdown Recovery,11,7,63.64,35.38,84.83,15.46,94.36,15.42,17.29,8.36,-38.03,69.94,False
9,IWM,drawdown_recovery_30,30% Drawdown Recovery,4,3,75.0,30.06,95.44,9.68,98.82,32.81,32.11,12.12,-7.13,69.94,False
9,IWM,drawdown_recovery_40,40% Drawdown Recovery,2,2,100.0,34.24,100.0,9.29,100.0,44.24,44.24,31.39,18.54,69.94,False
9,IWM,low_vol_trend,Low-Volatility Trend,3,1,33.33,6.15,79.23,1.57,93.99,2.56,11.65,-6.07,-14.69,47.08,False
9,IWM,momentum,Top Relative Momentum 180,15,7,46.67,24.81,69.88,10.99,86.12,9.72,6.62,-5.49,-28.18,34.09,False
9,IWM,momentum_180,180-Day Absolute Momentum,25,12,48.0,30.03,66.5,15.78,81.97,8.67,8.81,-0.27,-16.44,47.08,False
9,IWM,momentum_270,270-Day Absolute Momentum,25,10,40.0,23.4,59.26,11.65,77.12,7.0,9.21,2.12,-15.17,46.42,False
9,IWM,momentum_365,365-Day Absolute Momentum,25,10,40.0,23.4,59.26,11.65,77.12,7.49,8.24,0.23,-21.22,59.65,False
9,IWM,momentum_90,90-Day Absolute Momentum,27,13,48.15,30.74,66.01,16.55,81.3,8.28,8.04,-0.83,-50.46,46.8,False
9,IWM,momentum_composite,Composite Momentum,13,6,46.15,23.21,70.86,9.77,87.16,9.72,11.12,-3.12,-10.37,34.09,False
9,IWM,momentum_dual_180_365,Dual Momentum 180/365,23,11,47.83,29.24,67.04,14.96,82.69,8.67,7.82,1.06,-17.97,25.2,False
9,IWM,momentum_dual_90_180,Dual Momentum 90/180,24,11,45.83,27.89,64.93,14.28,81.13,9.29,8.78,-1.35,-18.09,47.08,False
9,IWM,momentum_rank_365,Top Relative Momentum 365,10,5,50.0,23.66,76.34,9.34,90.66,10.69,9.9,5.51,-10.37,27.23,False
9,IWM,momentum_rank_90,Top Relative Momentum 90,16,7,43.75,23.1,66.82,10.25,84.12,8.33,9.91,1.0,-28.32,34.09,False
9,IWM,rsi14_recovery,RSI 14 Recovery,18,11,61.11,38.62,79.7,19.69,90.97,11.97,17.22,7.67,-7.13,69.94,False
9,IWM,rsi28_recovery,RSI 28 Recovery,14,9,64.29,38.76,83.66,18.46,93.47,14.05,19.88,7.72,5.96,69.94,False
9,IWM,trend,SMA 50/200 + Momentum,18,8,44.44,24.56,66.28,11.37,83.3,9.91,9.69,2.83,-18.96,34.09,False
9,IWM,trend_breakout_100,100-Day Range Breakout,12,3,25.0,8.89,53.23,3.05,77.92,4.71,1.32,-10.73,-50.46,47.08,False
9,IWM,trend_breakout_200,200-Day Range Breakout,9,2,22.22,6.32,54.74,1.93,80.54,4.58,4.13,-0.31,-12.15,34.09,False
9,IWM,trend_ema100_200,EMA 100/200,25,11,44.0,26.67,62.93,13.65,79.61,9.16,8.81,0.29,-16.44,32.58,False
9,IWM,trend_ema50_200,EMA 50/200,25,10,40.0,23.4,59.26,11.65,77.12,9.16,9.32,1.05,-16.44,34.09,False
9,IWM,trend_price_sma100,Price above SMA 100,27,12,44.44,27.59,62.69,14.5,79.05,8.1,6.62,-3.53,-38.03,42.56,False
9,IWM,trend_price_sma200,Price above SMA 200,26,12,46.15,28.76,64.54,15.11,80.49,6.62,6.13,-6.1,-50.46,50.32,False
9,IWM,trend_sma100_200,SMA 100/200,25,11,44.0,26.67,62.93,13.65,79.61,9.16,7.05,-8.32,-28.18,51.49,False
9,IWM,trend_triple_ma,Triple Moving Average,21,8,38.1,20.75,59.12,9.64,78.02,5.97,7.9,-2.57,-19.56,34.09,False
9,IWM,vol_contraction_trend,Volatility Contraction Trend,20,6,30.0,14.55,51.9,6.19,73.57,4.08,4.01,-6.58,-50.46,50.32,False
9,QQQ,bollinger_recovery,Bollinger Recovery,12,8,66.67,39.06,86.19,17.83,94.85,16.95,17.72,8.73,-18.61,51.99,False
9,QQQ,breadth_trend,Broad-Market Trend,25,13,52.0,33.5,69.97,18.03,84.22,11.48,12.03,2.07,-5.22,33.83,False
9,QQQ,buy_hold,Buy & Hold Benchmark,29,18,62.07,44.0,77.31,26.05,88.37,13.79,11.58,2.38,-26.56,48.54,False
9,QQQ,drawdown_recovery,25% Drawdown Recovery,5,4,80.0,37.55,96.38,13.17,99.06,23.75,24.69,19.66,1.79,51.99,False
9,QQQ,drawdown_recovery_20,20% Drawdown Recovery,8,6,75.0,40.93,92.85,16.71,97.82,21.94,15.76,11.91,-40.26,51.99,False
9,QQQ,drawdown_recovery_30,30% Drawdown Recovery,3,2,66.67,20.77,93.85,6.01,98.43,23.75,17.26,12.77,1.79,26.25,False
9,QQQ,drawdown_recovery_40,40% Drawdown Recovery,2,2,100.0,34.24,100.0,9.29,100.0,25.0,25.0,24.37,23.75,26.25,False
9,QQQ,low_vol_trend,Low-Volatility Trend,10,8,80.0,49.02,94.33,22.06,98.26,20.51,18.35,12.18,-17.19,51.99,False
9,QQQ,momentum,Top Relative Momentum 180,21,14,66.67,45.37,82.81,24.94,92.33,16.04,13.82,-0.24,-22.42,51.99,False
9,QQQ,momentum_180,180-Day Absolute Momentum,26,15,57.69,38.95,74.46,21.87,86.92,15.11,12.98,1.4,-17.19,43.22,False
9,QQQ,momentum_270,270-Day Absolute Momentum,27,17,62.96,44.23,78.47,25.77,89.28,13.42,11.91,1.47,-40.26,72.6,False
9,QQQ,momentum_365,365-Day Absolute Momentum,26,18,69.23,50.01,83.5,29.65,92.31,13.27,11.13,8.58,-29.51,29.87,False
9,QQQ,momentum_90,90-Day Absolute Momentum,27,14,51.85,33.99,69.26,18.7,83.45,14.92,12.1,3.44,-46.06,49.16,False
9,QQQ,momentum_composite,Composite Momentum,20,10,50.0,29.93,70.07,14.86,85.14,9.31,8.88,-2.32,-17.19,32.7,False
9,QQQ,momentum_dual_180_365,Dual Momentum 180/365,25,17,68.0,48.41,82.8,28.22,91.99,13.14,11.96,8.26,-29.51,29.87,False
9,QQQ,momentum_dual_90_180,Dual Momentum 90/180,26,15,57.69,38.95,74.46,21.87,86.92,14.31,12.57,6.53,-17.19,33.83,False
9,QQQ,momentum_rank_365,Top Relative Momentum 365,18,7,38.89,20.3,61.38,9.03,80.31,8.57,9.45,6.92,-27.04,27.78,False
9,QQQ,momentum_rank_90,Top Relative Momentum 90,23,14,60.87,40.79,77.84,22.43,89.32,15.27,12.0,0.93,-32.68,49.16,False
9,QQQ,rsi14_recovery,RSI 14 Recovery,17,12,70.59,46.87,86.72,24.5,94.67,16.59,12.72,8.86,-27.04,33.22,False
9,QQQ,rsi28_recovery,RSI 28 Recovery,10,7,70.0,39.68,89.22,17.23,96.32,18.36,18.95,9.23,-18.61,51.99,False
9,QQQ,trend,SMA 50/200 + Momentum,23,14,60.87,40.79,77.84,22.43,89.32,12.49,10.02,-0.58,-29.51,33.83,False
9,QQQ,trend_breakout_100,100-Day Range Breakout,16,10,62.5,38.64,81.52,19.09,92.17,12.56,8.53,4.98,-46.06,29.51,False
9,QQQ,trend_breakout_200,200-Day Range Breakout,11,7,63.64,35.38,84.83,15.46,94.36,16.04,11.09,7.85,-18.61,23.94,False
9,QQQ,trend_ema100_200,EMA 100/200,26,18,69.23,50.01,83.5,29.65,92.31,17.08,14.48,7.63,-17.19,32.61,False
9,QQQ,trend_ema50_200,EMA 50/200,26,18,69.23,50.01,83.5,29.65,92.31,15.29,14.44,2.56,-5.22,48.54,False
9,QQQ,trend_price_sma100,Price above SMA 100,28,16,57.14,39.07,73.49,22.35,86.06,13.34,12.06,2.0,-40.26,49.16,False
9,QQQ,trend_price_sma200,Price above SMA 200,27,16,59.26,40.73,75.49,23.31,87.44,14.92,12.61,2.72,-46.06,48.54,False
9,QQQ,trend_sma100_200,SMA 100/200,26,16,61.54,42.53,77.57,24.35,88.83,16.03,14.63,6.55,-22.42,51.99,False
9,QQQ,trend_triple_ma,Triple Moving Average,23,14,60.87,40.79,77.84,22.43,89.32,13.69,13.87,3.46,-11.78,51.99,False
9,QQQ,vol_contraction_trend,Volatility Contraction Trend,17,13,76.47,52.74,90.45,28.23,96.41,17.91,14.7,13.69,-46.06,48.54,False
9,SPY,bollinger_recovery,Bollinger Recovery,13,9,69.23,42.37,87.32,20.11,95.26,13.91,12.9,8.86,-21.7,39.56,False
9,SPY,breadth_trend,Broad-Market Trend,26,10,38.46,22.43,57.47,11.17,75.65,7.59,8.07,1.48,-14.92,29.31,False
9,SPY,buy_hold,Buy & Hold Benchmark,29,16,55.17,37.55,71.59,21.48,84.71,10.27,7.87,5.12,-26.54,29.71,False
9,SPY,drawdown_recovery,25% Drawdown Recovery,2,2,100.0,34.24,100.0,9.29,100.0,30.3,30.3,28.13,25.96,34.63,False
9,SPY,drawdown_recovery_20,20% Drawdown Recovery,4,3,75.0,30.06,95.44,9.68,98.82,19.33,18.62,10.62,1.17,34.63,False
9,SPY,drawdown_recovery_30,30% Drawdown Recovery,3,3,100.0,43.85,100.0,13.32,100.0,24.89,24.43,19.33,13.77,34.63,False
9,SPY,drawdown_recovery_40,40% Drawdown Recovery,1,1,100.0,20.65,100.0,4.87,100.0,13.77,13.77,13.77,13.77,13.77,False
9,SPY,low_vol_trend,Low-Volatility Trend,26,15,57.69,38.95,74.46,21.87,86.92,10.79,8.91,3.92,-20.06,28.02,False
9,SPY,momentum,Top Relative Momentum 180,1,0,0.0,0.0,79.35,0.0,95.13,3.74,3.74,3.74,3.74,3.74,False
9,SPY,momentum_180,180-Day Absolute Momentum,27,12,44.44,27.59,62.69,14.5,79.05,8.86,8.94,3.99,-14.92,29.31,False
9,SPY,momentum_270,270-Day Absolute Momentum,26,13,50.0,32.06,67.94,17.25,82.75,9.77,9.96,4.79,-11.57,34.63,False
9,SPY,momentum_365,365-Day Absolute Momentum,26,15,57.69,38.95,74.46,21.87,86.92,10.36,8.28,4.84,-15.29,22.0,False
9,SPY,momentum_90,90-Day Absolute Momentum,27,12,44.44,27.59,62.69,14.5,79.05,8.35,9.32,5.45,-21.7,24.67,False
9,SPY,momentum_composite,Composite Momentum,2,1,50.0,9.45,90.55,2.38,97.62,15.14,15.14,12.0,8.86,21.41,False
9,SPY,momentum_dual_180_365,Dual Momentum 180/365,26,15,57.69,38.95,74.46,21.87,86.92,10.36,8.31,4.84,-15.29,22.0,False
9,SPY,momentum_dual_90_180,Dual Momentum 90/180,25,10,40.0,23.4,59.26,11.65,77.12,6.89,8.88,3.94,-11.57,29.31,False
9,SPY,momentum_rank_365,Top Relative Momentum 365,2,2,100.0,34.24,100.0,9.29,100.0,19.83,19.83,18.75,17.67,22.0,False
9,SPY,rsi14_recovery,RSI 14 Recovery,19,13,68.42,46.01,84.64,24.7,93.47,12.81,11.79,8.9,-10.43,24.67,False
9,SPY,rsi28_recovery,RSI 28 Recovery,12,8,66.67,39.06,86.19,17.83,94.85,14.61,13.54,7.84,-21.7,39.56,False
9,SPY,trend,SMA 50/200 + Momentum,19,10,52.63,31.71,72.67,15.73,86.87,10.27,11.63,7.8,-6.81,24.67,False
9,SPY,trend_breakout_100,100-Day Range Breakout,14,8,57.14,32.59,78.62,14.99,90.98,12.4,11.23,7.4,-10.43,20.11,False
9,SPY,trend_breakout_200,200-Day Range Breakout,13,8,61.54,35.52,82.29,16.29,92.94,10.98,10.79,8.73,-10.43,20.11,False
9,SPY,trend_ema100_200,EMA 100/200,26,13,50.0,32.06,67.94,17.25,82.75,9.91,10.42,5.26,-8.74,24.67,False
9,SPY,trend_ema50_200,EMA 50/200,26,14,53.85,35.46,71.24,19.51,84.89,11.53,11.01,5.9,-8.74,24.67,False
9,SPY,trend_price_sma100,Price above SMA 100,28,13,46.43,29.53,64.19,15.9,79.9,8.2,8.19,2.98,-40.29,25.96,False
9,SPY,trend_price_sma200,Price above SMA 200,26,15,57.69,38.95,74.46,21.87,86.92,10.79,8.82,1.48,-20.06,28.02,False
9,SPY,trend_sma100_200,SMA 100/200,25,12,48.0,30.03,66.5,15.78,81.97,9.86,9.81,5.58,-14.92,21.39,False
9,SPY,trend_triple_ma,Triple Moving Average,23,13,56.52,36.81,74.37,19.8,87.25,10.27,9.47,5.72,-15.29,24.67,False
9,SPY,vol_contraction_trend,Volatility Contraction Trend,21,9,42.86,24.47,63.45,11.78,80.82,9.34,9.68,5.53,-15.29,28.02,False
9,VTI,bollinger_recovery,Bollinger Recovery,14,11,78.57,52.41,92.43,26.47,97.39,13.91,13.31,10.86,-21.35,41.77,False
9,VTI,breadth_trend,Broad-Market Trend,25,13,52.0,33.5,69.97,18.03,84.22,10.04,9.64,2.58,-13.53,30.8,False
9,VTI,buy_hold,Buy & Hold Benchmark,29,15,51.72,34.43,68.61,19.32,82.74,10.54,8.04,3.74,-26.63,29.82,False
9,VTI,drawdown_recovery,25% Drawdown Recovery,3,3,100.0,43.85,100.0,13.32,100.0,26.82,30.15,24.83,22.83,40.81,False
9,VTI,drawdown_recovery_20,20% Drawdown Recovery,6,4,66.67,30.0,90.32,10.76,97.07,15.2,18.01,9.99,0.19,40.81,False
9,VTI,drawdown_recovery_30,30% Drawdown Recovery,2,2,100.0,34.24,100.0,9.29,100.0,28.51,28.51,22.36,16.21,40.81,False
9,VTI,drawdown_recovery_40,40% Drawdown Recovery,1,1,100.0,20.65,100.0,4.87,100.0,16.21,16.21,16.21,16.21,16.21,False
9,VTI,low_vol_trend,Low-Volatility Trend,26,15,57.69,38.95,74.46,21.87,86.92,10.74,8.94,2.26,-21.03,32.94,False
9,VTI,momentum,Top Relative Momentum 180,2,1,50.0,9.45,90.55,2.38,97.62,7.77,7.77,6.3,4.84,10.7,False
9,VTI,momentum_180,180-Day Absolute Momentum,26,10,38.46,22.43,57.47,11.17,75.65,8.55,9.67,4.39,-21.03,34.36,False
9,VTI,momentum_270,270-Day Absolute Momentum,26,13,50.0,32.06,67.94,17.25,82.75,10.11,10.84,6.22,-21.03,34.36,False
9,VTI,momentum_365,365-Day Absolute Momentum,26,14,53.85,35.46,71.24,19.51,84.89,10.3,8.3,4.01,-15.71,23.46,False
9,VTI,momentum_90,90-Day Absolute Momentum,27,13,48.15,30.74,66.01,16.55,81.3,9.75,10.11,5.57,-21.35,27.21,False
9,VTI,momentum_composite,Composite Momentum,2,1,50.0,9.45,90.55,2.38,97.62,7.77,7.77,6.3,4.84,10.7,False
9,VTI,momentum_dual_180_365,Dual Momentum 180/365,25,13,52.0,33.5,69.97,18.03,84.22,10.05,8.99,5.86,-21.03,34.36,False
9,VTI,momentum_dual_90_180,Dual Momentum 90/180,25,11,44.0,26.67,62.93,13.65,79.61,9.74,10.66,4.09,-11.69,30.8,False
9,VTI,momentum_rank_365,Top Relative Momentum 365,1,0,0.0,0.0,79.35,0.0,95.13,6.11,6.11,6.11,6.11,6.11,False
9,VTI,rsi14_recovery,RSI 14 Recovery,17,9,52.94,30.96,73.84,14.84,87.9,13.0,10.68,4.75,-13.22,24.74,False
9,VTI,rsi28_recovery,RSI 28 Recovery,13,10,76.92,49.74,91.82,24.33,97.19,14.19,14.6,10.7,-21.35,41.77,False
9,VTI,trend,SMA 50/200 + Momentum,21,11,52.38,32.37,71.66,16.55,85.92,10.54,11.42,7.14,-9.66,24.74,False
9,VTI,trend_breakout_100,100-Day Range Breakout,14,7,50.0,26.8,73.2,11.84,88.16,10.98,10.43,6.11,-13.22,22.83,False
9,VTI,trend_breakout_200,200-Day Range Breakout,14,7,50.0,26.8,73.2,11.84,88.16,10.98,10.43,6.11,-13.22,22.83,False
9,VTI,trend_ema100_200,EMA 100/200,26,14,53.85,35.46,71.24,19.51,84.89,11.25,9.42,3.62,-21.03,34.36,False
9,VTI,trend_ema50_200,EMA 50/200,26,15,57.69,38.95,74.46,21.87,86.92,11.79,10.03,4.39,-21.03,34.36,False
9,VTI,trend_price_sma100,Price above SMA 100,28,12,42.86,26.51,60.93,13.94,77.65,8.82,8.43,2.53,-40.23,28.11,False
9,VTI,trend_price_sma200,Price above SMA 200,26,15,57.69,38.95,74.46,21.87,86.92,11.39,8.99,2.13,-21.03,32.94,False
9,VTI,trend_sma100_200,SMA 100/200,24,13,54.17,35.07,72.11,18.87,85.72,12.69,10.86,3.93,-13.53,25.03,False
9,VTI,trend_triple_ma,Triple Moving Average,23,12,52.17,32.96,70.76,17.31,85.04,10.54,10.07,7.11,-14.3,24.74,False
9,VTI,vol_contraction_trend,Volatility Contraction Trend,21,10,47.62,28.34,67.63,14.08,83.45,9.75,9.13,4.03,-14.3,32.94,False
9,XLB,bollinger_recovery,Bollinger Recovery,15,6,40.0,19.82,64.25,8.38,82.93,4.55,8.94,-0.97,-6.21,47.68,False
9,XLB,breadth_trend,Broad-Market Trend,26,11,42.31,25.54,61.05,13.08,78.13,5.37,6.35,-4.31,-22.79,43.84,False
9,XLB,buy_hold,Buy & Hold Benchmark,29,14,48.28,31.39,65.57,17.26,80.68,8.96,7.23,2.11,-29.88,37.28,False
9,XLB,drawdown_recovery,25% Drawdown Recovery,3,2,66.67,20.77,93.85,6.01,98.43,23.54,21.81,11.34,-0.86,42.77,False
9,XLB,drawdown_recovery_20,20% Drawdown Recovery,9,6,66.67,35.42,87.94,14.62,95.89,14.9,19.9,7.59,-0.86,47.68,False
9,XLB,drawdown_recovery_30,30% Drawdown Recovery,2,2,100.0,34.24,100.0,9.29,100.0,45.22,45.22,44.0,42.77,47.68,False
9,XLB,drawdown_recovery_40,40% Drawdown Recovery,1,1,100.0,20.65,100.0,4.87,100.0,47.68,47.68,47.68,47.68,47.68,False
9,XLB,low_vol_trend,Low-Volatility Trend,6,2,33.33,9.68,70.0,2.93,89.24,-2.07,0.65,-5.61,-17.36,18.4,False
9,XLB,momentum,Top Relative Momentum 180,11,5,45.45,21.27,71.99,8.43,88.29,7.21,2.05,4.16,-48.82,15.84,False
9,XLB,momentum_180,180-Day Absolute Momentum,27,14,51.85,33.99,69.26,18.7,83.45,10.13,5.66,-3.65,-29.88,42.63,False
9,XLB,momentum_270,270-Day Absolute Momentum,24,12,50.0,31.43,68.57,16.51,83.49,8.17,6.33,2.69,-43.43,25.05,False
9,XLB,momentum_365,365-Day Absolute Momentum,26,13,50.0,32.06,67.94,17.25,82.75,8.84,6.22,-2.23,-43.99,42.63,False
9,XLB,momentum_90,90-Day Absolute Momentum,27,11,40.74,24.51,59.27,12.56,76.69,7.26,6.3,-3.59,-48.82,47.68,False
9,XLB,momentum_composite,Composite Momentum,11,4,36.36,15.17,64.62,5.64,84.54,3.69,4.22,-5.37,-22.46,30.11,False
9,XLB,momentum_dual_180_365,Dual Momentum 180/365,25,13,52.0,33.5,69.97,18.03,84.22,12.15,6.01,-3.13,-29.88,42.63,False
9,XLB,momentum_dual_90_180,Dual Momentum 90/180,26,12,46.15,28.76,64.54,15.11,80.49,1.95,5.66,-4.61,-22.79,43.84,False
9,XLB,momentum_rank_365,Top Relative Momentum 365,9,3,33.33,12.06,64.58,4.11,85.38,6.77,3.34,-4.97,-27.91,31.22,False
9,XLB,momentum_rank_90,Top Relative Momentum 90,16,8,50.0,28.0,72.0,12.93,87.07,9.96,5.02,-1.51,-43.99,30.11,False
9,XLB,rsi14_recovery,RSI 14 Recovery,22,10,45.45,26.92,65.34,13.38,81.8,8.94,10.01,1.37,-46.4,45.97,False
9,XLB,rsi28_recovery,RSI 28 Recovery,14,7,50.0,26.8,73.2,11.84,88.16,9.92,8.65,3.23,-46.4,45.97,False
9,XLB,trend,SMA 50/200 + Momentum,18,7,38.89,20.3,61.38,9.03,80.31,7.11,3.74,-3.07,-58.07,28.11,False
9,XLB,trend_breakout_100,100-Day Range Breakout,14,5,35.71,16.34,61.24,6.53,81.54,6.8,5.98,-0.18,-22.37,31.22,False
9,XLB,trend_breakout_200,200-Day Range Breakout,13,4,30.77,12.68,57.63,4.74,79.89,6.65,5.67,0.88,-17.36,17.55,False
9,XLB,trend_ema100_200,EMA 100/200,26,11,42.31,25.54,61.05,13.08,78.13,6.66,6.75,-3.64,-43.99,43.84,False
9,XLB,trend_ema50_200,EMA 50/200,26,12,46.15,28.76,64.54,15.11,80.49,9.35,6.68,-0.63,-43.99,42.63,False
9,XLB,trend_price_sma100,Price above SMA 100,27,14,51.85,33.99,69.26,18.7,83.45,10.13,7.36,0.81,-25.26,47.68,False
9,XLB,trend_price_sma200,Price above SMA 200,27,12,44.44,27.59,62.69,14.5,79.05,8.37,4.2,-3.65,-48.82,37.8,False
9,XLB,trend_sma100_200,SMA 100/200,24,11,45.83,27.89,64.93,14.28,81.13,9.46,5.64,-2.3,-43.43,37.28,False
9,XLB,trend_triple_ma,Triple Moving Average,20,11,55.0,34.21,74.18,17.48,87.58,11.2,8.99,-0.08,-22.37,43.84,False
9,XLB,vol_contraction_trend,Volatility Contraction Trend,19,11,57.89,36.28,76.86,18.52,89.27,12.26,6.29,-0.6,-58.07,31.22,False
9,XLE,bollinger_recovery,Bollinger Recovery,14,8,57.14,32.59,78.62,14.99,90.98,11.64,7.49,-0.11,-31.33,33.77,False
9,XLE,breadth_trend,Broad-Market Trend,24,11,45.83,27.89,64.93,14.28,81.13,9.79,11.91,1.36,-49.18,91.63,False
9,XLE,buy_hold,Buy & Hold Benchmark,29,10,34.48,19.94,52.66,9.94,71.52,5.0,8.07,-3.49,-35.35,62.26,False
9,XLE,drawdown_recovery,25% Drawdown Recovery,5,3,60.0,23.07,88.24,7.61,96.47,14.09,13.13,8.13,4.91,23.39,False
9,XLE,drawdown_recovery_20,20% Drawdown Recovery,11,6,54.55,28.01,78.73,11.71,91.57,13.01,11.17,4.95,-10.9,26.89,False
9,XLE,drawdown_recovery_30,30% Drawdown Recovery,5,2,40.0,11.76,76.93,3.53,92.39,8.13,6.12,-3.29,-3.49,15.14,False
9,XLE,drawdown_recovery_40,40% Drawdown Recovery,4,2,50.0,15.0,85.0,4.45,95.55,11.11,8.47,5.23,-3.49,15.14,False
9,XLE,low_vol_trend,Low-Volatility Trend,2,1,50.0,9.45,90.55,2.38,97.62,2.39,2.39,-7.82,-18.02,22.8,False
9,XLE,momentum,Top Relative Momentum 180,16,10,62.5,38.64,81.52,19.09,92.17,15.58,10.49,2.38,-50.63,48.79,False
9,XLE,momentum_180,180-Day Absolute Momentum,25,13,52.0,33.5,69.97,18.03,84.22,14.74,14.22,0.32,-36.08,91.63,False
9,XLE,momentum_270,270-Day Absolute Momentum,23,11,47.83,29.24,67.04,14.96,82.69,2.45,7.92,-2.93,-50.63,43.33,False
9,XLE,momentum_365,365-Day Absolute Momentum,22,12,54.55,34.66,73.08,18.2,86.62,17.8,13.47,-0.45,-36.08,91.63,False
9,XLE,momentum_90,90-Day Absolute Momentum,28,11,39.29,23.57,57.59,12.08,75.3,8.2,7.46,-0.51,-49.18,49.73,False
9,XLE,momentum_composite,Composite Momentum,12,6,50.0,25.38,74.62,10.65,89.35,10.31,8.05,-9.59,-39.25,48.79,False
9,XLE,momentum_dual_180_365,Dual Momentum 180/365,22,11,50.0,30.72,69.28,15.71,84.29,10.9,11.7,-3.82,-36.08,91.63,False
9,XLE,momentum_dual_90_180,Dual Momentum 90/180,23,12,52.17,32.96,70.76,17.31,85.04,13.09,11.55,-2.22,-40.77,49.73,False
9,XLE,momentum_rank_365,Top Relative Momentum 365,12,7,58.33,31.95,80.67,14.03,92.31,14.24,11.22,1.16,-40.77,43.03,False
9,XLE,momentum_rank_90,Top Relative Momentum 90,17,6,35.29,17.31,58.7,7.34,78.97,8.53,10.68,5.44,-39.25,51.01,False
9,XLE,rsi14_recovery,RSI 14 Recovery,21,12,57.14,36.55,75.53,19.18,88.22,12.25,10.1,-2.72,-39.25,39.23,False
9,XLE,rsi28_recovery,RSI 28 Recovery,15,9,60.0,35.75,80.18,17.07,91.62,12.25,10.53,2.8,-39.25,39.23,False
9,XLE,trend,SMA 50/200 + Momentum,18,11,61.11,38.62,79.7,19.69,90.97,18.1,12.74,-3.58,-50.63,49.73,False
9,XLE,trend_breakout_100,100-Day Range Breakout,9,4,44.44,18.88,73.34,6.96,89.53,9.62,11.45,2.45,-14.27,33.95,False
9,XLE,trend_breakout_200,200-Day Range Breakout,8,3,37.5,13.68,69.43,4.64,88.1,6.03,6.78,-9.18,-14.27,33.95,False
9,XLE,trend_ema100_200,EMA 100/200,22,11,50.0,30.72,69.28,15.71,84.29,11.4,11.53,3.52,-36.08,50.24,False
9,XLE,trend_ema50_200,EMA 50/200,22,11,50.0,30.72,69.28,15.71,84.29,10.98,12.71,3.52,-36.08,51.01,False
9,XLE,trend_price_sma100,Price above SMA 100,26,11,42.31,25.54,61.05,13.08,78.13,9.01,7.93,0.39,-49.18,37.57,False
9,XLE,trend_price_sma200,Price above SMA 200,26,11,42.31,25.54,61.05,13.08,78.13,9.6,9.59,-1.41,-49.18,91.63,False
9,XLE,trend_sma100_200,SMA 100/200,21,10,47.62,28.34,67.63,14.08,83.45,9.62,10.22,4.91,-39.25,50.24,False
9,XLE,trend_triple_ma,Triple Moving Average,20,12,60.0,38.66,78.12,20.27,89.85,14.41,11.46,1.24,-50.63,48.79,False
9,XLE,vol_contraction_trend,Volatility Contraction Trend,15,8,53.33,30.12,75.19,13.88,89.01,18.08,10.99,-0.54,-49.18,51.01,False
9,XLF,bollinger_recovery,Bollinger Recovery,15,6,40.0,19.82,64.25,8.38,82.93,7.78,8.2,1.87,-46.06,35.16,False
9,XLF,breadth_trend,Broad-Market Trend,25,12,48.0,30.03,66.5,15.78,81.97,6.56,7.77,-0.27,-27.41,36.63,False
9,XLF,buy_hold,Buy & Hold Benchmark,29,14,48.28,31.39,65.57,17.26,80.68,4.61,5.27,-3.75,-43.98,54.57,False
9,XLF,drawdown_recovery,25% Drawdown Recovery,6,4,66.67,30.0,90.32,10.76,97.07,20.13,23.49,3.42,-2.49,60.75,False
9,XLF,drawdown_recovery_20,20% Drawdown Recovery,12,8,66.67,39.06,86.19,17.83,94.85,15.32,11.54,-0.53,-65.39,60.75,False
9,XLF,drawdown_recovery_30,30% Drawdown Recovery,5,3,60.0,23.07,88.24,7.61,96.47,14.99,10.55,-0.12,-65.39,60.75,False
9,XLF,drawdown_recovery_40,40% Drawdown Recovery,2,2,100.0,34.24,100.0,9.29,100.0,51.64,51.64,47.09,42.53,60.75,False
9,XLF,low_vol_trend,Low-Volatility Trend,11,6,54.55,28.01,78.73,11.71,91.57,10.64,9.45,5.6,-6.44,21.97,False
9,XLF,momentum,Top Relative Momentum 180,13,6,46.15,23.21,70.86,9.77,87.16,9.36,6.46,-2.3,-20.31,25.38,False
9,XLF,momentum_180,180-Day Absolute Momentum,25,12,48.0,30.03,66.5,15.78,81.97,9.88,7.17,-5.09,-31.6,36.63,False
9,XLF,momentum_270,270-Day Absolute Momentum,24,10,41.67,24.47,61.17,12.17,78.64,8.51,7.61,0.09,-25.34,34.19,False
9,XLF,momentum_365,365-Day Absolute Momentum,25,11,44.0,26.67,62.93,13.65,79.61,6.56,7.54,0.36,-27.41,36.63,False
9,XLF,momentum_90,90-Day Absolute Momentum,25,13,52.0,33.5,69.97,18.03,84.22,11.12,11.81,3.0,-27.41,54.65,False
9,XLF,momentum_composite,Composite Momentum,11,4,36.36,15.17,64.62,5.64,84.54,9.36,8.46,4.55,-20.31,27.5,False
9,XLF,momentum_dual_180_365,Dual Momentum 180/365,23,9,39.13,22.16,59.21,10.68,77.57,7.49,6.5,-2.6,-25.34,36.63,False
9,XLF,momentum_dual_90_180,Dual Momentum 90/180,24,11,45.83,27.89,64.93,14.28,81.13,8.69,7.58,-1.7,-31.6,36.63,False
9,XLF,momentum_rank_365,Top Relative Momentum 365,10,7,70.0,39.68,89.22,17.23,96.32,11.77,8.68,5.88,-15.65,21.76,False
9,XLF,momentum_rank_90,Top Relative Momentum 90,14,9,64.29,38.76,83.66,18.46,93.47,13.24,11.89,3.13,-18.7,34.19,False
9,XLF,rsi14_recovery,RSI 14 Recovery,18,8,44.44,24.56,66.28,11.37,83.3,8.83,7.67,3.02,-46.06,35.16,False
9,XLF,rsi28_recovery,RSI 28 Recovery,13,7,53.85,29.14,76.79,12.84,90.23,11.06,8.88,1.01,-46.06,35.16,False
9,XLF,trend,SMA 50/200 + Momentum,19,6,31.58,15.36,53.99,6.53,75.3,6.38,6.17,-0.3,-21.63,36.63,False
9,XLF,trend_breakout_100,100-Day Range Breakout,13,9,69.23,42.37,87.32,20.11,95.26,13.07,13.7,6.35,-5.09,34.19,False
9,XLF,trend_breakout_200,200-Day Range Breakout,9,6,66.67,35.42,87.94,14.62,95.89,16.62,13.82,6.35,-5.09,34.19,False
9,XLF,trend_ema100_200,EMA 100/200,24,10,41.67,24.47,61.17,12.17,78.64,7.41,6.45,-5.37,-25.34,36.63,False
9,XLF,trend_ema50_200,EMA 50/200,24,10,41.67,24.47,61.17,12.17,78.64,6.69,6.05,-3.09,-27.41,36.63,False
9,XLF,trend_price_sma100,Price above SMA 100,25,14,56.0,37.07,73.33,20.39,86.35,11.12,8.68,-0.27,-31.6,54.65,False
9,XLF,trend_price_sma200,Price above SMA 200,25,13,52.0,33.5,69.97,18.03,84.22,11.06,8.16,-0.27,-27.41,36.63,False
9,XLF,trend_sma100_200,SMA 100/200,23,10,43.48,25.63,63.19,12.75,80.2,7.49,5.67,-6.93,-25.34,36.63,False
9,XLF,trend_triple_ma,Triple Moving Average,19,10,52.63,31.71,72.67,15.73,86.87,10.45,9.42,-2.42,-27.41,36.63,False
9,XLF,vol_contraction_trend,Volatility Contraction Trend,18,10,55.56,33.72,75.44,16.7,88.63,10.62,8.88,-0.03,-18.7,36.49,False
9,XLI,bollinger_recovery,Bollinger Recovery,17,10,58.82,36.01,78.39,17.81,90.4,14.55,11.37,3.27,-25.61,39.17,False
9,XLI,breadth_trend,Broad-Market Trend,26,13,50.0,32.06,67.94,17.25,82.75,9.86,9.64,-1.02,-22.57,44.67,False
9,XLI,buy_hold,Buy & Hold Benchmark,29,15,51.72,34.43,68.61,19.32,82.74,10.07,8.77,0.8,-32.1,35.27,False
9,XLI,drawdown_recovery,25% Drawdown Recovery,3,2,66.67,20.77,93.85,6.01,98.43,28.57,23.57,15.77,2.97,39.17,False
9,XLI,drawdown_recovery_20,20% Drawdown Recovery,7,5,71.43,35.89,91.78,13.81,97.5,12.5,17.73,10.1,8.21,39.17,False
9,XLI,drawdown_recovery_30,30% Drawdown Recovery,3,2,66.67,20.77,93.85,6.01,98.43,29.5,25.81,19.13,8.77,39.17,False
9,XLI,drawdown_recovery_40,40% Drawdown Recovery,2,1,50.0,9.45,90.55,2.38,97.62,23.97,23.97,16.37,8.77,39.17,False
9,XLI,low_vol_trend,Low-Volatility Trend,17,8,47.06,26.16,69.04,12.1,85.16,9.99,9.41,2.76,-8.5,28.48,False
9,XLI,momentum,Top Relative Momentum 180,12,6,50.0,25.38,74.62,10.65,89.35,9.76,9.84,3.58,-1.09,22.06,False
9,XLI,momentum_180,180-Day Absolute Momentum,26,12,46.15,28.76,64.54,15.11,80.49,8.69,7.47,-1.35,-45.85,33.76,False
9,XLI,momentum_270,270-Day Absolute Momentum,26,10,38.46,22.43,57.47,11.17,75.65,7.15,8.62,4.0,-22.57,35.27,False
9,XLI,momentum_365,365-Day Absolute Momentum,26,13,50.0,32.06,67.94,17.25,82.75,10.03,8.7,0.2,-15.74,35.27,False
9,XLI,momentum_90,90-Day Absolute Momentum,26,12,46.15,28.76,64.54,15.11,80.49,8.78,8.18,-0.98,-45.85,45.09,False
9,XLI,momentum_composite,Composite Momentum,12,4,33.33,13.81,60.94,5.15,82.17,7.19,2.01,-1.87,-45.85,23.06,False
9,XLI,momentum_dual_180_365,Dual Momentum 180/365,24,11,45.83,27.89,64.93,14.28,81.13,9.59,6.99,0.37,-22.57,23.94,False
9,XLI,momentum_dual_90_180,Dual Momentum 90/180,25,12,48.0,30.03,66.5,15.78,81.97,9.18,9.59,-1.12,-22.57,33.76,False
9,XLI,momentum_rank_365,Top Relative Momentum 365,9,3,33.33,12.06,64.58,4.11,85.38,6.79,9.89,5.74,0.93,26.3,False
9,XLI,momentum_rank_90,Top Relative Momentum 90,17,6,35.29,17.31,58.7,7.34,78.97,8.39,7.63,6.56,-45.85,35.88,False
9,XLI,rsi14_recovery,RSI 14 Recovery,19,9,47.37,27.33,68.29,13.13,84.27,9.37,10.43,6.14,-38.88,39.17,False
9,XLI,rsi28_recovery,RSI 28 Recovery,16,10,62.5,38.64,81.52,19.09,92.17,16.11,11.24,2.47,-25.61,39.17,False
9,XLI,trend,SMA 50/200 + Momentum,19,11,57.89,36.28,76.86,18.52,89.27,13.93,11.31,5.04,-9.87,23.06,False
9,XLI,trend_breakout_100,100-Day Range Breakout,11,4,36.36,15.17,64.62,5.64,84.54,7.96,9.96,1.48,-5.3,33.76,False
9,XLI,trend_breakout_200,200-Day Range Breakout,9,5,55.56,26.66,81.12,10.47,93.04,12.12,6.74,-0.8,-5.3,17.27,False
9,XLI,trend_ema100_200,EMA 100/200,27,12,44.44,27.59,62.69,14.5,79.05,6.65,6.7,-0.54,-58.09,35.27,False
9,XLI,trend_ema50_200,EMA 50/200,27,13,48.15,30.74,66.01,16.55,81.3,8.82,7.38,-0.54,-58.09,35.27,False
9,XLI,trend_price_sma100,Price above SMA 100,27,13,48.15,30.74,66.01,16.55,81.3,9.18,8.72,1.31,-45.85,45.95,False
9,XLI,trend_price_sma200,Price above SMA 200,27,13,48.15,30.74,66.01,16.55,81.3,7.58,7.75,-1.11,-45.85,44.67,False
9,XLI,trend_sma100_200,SMA 100/200,25,13,52.0,33.5,69.97,18.03,84.22,13.05,10.26,-0.65,-17.02,35.88,False
9,XLI,trend_triple_ma,Triple Moving Average,22,11,50.0,30.72,69.28,15.71,84.29,11.03,9.4,3.68,-17.27,26.3,False
9,XLI,vol_contraction_trend,Volatility Contraction Trend,18,9,50.0,29.03,70.97,13.93,86.07,11.24,11.31,2.81,-12.97,44.67,False
9,XLK,bollinger_recovery,Bollinger Recovery,13,6,46.15,23.21,70.86,9.77,87.16,9.23,12.26,2.61,-27.27,49.65,False
9,XLK,breadth_trend,Broad-Market Trend,26,14,53.85,35.46,71.24,19.51,84.89,10.42,9.7,0.73,-21.69,35.69,False
9,XLK,buy_hold,Buy & Hold Benchmark,29,17,58.62,40.74,74.49,23.72,86.59,11.42,10.7,3.27,-21.69,46.43,False
9,XLK,drawdown_recovery,25% Drawdown Recovery,5,4,80.0,37.55,96.38,13.17,99.06,22.62,23.99,18.48,4.58,49.65,False
9,XLK,drawdown_recovery_20,20% Drawdown Recovery,8,6,75.0,40.93,92.85,16.71,97.82,26.17,19.18,15.0,-44.84,49.65,False
9,XLK,drawdown_recovery_30,30% Drawdown Recovery,4,4,100.0,51.01,100.0,17.0,100.0,29.78,33.46,28.14,24.62,49.65,False
9,XLK,drawdown_recovery_40,40% Drawdown Recovery,2,2,100.0,34.24,100.0,9.29,100.0,26.96,26.96,25.79,24.62,29.31,False
9,XLK,low_vol_trend,Low-Volatility Trend,11,8,72.73,43.43,90.25,19.72,96.66,14.74,12.67,5.55,-3.31,23.95,False
9,XLK,momentum,Top Relative Momentum 180,18,10,55.56,33.72,75.44,16.7,88.63,14.9,11.87,6.73,-27.27,35.69,False
9,XLK,momentum_180,180-Day Absolute Momentum,26,15,57.69,38.95,74.46,21.87,86.92,13.47,11.95,0.46,-9.34,39.18,False
9,XLK,momentum_270,270-Day Absolute Momentum,26,14,53.85,35.46,71.24,19.51,84.89,11.29,13.92,6.08,-20.81,71.01,False
9,XLK,momentum_365,365-Day Absolute Momentum,26,18,69.23,50.01,83.5,29.65,92.31,14.33,11.94,4.68,-29.24,30.21,False
9,XLK,momentum_90,90-Day Absolute Momentum,27,14,51.85,33.99,69.26,18.7,83.45,13.13,10.79,0.63,-44.84,44.37,False
9,XLK,momentum_composite,Composite Momentum,16,8,50.0,28.0,72.0,12.93,87.07,9.18,11.14,-1.06,-7.01,49.65,False
9,XLK,momentum_dual_180_365,Dual Momentum 180/365,24,13,54.17,35.07,72.11,18.87,85.72,14.04,12.15,0.83,-9.34,39.18,False
9,XLK,momentum_dual_90_180,Dual Momentum 90/180,26,15,57.69,38.95,74.46,21.87,86.92,12.23,11.95,5.61,-9.34,35.69,False
9,XLK,momentum_rank_365,Top Relative Momentum 365,17,9,52.94,30.96,73.84,14.84,87.9,10.52,9.73,-0.95,-27.27,71.01,False
9,XLK,momentum_rank_90,Top Relative Momentum 90,19,12,63.16,41.04,80.85,21.51,91.47,13.81,14.57,1.64,-7.01,44.37,False
9,XLK,rsi14_recovery,RSI 14 Recovery,18,12,66.67,43.75,83.72,22.9,93.09,15.19,13.36,6.71,-27.27,29.31,False
9,XLK,rsi28_recovery,RSI 28 Recovery,10,5,50.0,23.66,76.34,9.34,90.66,11.65,16.66,5.03,2.55,49.65,False
9,XLK,trend,SMA 50/200 + Momentum,21,16,76.19,54.91,89.37,31.43,95.72,18.37,14.29,10.32,-27.49,51.57,False
9,XLK,trend_breakout_100,100-Day Range Breakout,12,8,66.67,39.06,86.19,17.83,94.85,18.83,13.2,7.05,-13.15,25.02,False
9,XLK,trend_breakout_200,200-Day Range Breakout,11,5,45.45,21.27,71.99,8.43,88.29,9.32,10.15,5.76,-13.15,25.02,False
9,XLK,trend_ema100_200,EMA 100/200,26,17,65.38,46.22,80.59,26.94,90.63,17.41,14.93,6.24,-9.34,51.57,False
9,XLK,trend_ema50_200,EMA 50/200,26,15,57.69,38.95,74.46,21.87,86.92,13.47,12.6,2.25,-9.34,39.18,False
9,XLK,trend_price_sma100,Price above SMA 100,28,15,53.57,35.81,70.47,20.1,84.1,11.5,11.62,1.02,-40.22,51.57,False
9,XLK,trend_price_sma200,Price above SMA 200,28,15,53.57,35.81,70.47,20.1,84.1,11.95,9.42,0.21,-44.84,46.43,False
9,XLK,trend_sma100_200,SMA 100/200,26,15,57.69,38.95,74.46,21.87,86.92,12.26,13.24,-0.02,-18.7,51.57,False
9,XLK,trend_triple_ma,Triple Moving Average,24,15,62.5,42.71,78.84,23.99,89.8,13.69,11.71,0.5,-16.0,35.69,False
9,XLK,vol_contraction_trend,Volatility Contraction Trend,16,12,75.0,50.5,89.82,26.34,96.18,18.06,16.99,9.88,-1.29,46.43,False
9,XLP,bollinger_recovery,Bollinger Recovery,16,5,31.25,14.16,55.6,5.68,77.43,7.01,5.54,-1.04,-16.33,17.49,False
9,XLP,breadth_trend,Broad-Market Trend,26,9,34.62,19.41,53.78,9.37,73.06,6.02,6.98,2.4,-5.98,22.65,False
9,XLP,buy_hold,Buy & Hold Benchmark,29,9,31.03,17.28,49.23,8.34,68.99,7.25,7.07,3.9,-16.33,18.61,False
9,XLP,drawdown_recovery_20,20% Drawdown Recovery,3,3,100.0,43.85,100.0,13.32,100.0,16.44,16.25,15.08,13.71,18.59,False
9,XLP,drawdown_recovery_30,30% Drawdown Recovery,2,2,100.0,34.24,100.0,9.29,100.0,17.52,17.52,16.98,16.44,18.59,False
9,XLP,low_vol_trend,Low-Volatility Trend,27,9,33.33,18.64,52.18,9.0,71.66,7.5,7.19,2.42,-13.78,22.65,False
9,XLP,momentum,Top Relative Momentum 180,10,3,30.0,10.78,60.32,3.68,82.77,6.2,2.37,-2.83,-28.85,18.41,False
9,XLP,momentum_180,180-Day Absolute Momentum,27,12,44.44,27.59,62.69,14.5,79.05,9.26,7.4,3.14,-13.78,20.5,False
9,XLP,momentum_270,270-Day Absolute Momentum,28,9,32.14,17.93,50.66,8.66,70.3,6.47,6.46,2.88,-16.33,19.74,False
9,XLP,momentum_365,365-Day Absolute Momentum,27,6,22.22,10.61,40.76,4.53,63.23,6.18,6.28,1.77,-9.47,28.66,False
9,XLP,momentum_90,90-Day Absolute Momentum,26,9,34.62,19.41,53.78,9.37,73.06,8.07,6.48,2.41,-28.85,18.61,False
9,XLP,momentum_composite,Composite Momentum,11,2,18.18,5.14,47.7,1.58,75.49,1.06,3.68,-1.31,-3.26,18.98,False
9,XLP,momentum_dual_180_365,Dual Momentum 180/365,26,7,26.92,13.7,46.08,6.13,67.51,4.19,5.35,0.08,-9.47,19.74,False
9,XLP,momentum_dual_90_180,Dual Momentum 90/180,26,11,42.31,25.54,61.05,13.08,78.13,8.24,6.37,1.81,-28.85,16.42,False
9,XLP,momentum_rank_365,Top Relative Momentum 365,9,2,22.22,6.32,54.74,1.93,80.54,4.37,4.59,-0.09,-16.33,22.65,False
9,XLP,momentum_rank_90,Top Relative Momentum 90,14,5,35.71,16.34,61.24,6.53,81.54,4.09,4.4,-0.63,-15.01,18.98,False
9,XLP,rsi14_recovery,RSI 14 Recovery,16,3,18.75,6.59,43.01,2.28,69.58,5.4,4.13,-0.8,-16.33,18.03,False
9,XLP,rsi28_recovery,RSI 28 Recovery,10,4,40.0,16.82,68.73,6.23,87.0,6.46,5.81,-0.11,-16.33,19.66,False
9,XLP,trend,SMA 50/200 + Momentum,14,3,21.43,7.57,47.59,2.61,73.53,5.89,5.66,3.08,-9.05,14.46,False
9,XLP,trend_breakout_100,100-Day Range Breakout,14,5,35.71,16.34,61.24,6.53,81.54,3.95,4.21,-1.91,-9.05,15.01,False
9,XLP,trend_breakout_200,200-Day Range Breakout,14,5,35.71,16.34,61.24,6.53,81.54,3.95,4.29,-1.91,-9.05,15.01,False
9,XLP,trend_ema100_200,EMA 100/200,27,11,40.74,24.51,59.27,12.56,76.69,6.89,6.02,2.38,-15.01,18.36,False
9,XLP,trend_ema50_200,EMA 50/200,27,11,40.74,24.51,59.27,12.56,76.69,8.63,6.66,1.84,-13.78,20.5,False
9,XLP,trend_price_sma100,Price above SMA 100,27,10,37.04,21.53,55.77,10.72,74.23,8.37,7.57,3.29,-13.78,22.33,False
9,XLP,trend_price_sma200,Price above SMA 200,27,9,33.33,18.64,52.18,9.0,71.66,7.5,7.19,2.42,-13.78,22.65,False
9,XLP,trend_sma100_200,SMA 100/200,26,9,34.62,19.41,53.78,9.37,73.06,6.48,6.25,2.09,-15.01,18.36,False
9,XLP,trend_triple_ma,Triple Moving Average,22,10,45.45,26.92,65.34,13.38,81.8,8.24,6.29,0.2,-28.85,18.61,False
9,XLP,vol_contraction_trend,Volatility Contraction Trend,18,7,38.89,20.3,61.38,9.03,80.31,8.8,8.2,4.67,-1.39,16.44,False
9,XLU,bollinger_recovery,Bollinger Recovery,12,7,58.33,31.95,80.67,14.03,92.31,12.92,8.98,5.97,-4.56,15.72,False
9,XLU,breadth_trend,Broad-Market Trend,26,11,42.31,25.54,61.05,13.08,78.13,7.76,8.36,0.28,-8.68,27.39,False
9,XLU,buy_hold,Buy & Hold Benchmark,29,17,58.62,40.74,74.49,23.72,86.59,12.14,8.52,-0.4,-24.9,25.83,False
9,XLU,drawdown_recovery,25% Drawdown Recovery,2,1,50.0,9.45,90.55,2.38,97.62,9.44,9.44,8.06,6.69,12.19,False
9,XLU,drawdown_recovery_20,20% Drawdown Recovery,6,2,33.33,9.68,70.0,2.93,89.24,6.99,9.33,5.74,-10.24,23.91,False
9,XLU,drawdown_recovery_30,30% Drawdown Recovery,2,1,50.0,9.45,90.55,2.38,97.62,15.3,15.3,11.0,6.69,23.91,False
9,XLU,drawdown_recovery_40,40% Drawdown Recovery,2,1,50.0,9.45,90.55,2.38,97.62,15.3,15.3,11.0,6.69,23.91,False
9,XLU,low_vol_trend,Low-Volatility Trend,24,13,54.17,35.07,72.11,18.87,85.72,10.16,8.7,1.32,-11.96,25.93,False
9,XLU,momentum,Top Relative Momentum 180,14,5,35.71,16.34,61.24,6.53,81.54,8.9,5.67,-1.64,-35.34,26.45,False
9,XLU,momentum_180,180-Day Absolute Momentum,27,15,55.56,37.31,72.41,20.95,85.5,12.07,7.8,-0.04,-26.18,24.03,False
9,XLU,momentum_270,270-Day Absolute Momentum,27,12,44.44,27.59,62.69,14.5,79.05,8.29,7.64,3.79,-35.34,27.68,False
9,XLU,momentum_365,365-Day Absolute Momentum,26,13,50.0,32.06,67.94,17.25,82.75,9.96,8.02,-0.07,-25.79,27.39,False
9,XLU,momentum_90,90-Day Absolute Momentum,28,15,53.57,35.81,70.47,20.1,84.1,10.12,8.67,3.24,-24.9,24.44,False
9,XLU,momentum_composite,Composite Momentum,15,7,46.67,24.81,69.88,10.99,86.12,9.24,4.99,-2.57,-35.34,24.03,False
9,XLU,momentum_dual_180_365,Dual Momentum 180/365,25,13,52.0,33.5,69.97,18.03,84.22,10.03,6.94,-4.56,-26.18,27.39,False
9,XLU,momentum_dual_90_180,Dual Momentum 90/180,26,15,57.69,38.95,74.46,21.87,86.92,11.14,7.85,5.04,-40.7,24.03,False
9,XLU,momentum_rank_365,Top Relative Momentum 365,16,7,43.75,23.1,66.82,10.25,84.12,9.28,5.5,-2.69,-23.34,23.38,False
9,XLU,momentum_rank_90,Top Relative Momentum 90,19,11,57.89,36.28,76.86,18.52,89.27,10.54,8.08,1.68,-35.34,28.02,False
9,XLU,rsi14_recovery,RSI 14 Recovery,18,8,44.44,24.56,66.28,11.37,83.3,7.73,10.28,3.54,-4.56,34.44,False
9,XLU,rsi28_recovery,RSI 28 Recovery,15,10,66.67,41.71,84.82,20.56,93.92,13.23,13.42,6.98,-4.56,34.44,False
9,XLU,trend,SMA 50/200 + Momentum,20,8,40.0,21.88,61.34,10.15,79.73,8.77,7.37,-1.42,-7.56,25.93,False
9,XLU,trend_breakout_100,100-Day Range Breakout,14,8,57.14,32.59,78.62,14.99,90.98,10.42,9.82,4.8,-9.15,27.39,False
9,XLU,trend_breakout_200,200-Day Range Breakout,14,6,42.86,21.38,67.41,9.02,85.01,9.13,7.35,0.32,-9.15,21.72,False
9,XLU,trend_ema100_200,EMA 100/200,26,10,38.46,22.43,57.47,11.17,75.65,8.53,7.99,3.66,-26.18,24.03,False
9,XLU,trend_ema50_200,EMA 50/200,26,15,57.69,38.95,74.46,21.87,86.92,12.62,8.17,2.31,-40.7,24.03,False
9,XLU,trend_price_sma100,Price above SMA 100,27,12,44.44,27.59,62.69,14.5,79.05,7.56,7.98,5.48,-20.79,27.57,False
9,XLU,trend_price_sma200,Price above SMA 200,28,15,53.57,35.81,70.47,20.1,84.1,11.08,8.65,0.59,-26.18,27.39,False
9,XLU,trend_sma100_200,SMA 100/200,25,11,44.0,26.67,62.93,13.65,79.61,7.59,6.83,-2.64,-26.18,27.39,False
9,XLU,trend_triple_ma,Triple Moving Average,20,12,60.0,38.66,78.12,20.27,89.85,12.16,10.81,7.06,-5.91,27.39,False
9,XLU,vol_contraction_trend,Volatility Contraction Trend,16,5,31.25,14.16,55.6,5.68,77.43,4.26,6.45,0.51,-11.8,25.93,False
9,XLV,bollinger_recovery,Bollinger Recovery,15,6,40.0,19.82,64.25,8.38,82.93,7.18,8.01,0.64,-9.13,24.29,False
9,XLV,breadth_trend,Broad-Market Trend,26,11,42.31,25.54,61.05,13.08,78.13,5.73,6.61,-1.07,-14.11,28.98,False
9,XLV,buy_hold,Buy & Hold Benchmark,29,10,34.48,19.94,52.66,9.94,71.52,5.83,7.14,0.65,-21.4,25.79,False
9,XLV,drawdown_recovery,25% Drawdown Recovery,1,1,100.0,20.65,100.0,4.87,100.0,19.39,19.39,19.39,19.39,19.39,False
9,XLV,drawdown_recovery_20,20% Drawdown Recovery,2,1,50.0,9.45,90.55,2.38,97.62,12.76,12.76,9.44,6.12,19.39,False
9,XLV,drawdown_recovery_30,30% Drawdown Recovery,1,0,0.0,0.0,79.35,0.0,95.13,6.12,6.12,6.12,6.12,6.12,False
9,XLV,low_vol_trend,Low-Volatility Trend,23,9,39.13,22.16,59.21,10.68,77.57,5.65,7.24,0.09,-14.11,25.79,False
9,XLV,momentum,Top Relative Momentum 180,13,4,30.77,12.68,57.63,4.74,79.89,2.94,6.33,0.65,-8.37,24.29,False
9,XLV,momentum_180,180-Day Absolute Momentum,27,11,40.74,24.51,59.27,12.56,76.69,7.86,7.86,-0.06,-14.11,25.79,False
9,XLV,momentum_270,270-Day Absolute Momentum,27,9,33.33,18.64,52.18,9.0,71.66,7.21,8.58,4.1,-9.65,26.09,False
9,XLV,momentum_365,365-Day Absolute Momentum,28,13,46.43,29.53,64.19,15.9,79.9,7.96,6.72,-1.51,-19.86,26.09,False
9,XLV,momentum_90,90-Day Absolute Momentum,27,9,33.33,18.64,52.18,9.0,71.66,4.97,5.61,-1.32,-21.4,28.98,False
9,XLV,momentum_composite,Composite Momentum,9,4,44.44,18.88,73.34,6.96,89.53,3.23,9.34,-0.87,-9.17,28.98,False
9,XLV,momentum_dual_180_365,Dual Momentum 180/365,26,12,46.15,28.76,64.54,15.11,80.49,9.02,8.57,3.04,-14.11,25.83,False
9,XLV,momentum_dual_90_180,Dual Momentum 90/180,26,12,46.15,28.76,64.54,15.11,80.49,9.22,8.19,-0.23,-11.16,28.98,False
9,XLV,momentum_rank_365,Top Relative Momentum 365,10,5,50.0,23.66,76.34,9.34,90.66,10.74,10.51,1.16,-6.72,24.29,False
9,XLV,momentum_rank_90,Top Relative Momentum 90,18,5,27.78,12.5,50.87,5.02,73.66,2.25,5.2,-0.72,-18.56,24.29,False
9,XLV,rsi14_recovery,RSI 14 Recovery,17,8,47.06,26.16,69.04,12.1,85.16,9.4,8.61,-0.38,-16.97,24.29,False
9,XLV,rsi28_recovery,RSI 28 Recovery,11,4,36.36,15.17,64.62,5.64,84.54,4.6,7.3,-0.7,-16.97,26.09,False
9,XLV,trend,SMA 50/200 + Momentum,16,7,43.75,23.1,66.82,10.25,84.12,4.61,7.37,1.69,-7.46,24.42,False
9,XLV,trend_breakout_100,100-Day Range Breakout,15,5,33.33,15.18,58.29,6.08,79.44,4.42,6.35,0.22,-9.13,21.78,False
9,XLV,trend_breakout_200,200-Day Range Breakout,12,4,33.33,13.81,60.94,5.15,82.17,5.8,6.91,0.79,-9.13,21.78,False
9,XLV,trend_ema100_200,EMA 100/200,26,13,50.0,32.06,67.94,17.25,82.75,10.99,8.95,3.5,-9.87,24.42,False
9,XLV,trend_ema50_200,EMA 50/200,26,13,50.0,32.06,67.94,17.25,82.75,10.46,7.86,-0.41,-11.16,24.42,False
9,XLV,trend_price_sma100,Price above SMA 100,27,10,37.04,21.53,55.77,10.72,74.23,4.97,6.56,-1.03,-21.4,25.79,False
9,XLV,trend_price_sma200,Price above SMA 200,26,11,42.31,25.54,61.05,13.08,78.13,5.73,7.97,-0.56,-13.8,25.79,False
9,XLV,trend_sma100_200,SMA 100/200,25,11,44.0,26.67,62.93,13.65,79.61,4.97,7.16,-0.97,-14.11,25.05,False
9,XLV,trend_triple_ma,Triple Moving Average,22,9,40.91,23.26,61.27,11.2,79.17,8.56,7.22,1.83,-11.16,24.42,False
9,XLV,vol_contraction_trend,Volatility Contraction Trend,19,9,47.37,27.33,68.29,13.13,84.27,9.22,7.01,0.34,-13.8,24.01,False
9,XLY,bollinger_recovery,Bollinger Recovery,14,7,50.0,26.8,73.2,11.84,88.16,10.27,15.1,8.3,-23.82,50.62,False
9,XLY,breadth_trend,Broad-Market Trend,24,12,50.0,31.43,68.57,16.51,83.49,10.33,10.56,3.11,-17.6,43.78,False
9,XLY,buy_hold,Buy & Hold Benchmark,29,16,55.17,37.55,71.59,21.48,84.71,11.03,8.78,2.69,-30.29,28.84,False
9,XLY,drawdown_recovery,25% Drawdown Recovery,6,3,50.0,18.76,81.24,6.27,93.73,13.82,16.15,5.67,-9.84,48.93,False
9,XLY,drawdown_recovery_20,20% Drawdown Recovery,8,4,50.0,21.52,78.48,7.89,92.11,10.93,13.11,1.4,-21.29,48.93,False
9,XLY,drawdown_recovery_30,30% Drawdown Recovery,6,3,50.0,18.76,81.24,6.27,93.73,15.08,13.83,-6.09,-21.29,48.93,False
9,XLY,drawdown_recovery_40,40% Drawdown Recovery,1,1,100.0,20.65,100.0,4.87,100.0,20.38,20.38,20.38,20.38,20.38,False
9,XLY,low_vol_trend,Low-Volatility Trend,16,9,56.25,33.18,76.9,15.88,89.75,10.59,9.04,6.61,-20.51,30.76,False
9,XLY,momentum,Top Relative Momentum 180,15,7,46.67,24.81,69.88,10.99,86.12,7.15,10.14,1.9,-20.34,29.51,False
9,XLY,momentum_180,180-Day Absolute Momentum,26,13,50.0,32.06,67.94,17.25,82.75,10.0,10.16,3.82,-30.29,43.78,False
9,XLY,momentum_270,270-Day Absolute Momentum,25,12,48.0,30.03,66.5,15.78,81.97,8.47,9.97,3.4,-21.51,48.93,False
9,XLY,momentum_365,365-Day Absolute Momentum,25,15,60.0,40.74,76.6,22.88,88.35,11.39,12.04,7.39,-29.51,39.38,False
9,XLY,momentum_90,90-Day Absolute Momentum,26,15,57.69,38.95,74.46,21.87,86.92,11.68,10.44,4.81,-47.0,50.62,False
9,XLY,momentum_composite,Composite Momentum,14,7,50.0,26.8,73.2,11.84,88.16,12.2,12.08,2.33,-20.34,43.78,False
9,XLY,momentum_dual_180_365,Dual Momentum 180/365,23,14,60.87,40.79,77.84,22.43,89.32,11.39,11.78,9.23,-29.51,31.97,False
9,XLY,momentum_dual_90_180,Dual Momentum 90/180,25,15,60.0,40.74,76.6,22.88,88.35,11.03,11.27,4.71,-13.89,43.78,False
9,XLY,momentum_rank_365,Top Relative Momentum 365,16,7,43.75,23.1,66.82,10.25,84.12,8.7,12.77,4.5,-2.66,39.38,False
9,XLY,momentum_rank_90,Top Relative Momentum 90,18,10,55.56,33.72,75.44,16.7,88.63,11.23,13.41,3.48,-20.51,50.62,False
9,XLY,rsi14_recovery,RSI 14 Recovery,16,10,62.5,38.64,81.52,19.09,92.17,13.18,10.05,8.38,-36.94,26.1,False
9,XLY,rsi28_recovery,RSI 28 Recovery,13,7,53.85,29.14,76.79,12.84,90.23,16.9,18.85,8.43,-23.82,50.62,False
9,XLY,trend,SMA 50/200 + Momentum,19,9,47.37,27.33,68.29,13.13,84.27,8.81,11.48,3.71,-7.89,35.02,False
9,XLY,trend_breakout_100,100-Day Range Breakout,12,6,50.0,25.38,74.62,10.65,89.35,9.26,9.61,2.76,-20.34,28.25,False
9,XLY,trend_breakout_200,200-Day Range Breakout,11,5,45.45,21.27,71.99,8.43,88.29,5.14,9.55,2.35,-20.34,35.02,False
9,XLY,trend_ema100_200,EMA 100/200,25,15,60.0,40.74,76.6,22.88,88.35,11.21,11.08,5.14,-13.89,34.34,False
9,XLY,trend_ema50_200,EMA 50/200,25,14,56.0,37.07,73.33,20.39,86.35,11.21,11.54,4.86,-13.89,35.02,False
9,XLY,trend_price_sma100,Price above SMA 100,26,13,50.0,32.06,67.94,17.25,82.75,10.17,9.95,4.87,-47.0,50.62,False
9,XLY,trend_price_sma200,Price above SMA 200,25,14,56.0,37.07,73.33,20.39,86.35,12.33,11.9,4.71,-2.95,28.04,False
9,XLY,trend_sma100_200,SMA 100/200,24,13,54.17,35.07,72.11,18.87,85.72,10.68,11.2,3.44,-7.89,35.02,False
9,XLY,trend_triple_ma,Triple Moving Average,22,13,59.09,38.73,76.74,20.83,88.8,12.63,12.37,4.95,-13.89,35.02,False
9,XLY,vol_contraction_trend,Volatility Contraction Trend,19,12,63.16,41.04,80.85,21.51,91.47,12.31,10.9,4.35,-21.77,28.84,False
10,DIA,bollinger_recovery,Bollinger Recovery,13,6,46.15,23.21,70.86,9.77,87.16,8.65,10.26,4.61,-27.15,34.59,False
10,DIA,breadth_trend,Broad-Market Trend,25,12,48.0,30.03,66.5,15.78,81.97,8.75,9.9,3.46,-14.92,33.74,False
10,DIA,buy_hold,Buy & Hold Benchmark,27,14,51.85,33.99,69.26,18.7,83.45,10.25,9.67,3.83,-35.68,34.47,False
10,DIA,drawdown_recovery,25% Drawdown Recovery,1,1,100.0,20.65,100.0,4.87,100.0,34.59,34.59,34.59,34.59,34.59,False
10,DIA,drawdown_recovery_20,20% Drawdown Recovery,4,3,75.0,30.06,95.44,9.68,98.82,15.25,18.27,10.26,7.98,34.59,False
10,DIA,drawdown_recovery_30,30% Drawdown Recovery,2,2,100.0,34.24,100.0,9.29,100.0,22.81,22.81,16.92,11.02,34.59,False
10,DIA,drawdown_recovery_40,40% Drawdown Recovery,1,1,100.0,20.65,100.0,4.87,100.0,11.02,11.02,11.02,11.02,11.02,False
10,DIA,low_vol_trend,Low-Volatility Trend,24,11,45.83,27.89,64.93,14.28,81.13,8.37,9.72,3.15,-14.92,33.74,False
10,DIA,momentum,Top Relative Momentum 180,2,2,100.0,34.24,100.0,9.29,100.0,15.8,15.8,15.33,14.85,16.75,False
10,DIA,momentum_180,180-Day Absolute Momentum,25,13,52.0,33.5,69.97,18.03,84.22,10.24,9.1,4.17,-21.08,33.74,False
10,DIA,momentum_270,270-Day Absolute Momentum,24,14,58.33,38.83,75.53,21.36,87.83,10.79,9.16,6.31,-27.15,24.66,False
10,DIA,momentum_365,365-Day Absolute Momentum,24,10,41.67,24.47,61.17,12.17,78.64,8.49,7.59,3.28,-35.68,33.4,False
10,DIA,momentum_90,90-Day Absolute Momentum,25,11,44.0,26.67,62.93,13.65,79.61,8.65,8.31,1.19,-34.29,32.42,False
10,DIA,momentum_composite,Composite Momentum,3,2,66.67,20.77,93.85,6.01,98.43,11.47,11.18,3.94,-3.6,25.66,False
10,DIA,momentum_dual_180_365,Dual Momentum 180/365,23,10,43.48,25.63,63.19,12.75,80.2,8.65,8.23,3.1,-11.35,20.45,False
10,DIA,momentum_dual_90_180,Dual Momentum 90/180,24,12,50.0,31.43,68.57,16.51,83.49,9.95,9.06,4.13,-27.15,33.74,False
10,DIA,momentum_rank_365,Top Relative Momentum 365,2,0,0.0,0.0,65.76,0.0,90.71,1.64,1.64,-0.02,-1.68,4.97,False
10,DIA,momentum_rank_90,Top Relative Momentum 90,6,3,50.0,18.76,81.24,6.27,93.73,8.36,10.31,4.31,3.55,19.65,False
10,DIA,rsi14_recovery,RSI 14 Recovery,16,9,56.25,33.18,76.9,15.88,89.75,10.92,10.92,4.45,-13.59,34.42,False
10,DIA,rsi28_recovery,RSI 28 Recovery,15,9,60.0,35.75,80.18,17.07,91.62,17.79,13.03,6.3,-27.15,34.59,False
10,DIA,trend,SMA 50/200 + Momentum,16,7,43.75,23.1,66.82,10.25,84.12,8.15,8.15,2.74,-11.35,25.66,False
10,DIA,trend_breakout_100,100-Day Range Breakout,14,7,50.0,26.8,73.2,11.84,88.16,10.94,10.61,6.65,-6.12,21.64,False
10,DIA,trend_breakout_200,200-Day Range Breakout,11,6,54.55,28.01,78.73,11.71,91.57,10.03,10.63,9.15,-6.12,21.64,False
10,DIA,trend_ema100_200,EMA 100/200,24,11,45.83,27.89,64.93,14.28,81.13,9.2,8.52,4.37,-21.08,23.13,False
10,DIA,trend_ema50_200,EMA 50/200,24,10,41.67,24.47,61.17,12.17,78.64,8.38,8.56,3.61,-21.08,32.42,False
10,DIA,trend_price_sma100,Price above SMA 100,24,10,41.67,24.47,61.17,12.17,78.64,7.55,8.48,0.39,-14.92,33.48,False
10,DIA,trend_price_sma200,Price above SMA 200,25,12,48.0,30.03,66.5,15.78,81.97,8.75,10.29,4.16,-14.92,33.74,False
10,DIA,trend_sma100_200,SMA 100/200,24,11,45.83,27.89,64.93,14.28,81.13,9.54,9.3,5.75,-21.08,33.4,False
10,DIA,trend_triple_ma,Triple Moving Average,21,8,38.1,20.75,59.12,9.64,78.02,8.08,7.55,1.04,-9.59,22.32,False
10,DIA,vol_contraction_trend,Volatility Contraction Trend,18,9,50.0,29.03,70.97,13.93,86.07,8.84,9.73,1.8,-5.64,33.74,False
10,IWM,bollinger_recovery,Bollinger Recovery,11,7,63.64,35.38,84.83,15.46,94.36,15.0,18.15,5.47,-8.06,78.91,False
10,IWM,breadth_trend,Broad-Market Trend,24,9,37.5,21.16,57.29,10.2,76.01,6.67,11.22,0.48,-18.68,53.08,False
10,IWM,buy_hold,Buy & Hold Benchmark,27,15,55.56,37.31,72.41,20.95,85.5,10.24,9.92,1.38,-35.9,53.08,False
10,IWM,drawdown_recovery,25% Drawdown Recovery,6,5,83.33,43.65,96.99,16.45,99.22,28.87,33.33,23.31,2.69,78.91,False
10,IWM,drawdown_recovery_20,20% Drawdown Recovery,11,7,63.64,35.38,84.83,15.46,94.36,16.41,18.96,8.33,-48.55,78.91,False
10,IWM,drawdown_recovery_30,30% Drawdown Recovery,4,3,75.0,30.06,95.44,9.68,98.82,32.71,35.7,10.55,-1.54,78.91,False
10,IWM,drawdown_recovery_40,40% Drawdown Recovery,2,2,100.0,34.24,100.0,9.29,100.0,46.75,46.75,30.66,14.58,78.91,False
10,IWM,low_vol_trend,Low-Volatility Trend,3,1,33.33,6.15,79.23,1.57,93.99,-9.39,10.57,-9.56,-9.73,50.84,False
10,IWM,momentum,Top Relative Momentum 180,13,7,53.85,29.14,76.79,12.84,90.23,14.42,6.57,-5.53,-32.0,37.53,False
10,IWM,momentum_180,180-Day Absolute Momentum,23,10,43.48,25.63,63.19,12.75,80.2,6.41,8.34,-2.48,-22.54,50.84,False
10,IWM,momentum_270,270-Day Absolute Momentum,21,10,47.62,28.34,67.63,14.08,83.45,8.67,9.89,-2.38,-14.37,45.06,False
10,IWM,momentum_365,365-Day Absolute Momentum,23,8,34.78,18.81,55.11,8.75,74.79,7.81,9.26,-3.36,-27.96,62.29,False
10,IWM,momentum_90,90-Day Absolute Momentum,24,10,41.67,24.47,61.17,12.17,78.64,6.67,8.61,2.77,-32.0,53.08,False
10,IWM,momentum_composite,Composite Momentum,11,7,63.64,35.38,84.83,15.46,94.36,13.32,11.22,0.63,-16.99,37.53,False
10,IWM,momentum_dual_180_365,Dual Momentum 180/365,20,8,40.0,21.88,61.34,10.15,79.73,6.46,6.73,-3.16,-22.54,27.85,False
10,IWM,momentum_dual_90_180,Dual Momentum 90/180,22,10,45.45,26.92,65.34,13.38,81.8,5.98,7.91,-2.15,-22.54,50.84,False
10,IWM,momentum_rank_365,Top Relative Momentum 365,9,4,44.44,18.88,73.34,6.96,89.53,8.79,11.63,4.5,-5.0,33.44,False
10,IWM,momentum_rank_90,Top Relative Momentum 90,14,6,42.86,21.38,67.41,9.02,85.01,9.21,8.53,-3.19,-25.22,37.53,False
10,IWM,rsi14_recovery,RSI 14 Recovery,14,8,57.14,32.59,78.62,14.99,90.98,14.34,19.3,8.07,-2.03,78.91,False
10,IWM,rsi28_recovery,RSI 28 Recovery,13,9,69.23,42.37,87.32,20.11,95.26,15.0,21.74,7.98,-2.03,78.91,False
10,IWM,trend,SMA 50/200 + Momentum,16,8,50.0,28.0,72.0,12.93,87.07,10.2,9.58,1.74,-15.74,37.53,False
10,IWM,trend_breakout_100,100-Day Range Breakout,12,3,25.0,8.89,53.23,3.05,77.92,2.17,2.73,-6.37,-37.39,50.84,False
10,IWM,trend_breakout_200,200-Day Range Breakout,9,2,22.22,6.32,54.74,1.93,80.54,4.47,3.94,-5.53,-15.74,37.53,False
10,IWM,trend_ema100_200,EMA 100/200,21,10,47.62,28.34,67.63,14.08,83.45,9.22,10.79,0.43,-14.37,45.06,False
10,IWM,trend_ema50_200,EMA 50/200,22,11,50.0,30.72,69.28,15.71,84.29,10.2,12.04,1.86,-14.37,45.06,False
10,IWM,trend_price_sma100,Price above SMA 100,25,13,52.0,33.5,69.97,18.03,84.22,10.24,8.92,2.69,-32.0,47.15,False
10,IWM,trend_price_sma200,Price above SMA 200,24,11,45.83,27.89,64.93,14.28,81.13,7.81,8.98,-1.94,-32.0,53.08,False
10,IWM,trend_sma100_200,SMA 100/200,23,12,52.17,32.96,70.76,17.31,85.04,10.91,9.03,0.68,-32.0,45.37,False
10,IWM,trend_triple_ma,Triple Moving Average,20,9,45.0,25.82,65.79,12.42,82.52,8.65,8.54,0.04,-22.54,37.53,False
10,IWM,vol_contraction_trend,Volatility Contraction Trend,15,6,40.0,19.82,64.25,8.38,82.93,6.41,8.39,-0.34,-37.39,45.06,False
10,QQQ,bollinger_recovery,Bollinger Recovery,12,9,75.0,46.77,91.11,22.08,96.95,22.41,18.83,10.51,-23.57,50.1,False
10,QQQ,breadth_trend,Broad-Market Trend,25,15,60.0,40.74,76.6,22.88,88.35,16.73,15.04,8.26,-12.44,41.83,False
10,QQQ,buy_hold,Buy & Hold Benchmark,27,17,62.96,44.23,78.47,25.77,89.28,15.31,13.95,-0.92,-35.41,50.5,False
10,QQQ,drawdown_recovery,25% Drawdown Recovery,5,5,100.0,56.55,100.0,20.39,100.0,25.37,27.92,18.13,13.04,50.1,False
10,QQQ,drawdown_recovery_20,20% Drawdown Recovery,8,7,87.5,52.91,97.76,22.38,99.41,19.52,16.02,13.01,-45.24,50.1,False
10,QQQ,drawdown_recovery_30,30% Drawdown Recovery,3,3,100.0,43.85,100.0,13.32,100.0,25.37,23.78,19.2,13.04,32.94,False
10,QQQ,drawdown_recovery_40,40% Drawdown Recovery,2,2,100.0,34.24,100.0,9.29,100.0,29.16,29.16,27.26,25.37,32.94,False
10,QQQ,low_vol_trend,Low-Volatility Trend,9,6,66.67,35.42,87.94,14.62,95.89,21.49,17.7,8.68,-24.28,50.1,False
10,QQQ,momentum,Top Relative Momentum 180,18,10,55.56,33.72,75.44,16.7,88.63,16.59,14.23,1.94,-24.28,47.46,False
10,QQQ,momentum_180,180-Day Absolute Momentum,25,16,64.0,44.52,79.75,25.49,90.23,16.73,15.31,6.6,-29.0,45.22,False
10,QQQ,momentum_270,270-Day Absolute Momentum,24,16,66.67,46.71,82.03,26.74,91.64,17.07,13.76,4.97,-28.76,42.02,False
10,QQQ,momentum_365,365-Day Absolute Momentum,24,13,54.17,35.07,72.11,18.87,85.72,13.12,9.86,-3.35,-35.41,40.21,False
10,QQQ,momentum_90,90-Day Absolute Momentum,26,15,57.69,38.95,74.46,21.87,86.92,15.4,13.0,3.1,-29.0,42.98,False
10,QQQ,momentum_composite,Composite Momentum,18,9,50.0,29.03,70.97,13.93,86.07,12.71,12.06,1.55,-15.81,42.02,False
10,QQQ,momentum_dual_180_365,Dual Momentum 180/365,22,13,59.09,38.73,76.74,20.83,88.8,16.64,10.44,-4.25,-29.0,37.82,False
10,QQQ,momentum_dual_90_180,Dual Momentum 90/180,24,16,66.67,46.71,82.03,26.74,91.64,15.4,15.86,7.71,-9.45,50.1,False
10,QQQ,momentum_rank_365,Top Relative Momentum 365,16,9,56.25,33.18,76.9,15.88,89.75,13.2,11.15,-2.56,-34.85,50.1,False
10,QQQ,momentum_rank_90,Top Relative Momentum 90,21,15,71.43,50.04,86.19,28.09,94.12,17.76,16.81,2.87,-15.81,51.62,False
10,QQQ,rsi14_recovery,RSI 14 Recovery,15,9,60.0,35.75,80.18,17.07,91.62,15.36,10.26,0.97,-34.85,33.38,False
10,QQQ,rsi28_recovery,RSI 28 Recovery,10,6,60.0,31.27,83.18,13.0,93.77,17.05,16.05,6.41,-23.57,50.1,False
10,QQQ,trend,SMA 50/200 + Momentum,22,13,59.09,38.73,76.74,20.83,88.8,15.61,14.5,1.47,-4.13,37.58,False
10,QQQ,trend_breakout_100,100-Day Range Breakout,15,10,66.67,41.71,84.82,20.56,93.92,17.83,12.09,2.28,-34.32,34.62,False
10,QQQ,trend_breakout_200,200-Day Range Breakout,11,8,72.73,43.43,90.25,19.72,96.66,17.83,14.04,11.78,-23.57,29.02,False
10,QQQ,trend_ema100_200,EMA 100/200,25,17,68.0,48.41,82.8,28.22,91.99,14.06,13.13,7.82,-34.85,50.1,False
10,QQQ,trend_ema50_200,EMA 50/200,25,15,60.0,40.74,76.6,22.88,88.35,15.31,14.66,8.26,-34.85,41.83,False
10,QQQ,trend_price_sma100,Price above SMA 100,25,15,60.0,40.74,76.6,22.88,88.35,13.02,11.74,1.19,-34.32,50.1,False
10,QQQ,trend_price_sma200,Price above SMA 200,25,15,60.0,40.74,76.6,22.88,88.35,16.91,14.79,2.1,-12.44,47.46,False
10,QQQ,trend_sma100_200,SMA 100/200,24,14,58.33,38.83,75.53,21.36,87.83,14.68,16.05,7.84,-28.76,50.1,False
10,QQQ,trend_triple_ma,Triple Moving Average,20,13,65.0,43.29,81.88,23.26,91.92,17.24,15.83,2.41,-15.81,51.62,False
10,QQQ,vol_contraction_trend,Volatility Contraction Trend,17,12,70.59,46.87,86.72,24.5,94.67,19.47,15.72,8.45,-34.32,34.14,False
10,SPY,bollinger_recovery,Bollinger Recovery,11,8,72.73,43.43,90.25,19.72,96.66,16.12,13.54,11.29,-32.03,38.33,False
10,SPY,breadth_trend,Broad-Market Trend,25,11,44.0,26.67,62.93,13.65,79.61,8.28,11.19,4.97,-14.55,38.6,False
10,SPY,buy_hold,Buy & Hold Benchmark,27,16,59.26,40.73,75.49,23.31,87.44,12.16,10.27,6.53,-38.5,36.7,False
10,SPY,drawdown_recovery,25% Drawdown Recovery,2,2,100.0,34.24,100.0,9.29,100.0,33.96,33.96,31.77,29.59,38.33,False
10,SPY,drawdown_recovery_20,20% Drawdown Recovery,4,3,75.0,30.06,95.44,9.68,98.82,21.15,21.5,12.19,5.38,38.33,False
10,SPY,drawdown_recovery_30,30% Drawdown Recovery,3,3,100.0,43.85,100.0,13.32,100.0,27.84,26.88,21.15,14.46,38.33,False
10,SPY,drawdown_recovery_40,40% Drawdown Recovery,1,1,100.0,20.65,100.0,4.87,100.0,14.46,14.46,14.46,14.46,14.46,False
10,SPY,low_vol_trend,Low-Volatility Trend,24,14,58.33,38.83,75.53,21.36,87.83,11.46,10.31,5.12,-9.18,35.03,False
10,SPY,momentum,Top Relative Momentum 180,1,0,0.0,0.0,79.35,0.0,95.13,4.81,4.81,4.81,4.81,4.81,False
10,SPY,momentum_180,180-Day Absolute Momentum,25,13,52.0,33.5,69.97,18.03,84.22,10.87,9.9,2.65,-14.55,38.33,False
10,SPY,momentum_270,270-Day Absolute Momentum,24,14,58.33,38.83,75.53,21.36,87.83,12.58,9.78,5.22,-32.03,35.03,False
10,SPY,momentum_365,365-Day Absolute Momentum,24,12,50.0,31.43,68.57,16.51,83.49,9.27,7.67,2.69,-49.12,38.6,False
10,SPY,momentum_90,90-Day Absolute Momentum,26,14,53.85,35.46,71.24,19.51,84.89,12.7,9.91,4.6,-37.84,28.19,False
10,SPY,momentum_composite,Composite Momentum,2,2,100.0,34.24,100.0,9.29,100.0,18.68,18.68,15.31,11.94,25.43,False
10,SPY,momentum_dual_180_365,Dual Momentum 180/365,22,11,50.0,30.72,69.28,15.71,84.29,9.03,8.47,-1.84,-10.86,38.33,False
10,SPY,momentum_dual_90_180,Dual Momentum 90/180,24,14,58.33,38.83,75.53,21.36,87.83,11.89,10.24,4.86,-17.49,32.12,False
10,SPY,momentum_rank_365,Top Relative Momentum 365,2,2,100.0,34.24,100.0,9.29,100.0,18.0,18.0,17.85,17.7,18.3,False
10,SPY,rsi14_recovery,RSI 14 Recovery,16,11,68.75,44.4,85.84,22.57,94.32,13.79,11.06,8.01,-13.9,22.74,False
10,SPY,rsi28_recovery,RSI 28 Recovery,12,8,66.67,39.06,86.19,17.83,94.85,17.88,14.27,6.29,-32.03,38.33,False
10,SPY,trend,SMA 50/200 + Momentum,17,10,58.82,36.01,78.39,17.81,90.4,11.36,8.91,4.34,-13.9,18.66,False
10,SPY,trend_breakout_100,100-Day Range Breakout,12,8,66.67,39.06,86.19,17.83,94.85,14.74,14.44,7.78,2.37,28.19,False
10,SPY,trend_breakout_200,200-Day Range Breakout,11,7,63.64,35.38,84.83,15.46,94.36,13.13,13.1,7.78,2.37,28.19,False
10,SPY,trend_ema100_200,EMA 100/200,25,15,60.0,40.74,76.6,22.88,88.35,11.04,9.95,4.53,-23.8,36.14,False
10,SPY,trend_ema50_200,EMA 50/200,25,14,56.0,37.07,73.33,20.39,86.35,11.04,9.74,4.53,-23.8,36.14,False
10,SPY,trend_price_sma100,Price above SMA 100,25,12,48.0,30.03,66.5,15.78,81.97,9.46,10.3,4.97,-17.08,35.03,False
10,SPY,trend_price_sma200,Price above SMA 200,25,11,44.0,26.67,62.93,13.65,79.61,8.28,11.29,4.97,-14.55,38.6,False
10,SPY,trend_sma100_200,SMA 100/200,22,11,50.0,30.72,69.28,15.71,84.29,10.42,8.25,5.78,-23.8,24.51,False
10,SPY,trend_triple_ma,Triple Moving Average,21,10,47.62,28.34,67.63,14.08,83.45,9.46,9.86,6.45,-9.01,29.92,False
10,SPY,vol_contraction_trend,Volatility Contraction Trend,19,11,57.89,36.28,76.86,18.52,89.27,12.3,11.47,5.0,-14.06,28.19,False
10,VTI,bollinger_recovery,Bollinger Recovery,11,9,81.82,52.3,94.86,24.51,98.42,17.69,14.16,11.71,-32.2,45.08,False
10,VTI,breadth_trend,Broad-Market Trend,25,11,44.0,26.67,62.93,13.65,79.61,7.91,11.4,5.07,-14.11,40.21,False
10,VTI,buy_hold,Buy & Hold Benchmark,27,18,66.67,47.82,81.36,28.34,91.0,13.69,10.47,6.77,-38.41,38.27,False
10,VTI,drawdown_recovery,25% Drawdown Recovery,3,3,100.0,43.85,100.0,13.32,100.0,31.17,32.94,26.87,22.57,45.08,False
10,VTI,drawdown_recovery_20,20% Drawdown Recovery,6,4,66.67,30.0,90.32,10.76,97.07,15.7,19.98,9.47,4.63,45.08,False
10,VTI,drawdown_recovery_30,30% Drawdown Recovery,2,2,100.0,34.24,100.0,9.29,100.0,30.7,30.7,23.51,16.32,45.08,False
10,VTI,drawdown_recovery_40,40% Drawdown Recovery,1,1,100.0,20.65,100.0,4.87,100.0,16.32,16.32,16.32,16.32,16.32,False
10,VTI,low_vol_trend,Low-Volatility Trend,23,12,52.17,32.96,70.76,17.31,85.04,10.82,10.79,4.28,-14.11,38.92,False
10,VTI,momentum,Top Relative Momentum 180,2,1,50.0,9.45,90.55,2.38,97.62,10.75,10.75,10.16,9.56,11.94,False
10,VTI,momentum_180,180-Day Absolute Momentum,25,11,44.0,26.67,62.93,13.65,79.61,9.81,9.63,1.11,-14.11,38.92,False
10,VTI,momentum_270,270-Day Absolute Momentum,24,14,58.33,38.83,75.53,21.36,87.83,13.09,9.95,4.99,-32.2,38.92,False
10,VTI,momentum_365,365-Day Absolute Momentum,23,11,47.83,29.24,67.04,14.96,82.69,7.91,7.47,2.16,-49.02,40.21,False
10,VTI,momentum_90,90-Day Absolute Momentum,25,13,52.0,33.5,69.97,18.03,84.22,12.0,11.87,5.07,-16.06,40.21,False
10,VTI,momentum_composite,Composite Momentum,2,1,50.0,9.45,90.55,2.38,97.62,10.75,10.75,10.16,9.56,11.94,False
10,VTI,momentum_dual_180_365,Dual Momentum 180/365,22,9,40.91,23.26,61.27,11.2,79.17,6.77,7.97,-2.43,-10.1,38.92,False
10,VTI,momentum_dual_90_180,Dual Momentum 90/180,24,12,50.0,31.43,68.57,16.51,83.49,10.5,9.61,3.91,-16.59,34.49,False
10,VTI,momentum_rank_365,Top Relative Momentum 365,1,1,100.0,20.65,100.0,4.87,100.0,11.12,11.12,11.12,11.12,11.12,False
10,VTI,rsi14_recovery,RSI 14 Recovery,15,9,60.0,35.75,80.18,17.07,91.62,11.26,8.67,5.27,-16.59,18.78,False
10,VTI,rsi28_recovery,RSI 28 Recovery,12,9,75.0,46.77,91.11,22.08,96.95,18.39,15.48,8.24,-32.2,45.08,False
10,VTI,trend,SMA 50/200 + Momentum,18,10,55.56,33.72,75.44,16.7,88.63,10.91,9.33,4.56,-16.59,19.36,False
10,VTI,trend_breakout_100,100-Day Range Breakout,12,8,66.67,39.06,86.19,17.83,94.85,12.69,12.85,8.6,1.46,27.43,False
10,VTI,trend_breakout_200,200-Day Range Breakout,12,8,66.67,39.06,86.19,17.83,94.85,12.69,12.85,8.6,1.46,27.43,False
10,VTI,trend_ema100_200,EMA 100/200,25,16,64.0,44.52,79.75,25.49,90.23,11.98,10.11,4.53,-23.54,39.63,False
10,VTI,trend_ema50_200,EMA 50/200,25,15,60.0,40.74,76.6,22.88,88.35,11.98,10.06,4.53,-23.54,39.63,False
10,VTI,trend_price_sma100,Price above SMA 100,24,10,41.67,24.47,61.17,12.17,78.64,7.58,10.28,4.48,-16.06,38.92,False
10,VTI,trend_price_sma200,Price above SMA 200,25,11,44.0,26.67,62.93,13.65,79.61,7.91,11.51,5.07,-14.11,40.21,False
10,VTI,trend_sma100_200,SMA 100/200,22,11,50.0,30.72,69.28,15.71,84.29,10.41,8.68,5.59,-23.54,27.42,False
10,VTI,trend_triple_ma,Triple Moving Average,21,11,52.38,32.37,71.66,16.55,85.92,11.04,10.42,5.46,-9.17,32.82,False
10,VTI,vol_contraction_trend,Volatility Contraction Trend,19,11,57.89,36.28,76.86,18.52,89.27,11.94,11.71,6.2,-13.03,30.09,False
10,XLB,bollinger_recovery,Bollinger Recovery,14,5,35.71,16.34,61.24,6.53,81.54,7.45,11.41,1.79,-6.08,51.48,False
10,XLB,breadth_trend,Broad-Market Trend,24,13,54.17,35.07,72.11,18.87,85.72,13.21,9.87,-3.12,-14.49,39.3,False
10,XLB,buy_hold,Buy & Hold Benchmark,27,12,44.44,27.59,62.69,14.5,79.05,6.03,9.94,2.03,-48.87,59.14,False
10,XLB,drawdown_recovery,25% Drawdown Recovery,3,2,66.67,20.77,93.85,6.01,98.43,27.13,25.28,12.17,-2.78,51.48,False
10,XLB,drawdown_recovery_20,20% Drawdown Recovery,9,6,66.67,35.42,87.94,14.62,95.89,14.99,19.8,9.73,-4.61,51.48,False
10,XLB,drawdown_recovery_30,30% Drawdown Recovery,2,2,100.0,34.24,100.0,9.29,100.0,45.89,45.89,43.09,40.29,51.48,False
10,XLB,drawdown_recovery_40,40% Drawdown Recovery,1,1,100.0,20.65,100.0,4.87,100.0,40.29,40.29,40.29,40.29,40.29,False
10,XLB,low_vol_trend,Low-Volatility Trend,6,2,33.33,9.68,70.0,2.93,89.24,0.02,2.1,-9.1,-14.38,20.43,False
10,XLB,momentum,Top Relative Momentum 180,10,5,50.0,23.66,76.34,9.34,90.66,10.66,2.7,-0.41,-56.08,23.97,False
10,XLB,momentum_180,180-Day Absolute Momentum,23,12,52.17,32.96,70.76,17.31,85.04,10.85,8.74,-3.29,-25.55,51.24,False
10,XLB,momentum_270,270-Day Absolute Momentum,23,11,47.83,29.24,67.04,14.96,82.69,9.48,6.91,0.5,-45.58,33.19,False
10,XLB,momentum_365,365-Day Absolute Momentum,23,10,43.48,25.63,63.19,12.75,80.2,7.4,8.55,-2.26,-25.55,46.85,False
10,XLB,momentum_90,90-Day Absolute Momentum,24,10,41.67,24.47,61.17,12.17,78.64,5.73,10.71,-2.28,-11.7,48.42,False
10,XLB,momentum_composite,Composite Momentum,11,5,45.45,21.27,71.99,8.43,88.29,8.12,8.3,-2.65,-8.47,32.46,False
10,XLB,momentum_dual_180_365,Dual Momentum 180/365,22,10,45.45,26.92,65.34,13.38,81.8,7.78,8.04,-1.24,-25.55,48.42,False
10,XLB,momentum_dual_90_180,Dual Momentum 90/180,22,11,50.0,30.72,69.28,15.71,84.29,9.78,9.09,-2.67,-15.86,48.42,False
10,XLB,momentum_rank_365,Top Relative Momentum 365,8,3,37.5,13.68,69.43,4.64,88.1,6.54,3.57,2.19,-45.58,30.8,False
10,XLB,momentum_rank_90,Top Relative Momentum 90,16,9,56.25,33.18,76.9,15.88,89.75,11.68,5.83,2.89,-48.87,32.46,False
10,XLB,rsi14_recovery,RSI 14 Recovery,21,10,47.62,28.34,67.63,14.08,83.45,9.73,8.53,-5.75,-41.9,51.48,False
10,XLB,rsi28_recovery,RSI 28 Recovery,14,5,35.71,16.34,61.24,6.53,81.54,8.08,9.28,3.09,-41.9,51.48,False
10,XLB,trend,SMA 50/200 + Momentum,16,7,43.75,23.1,66.82,10.25,84.12,8.15,3.56,-1.17,-44.63,22.57,False
10,XLB,trend_breakout_100,100-Day Range Breakout,14,6,42.86,21.38,67.41,9.02,85.01,5.98,7.27,-2.76,-14.38,30.8,False
10,XLB,trend_breakout_200,200-Day Range Breakout,13,5,38.46,17.71,64.48,7.06,83.71,8.17,7.58,1.19,-14.38,23.97,False
10,XLB,trend_ema100_200,EMA 100/200,23,11,47.83,29.24,67.04,14.96,82.69,7.4,9.08,-1.23,-25.55,48.42,False
10,XLB,trend_ema50_200,EMA 50/200,22,11,50.0,30.72,69.28,15.71,84.29,9.13,8.67,-2.63,-25.55,51.24,False
10,XLB,trend_price_sma100,Price above SMA 100,24,10,41.67,24.47,61.17,12.17,78.64,7.15,8.8,-2.85,-12.45,46.85,False
10,XLB,trend_price_sma200,Price above SMA 200,24,13,54.17,35.07,72.11,18.87,85.72,13.21,9.62,-3.12,-14.49,39.3,False
10,XLB,trend_sma100_200,SMA 100/200,21,9,42.86,24.47,63.45,11.78,80.82,7.33,5.49,-3.34,-25.55,29.78,False
10,XLB,trend_triple_ma,Triple Moving Average,18,11,61.11,38.62,79.7,19.69,90.97,11.22,9.04,-2.31,-15.86,48.42,False
10,XLB,vol_contraction_trend,Volatility Contraction Trend,16,9,56.25,33.18,76.9,15.88,89.75,11.33,9.61,-0.13,-44.63,46.85,False
10,XLE,bollinger_recovery,Bollinger Recovery,14,9,64.29,38.76,83.66,18.46,93.47,15.19,9.62,1.92,-36.9,47.06,False
10,XLE,breadth_trend,Broad-Market Trend,23,13,56.52,36.81,74.37,19.8,87.25,14.77,14.27,0.93,-48.5,55.06,False
10,XLE,buy_hold,Buy & Hold Benchmark,27,15,55.56,37.31,72.41,20.95,85.5,11.64,10.72,-3.29,-38.23,60.39,False
10,XLE,drawdown_recovery,25% Drawdown Recovery,4,3,75.0,30.06,95.44,9.68,98.82,16.83,21.07,11.82,7.77,42.87,False
10,XLE,drawdown_recovery_20,20% Drawdown Recovery,10,6,60.0,31.27,83.18,13.0,93.77,13.0,13.14,6.81,-20.93,42.87,False
10,XLE,drawdown_recovery_30,30% Drawdown Recovery,5,3,60.0,23.07,88.24,7.61,96.47,13.17,16.94,1.4,-8.35,42.87,False
10,XLE,drawdown_recovery_40,40% Drawdown Recovery,3,2,66.67,20.77,93.85,6.01,98.43,13.17,19.15,7.29,1.4,42.87,False
10,XLE,low_vol_trend,Low-Volatility Trend,2,1,50.0,9.45,90.55,2.38,97.62,5.71,5.71,-4.57,-14.85,26.28,False
10,XLE,momentum,Top Relative Momentum 180,15,8,53.33,30.12,75.19,13.88,89.01,12.52,13.34,-2.72,-16.06,48.7,False
10,XLE,momentum_180,180-Day Absolute Momentum,22,11,50.0,30.72,69.28,15.71,84.29,13.12,13.71,-2.0,-24.49,55.06,False
10,XLE,momentum_270,270-Day Absolute Momentum,20,12,60.0,38.66,78.12,20.27,89.85,15.3,11.15,-1.05,-34.43,35.61,False
10,XLE,momentum_365,365-Day Absolute Momentum,20,11,55.0,34.21,74.18,17.48,87.58,13.42,13.36,-3.72,-22.77,52.87,False
10,XLE,momentum_90,90-Day Absolute Momentum,25,14,56.0,37.07,73.33,20.39,86.35,14.52,11.86,-2.91,-48.5,58.49,False
10,XLE,momentum_composite,Composite Momentum,12,5,41.67,19.33,68.05,7.69,85.97,8.24,10.24,0.34,-38.23,48.75,False
10,XLE,momentum_dual_180_365,Dual Momentum 180/365,20,10,50.0,29.93,70.07,14.86,85.14,10.61,10.64,-4.28,-24.49,52.87,False
10,XLE,momentum_dual_90_180,Dual Momentum 90/180,20,11,55.0,34.21,74.18,17.48,87.58,12.9,17.85,1.7,-20.55,58.49,False
10,XLE,momentum_rank_365,Top Relative Momentum 365,11,5,45.45,21.27,71.99,8.43,88.29,8.7,17.34,1.53,-20.55,64.78,False
10,XLE,momentum_rank_90,Top Relative Momentum 90,16,7,43.75,23.1,66.82,10.25,84.12,8.38,10.35,-6.27,-34.06,64.78,False
10,XLE,rsi14_recovery,RSI 14 Recovery,19,10,52.63,31.71,72.67,15.73,86.87,12.08,14.99,1.9,-34.06,53.43,False
10,XLE,rsi28_recovery,RSI 28 Recovery,15,8,53.33,30.12,75.19,13.88,89.01,12.08,14.15,3.56,-34.06,53.43,False
10,XLE,trend,SMA 50/200 + Momentum,17,9,52.94,30.96,73.84,14.84,87.9,10.58,14.42,-5.37,-51.9,64.78,False
10,XLE,trend_breakout_100,100-Day Range Breakout,9,5,55.56,26.66,81.12,10.47,93.04,11.64,13.07,4.68,-5.44,32.37,False
10,XLE,trend_breakout_200,200-Day Range Breakout,8,4,50.0,21.52,78.48,7.89,92.11,8.16,10.54,-1.38,-5.66,32.37,False
10,XLE,trend_ema100_200,EMA 100/200,20,11,55.0,34.21,74.18,17.48,87.58,13.06,14.59,1.0,-22.77,64.78,False
10,XLE,trend_ema50_200,EMA 50/200,21,11,52.38,32.37,71.66,16.55,85.92,10.29,14.92,1.06,-22.77,64.78,False
10,XLE,trend_price_sma100,Price above SMA 100,25,12,48.0,30.03,66.5,15.78,81.97,7.34,9.0,-2.91,-48.5,55.06,False
10,XLE,trend_price_sma200,Price above SMA 200,23,13,56.52,36.81,74.37,19.8,87.25,13.17,12.91,1.53,-48.5,55.06,False
10,XLE,trend_sma100_200,SMA 100/200,19,9,47.37,27.33,68.29,13.13,84.27,4.58,14.73,0.22,-11.21,64.78,False
10,XLE,trend_triple_ma,Triple Moving Average,17,9,52.94,30.96,73.84,14.84,87.9,12.84,12.25,1.46,-11.8,32.37,False
10,XLE,vol_contraction_trend,Volatility Contraction Trend,15,9,60.0,35.75,80.18,17.07,91.62,26.28,13.1,-0.37,-48.5,43.79,False
10,XLF,bollinger_recovery,Bollinger Recovery,14,6,42.86,21.38,67.41,9.02,85.01,7.73,8.57,0.7,-60.63,53.01,False
10,XLF,breadth_trend,Broad-Market Trend,23,11,47.83,29.24,67.04,14.96,82.69,6.38,10.09,-0.51,-17.3,39.8,False
10,XLF,buy_hold,Buy & Hold Benchmark,27,13,48.15,30.74,66.01,16.55,81.3,9.2,9.97,2.25,-64.22,61.98,False
10,XLF,drawdown_recovery,25% Drawdown Recovery,6,4,66.67,30.0,90.32,10.76,97.07,20.98,24.72,4.83,-7.14,60.97,False
10,XLF,drawdown_recovery_20,20% Drawdown Recovery,11,8,72.73,43.43,90.25,19.72,96.66,19.49,16.89,8.87,-73.36,60.97,False
10,XLF,drawdown_recovery_30,30% Drawdown Recovery,5,3,60.0,23.07,88.24,7.61,96.47,19.49,11.93,2.71,-73.36,60.97,False
10,XLF,drawdown_recovery_40,40% Drawdown Recovery,2,2,100.0,34.24,100.0,9.29,100.0,55.39,55.39,52.6,49.81,60.97,False
10,XLF,low_vol_trend,Low-Volatility Trend,11,4,36.36,15.17,64.62,5.64,84.54,6.28,7.16,1.06,-7.14,26.58,False
10,XLF,momentum,Top Relative Momentum 180,12,6,50.0,25.38,74.62,10.65,89.35,10.26,8.22,-0.65,-20.28,32.33,False
10,XLF,momentum_180,180-Day Absolute Momentum,23,9,39.13,22.16,59.21,10.68,77.57,6.94,8.29,0.08,-17.3,35.92,False
10,XLF,momentum_270,270-Day Absolute Momentum,20,9,45.0,25.82,65.79,12.42,82.52,8.49,7.02,-3.47,-22.57,39.28,False
10,XLF,momentum_365,365-Day Absolute Momentum,23,12,52.17,32.96,70.76,17.31,85.04,11.19,7.87,-3.64,-20.63,41.07,False
10,XLF,momentum_90,90-Day Absolute Momentum,23,12,52.17,32.96,70.76,17.31,85.04,11.19,12.52,1.11,-13.86,61.98,False
10,XLF,momentum_composite,Composite Momentum,11,5,45.45,21.27,71.99,8.43,88.29,9.2,8.19,5.7,-20.28,23.58,False
10,XLF,momentum_dual_180_365,Dual Momentum 180/365,21,10,47.62,28.34,67.63,14.08,83.45,8.61,6.88,-4.19,-20.63,35.92,False
10,XLF,momentum_dual_90_180,Dual Momentum 90/180,21,10,47.62,28.34,67.63,14.08,83.45,7.14,8.39,0.11,-17.3,35.92,False
10,XLF,momentum_rank_365,Top Relative Momentum 365,10,7,70.0,39.68,89.22,17.23,96.32,13.72,10.16,3.73,-12.22,21.94,False
10,XLF,momentum_rank_90,Top Relative Momentum 90,13,8,61.54,35.52,82.29,16.29,92.94,12.87,15.51,7.14,-12.72,39.28,False
10,XLF,rsi14_recovery,RSI 14 Recovery,17,7,41.18,21.61,63.99,9.6,82.19,6.38,5.89,2.29,-60.63,35.92,False
10,XLF,rsi28_recovery,RSI 28 Recovery,13,7,53.85,29.14,76.79,12.84,90.23,13.01,8.03,-0.36,-60.63,53.01,False
10,XLF,trend,SMA 50/200 + Momentum,16,7,43.75,23.1,66.82,10.25,84.12,8.11,6.66,-1.38,-17.86,35.92,False
10,XLF,trend_breakout_100,100-Day Range Breakout,12,6,50.0,25.38,74.62,10.65,89.35,10.98,13.35,5.71,-7.14,39.28,False
10,XLF,trend_breakout_200,200-Day Range Breakout,9,6,66.67,35.42,87.94,14.62,95.89,17.82,16.43,9.09,-4.19,39.28,False
10,XLF,trend_ema100_200,EMA 100/200,22,10,45.45,26.92,65.34,13.38,81.8,8.49,6.82,-3.12,-19.63,35.92,False
10,XLF,trend_ema50_200,EMA 50/200,22,10,45.45,26.92,65.34,13.38,81.8,8.49,6.68,-3.86,-19.63,35.92,False
10,XLF,trend_price_sma100,Price above SMA 100,23,11,47.83,29.24,67.04,14.96,82.69,6.38,11.04,-1.33,-20.63,61.98,False
10,XLF,trend_price_sma200,Price above SMA 200,23,11,47.83,29.24,67.04,14.96,82.69,6.38,10.09,-0.51,-17.3,39.8,False
10,XLF,trend_sma100_200,SMA 100/200,20,11,55.0,34.21,74.18,17.48,87.58,10.74,7.04,-0.97,-20.63,35.92,False
10,XLF,trend_triple_ma,Triple Moving Average,18,9,50.0,29.03,70.97,13.93,86.07,8.63,8.06,0.58,-17.74,35.92,False
10,XLF,vol_contraction_trend,Volatility Contraction Trend,17,10,58.82,36.01,78.39,17.81,90.4,10.25,11.34,-0.59,-12.72,39.8,False
10,XLI,bollinger_recovery,Bollinger Recovery,15,10,66.67,41.71,84.82,20.56,93.92,13.91,12.31,7.11,-34.89,50.57,False
10,XLI,breadth_trend,Broad-Market Trend,24,12,50.0,31.43,68.57,16.51,83.49,10.33,11.04,-0.17,-18.28,52.86,False
10,XLI,buy_hold,Buy & Hold Benchmark,27,16,59.26,40.73,75.49,23.31,87.44,14.41,11.21,5.76,-46.39,47.77,False
10,XLI,drawdown_recovery,25% Drawdown Recovery,3,2,66.67,20.77,93.85,6.01,98.43,35.42,29.27,18.62,1.83,50.57,False
10,XLI,drawdown_recovery_20,20% Drawdown Recovery,7,5,71.43,35.89,91.78,13.81,97.5,12.71,18.81,11.03,0.25,50.57,False
10,XLI,drawdown_recovery_30,30% Drawdown Recovery,3,2,66.67,20.77,93.85,6.01,98.43,29.21,29.73,19.3,9.4,50.57,False
10,XLI,drawdown_recovery_40,40% Drawdown Recovery,2,1,50.0,9.45,90.55,2.38,97.62,29.98,29.98,19.69,9.4,50.57,False
10,XLI,low_vol_trend,Low-Volatility Trend,16,8,50.0,28.0,72.0,12.93,87.07,10.34,6.6,0.26,-34.89,22.99,False
10,XLI,momentum,Top Relative Momentum 180,12,6,50.0,25.38,74.62,10.65,89.35,10.52,11.03,5.18,-2.84,24.73,False
10,XLI,momentum_180,180-Day Absolute Momentum,24,13,54.17,35.07,72.11,18.87,85.72,13.07,9.79,-0.39,-27.37,43.25,False
10,XLI,momentum_270,270-Day Absolute Momentum,24,13,54.17,35.07,72.11,18.87,85.72,12.32,9.02,5.35,-40.61,29.28,False
10,XLI,momentum_365,365-Day Absolute Momentum,24,12,50.0,31.43,68.57,16.51,83.49,10.58,8.27,0.23,-46.39,35.53,False
10,XLI,momentum_90,90-Day Absolute Momentum,24,13,54.17,35.07,72.11,18.87,85.72,12.31,11.28,0.82,-20.68,47.77,False
10,XLI,momentum_composite,Composite Momentum,12,4,33.33,13.81,60.94,5.15,82.17,7.87,3.84,3.88,-58.04,24.59,False
10,XLI,momentum_dual_180_365,Dual Momentum 180/365,23,10,43.48,25.63,63.19,12.75,80.2,8.16,6.15,-3.21,-46.96,28.33,False
10,XLI,momentum_dual_90_180,Dual Momentum 90/180,23,12,52.17,32.96,70.76,17.31,85.04,12.52,8.36,1.98,-34.89,28.33,False
10,XLI,momentum_rank_365,Top Relative Momentum 365,9,5,55.56,26.66,81.12,10.47,93.04,13.19,12.65,9.17,-0.51,19.92,False
10,XLI,momentum_rank_90,Top Relative Momentum 90,16,7,43.75,23.1,66.82,10.25,84.12,8.97,11.32,4.65,-3.08,35.04,False
10,XLI,rsi14_recovery,RSI 14 Recovery,17,8,47.06,26.16,69.04,12.1,85.16,9.6,10.61,6.78,-32.47,50.57,False
10,XLI,rsi28_recovery,RSI 28 Recovery,16,11,68.75,44.4,85.84,22.57,94.32,16.5,12.68,-4.01,-34.89,50.57,False
10,XLI,trend,SMA 50/200 + Momentum,18,10,55.56,33.72,75.44,16.7,88.63,12.03,10.43,6.03,-12.75,22.99,False
10,XLI,trend_breakout_100,100-Day Range Breakout,11,3,27.27,9.75,56.57,3.34,80.28,8.37,7.86,-0.41,-7.38,29.21,False
10,XLI,trend_breakout_200,200-Day Range Breakout,8,3,37.5,13.68,69.43,4.64,88.1,8.7,6.79,-1.38,-7.38,17.41,False
10,XLI,trend_ema100_200,EMA 100/200,24,16,66.67,46.71,82.03,26.74,91.64,13.68,10.98,5.34,-27.37,26.43,False
10,XLI,trend_ema50_200,EMA 50/200,24,14,58.33,38.83,75.53,21.36,87.83,12.25,9.58,0.06,-27.37,31.92,False
10,XLI,trend_price_sma100,Price above SMA 100,25,11,44.0,26.67,62.93,13.65,79.61,9.04,10.78,0.97,-18.28,52.16,False
10,XLI,trend_price_sma200,Price above SMA 200,24,13,54.17,35.07,72.11,18.87,85.72,12.31,11.65,0.82,-18.28,52.86,False
10,XLI,trend_sma100_200,SMA 100/200,23,15,65.22,44.89,81.19,25.21,91.25,14.7,10.43,1.8,-27.37,35.04,False
10,XLI,trend_triple_ma,Triple Moving Average,20,10,50.0,29.93,70.07,14.86,85.14,10.86,10.59,4.65,-15.51,31.92,False
10,XLI,vol_contraction_trend,Volatility Contraction Trend,16,8,50.0,28.0,72.0,12.93,87.07,11.23,11.77,1.11,-15.51,52.86,False
10,XLK,bollinger_recovery,Bollinger Recovery,13,7,53.85,29.14,76.79,12.84,90.23,10.39,11.38,-0.92,-35.94,50.33,False
10,XLK,breadth_trend,Broad-Market Trend,24,14,58.33,38.83,75.53,21.36,87.83,14.9,12.97,1.93,-13.79,33.83,False
10,XLK,buy_hold,Buy & Hold Benchmark,27,17,62.96,44.23,78.47,25.77,89.28,13.2,13.8,-0.9,-34.66,50.91,False
10,XLK,drawdown_recovery,25% Drawdown Recovery,5,5,100.0,56.55,100.0,20.39,100.0,24.62,27.32,18.0,16.75,50.33,False
10,XLK,drawdown_recovery_20,20% Drawdown Recovery,8,7,87.5,52.91,97.76,22.38,99.41,21.31,19.03,17.2,-32.11,50.33,False
10,XLK,drawdown_recovery_30,30% Drawdown Recovery,4,4,100.0,51.01,100.0,17.0,100.0,27.69,32.11,24.15,22.73,50.33,False
10,XLK,drawdown_recovery_40,40% Drawdown Recovery,2,2,100.0,34.24,100.0,9.29,100.0,27.69,27.69,26.16,24.62,30.77,False
10,XLK,low_vol_trend,Low-Volatility Trend,9,6,66.67,35.42,87.94,14.62,95.89,12.55,13.3,4.06,-2.57,27.79,False
10,XLK,momentum,Top Relative Momentum 180,18,11,61.11,38.62,79.7,19.69,90.97,14.43,14.56,7.0,-35.94,42.42,False
10,XLK,momentum_180,180-Day Absolute Momentum,25,15,60.0,40.74,76.6,22.88,88.35,16.46,13.69,2.61,-17.56,50.33,False
10,XLK,momentum_270,270-Day Absolute Momentum,25,15,60.0,40.74,76.6,22.88,88.35,10.98,13.01,7.37,-35.94,42.42,False
10,XLK,momentum_365,365-Day Absolute Momentum,24,13,54.17,35.07,72.11,18.87,85.72,11.56,9.12,-1.91,-43.89,38.21,False
10,XLK,momentum_90,90-Day Absolute Momentum,25,16,64.0,44.52,79.75,25.49,90.23,16.72,14.23,4.96,-25.86,35.91,False
10,XLK,momentum_composite,Composite Momentum,15,9,60.0,35.75,80.18,17.07,91.62,13.31,14.8,0.18,-8.01,50.33,False
10,XLK,momentum_dual_180_365,Dual Momentum 180/365,22,11,50.0,30.72,69.28,15.71,84.29,11.1,9.65,-4.67,-25.86,31.72,False
10,XLK,momentum_dual_90_180,Dual Momentum 90/180,25,15,60.0,40.74,76.6,22.88,88.35,16.77,14.46,5.09,-17.56,50.33,False
10,XLK,momentum_rank_365,Top Relative Momentum 365,15,8,53.33,30.12,75.19,13.88,89.01,13.31,9.26,-1.56,-35.94,50.28,False
10,XLK,momentum_rank_90,Top Relative Momentum 90,16,12,75.0,50.5,89.82,26.34,96.18,23.47,18.63,11.25,-13.79,39.41,False
10,XLK,rsi14_recovery,RSI 14 Recovery,15,8,53.33,30.12,75.19,13.88,89.01,10.75,9.87,-1.57,-35.94,32.48,False
10,XLK,rsi28_recovery,RSI 28 Recovery,10,4,40.0,16.82,68.73,6.23,87.0,9.68,13.1,0.95,-12.94,50.33,False
10,XLK,trend,SMA 50/200 + Momentum,20,14,70.0,48.1,85.45,26.43,93.81,15.93,14.9,8.61,-35.94,34.9,False
10,XLK,trend_breakout_100,100-Day Range Breakout,12,9,75.0,46.77,91.11,22.08,96.95,21.88,15.96,12.07,-17.21,34.9,False
10,XLK,trend_breakout_200,200-Day Range Breakout,11,6,54.55,28.01,78.73,11.71,91.57,16.45,11.18,-2.17,-17.21,34.9,False
10,XLK,trend_ema100_200,EMA 100/200,24,15,62.5,42.71,78.84,23.99,89.8,14.29,13.82,8.51,-17.56,50.33,False
10,XLK,trend_ema50_200,EMA 50/200,24,15,62.5,42.71,78.84,23.99,89.8,15.47,14.77,5.4,-25.86,39.41,False
10,XLK,trend_price_sma100,Price above SMA 100,25,15,60.0,40.74,76.6,22.88,88.35,14.0,10.98,-0.51,-32.11,50.33,False
10,XLK,trend_price_sma200,Price above SMA 200,25,16,64.0,44.52,79.75,25.49,90.23,16.46,13.51,-0.13,-17.56,50.33,False
10,XLK,trend_sma100_200,SMA 100/200,24,15,62.5,42.71,78.84,23.99,89.8,12.99,13.92,4.47,-18.95,50.33,False
10,XLK,trend_triple_ma,Triple Moving Average,20,12,60.0,38.66,78.12,20.27,89.85,15.5,14.27,-0.27,-18.4,42.42,False
10,XLK,vol_contraction_trend,Volatility Contraction Trend,15,12,80.0,54.81,92.95,28.5,97.57,20.12,19.43,11.65,-0.29,32.48,False
10,XLP,bollinger_recovery,Bollinger Recovery,15,6,40.0,19.82,64.25,8.38,82.93,8.91,6.03,-0.07,-11.14,20.56,False
10,XLP,breadth_trend,Broad-Market Trend,23,8,34.78,18.81,55.11,8.75,74.79,8.46,7.01,2.08,-8.84,21.26,False
10,XLP,buy_hold,Buy & Hold Benchmark,27,10,37.04,21.53,55.77,10.72,74.23,7.7,7.54,3.2,-20.68,25.65,False
10,XLP,drawdown_recovery_20,20% Drawdown Recovery,3,3,100.0,43.85,100.0,13.32,100.0,15.7,17.13,14.42,13.15,22.54,False
10,XLP,drawdown_recovery_30,30% Drawdown Recovery,2,2,100.0,34.24,100.0,9.29,100.0,19.12,19.12,17.41,15.7,22.54,False
10,XLP,low_vol_trend,Low-Volatility Trend,24,7,29.17,14.91,49.17,6.67,70.36,8.34,6.91,1.18,-7.73,21.26,False
10,XLP,momentum,Top Relative Momentum 180,10,3,30.0,10.78,60.32,3.68,82.77,5.71,5.01,2.99,-20.84,16.79,False
10,XLP,momentum_180,180-Day Absolute Momentum,24,9,37.5,21.16,57.29,10.2,76.01,8.27,7.4,1.02,-4.42,26.1,False
10,XLP,momentum_270,270-Day Absolute Momentum,24,10,41.67,24.47,61.17,12.17,78.64,7.59,7.16,2.58,-14.72,20.56,False
10,XLP,momentum_365,365-Day Absolute Momentum,25,7,28.0,14.28,47.58,6.39,68.91,7.5,6.38,2.8,-20.84,24.82,False
10,XLP,momentum_90,90-Day Absolute Momentum,24,7,29.17,14.91,49.17,6.67,70.36,8.34,6.86,1.18,-7.73,22.54,False
10,XLP,momentum_composite,Composite Momentum,10,2,20.0,5.67,50.98,1.74,77.94,3.37,5.06,-1.54,-4.42,20.56,False
10,XLP,momentum_dual_180_365,Dual Momentum 180/365,24,6,25.0,12.0,44.9,5.12,67.31,7.74,7.24,4.69,-20.84,24.82,False
10,XLP,momentum_dual_90_180,Dual Momentum 90/180,24,8,33.33,17.97,53.29,8.36,73.26,8.39,7.78,3.72,-4.42,20.56,False
10,XLP,momentum_rank_365,Top Relative Momentum 365,7,2,28.57,8.22,64.11,2.5,86.19,5.38,6.25,0.3,-11.14,24.82,False
10,XLP,momentum_rank_90,Top Relative Momentum 90,13,7,53.85,29.14,76.79,12.84,90.23,10.4,8.32,2.89,-4.42,24.76,False
10,XLP,rsi14_recovery,RSI 14 Recovery,15,5,33.33,15.18,58.29,6.08,79.44,3.52,5.23,0.68,-11.14,21.8,False
10,XLP,rsi28_recovery,RSI 28 Recovery,10,4,40.0,16.82,68.73,6.23,87.0,3.99,6.51,-0.59,-11.14,20.88,False
10,XLP,trend,SMA 50/200 + Momentum,13,4,30.77,12.68,57.63,4.74,79.89,7.71,6.37,4.55,-5.17,15.24,False
10,XLP,trend_breakout_100,100-Day Range Breakout,14,4,28.57,11.72,54.65,4.39,77.72,6.69,4.62,-0.14,-8.84,15.36,False
10,XLP,trend_breakout_200,200-Day Range Breakout,14,4,28.57,11.72,54.65,4.39,77.72,6.69,5.11,-0.14,-7.73,15.36,False
10,XLP,trend_ema100_200,EMA 100/200,24,8,33.33,17.97,53.29,8.36,73.26,6.53,6.65,3.08,-20.68,24.64,False
10,XLP,trend_ema50_200,EMA 50/200,24,10,41.67,24.47,61.17,12.17,78.64,8.38,7.57,2.22,-12.41,24.64,False
10,XLP,trend_price_sma100,Price above SMA 100,24,10,41.67,24.47,61.17,12.17,78.64,8.35,7.39,1.18,-7.73,26.6,False
10,XLP,trend_price_sma200,Price above SMA 200,24,7,29.17,14.91,49.17,6.67,70.36,8.34,6.91,1.18,-7.73,21.26,False
10,XLP,trend_sma100_200,SMA 100/200,24,7,29.17,14.91,49.17,6.67,70.36,5.27,6.01,3.84,-20.68,17.64,False
10,XLP,trend_triple_ma,Triple Moving Average,21,6,28.57,13.81,49.96,5.88,71.91,8.32,6.11,1.74,-20.84,19.35,False
10,XLP,vol_contraction_trend,Volatility Contraction Trend,18,7,38.89,20.3,61.38,9.03,80.31,7.79,7.91,4.17,-0.68,15.7,False
10,XLU,bollinger_recovery,Bollinger Recovery,12,8,66.67,39.06,86.19,17.83,94.85,12.48,8.86,7.35,-6.47,16.27,False
10,XLU,breadth_trend,Broad-Market Trend,24,15,62.5,42.71,78.84,23.99,89.8,12.3,9.04,2.53,-18.84,26.88,False
10,XLU,buy_hold,Buy & Hold Benchmark,27,12,44.44,27.59,62.69,14.5,79.05,9.29,9.02,0.34,-23.04,32.26,False
10,XLU,drawdown_recovery,25% Drawdown Recovery,2,1,50.0,9.45,90.55,2.38,97.62,9.56,9.56,7.78,6.01,13.1,False
10,XLU,drawdown_recovery_20,20% Drawdown Recovery,6,3,50.0,18.76,81.24,6.27,93.73,8.81,10.66,6.03,-18.84,32.29,False
10,XLU,drawdown_recovery_30,30% Drawdown Recovery,2,1,50.0,9.45,90.55,2.38,97.62,16.44,16.44,11.23,6.01,26.88,False
10,XLU,drawdown_recovery_40,40% Drawdown Recovery,2,1,50.0,9.45,90.55,2.38,97.62,16.44,16.44,11.23,6.01,26.88,False
10,XLU,low_vol_trend,Low-Volatility Trend,21,12,57.14,36.55,75.53,19.18,88.22,11.32,8.09,3.73,-23.32,26.88,False
10,XLU,momentum,Top Relative Momentum 180,14,5,35.71,16.34,61.24,6.53,81.54,6.88,6.42,2.04,-32.11,28.56,False
10,XLU,momentum_180,180-Day Absolute Momentum,24,15,62.5,42.71,78.84,23.99,89.8,11.89,9.33,5.7,-23.32,30.06,False
10,XLU,momentum_270,270-Day Absolute Momentum,23,11,47.83,29.24,67.04,14.96,82.69,9.32,9.4,3.57,-26.71,30.29,False
10,XLU,momentum_365,365-Day Absolute Momentum,24,13,54.17,35.07,72.11,18.87,85.72,10.63,8.04,2.63,-33.75,28.98,False
10,XLU,momentum_90,90-Day Absolute Momentum,24,14,58.33,38.83,75.53,21.36,87.83,11.25,9.72,3.09,-9.08,28.98,False
10,XLU,momentum_composite,Composite Momentum,13,5,38.46,17.71,64.48,7.06,83.71,4.46,4.45,-5.03,-32.11,23.64,False
10,XLU,momentum_dual_180_365,Dual Momentum 180/365,23,12,52.17,32.96,70.76,17.31,85.04,10.02,7.61,2.78,-33.75,28.98,False
10,XLU,momentum_dual_90_180,Dual Momentum 90/180,23,14,60.87,40.79,77.84,22.43,89.32,11.26,9.38,5.86,-23.32,30.06,False
10,XLU,momentum_rank_365,Top Relative Momentum 365,14,8,57.14,32.59,78.62,14.99,90.98,11.22,4.5,-5.64,-26.71,19.64,False
10,XLU,momentum_rank_90,Top Relative Momentum 90,17,9,52.94,30.96,73.84,14.84,87.9,10.44,9.4,4.46,-23.32,35.46,False
10,XLU,rsi14_recovery,RSI 14 Recovery,16,12,75.0,50.5,89.82,26.34,96.18,12.75,12.13,9.81,0.47,26.43,False
10,XLU,rsi28_recovery,RSI 28 Recovery,15,11,73.33,48.05,89.1,24.36,95.92,13.14,12.93,9.86,-6.47,31.1,False
10,XLU,trend,SMA 50/200 + Momentum,18,7,38.89,20.3,61.38,9.03,80.31,6.43,7.57,-3.1,-8.63,31.79,False
10,XLU,trend_breakout_100,100-Day Range Breakout,14,6,42.86,21.38,67.41,9.02,85.01,6.92,9.17,4.43,-8.63,31.74,False
10,XLU,trend_breakout_200,200-Day Range Breakout,14,6,42.86,21.38,67.41,9.02,85.01,6.92,7.96,3.0,-8.63,20.93,False
10,XLU,trend_ema100_200,EMA 100/200,23,12,52.17,32.96,70.76,17.31,85.04,10.95,9.42,7.44,-23.32,30.06,False
10,XLU,trend_ema50_200,EMA 50/200,23,14,60.87,40.79,77.84,22.43,89.32,12.81,9.5,2.76,-23.32,30.06,False
10,XLU,trend_price_sma100,Price above SMA 100,25,14,56.0,37.07,73.33,20.39,86.35,11.26,9.82,3.73,-33.75,32.26,False
10,XLU,trend_price_sma200,Price above SMA 200,24,15,62.5,42.71,78.84,23.99,89.8,12.3,9.11,2.53,-9.08,26.88,False
10,XLU,trend_sma100_200,SMA 100/200,22,13,59.09,38.73,76.74,20.83,88.8,11.82,9.67,2.44,-9.99,26.88,False
10,XLU,trend_triple_ma,Triple Moving Average,19,10,52.63,31.71,72.67,15.73,86.87,10.67,10.5,4.22,-6.35,31.74,False
10,XLU,vol_contraction_trend,Volatility Contraction Trend,16,4,25.0,10.18,49.5,3.82,73.66,4.46,6.22,1.09,-9.99,26.88,False
10,XLV,bollinger_recovery,Bollinger Recovery,15,5,33.33,15.18,58.29,6.08,79.44,5.23,6.22,0.71,-16.86,26.77,False
10,XLV,breadth_trend,Broad-Market Trend,25,11,44.0,26.67,62.93,13.65,79.61,9.19,8.56,3.59,-12.14,29.83,False
10,XLV,buy_hold,Buy & Hold Benchmark,27,12,44.44,27.59,62.69,14.5,79.05,7.39,8.53,1.17,-15.46,27.21,False
10,XLV,drawdown_recovery,25% Drawdown Recovery,1,1,100.0,20.65,100.0,4.87,100.0,17.61,17.61,17.61,17.61,17.61,False
10,XLV,drawdown_recovery_20,20% Drawdown Recovery,2,1,50.0,9.45,90.55,2.38,97.62,11.62,11.62,8.63,5.63,17.61,False
10,XLV,drawdown_recovery_30,30% Drawdown Recovery,1,0,0.0,0.0,79.35,0.0,95.13,5.63,5.63,5.63,5.63,5.63,False
10,XLV,low_vol_trend,Low-Volatility Trend,22,8,36.36,19.73,57.05,9.17,76.38,8.61,8.02,3.86,-22.34,29.83,False
10,XLV,momentum,Top Relative Momentum 180,13,3,23.08,8.18,50.26,2.81,75.67,2.56,6.26,-1.69,-6.38,26.77,False
10,XLV,momentum_180,180-Day Absolute Momentum,25,11,44.0,26.67,62.93,13.65,79.61,9.19,7.91,2.56,-16.86,29.83,False
10,XLV,momentum_270,270-Day Absolute Momentum,24,10,41.67,24.47,61.17,12.17,78.64,8.1,8.71,0.81,-8.79,26.77,False
10,XLV,momentum_365,365-Day Absolute Momentum,24,9,37.5,21.16,57.29,10.2,76.01,6.55,7.83,-1.11,-11.35,27.21,False
10,XLV,momentum_90,90-Day Absolute Momentum,24,9,37.5,21.16,57.29,10.2,76.01,7.95,6.78,0.98,-18.62,29.83,False
10,XLV,momentum_composite,Composite Momentum,9,4,44.44,18.88,73.34,6.96,89.53,2.56,9.14,0.07,-4.55,29.83,False
10,XLV,momentum_dual_180_365,Dual Momentum 180/365,24,10,41.67,24.47,61.17,12.17,78.64,7.23,7.71,0.09,-16.86,27.21,False
10,XLV,momentum_dual_90_180,Dual Momentum 90/180,23,10,43.48,25.63,63.19,12.75,80.2,9.47,8.46,4.07,-16.86,29.83,False
10,XLV,momentum_rank_365,Top Relative Momentum 365,10,5,50.0,23.66,76.34,9.34,90.66,12.97,10.73,-1.65,-5.03,26.77,False
10,XLV,momentum_rank_90,Top Relative Momentum 90,16,5,31.25,14.16,55.6,5.68,77.43,6.16,7.01,-0.08,-16.86,26.77,False
10,XLV,rsi14_recovery,RSI 14 Recovery,17,6,35.29,17.31,58.7,7.34,78.97,5.23,6.09,0.63,-30.41,26.77,False
10,XLV,rsi28_recovery,RSI 28 Recovery,11,5,45.45,21.27,71.99,8.43,88.29,5.23,6.8,-0.28,-30.41,32.31,False
10,XLV,trend,SMA 50/200 + Momentum,14,5,35.71,16.34,61.24,6.53,81.54,4.91,7.68,0.24,-8.36,30.33,False
10,XLV,trend_breakout_100,100-Day Range Breakout,15,5,33.33,15.18,58.29,6.08,79.44,5.17,5.98,-0.75,-16.86,22.93,False
10,XLV,trend_breakout_200,200-Day Range Breakout,12,4,33.33,13.81,60.94,5.15,82.17,6.01,7.19,2.32,-16.86,22.93,False
10,XLV,trend_ema100_200,EMA 100/200,24,9,37.5,21.16,57.29,10.2,76.01,8.5,7.67,-1.02,-16.86,26.77,False
10,XLV,trend_ema50_200,EMA 50/200,24,9,37.5,21.16,57.29,10.2,76.01,7.21,7.71,-1.15,-11.35,26.77,False
10,XLV,trend_price_sma100,Price above SMA 100,25,10,40.0,23.4,59.26,11.65,77.12,9.05,7.08,0.63,-18.62,26.9,False
10,XLV,trend_price_sma200,Price above SMA 200,25,11,44.0,26.67,62.93,13.65,79.61,9.19,8.81,3.59,-12.14,29.83,False
10,XLV,trend_sma100_200,SMA 100/200,22,8,36.36,19.73,57.05,9.17,76.38,6.59,6.87,2.06,-16.86,32.31,False
10,XLV,trend_triple_ma,Triple Moving Average,19,7,36.84,19.15,58.96,8.53,78.49,5.17,8.18,1.2,-7.26,28.26,False
10,XLV,vol_contraction_trend,Volatility Contraction Trend,16,7,43.75,23.1,66.82,10.25,84.12,9.38,8.0,4.16,-12.14,26.69,False
10,XLY,bollinger_recovery,Bollinger Recovery,13,7,53.85,29.14,76.79,12.84,90.23,13.16,15.99,8.94,-23.46,48.14,False
10,XLY,breadth_trend,Broad-Market Trend,24,13,54.17,35.07,72.11,18.87,85.72,10.99,12.2,6.17,-9.73,54.44,False
10,XLY,buy_hold,Buy & Hold Benchmark,27,17,62.96,44.23,78.47,25.77,89.28,11.85,10.58,1.37,-39.72,54.5,False
10,XLY,drawdown_recovery,25% Drawdown Recovery,6,3,50.0,18.76,81.24,6.27,93.73,12.56,16.47,2.86,-3.4,46.07,False
10,XLY,drawdown_recovery_20,20% Drawdown Recovery,8,4,50.0,21.52,78.48,7.89,92.11,8.61,10.97,1.0,-26.57,46.07,False
10,XLY,drawdown_recovery_30,30% Drawdown Recovery,6,3,50.0,18.76,81.24,6.27,93.73,13.72,12.01,-1.55,-26.57,46.07,False
10,XLY,drawdown_recovery_40,40% Drawdown Recovery,1,1,100.0,20.65,100.0,4.87,100.0,21.1,21.1,21.1,21.1,21.1,False
10,XLY,low_vol_trend,Low-Volatility Trend,16,9,56.25,33.18,76.9,15.88,89.75,12.38,11.7,4.48,-13.09,39.2,False
10,XLY,momentum,Top Relative Momentum 180,14,7,50.0,26.8,73.2,11.84,88.16,10.25,10.57,1.68,-23.79,34.68,False
10,XLY,momentum_180,180-Day Absolute Momentum,24,14,58.33,38.83,75.53,21.36,87.83,12.15,12.26,6.76,-9.73,54.44,False
10,XLY,momentum_270,270-Day Absolute Momentum,23,12,52.17,32.96,70.76,17.31,85.04,11.83,10.22,3.04,-19.25,39.2,False
10,XLY,momentum_365,365-Day Absolute Momentum,24,14,58.33,38.83,75.53,21.36,87.83,12.31,11.79,1.02,-12.85,43.44,False
10,XLY,momentum_90,90-Day Absolute Momentum,25,15,60.0,40.74,76.6,22.88,88.35,13.22,10.97,8.39,-31.88,34.68,False
10,XLY,momentum_composite,Composite Momentum,14,7,50.0,26.8,73.2,11.84,88.16,10.77,12.94,3.45,-23.79,54.44,False
10,XLY,momentum_dual_180_365,Dual Momentum 180/365,21,11,52.38,32.37,71.66,16.55,85.92,10.31,11.19,2.43,-15.16,30.3,False
10,XLY,momentum_dual_90_180,Dual Momentum 90/180,24,15,62.5,42.71,78.84,23.99,89.8,12.44,12.85,7.89,-9.73,54.44,False
10,XLY,momentum_rank_365,Top Relative Momentum 365,14,5,35.71,16.34,61.24,6.53,81.54,9.59,14.11,5.14,-6.95,43.44,False
10,XLY,momentum_rank_90,Top Relative Momentum 90,16,10,62.5,38.64,81.52,19.09,92.17,13.03,16.35,9.76,-9.73,48.14,False
10,XLY,rsi14_recovery,RSI 14 Recovery,16,9,56.25,33.18,76.9,15.88,89.75,13.53,11.51,8.8,-26.45,28.02,False
10,XLY,rsi28_recovery,RSI 28 Recovery,13,8,61.54,35.52,82.29,16.29,92.94,16.96,18.97,9.59,-23.46,48.14,False
10,XLY,trend,SMA 50/200 + Momentum,16,9,56.25,33.18,76.9,15.88,89.75,10.42,11.02,3.83,-7.65,29.34,False
10,XLY,trend_breakout_100,100-Day Range Breakout,9,5,55.56,26.66,81.12,10.47,93.04,19.94,16.71,6.88,0.04,34.68,False
10,XLY,trend_breakout_200,200-Day Range Breakout,9,5,55.56,26.66,81.12,10.47,93.04,19.94,15.46,6.88,0.04,33.02,False
10,XLY,trend_ema100_200,EMA 100/200,23,12,52.17,32.96,70.76,17.31,85.04,13.2,8.77,1.02,-19.25,38.71,False
10,XLY,trend_ema50_200,EMA 50/200,22,12,54.55,34.66,73.08,18.2,86.62,13.4,10.57,1.93,-14.84,38.71,False
10,XLY,trend_price_sma100,Price above SMA 100,25,13,52.0,33.5,69.97,18.03,84.22,10.33,9.85,5.51,-31.88,34.68,False
10,XLY,trend_price_sma200,Price above SMA 200,24,13,54.17,35.07,72.11,18.87,85.72,11.74,11.59,5.72,-9.73,34.68,False
10,XLY,trend_sma100_200,SMA 100/200,22,14,63.64,42.95,80.27,23.62,90.83,15.07,10.95,2.59,-15.16,27.88,False
10,XLY,trend_triple_ma,Triple Moving Average,20,12,60.0,38.66,78.12,20.27,89.85,14.92,12.76,4.8,-21.62,32.8,False
10,XLY,vol_contraction_trend,Volatility Contraction Trend,17,11,64.71,41.3,82.69,21.03,92.66,14.32,13.9,3.27,-19.53,40.1,False
11,DIA,bollinger_recovery,Bollinger Recovery,13,7,53.85,29.14,76.79,12.84,90.23,11.07,11.98,6.69,-33.93,42.28,False
11,DIA,breadth_trend,Broad-Market Trend,20,11,55.0,34.21,74.18,17.48,87.58,10.52,11.38,5.32,-9.62,31.82,False
11,DIA,buy_hold,Buy & Hold Benchmark,24,10,41.67,24.47,61.17,12.17,78.64,8.24,8.47,3.85,-33.93,31.82,False
11,DIA,drawdown_recovery,25% Drawdown Recovery,1,1,100.0,20.65,100.0,4.87,100.0,42.28,42.28,42.28,42.28,42.28,False
11,DIA,drawdown_recovery_20,20% Drawdown Recovery,4,3,75.0,30.06,95.44,9.68,98.82,17.87,20.57,14.3,4.24,42.28,False
11,DIA,drawdown_recovery_30,30% Drawdown Recovery,2,2,100.0,34.24,100.0,9.29,100.0,30.19,30.19,24.15,18.1,42.28,False
11,DIA,drawdown_recovery_40,40% Drawdown Recovery,1,1,100.0,20.65,100.0,4.87,100.0,18.1,18.1,18.1,18.1,18.1,False
11,DIA,low_vol_trend,Low-Volatility Trend,21,11,52.38,32.37,71.66,16.55,85.92,10.08,11.68,5.84,-9.62,31.82,False
11,DIA,momentum,Top Relative Momentum 180,2,2,100.0,34.24,100.0,9.29,100.0,18.06,18.06,17.97,17.88,18.24,False
11,DIA,momentum_180,180-Day Absolute Momentum,21,12,57.14,36.55,75.53,19.18,88.22,10.7,10.88,3.73,-9.62,30.05,False
11,DIA,momentum_270,270-Day Absolute Momentum,23,13,56.52,36.81,74.37,19.8,87.25,10.76,9.02,3.62,-38.64,36.58,False
11,DIA,momentum_365,365-Day Absolute Momentum,22,10,45.45,26.92,65.34,13.38,81.8,9.17,9.25,3.9,-16.5,28.81,False
11,DIA,momentum_90,90-Day Absolute Momentum,24,10,41.67,24.47,61.17,12.17,78.64,9.08,9.71,4.17,-33.93,32.75,False
11,DIA,momentum_composite,Composite Momentum,2,2,100.0,34.24,100.0,9.29,100.0,17.19,17.19,14.3,11.41,22.97,False
11,DIA,momentum_dual_180_365,Dual Momentum 180/365,20,11,55.0,34.21,74.18,17.48,87.58,11.19,8.69,2.42,-18.19,23.29,False
11,DIA,momentum_dual_90_180,Dual Momentum 90/180,21,11,52.38,32.37,71.66,16.55,85.92,10.3,10.0,2.95,-9.62,27.72,False
11,DIA,momentum_rank_365,Top Relative Momentum 365,2,0,0.0,0.0,65.76,0.0,90.71,-0.35,-0.35,-2.99,-5.63,4.93,False
11,DIA,momentum_rank_90,Top Relative Momentum 90,6,3,50.0,18.76,81.24,6.27,93.73,12.66,11.28,6.6,-9.07,25.8,False
11,DIA,rsi14_recovery,RSI 14 Recovery,16,10,62.5,38.64,81.52,19.09,92.17,14.92,12.74,6.82,-18.19,36.58,False
11,DIA,rsi28_recovery,RSI 28 Recovery,15,10,66.67,41.71,84.82,20.56,93.92,15.31,13.86,7.43,-33.93,42.28,False
11,DIA,trend,SMA 50/200 + Momentum,15,8,53.33,30.12,75.19,13.88,89.01,13.29,11.02,8.5,-16.5,22.05,False
11,DIA,trend_breakout_100,100-Day Range Breakout,13,6,46.15,23.21,70.86,9.77,87.16,9.0,10.21,6.46,-3.1,24.39,False
11,DIA,trend_breakout_200,200-Day Range Breakout,11,6,54.55,28.01,78.73,11.71,91.57,11.3,11.06,7.73,-3.1,24.39,False
11,DIA,trend_ema100_200,EMA 100/200,21,12,57.14,36.55,75.53,19.18,88.22,10.55,9.88,4.32,-9.62,23.29,False
11,DIA,trend_ema50_200,EMA 50/200,21,13,61.9,40.88,79.25,21.98,90.36,11.41,11.49,3.73,-9.62,31.82,False
11,DIA,trend_price_sma100,Price above SMA 100,23,12,52.17,32.96,70.76,17.31,85.04,10.33,9.02,5.04,-38.64,36.35,False
11,DIA,trend_price_sma200,Price above SMA 200,21,12,57.14,36.55,75.53,19.18,88.22,10.3,12.08,5.84,-9.62,31.82,False
11,DIA,trend_sma100_200,SMA 100/200,21,12,57.14,36.55,75.53,19.18,88.22,10.33,11.18,7.0,-6.95,28.95,False
11,DIA,trend_triple_ma,Triple Moving Average,20,10,50.0,29.93,70.07,14.86,85.14,9.74,10.0,7.05,-16.42,23.96,False
11,DIA,vol_contraction_trend,Volatility Contraction Trend,18,11,61.11,38.62,79.7,19.69,90.97,13.27,11.68,4.26,-6.95,31.82,False
11,IWM,bollinger_recovery,Bollinger Recovery,11,8,72.73,43.43,90.25,19.72,96.66,17.74,19.11,7.16,-17.37,80.88,False
11,IWM,breadth_trend,Broad-Market Trend,20,9,45.0,25.82,65.79,12.42,82.52,8.64,10.46,0.16,-26.03,52.28,False
11,IWM,buy_hold,Buy & Hold Benchmark,24,12,50.0,31.43,68.57,16.51,83.49,9.0,9.34,-1.49,-40.81,52.28,False
11,IWM,drawdown_recovery,25% Drawdown Recovery,6,5,83.33,43.65,96.99,16.45,99.22,32.51,37.28,26.88,9.66,80.88,False
11,IWM,drawdown_recovery_20,20% Drawdown Recovery,11,9,81.82,52.3,94.86,24.51,98.42,19.44,23.47,11.33,-40.21,80.88,False
11,IWM,drawdown_recovery_30,30% Drawdown Recovery,4,3,75.0,30.06,95.44,9.68,98.82,34.14,37.74,14.23,1.79,80.88,False
11,IWM,drawdown_recovery_40,40% Drawdown Recovery,2,2,100.0,34.24,100.0,9.29,100.0,49.63,49.63,34.0,18.38,80.88,False
11,IWM,low_vol_trend,Low-Volatility Trend,3,1,33.33,6.15,79.23,1.57,93.99,-0.35,14.03,-3.91,-7.46,49.9,False
11,IWM,momentum,Top Relative Momentum 180,13,6,46.15,23.21,70.86,9.77,87.16,9.74,7.97,-2.59,-22.27,29.18,False
11,IWM,momentum_180,180-Day Absolute Momentum,21,10,47.62,28.34,67.63,14.08,83.45,7.62,9.61,0.57,-26.81,49.9,False
11,IWM,momentum_270,270-Day Absolute Momentum,21,12,57.14,36.55,75.53,19.18,88.22,11.82,10.76,-1.76,-26.81,42.61,False
11,IWM,momentum_365,365-Day Absolute Momentum,21,10,47.62,28.34,67.63,14.08,83.45,8.09,12.03,0.88,-13.55,63.03,False
11,IWM,momentum_90,90-Day Absolute Momentum,22,11,50.0,30.72,69.28,15.71,84.29,9.2,10.83,-1.21,-30.56,55.68,False
11,IWM,momentum_composite,Composite Momentum,11,5,45.45,21.27,71.99,8.43,88.29,9.74,11.25,3.41,-10.24,29.18,False
11,IWM,momentum_dual_180_365,Dual Momentum 180/365,20,10,50.0,29.93,70.07,14.86,85.14,9.73,8.52,-1.44,-26.81,29.18,False
11,IWM,momentum_dual_90_180,Dual Momentum 90/180,20,9,45.0,25.82,65.79,12.42,82.52,6.64,9.53,1.63,-26.81,49.9,False
11,IWM,momentum_rank_365,Top Relative Momentum 365,9,4,44.44,18.88,73.34,6.96,89.53,9.69,12.24,8.08,-10.24,34.47,False
11,IWM,momentum_rank_90,Top Relative Momentum 90,14,5,35.71,16.34,61.24,6.53,81.54,8.09,8.14,-1.82,-29.05,29.18,False
11,IWM,rsi14_recovery,RSI 14 Recovery,14,9,64.29,38.76,83.66,18.46,93.47,14.41,20.62,6.05,-1.4,80.88,False
11,IWM,rsi28_recovery,RSI 28 Recovery,13,10,76.92,49.74,91.82,24.33,97.19,18.38,23.8,12.52,-3.78,80.88,False
11,IWM,trend,SMA 50/200 + Momentum,16,7,43.75,23.1,66.82,10.25,84.12,6.82,8.66,1.26,-13.55,29.18,False
11,IWM,trend_breakout_100,100-Day Range Breakout,12,3,25.0,8.89,53.23,3.05,77.92,1.18,3.3,-5.23,-30.56,49.9,False
11,IWM,trend_breakout_200,200-Day Range Breakout,9,2,22.22,6.32,54.74,1.93,80.54,1.32,2.76,-2.59,-13.55,28.58,False
11,IWM,trend_ema100_200,EMA 100/200,21,12,57.14,36.55,75.53,19.18,88.22,13.25,11.16,2.8,-20.68,41.26,False
11,IWM,trend_ema50_200,EMA 50/200,21,12,57.14,36.55,75.53,19.18,88.22,12.63,10.46,3.21,-20.68,41.26,False
11,IWM,trend_price_sma100,Price above SMA 100,23,12,52.17,32.96,70.76,17.31,85.04,10.13,11.52,-2.18,-40.21,63.03,False
11,IWM,trend_price_sma200,Price above SMA 200,22,11,50.0,30.72,69.28,15.71,84.29,9.07,9.02,-3.49,-30.56,52.28,False
11,IWM,trend_sma100_200,SMA 100/200,22,12,54.55,34.66,73.08,18.2,86.62,11.31,9.17,-4.8,-22.27,50.33,False
11,IWM,trend_triple_ma,Triple Moving Average,18,9,50.0,29.03,70.97,13.93,86.07,9.31,8.66,2.9,-26.81,29.18,False
11,IWM,vol_contraction_trend,Volatility Contraction Trend,15,8,53.33,30.12,75.19,13.88,89.01,11.29,6.09,0.8,-30.56,25.29,False
11,QQQ,bollinger_recovery,Bollinger Recovery,12,9,75.0,46.77,91.11,22.08,96.95,22.89,20.89,13.51,-29.06,53.2,False
11,QQQ,breadth_trend,Broad-Market Trend,20,15,75.0,53.13,88.81,29.8,95.49,19.46,16.75,11.04,-20.96,34.61,False
11,QQQ,buy_hold,Buy & Hold Benchmark,24,15,62.5,42.71,78.84,23.99,89.8,16.92,14.89,5.55,-44.77,46.17,False
11,QQQ,drawdown_recovery,25% Drawdown Recovery,5,5,100.0,56.55,100.0,20.39,100.0,22.92,30.73,18.61,18.19,53.2,False
11,QQQ,drawdown_recovery_20,20% Drawdown Recovery,8,7,87.5,52.91,97.76,22.38,99.41,26.02,22.02,18.5,-36.63,53.2,False
11,QQQ,drawdown_recovery_30,30% Drawdown Recovery,3,3,100.0,43.85,100.0,13.32,100.0,18.61,25.84,18.4,18.19,40.71,False
11,QQQ,drawdown_recovery_40,40% Drawdown Recovery,2,2,100.0,34.24,100.0,9.29,100.0,29.66,29.66,24.13,18.61,40.71,False
11,QQQ,low_vol_trend,Low-Volatility Trend,9,7,77.78,45.26,93.68,19.46,98.07,22.51,20.79,12.62,-17.05,53.2,False
11,QQQ,momentum,Top Relative Momentum 180,18,11,61.11,38.62,79.7,19.69,90.97,12.29,16.4,4.56,-17.05,49.94,False
11,QQQ,momentum_180,180-Day Absolute Momentum,23,15,65.22,44.89,81.19,25.21,91.25,17.31,15.81,7.81,-44.77,49.73,False
11,QQQ,momentum_270,270-Day Absolute Momentum,22,15,68.18,47.32,83.64,26.57,92.7,15.83,14.04,5.72,-36.63,44.23,False
11,QQQ,momentum_365,365-Day Absolute Momentum,22,11,50.0,30.72,69.28,15.71,84.29,12.53,12.68,2.1,-20.96,46.17,False
11,QQQ,momentum_90,90-Day Absolute Momentum,23,14,60.87,40.79,77.84,22.43,89.32,17.31,16.7,7.51,-44.77,51.41,False
11,QQQ,momentum_composite,Composite Momentum,17,8,47.06,26.16,69.04,12.1,85.16,8.96,11.49,3.16,-28.58,53.2,False
11,QQQ,momentum_dual_180_365,Dual Momentum 180/365,21,11,52.38,32.37,71.66,16.55,85.92,11.4,12.82,3.96,-28.58,49.73,False
11,QQQ,momentum_dual_90_180,Dual Momentum 90/180,21,14,66.67,45.37,82.81,24.94,92.33,19.55,16.17,8.57,-28.58,49.73,False
11,QQQ,momentum_rank_365,Top Relative Momentum 365,14,10,71.43,45.35,88.28,22.28,95.61,18.47,12.34,4.22,-44.77,39.78,False
11,QQQ,momentum_rank_90,Top Relative Momentum 90,18,12,66.67,43.75,83.72,22.9,93.09,23.19,17.68,6.6,-28.58,51.41,False
11,QQQ,rsi14_recovery,RSI 14 Recovery,14,8,57.14,32.59,78.62,14.99,90.98,13.51,11.59,5.52,-44.77,41.89,False
11,QQQ,rsi28_recovery,RSI 28 Recovery,10,7,70.0,39.68,89.22,17.23,96.32,18.48,18.11,9.54,-29.06,53.2,False
11,QQQ,trend,SMA 50/200 + Momentum,18,11,61.11,38.62,79.7,19.69,90.97,19.03,16.13,0.95,-17.05,42.69,False
11,QQQ,trend_breakout_100,100-Day Range Breakout,14,10,71.43,45.35,88.28,22.28,95.61,19.83,15.07,6.25,-29.06,39.33,False
11,QQQ,trend_breakout_200,200-Day Range Breakout,11,9,81.82,52.3,94.86,24.51,98.42,18.68,15.65,14.69,-29.06,36.19,False
11,QQQ,trend_ema100_200,EMA 100/200,21,15,71.43,50.04,86.19,28.09,94.12,15.16,15.65,9.74,-28.58,44.23,False
11,QQQ,trend_ema50_200,EMA 50/200,22,14,63.64,42.95,80.27,23.62,90.83,17.68,15.66,8.41,-28.58,39.78,False
11,QQQ,trend_price_sma100,Price above SMA 100,23,15,65.22,44.89,81.19,25.21,91.25,19.29,16.5,8.25,-44.77,48.51,False
11,QQQ,trend_price_sma200,Price above SMA 200,23,14,60.87,40.79,77.84,22.43,89.32,19.29,16.55,7.51,-44.77,49.94,False
11,QQQ,trend_sma100_200,SMA 100/200,22,15,68.18,47.32,83.64,26.57,92.7,15.82,16.85,8.58,-44.77,45.54,False
11,QQQ,trend_triple_ma,Triple Moving Average,20,14,70.0,48.1,85.45,26.43,93.81,16.79,15.31,3.06,-28.58,42.69,False
11,QQQ,vol_contraction_trend,Volatility Contraction Trend,17,13,76.47,52.74,90.45,28.23,96.41,23.99,19.29,10.27,-28.83,44.23,False
11,SPY,bollinger_recovery,Bollinger Recovery,11,9,81.82,52.3,94.86,24.51,98.42,22.17,14.23,11.02,-40.33,43.84,False
11,SPY,breadth_trend,Broad-Market Trend,20,12,60.0,38.66,78.12,20.27,89.85,12.08,12.55,7.22,-11.57,33.53,False
11,SPY,buy_hold,Buy & Hold Benchmark,24,12,50.0,31.43,68.57,16.51,83.49,11.14,9.61,4.76,-40.33,33.53,False
11,SPY,drawdown_recovery,25% Drawdown Recovery,2,2,100.0,34.24,100.0,9.29,100.0,40.23,40.23,38.42,36.62,43.84,False
11,SPY,drawdown_recovery_20,20% Drawdown Recovery,4,3,75.0,30.06,95.44,9.68,98.82,22.82,24.8,17.98,9.7,43.84,False
11,SPY,drawdown_recovery_30,30% Drawdown Recovery,3,3,100.0,43.85,100.0,13.32,100.0,24.91,29.83,22.82,20.74,43.84,False
11,SPY,drawdown_recovery_40,40% Drawdown Recovery,1,1,100.0,20.65,100.0,4.87,100.0,20.74,20.74,20.74,20.74,20.74,False
11,SPY,low_vol_trend,Low-Volatility Trend,21,14,66.67,45.37,82.81,24.94,92.33,11.19,13.84,9.6,-6.73,38.96,False
11,SPY,momentum,Top Relative Momentum 180,1,0,0.0,0.0,79.35,0.0,95.13,9.62,9.62,9.62,9.62,9.62,False
11,SPY,momentum_180,180-Day Absolute Momentum,22,14,63.64,42.95,80.27,23.62,90.83,13.02,13.28,8.44,-15.48,29.1,False
11,SPY,momentum_270,270-Day Absolute Momentum,22,14,63.64,42.95,80.27,23.62,90.83,12.27,12.65,5.6,-6.73,38.96,False
11,SPY,momentum_365,365-Day Absolute Momentum,21,12,57.14,36.55,75.53,19.18,88.22,11.28,10.24,7.1,-19.2,31.54,False
11,SPY,momentum_90,90-Day Absolute Momentum,23,13,56.52,36.81,74.37,19.8,87.25,11.54,11.32,6.31,-40.33,33.53,False
11,SPY,momentum_composite,Composite Momentum,1,1,100.0,20.65,100.0,4.87,100.0,25.43,25.43,25.43,25.43,25.43,False
11,SPY,momentum_dual_180_365,Dual Momentum 180/365,21,13,61.9,40.88,79.25,21.98,90.36,12.36,11.08,7.1,-15.48,28.57,False
11,SPY,momentum_dual_90_180,Dual Momentum 90/180,20,13,65.0,43.29,81.88,23.26,91.92,13.02,12.87,7.87,-11.57,33.53,False
11,SPY,momentum_rank_365,Top Relative Momentum 365,2,2,100.0,34.24,100.0,9.29,100.0,18.38,18.38,15.91,13.44,23.32,False
11,SPY,rsi14_recovery,RSI 14 Recovery,15,11,73.33,48.05,89.1,24.36,95.92,15.43,13.23,9.05,-19.2,27.36,False
11,SPY,rsi28_recovery,RSI 28 Recovery,12,9,75.0,46.77,91.11,22.08,96.95,22.25,15.85,8.21,-40.33,43.84,False
11,SPY,trend,SMA 50/200 + Momentum,17,11,64.71,41.3,82.69,21.03,92.66,13.24,10.3,4.78,-15.48,25.52,False
11,SPY,trend_breakout_100,100-Day Range Breakout,11,8,72.73,43.43,90.25,19.72,96.66,13.55,12.97,8.57,-9.97,27.39,False
11,SPY,trend_breakout_200,200-Day Range Breakout,11,8,72.73,43.43,90.25,19.72,96.66,13.55,12.31,8.57,-9.97,25.52,False
11,SPY,trend_ema100_200,EMA 100/200,21,12,57.14,36.55,75.53,19.18,88.22,12.78,11.37,5.2,-11.57,33.53,False
11,SPY,trend_ema50_200,EMA 50/200,21,14,66.67,45.37,82.81,24.94,92.33,13.32,13.45,8.15,-4.84,36.62,False
11,SPY,trend_price_sma100,Price above SMA 100,23,13,56.52,36.81,74.37,19.8,87.25,10.86,11.52,8.04,-32.95,38.96,False
11,SPY,trend_price_sma200,Price above SMA 200,21,13,61.9,40.88,79.25,21.98,90.36,11.19,13.84,8.06,-4.84,38.96,False
11,SPY,trend_sma100_200,SMA 100/200,20,11,55.0,34.21,74.18,17.48,87.58,10.7,10.46,4.71,-11.57,25.98,False
11,SPY,trend_triple_ma,Triple Moving Average,20,12,60.0,38.66,78.12,20.27,89.85,11.73,10.42,4.71,-15.88,33.53,False
11,SPY,vol_contraction_trend,Volatility Contraction Trend,19,13,68.42,46.01,84.64,24.7,93.47,15.2,14.0,8.67,-21.62,38.96,False
11,VTI,bollinger_recovery,Bollinger Recovery,11,8,72.73,43.43,90.25,19.72,96.66,21.11,14.9,11.49,-40.79,49.86,False
11,VTI,breadth_trend,Broad-Market Trend,20,11,55.0,34.21,74.18,17.48,87.58,13.0,12.72,7.1,-14.42,36.5,False
11,VTI,buy_hold,Buy & Hold Benchmark,24,14,58.33,38.83,75.53,21.36,87.83,12.35,9.96,4.85,-40.79,36.5,False
11,VTI,drawdown_recovery,25% Drawdown Recovery,3,3,100.0,43.85,100.0,13.32,100.0,38.48,35.92,28.95,19.42,49.86,False
11,VTI,drawdown_recovery_20,20% Drawdown Recovery,6,5,83.33,43.65,96.99,16.45,99.22,21.78,23.89,14.46,9.1,49.86,False
11,VTI,drawdown_recovery_30,30% Drawdown Recovery,2,2,100.0,34.24,100.0,9.29,100.0,36.16,36.16,29.31,22.46,49.86,False
11,VTI,drawdown_recovery_40,40% Drawdown Recovery,1,1,100.0,20.65,100.0,4.87,100.0,22.46,22.46,22.46,22.46,22.46,False
11,VTI,low_vol_trend,Low-Volatility Trend,20,9,45.0,25.82,65.79,12.42,82.52,9.81,12.89,7.26,-5.53,42.71,False
11,VTI,momentum,Top Relative Momentum 180,2,2,100.0,34.24,100.0,9.29,100.0,14.25,14.25,13.75,13.26,15.24,False
11,VTI,momentum_180,180-Day Absolute Momentum,21,11,52.38,32.37,71.66,16.55,85.92,10.46,14.07,7.27,-5.53,42.71,False
11,VTI,momentum_270,270-Day Absolute Momentum,21,13,61.9,40.88,79.25,21.98,90.36,13.26,13.39,6.2,-7.21,42.71,False
11,VTI,momentum_365,365-Day Absolute Momentum,21,12,57.14,36.55,75.53,19.18,88.22,11.43,10.41,8.35,-21.64,33.11,False
11,VTI,momentum_90,90-Day Absolute Momentum,23,15,65.22,44.89,81.19,25.21,91.25,13.35,11.83,6.48,-40.79,38.48,False
11,VTI,momentum_composite,Composite Momentum,2,2,100.0,34.24,100.0,9.29,100.0,14.25,14.25,13.75,13.26,15.24,False
11,VTI,momentum_dual_180_365,Dual Momentum 180/365,20,11,55.0,34.21,74.18,17.48,87.58,10.91,11.75,6.51,-13.45,42.71,False
11,VTI,momentum_dual_90_180,Dual Momentum 90/180,20,12,60.0,38.66,78.12,20.27,89.85,12.22,12.05,5.99,-14.42,36.5,False
11,VTI,momentum_rank_365,Top Relative Momentum 365,1,1,100.0,20.65,100.0,4.87,100.0,13.08,13.08,13.08,13.08,13.08,False
11,VTI,rsi14_recovery,RSI 14 Recovery,15,8,53.33,30.12,75.19,13.88,89.01,12.22,10.92,6.88,-21.64,27.55,False
11,VTI,rsi28_recovery,RSI 28 Recovery,12,9,75.0,46.77,91.11,22.08,96.95,21.62,17.07,9.95,-40.79,49.86,False
11,VTI,trend,SMA 50/200 + Momentum,18,10,55.56,33.72,75.44,16.7,88.63,12.58,10.14,5.69,-16.85,23.11,False
11,VTI,trend_breakout_100,100-Day Range Breakout,12,7,58.33,31.95,80.67,14.03,92.31,13.96,11.44,5.14,-12.11,23.11,False
11,VTI,trend_breakout_200,200-Day Range Breakout,12,7,58.33,31.95,80.67,14.03,92.31,13.96,11.44,5.14,-12.11,23.11,False
11,VTI,trend_ema100_200,EMA 100/200,20,11,55.0,34.21,74.18,17.48,87.58,12.01,12.83,7.1,-5.53,40.08,False
11,VTI,trend_ema50_200,EMA 50/200,21,13,61.9,40.88,79.25,21.98,90.36,15.81,13.82,8.04,-5.53,40.08,False
11,VTI,trend_price_sma100,Price above SMA 100,22,16,72.73,51.85,86.85,29.69,94.4,14.08,13.37,9.49,-16.85,38.48,False
11,VTI,trend_price_sma200,Price above SMA 200,21,10,47.62,28.34,67.63,14.08,83.45,9.91,14.11,7.27,-5.53,42.71,False
11,VTI,trend_sma100_200,SMA 100/200,20,11,55.0,34.21,74.18,17.48,87.58,10.91,10.72,4.71,-14.42,28.32,False
11,VTI,trend_triple_ma,Triple Moving Average,20,12,60.0,38.66,78.12,20.27,89.85,12.66,10.51,4.71,-14.82,36.5,False
11,VTI,vol_contraction_trend,Volatility Contraction Trend,19,13,68.42,46.01,84.64,24.7,93.47,14.47,14.56,8.25,-20.84,42.71,False
11,XLB,bollinger_recovery,Bollinger Recovery,14,5,35.71,16.34,61.24,6.53,81.54,8.04,11.89,2.1,-13.6,59.47,False
11,XLB,breadth_trend,Broad-Market Trend,20,10,50.0,29.93,70.07,14.86,85.14,10.41,10.01,1.13,-10.82,38.44,False
11,XLB,buy_hold,Buy & Hold Benchmark,24,12,50.0,31.43,68.57,16.51,83.49,10.12,8.43,2.22,-46.08,41.71,False
11,XLB,drawdown_recovery,25% Drawdown Recovery,3,2,66.67,20.77,93.85,6.01,98.43,36.34,33.53,20.56,4.79,59.47,False
11,XLB,drawdown_recovery_20,20% Drawdown Recovery,9,6,66.67,35.42,87.94,14.62,95.89,15.72,21.45,6.8,-6.34,59.47,False
11,XLB,drawdown_recovery_30,30% Drawdown Recovery,2,2,100.0,34.24,100.0,9.29,100.0,51.92,51.92,48.14,44.37,59.47,False
11,XLB,drawdown_recovery_40,40% Drawdown Recovery,1,1,100.0,20.65,100.0,4.87,100.0,44.37,44.37,44.37,44.37,44.37,False
11,XLB,low_vol_trend,Low-Volatility Trend,6,2,33.33,9.68,70.0,2.93,89.24,2.32,3.89,-4.72,-16.69,22.03,False
11,XLB,momentum,Top Relative Momentum 180,10,6,60.0,31.27,83.18,13.0,93.77,11.2,5.85,8.15,-44.59,22.19,False
11,XLB,momentum_180,180-Day Absolute Momentum,23,13,56.52,36.81,74.37,19.8,87.25,11.17,9.17,-3.18,-48.84,58.78,False
11,XLB,momentum_270,270-Day Absolute Momentum,22,11,50.0,30.72,69.28,15.71,84.29,10.0,8.18,-1.26,-36.78,53.81,False
11,XLB,momentum_365,365-Day Absolute Momentum,22,11,50.0,30.72,69.28,15.71,84.29,10.41,8.04,0.79,-48.84,53.81,False
11,XLB,momentum_90,90-Day Absolute Momentum,23,12,52.17,32.96,70.76,17.31,85.04,12.57,9.58,0.58,-46.08,46.36,False
11,XLB,momentum_composite,Composite Momentum,10,6,60.0,31.27,83.18,13.0,93.77,12.68,5.24,-2.22,-44.59,24.69,False
11,XLB,momentum_dual_180_365,Dual Momentum 180/365,21,11,52.38,32.37,71.66,16.55,85.92,11.17,6.44,-3.16,-48.84,30.42,False
11,XLB,momentum_dual_90_180,Dual Momentum 90/180,20,9,45.0,25.82,65.79,12.42,82.52,9.24,4.43,-6.86,-46.08,38.44,False
11,XLB,momentum_rank_365,Top Relative Momentum 365,8,5,62.5,30.57,86.32,11.9,95.36,10.7,3.15,-2.21,-48.84,22.19,False
11,XLB,momentum_rank_90,Top Relative Momentum 90,16,7,43.75,23.1,66.82,10.25,84.12,8.0,5.74,2.22,-55.49,36.34,False
11,XLB,rsi14_recovery,RSI 14 Recovery,19,10,52.63,31.71,72.67,15.73,86.87,10.98,13.35,2.8,-48.84,59.47,False
11,XLB,rsi28_recovery,RSI 28 Recovery,13,6,46.15,23.21,70.86,9.77,87.16,9.54,11.75,1.49,-48.84,59.47,False
11,XLB,trend,SMA 50/200 + Momentum,16,6,37.5,18.48,61.36,7.83,80.91,6.33,4.63,-3.5,-36.78,25.31,False
11,XLB,trend_breakout_100,100-Day Range Breakout,14,6,42.86,21.38,67.41,9.02,85.01,7.22,9.39,1.06,-6.86,36.34,False
11,XLB,trend_breakout_200,200-Day Range Breakout,13,6,46.15,23.21,70.86,9.77,87.16,9.66,7.81,-2.86,-6.86,22.19,False
11,XLB,trend_ema100_200,EMA 100/200,21,11,52.38,32.37,71.66,16.55,85.92,12.25,8.38,-3.75,-36.78,38.44,False
11,XLB,trend_ema50_200,EMA 50/200,22,10,45.45,26.92,65.34,13.38,81.8,9.38,8.67,-3.02,-36.78,58.78,False
11,XLB,trend_price_sma100,Price above SMA 100,23,12,52.17,32.96,70.76,17.31,85.04,10.98,9.18,-1.56,-46.08,58.78,False
11,XLB,trend_price_sma200,Price above SMA 200,23,12,52.17,32.96,70.76,17.31,85.04,10.89,8.83,-1.31,-48.84,58.78,False
11,XLB,trend_sma100_200,SMA 100/200,19,8,42.11,23.14,63.72,10.73,81.48,4.77,5.29,-4.51,-46.08,30.42,False
11,XLB,trend_triple_ma,Triple Moving Average,18,8,44.44,24.56,66.28,11.37,83.3,9.24,5.1,-2.25,-46.08,38.44,False
11,XLB,vol_contraction_trend,Volatility Contraction Trend,16,7,43.75,23.1,66.82,10.25,84.12,8.78,10.12,1.88,-36.78,53.81,False
11,XLE,bollinger_recovery,Bollinger Recovery,14,8,57.14,32.59,78.62,14.99,90.98,17.01,9.8,-1.49,-41.16,50.71,False
11,XLE,breadth_trend,Broad-Market Trend,19,10,52.63,31.71,72.67,15.73,86.87,10.64,14.33,0.88,-33.85,57.95,False
11,XLE,buy_hold,Buy & Hold Benchmark,24,14,58.33,38.83,75.53,21.36,87.83,10.42,10.69,-1.45,-41.16,53.77,False
11,XLE,drawdown_recovery,25% Drawdown Recovery,4,4,100.0,51.01,100.0,17.0,100.0,20.68,25.76,14.77,13.83,47.86,False
11,XLE,drawdown_recovery_20,20% Drawdown Recovery,10,7,70.0,39.68,89.22,17.23,96.32,14.46,15.57,2.46,-24.95,50.02,False
11,XLE,drawdown_recovery_30,30% Drawdown Recovery,5,3,60.0,23.07,88.24,7.61,96.47,15.09,23.34,4.2,-0.45,50.02,False
11,XLE,drawdown_recovery_40,40% Drawdown Recovery,3,2,66.67,20.77,93.85,6.01,98.43,15.09,22.38,9.65,4.2,47.86,False
11,XLE,low_vol_trend,Low-Volatility Trend,2,1,50.0,9.45,90.55,2.38,97.62,9.72,9.72,-2.77,-15.27,34.71,False
11,XLE,momentum,Top Relative Momentum 180,15,8,53.33,30.12,75.19,13.88,89.01,13.75,11.1,0.81,-44.99,52.1,False
11,XLE,momentum_180,180-Day Absolute Momentum,21,11,52.38,32.37,71.66,16.55,85.92,11.49,15.14,-0.21,-39.3,65.67,False
11,XLE,momentum_270,270-Day Absolute Momentum,20,12,60.0,38.66,78.12,20.27,89.85,16.48,10.67,-1.27,-42.36,50.02,False
11,XLE,momentum_365,365-Day Absolute Momentum,19,10,52.63,31.71,72.67,15.73,86.87,13.75,12.97,-2.8,-39.3,68.06,False
11,XLE,momentum_90,90-Day Absolute Momentum,22,12,54.55,34.66,73.08,18.2,86.62,11.07,10.4,-6.93,-41.16,57.95,False
11,XLE,momentum_composite,Composite Momentum,12,6,50.0,25.38,74.62,10.65,89.35,9.28,10.39,0.09,-44.99,50.71,False
11,XLE,momentum_dual_180_365,Dual Momentum 180/365,19,9,47.37,27.33,68.29,13.13,84.27,4.45,12.47,-2.8,-39.3,68.06,False
11,XLE,momentum_dual_90_180,Dual Momentum 90/180,18,8,44.44,24.56,66.28,11.37,83.3,5.42,13.32,0.4,-39.3,57.95,False
11,XLE,momentum_rank_365,Top Relative Momentum 365,10,5,50.0,23.66,76.34,9.34,90.66,10.2,13.41,1.06,-49.02,57.95,False
11,XLE,momentum_rank_90,Top Relative Momentum 90,16,7,43.75,23.1,66.82,10.25,84.12,5.94,11.56,0.11,-39.3,57.95,False
11,XLE,rsi14_recovery,RSI 14 Recovery,18,11,61.11,38.62,79.7,19.69,90.97,12.7,12.75,-1.49,-39.3,58.88,False
11,XLE,rsi28_recovery,RSI 28 Recovery,14,8,57.14,32.59,78.62,14.99,90.98,12.24,12.57,0.21,-39.3,58.88,False
11,XLE,trend,SMA 50/200 + Momentum,16,8,50.0,28.0,72.0,12.93,87.07,8.45,12.2,-6.06,-42.36,57.95,False
11,XLE,trend_breakout_100,100-Day Range Breakout,9,5,55.56,26.66,81.12,10.47,93.04,14.52,14.47,4.72,-5.13,33.84,False
11,XLE,trend_breakout_200,200-Day Range Breakout,8,4,50.0,21.52,78.48,7.89,92.11,9.62,10.35,-4.86,-5.47,28.8,False
11,XLE,trend_ema100_200,EMA 100/200,18,8,44.44,24.56,66.28,11.37,83.3,4.29,10.84,0.4,-39.3,39.58,False
11,XLE,trend_ema50_200,EMA 50/200,18,9,50.0,29.03,70.97,13.93,86.07,9.42,14.19,2.37,-39.3,57.95,False
11,XLE,trend_price_sma100,Price above SMA 100,22,13,59.09,38.73,76.74,20.83,88.8,12.2,11.43,-2.63,-41.16,57.95,False
11,XLE,trend_price_sma200,Price above SMA 200,21,12,57.14,36.55,75.53,19.18,88.22,11.49,11.72,-3.75,-41.16,57.95,False
11,XLE,trend_sma100_200,SMA 100/200,18,8,44.44,24.56,66.28,11.37,83.3,5.22,10.61,-2.41,-39.3,52.1,False
11,XLE,trend_triple_ma,Triple Moving Average,17,8,47.06,26.16,69.04,12.1,85.16,6.8,12.28,-0.21,-11.1,39.58,False
11,XLE,vol_contraction_trend,Volatility Contraction Trend,15,8,53.33,30.12,75.19,13.88,89.01,10.64,11.57,2.1,-33.85,51.15,False
11,XLF,bollinger_recovery,Bollinger Recovery,14,8,57.14,32.59,78.62,14.99,90.98,10.46,11.13,4.37,-55.65,59.57,False
11,XLF,breadth_trend,Broad-Market Trend,20,12,60.0,38.66,78.12,20.27,89.85,15.59,9.43,-2.92,-25.52,44.77,False
11,XLF,buy_hold,Buy & Hold Benchmark,24,11,45.83,27.89,64.93,14.28,81.13,7.75,6.57,-2.21,-58.79,53.7,False
11,XLF,drawdown_recovery,25% Drawdown Recovery,6,4,66.67,30.0,90.32,10.76,97.07,24.29,27.53,7.04,-8.04,64.88,False
11,XLF,drawdown_recovery_20,20% Drawdown Recovery,10,7,70.0,39.68,89.22,17.23,96.32,22.8,19.15,7.22,-65.73,64.88,False
11,XLF,drawdown_recovery_30,30% Drawdown Recovery,5,3,60.0,23.07,88.24,7.61,96.47,23.95,16.58,2.64,-65.73,64.88,False
11,XLF,drawdown_recovery_40,40% Drawdown Recovery,2,2,100.0,34.24,100.0,9.29,100.0,61.02,61.02,59.08,57.15,64.88,False
11,XLF,low_vol_trend,Low-Volatility Trend,10,3,30.0,10.78,60.32,3.68,82.77,8.67,2.49,-8.96,-23.39,30.51,False
11,XLF,momentum,Top Relative Momentum 180,11,7,63.64,35.38,84.83,15.46,94.36,12.13,12.62,3.86,-6.13,36.59,False
11,XLF,momentum_180,180-Day Absolute Momentum,20,9,45.0,25.82,65.79,12.42,82.52,7.15,9.15,2.78,-26.32,44.77,False
11,XLF,momentum_270,270-Day Absolute Momentum,20,11,55.0,34.21,74.18,17.48,87.58,11.1,8.37,-3.09,-25.52,36.59,False
11,XLF,momentum_365,365-Day Absolute Momentum,22,12,54.55,34.66,73.08,18.2,86.62,12.36,8.99,-1.56,-25.52,44.77,False
11,XLF,momentum_90,90-Day Absolute Momentum,22,11,50.0,30.72,69.28,15.71,84.29,9.49,11.01,-0.67,-23.39,53.7,False
11,XLF,momentum_composite,Composite Momentum,11,7,63.64,35.38,84.83,15.46,94.36,12.22,11.62,4.48,-6.13,30.41,False
11,XLF,momentum_dual_180_365,Dual Momentum 180/365,19,11,57.89,36.28,76.86,18.52,89.27,13.36,8.79,2.22,-25.52,44.77,False
11,XLF,momentum_dual_90_180,Dual Momentum 90/180,20,10,50.0,29.93,70.07,14.86,85.14,7.74,7.32,-1.3,-25.52,44.77,False
11,XLF,momentum_rank_365,Top Relative Momentum 365,10,7,70.0,39.68,89.22,17.23,96.32,13.69,9.41,9.67,-18.58,25.35,False
11,XLF,momentum_rank_90,Top Relative Momentum 90,13,9,69.23,42.37,87.32,20.11,95.26,20.23,17.35,4.0,-14.91,36.05,False
11,XLF,rsi14_recovery,RSI 14 Recovery,16,10,62.5,38.64,81.52,19.09,92.17,10.7,10.07,2.22,-55.65,59.57,False
11,XLF,rsi28_recovery,RSI 28 Recovery,13,8,61.54,35.52,82.29,16.29,92.94,15.41,12.42,3.45,-55.65,59.57,False
11,XLF,trend,SMA 50/200 + Momentum,16,8,50.0,28.0,72.0,12.93,87.07,10.24,9.64,3.72,-21.19,44.77,False
11,XLF,trend_breakout_100,100-Day Range Breakout,12,7,58.33,31.95,80.67,14.03,92.31,13.47,11.24,1.88,-23.39,34.37,False
11,XLF,trend_breakout_200,200-Day Range Breakout,9,7,77.78,45.26,93.68,19.46,98.07,16.55,16.93,10.45,-1.47,34.37,False
11,XLF,trend_ema100_200,EMA 100/200,20,10,50.0,29.93,70.07,14.86,85.14,7.74,6.97,-1.3,-25.52,44.77,False
11,XLF,trend_ema50_200,EMA 50/200,20,10,50.0,29.93,70.07,14.86,85.14,11.89,8.03,-1.33,-25.52,44.77,False
11,XLF,trend_price_sma100,Price above SMA 100,22,12,54.55,34.66,73.08,18.2,86.62,14.73,12.21,-0.37,-25.52,53.05,False
11,XLF,trend_price_sma200,Price above SMA 200,20,12,60.0,38.66,78.12,20.27,89.85,15.59,9.43,-2.92,-25.52,44.77,False
11,XLF,trend_sma100_200,SMA 100/200,19,10,52.63,31.71,72.67,15.73,86.87,10.34,8.09,2.0,-25.52,44.77,False
11,XLF,trend_triple_ma,Triple Moving Average,18,9,50.0,29.03,70.97,13.93,86.07,8.54,8.9,2.9,-23.39,44.77,False
11,XLF,vol_contraction_trend,Volatility Contraction Trend,16,8,50.0,28.0,72.0,12.93,87.07,9.2,12.04,4.75,-14.91,36.05,False
11,XLI,bollinger_recovery,Bollinger Recovery,15,11,73.33,48.05,89.1,24.36,95.92,16.73,13.52,11.09,-41.63,61.01,False
11,XLI,breadth_trend,Broad-Market Trend,20,10,50.0,29.93,70.07,14.86,85.14,11.24,12.48,3.7,-14.31,33.16,False
11,XLI,buy_hold,Buy & Hold Benchmark,24,14,58.33,38.83,75.53,21.36,87.83,11.87,9.88,2.06,-41.63,43.96,False
11,XLI,drawdown_recovery,25% Drawdown Recovery,3,2,66.67,20.77,93.85,6.01,98.43,45.96,38.46,27.18,8.39,61.01,False
11,XLI,drawdown_recovery_20,20% Drawdown Recovery,7,6,85.71,48.69,97.43,19.52,99.33,17.44,22.01,16.2,-1.46,61.01,False
11,XLI,drawdown_recovery_30,30% Drawdown Recovery,3,3,100.0,43.85,100.0,13.32,100.0,26.96,34.89,21.82,16.68,61.01,False
11,XLI,drawdown_recovery_40,40% Drawdown Recovery,2,2,100.0,34.24,100.0,9.29,100.0,38.85,38.85,27.76,16.68,61.01,False
11,XLI,low_vol_trend,Low-Volatility Trend,14,6,42.86,21.38,67.41,9.02,85.01,8.8,6.75,1.93,-50.03,27.12,False
11,XLI,momentum,Top Relative Momentum 180,12,10,83.33,55.2,95.3,26.82,98.56,12.55,10.86,11.51,-12.85,23.12,False
11,XLI,momentum_180,180-Day Absolute Momentum,22,12,54.55,34.66,73.08,18.2,86.62,13.66,8.97,4.03,-50.03,25.86,False
11,XLI,momentum_270,270-Day Absolute Momentum,22,13,59.09,38.73,76.74,20.83,88.8,13.8,8.83,1.75,-39.34,32.37,False
11,XLI,momentum_365,365-Day Absolute Momentum,22,13,59.09,38.73,76.74,20.83,88.8,12.55,10.84,-1.1,-17.32,39.33,False
11,XLI,momentum_90,90-Day Absolute Momentum,23,14,60.87,40.79,77.84,22.43,89.32,11.64,10.96,4.43,-50.03,44.2,False
11,XLI,momentum_composite,Composite Momentum,12,8,66.67,39.06,86.19,17.83,94.85,12.35,8.0,6.62,-50.03,29.68,False
11,XLI,momentum_dual_180_365,Dual Momentum 180/365,20,11,55.0,34.21,74.18,17.48,87.58,11.47,9.64,0.1,-17.32,29.68,False
11,XLI,momentum_dual_90_180,Dual Momentum 90/180,21,12,57.14,36.55,75.53,19.18,88.22,11.64,7.87,0.22,-50.03,29.68,False
11,XLI,momentum_rank_365,Top Relative Momentum 365,7,6,85.71,48.69,97.43,19.52,99.33,15.97,16.68,13.71,7.09,25.95,False
11,XLI,momentum_rank_90,Top Relative Momentum 90,15,8,53.33,30.12,75.19,13.88,89.01,10.07,13.8,7.23,-0.75,36.96,False
11,XLI,rsi14_recovery,RSI 14 Recovery,17,10,58.82,36.01,78.39,17.81,90.4,13.05,11.51,4.95,-44.0,61.01,False
11,XLI,rsi28_recovery,RSI 28 Recovery,15,10,66.67,41.71,84.82,20.56,93.92,18.2,16.21,6.14,-41.63,61.01,False
11,XLI,trend,SMA 50/200 + Momentum,15,8,53.33,30.12,75.19,13.88,89.01,11.85,13.46,7.76,-10.06,28.02,False
11,XLI,trend_breakout_100,100-Day Range Breakout,10,5,50.0,23.66,76.34,9.34,90.66,10.8,10.05,1.86,-1.46,26.96,False
11,XLI,trend_breakout_200,200-Day Range Breakout,7,4,57.14,25.05,84.18,9.1,94.67,12.86,10.11,3.5,-0.48,19.16,False
11,XLI,trend_ema100_200,EMA 100/200,21,11,52.38,32.37,71.66,16.55,85.92,10.43,9.26,3.88,-39.34,32.37,False
11,XLI,trend_ema50_200,EMA 50/200,21,12,57.14,36.55,75.53,19.18,88.22,12.86,10.58,3.88,-39.34,32.37,False
11,XLI,trend_price_sma100,Price above SMA 100,23,13,56.52,36.81,74.37,19.8,87.25,11.92,11.16,4.18,-50.03,45.96,False
11,XLI,trend_price_sma200,Price above SMA 200,22,11,50.0,30.72,69.28,15.71,84.29,9.96,10.77,4.03,-50.03,36.04,False
11,XLI,trend_sma100_200,SMA 100/200,20,13,65.0,43.29,81.88,23.26,91.92,12.39,12.68,5.64,-10.99,36.96,False
11,XLI,trend_triple_ma,Triple Moving Average,19,11,57.89,36.28,76.86,18.52,89.27,12.86,13.58,7.58,-7.76,32.37,False
11,XLI,vol_contraction_trend,Volatility Contraction Trend,15,9,60.0,35.75,80.18,17.07,91.62,13.87,12.13,5.61,-23.19,33.16,False
11,XLK,bollinger_recovery,Bollinger Recovery,13,8,61.54,35.52,82.29,16.29,92.94,16.09,12.63,2.14,-43.64,53.74,False
11,XLK,breadth_trend,Broad-Market Trend,20,14,70.0,48.1,85.45,26.43,93.81,20.06,16.25,7.26,-15.28,35.76,False
11,XLK,buy_hold,Buy & Hold Benchmark,24,15,62.5,42.71,78.84,23.99,89.8,12.76,14.02,4.25,-43.64,46.01,False
11,XLK,drawdown_recovery,25% Drawdown Recovery,5,5,100.0,56.55,100.0,20.39,100.0,33.81,33.07,21.62,16.38,53.74,False
11,XLK,drawdown_recovery_20,20% Drawdown Recovery,8,7,87.5,52.91,97.76,22.38,99.41,21.85,23.26,17.82,-27.68,53.74,False
11,XLK,drawdown_recovery_30,30% Drawdown Recovery,4,4,100.0,51.01,100.0,17.0,100.0,31.83,33.44,21.97,16.38,53.74,False
11,XLK,drawdown_recovery_40,40% Drawdown Recovery,2,2,100.0,34.24,100.0,9.29,100.0,28.1,28.1,22.24,16.38,39.83,False
11,XLK,low_vol_trend,Low-Volatility Trend,8,5,62.5,30.57,86.32,11.9,95.36,16.66,14.12,3.39,-11.06,33.81,False
11,XLK,momentum,Top Relative Momentum 180,16,11,68.75,44.4,85.84,22.57,94.32,22.03,20.6,4.89,-15.01,56.53,False
11,XLK,momentum_180,180-Day Absolute Momentum,22,15,68.18,47.32,83.64,26.57,92.7,17.19,16.53,7.07,-23.74,43.06,False
11,XLK,momentum_270,270-Day Absolute Momentum,23,12,52.17,32.96,70.76,17.31,85.04,11.62,14.07,4.47,-34.26,43.48,False
11,XLK,momentum_365,365-Day Absolute Momentum,22,12,54.55,34.66,73.08,18.2,86.62,12.02,13.41,2.93,-15.28,46.01,False
11,XLK,momentum_90,90-Day Absolute Momentum,23,16,69.57,49.13,84.4,28.13,93.03,14.08,15.64,7.46,-43.64,44.81,False
11,XLK,momentum_composite,Composite Momentum,15,8,53.33,30.12,75.19,13.88,89.01,10.15,16.93,2.18,-15.01,56.53,False
11,XLK,momentum_dual_180_365,Dual Momentum 180/365,21,11,52.38,32.37,71.66,16.55,85.92,10.96,12.4,3.25,-29.29,43.06,False
11,XLK,momentum_dual_90_180,Dual Momentum 90/180,21,14,66.67,45.37,82.81,24.94,92.33,18.3,15.54,7.45,-29.29,43.06,False
11,XLK,momentum_rank_365,Top Relative Momentum 365,15,8,53.33,30.12,75.19,13.88,89.01,12.45,11.2,1.79,-43.64,43.06,False
11,XLK,momentum_rank_90,Top Relative Momentum 90,16,12,75.0,50.5,89.82,26.34,96.18,22.88,23.23,12.92,-15.28,56.53,False
11,XLK,rsi14_recovery,RSI 14 Recovery,15,8,53.33,30.12,75.19,13.88,89.01,11.59,12.13,2.51,-43.64,41.83,False
11,XLK,rsi28_recovery,RSI 28 Recovery,10,6,60.0,31.27,83.18,13.0,93.77,12.61,17.45,4.02,-4.03,53.74,False
11,XLK,trend,SMA 50/200 + Momentum,18,11,61.11,38.62,79.7,19.69,90.97,14.49,14.18,5.88,-43.64,41.14,False
11,XLK,trend_breakout_100,100-Day Range Breakout,12,9,75.0,46.77,91.11,22.08,96.95,20.64,19.46,11.51,-23.5,56.53,False
11,XLK,trend_breakout_200,200-Day Range Breakout,11,6,54.55,28.01,78.73,11.71,91.57,18.59,15.49,-0.27,-23.5,56.53,False
11,XLK,trend_ema100_200,EMA 100/200,22,15,68.18,47.32,83.64,26.57,92.7,16.28,15.08,4.79,-23.74,43.06,False
11,XLK,trend_ema50_200,EMA 50/200,22,15,68.18,47.32,83.64,26.57,92.7,16.48,15.75,7.07,-23.74,50.19,False
11,XLK,trend_price_sma100,Price above SMA 100,23,17,73.91,53.53,87.45,31.22,94.65,16.66,15.39,7.85,-43.64,43.48,False
11,XLK,trend_price_sma200,Price above SMA 200,22,15,68.18,47.32,83.64,26.57,92.7,20.92,17.21,7.65,-23.74,39.11,False
11,XLK,trend_sma100_200,SMA 100/200,20,14,70.0,48.1,85.45,26.43,93.81,18.89,17.09,6.3,-29.29,43.48,False
11,XLK,trend_triple_ma,Triple Moving Average,20,13,65.0,43.29,81.88,23.26,91.92,16.25,15.92,1.4,-29.29,56.53,False
11,XLK,vol_contraction_trend,Volatility Contraction Trend,15,12,80.0,54.81,92.95,28.5,97.57,26.44,21.8,10.56,-4.91,43.48,False
11,XLP,bollinger_recovery,Bollinger Recovery,14,7,50.0,26.8,73.2,11.84,88.16,9.54,6.91,1.97,-13.96,21.16,False
11,XLP,breadth_trend,Broad-Market Trend,20,10,50.0,29.93,70.07,14.86,85.14,8.83,8.36,2.73,-9.58,22.13,False
11,XLP,buy_hold,Buy & Hold Benchmark,24,9,37.5,21.16,57.29,10.2,76.01,7.6,7.47,5.03,-17.49,21.9,False
11,XLP,drawdown_recovery_20,20% Drawdown Recovery,3,3,100.0,43.85,100.0,13.32,100.0,21.15,20.18,19.69,18.24,21.16,False
11,XLP,drawdown_recovery_30,30% Drawdown Recovery,2,2,100.0,34.24,100.0,9.29,100.0,19.69,19.69,18.96,18.24,21.15,False
11,XLP,low_vol_trend,Low-Volatility Trend,23,11,47.83,29.24,67.04,14.96,82.69,8.05,7.54,3.83,-27.88,18.51,False
11,XLP,momentum,Top Relative Momentum 180,10,4,40.0,16.82,68.73,6.23,87.0,5.35,5.2,1.18,-18.62,18.37,False
11,XLP,momentum_180,180-Day Absolute Momentum,23,10,43.48,25.63,63.19,12.75,80.2,7.13,7.29,3.83,-17.93,18.51,False
11,XLP,momentum_270,270-Day Absolute Momentum,23,10,43.48,25.63,63.19,12.75,80.2,8.62,8.09,3.33,-18.62,24.54,False
11,XLP,momentum_365,365-Day Absolute Momentum,22,11,50.0,30.72,69.28,15.71,84.29,9.94,8.12,3.12,-17.49,24.54,False
11,XLP,momentum_90,90-Day Absolute Momentum,23,10,43.48,25.63,63.19,12.75,80.2,8.04,6.96,2.17,-18.62,21.15,False
11,XLP,momentum_composite,Composite Momentum,9,4,44.44,18.88,73.34,6.96,89.53,6.18,6.19,0.49,-14.05,18.37,False
11,XLP,momentum_dual_180_365,Dual Momentum 180/365,22,10,45.45,26.92,65.34,13.38,81.8,7.86,7.53,3.03,-17.49,24.54,False
11,XLP,momentum_dual_90_180,Dual Momentum 90/180,23,10,43.48,25.63,63.19,12.75,80.2,7.13,6.79,3.16,-18.62,18.37,False
11,XLP,momentum_rank_365,Top Relative Momentum 365,7,2,28.57,8.22,64.11,2.5,86.19,5.15,7.14,2.63,-13.96,24.54,False
11,XLP,momentum_rank_90,Top Relative Momentum 90,11,7,63.64,35.38,84.83,15.46,94.36,10.74,8.74,4.09,-14.05,27.46,False
11,XLP,rsi14_recovery,RSI 14 Recovery,14,6,42.86,21.38,67.41,9.02,85.01,7.57,6.53,3.3,-13.96,22.53,False
11,XLP,rsi28_recovery,RSI 28 Recovery,10,4,40.0,16.82,68.73,6.23,87.0,2.4,5.81,-3.18,-13.96,22.13,False
11,XLP,trend,SMA 50/200 + Momentum,13,3,23.08,8.18,50.26,2.81,75.67,5.11,4.65,0.6,-14.05,14.85,False
11,XLP,trend_breakout_100,100-Day Range Breakout,14,5,35.71,16.34,61.24,6.53,81.54,7.11,6.76,3.39,-11.89,18.83,False
11,XLP,trend_breakout_200,200-Day Range Breakout,14,5,35.71,16.34,61.24,6.53,81.54,7.11,6.76,3.39,-11.89,18.83,False
11,XLP,trend_ema100_200,EMA 100/200,23,9,39.13,22.16,59.21,10.68,77.57,8.05,8.08,4.9,-11.29,18.51,False
11,XLP,trend_ema50_200,EMA 50/200,23,10,43.48,25.63,63.19,12.75,80.2,7.13,7.69,3.96,-21.89,18.51,False
11,XLP,trend_price_sma100,Price above SMA 100,23,10,43.48,25.63,63.19,12.75,80.2,8.04,6.81,2.3,-18.62,21.15,False
11,XLP,trend_price_sma200,Price above SMA 200,23,11,47.83,29.24,67.04,14.96,82.69,8.05,7.54,3.83,-27.88,18.51,False
11,XLP,trend_sma100_200,SMA 100/200,22,9,40.91,23.26,61.27,11.2,79.17,8.44,8.05,5.5,-11.29,18.51,False
11,XLP,trend_triple_ma,Triple Moving Average,19,7,36.84,19.15,58.96,8.53,78.49,8.31,8.04,4.25,-9.79,21.51,False
11,XLP,vol_contraction_trend,Volatility Contraction Trend,18,9,50.0,29.03,70.97,13.93,86.07,10.43,9.07,3.75,1.53,18.83,False
11,XLU,bollinger_recovery,Bollinger Recovery,12,8,66.67,39.06,86.19,17.83,94.85,13.3,10.7,8.35,-11.83,23.76,False
11,XLU,breadth_trend,Broad-Market Trend,20,10,50.0,29.93,70.07,14.86,85.14,8.77,10.66,3.66,-12.8,35.33,False
11,XLU,buy_hold,Buy & Hold Benchmark,24,15,62.5,42.71,78.84,23.99,89.8,13.95,9.36,3.54,-29.93,25.25,False
11,XLU,drawdown_recovery,25% Drawdown Recovery,2,0,0.0,0.0,65.76,0.0,90.71,7.28,7.28,6.31,5.34,9.23,False
11,XLU,drawdown_recovery_20,20% Drawdown Recovery,6,2,33.33,9.68,70.0,2.93,89.24,5.02,9.65,3.62,-12.8,29.82,False
11,XLU,drawdown_recovery_30,30% Drawdown Recovery,2,1,50.0,9.45,90.55,2.38,97.62,16.47,16.47,10.9,5.34,27.6,False
11,XLU,drawdown_recovery_40,40% Drawdown Recovery,2,1,50.0,9.45,90.55,2.38,97.62,16.47,16.47,10.9,5.34,27.6,False
11,XLU,low_vol_trend,Low-Volatility Trend,20,8,40.0,21.88,61.34,10.15,79.73,6.91,7.62,3.07,-30.28,27.6,False
11,XLU,momentum,Top Relative Momentum 180,13,5,38.46,17.71,64.48,7.06,83.71,9.2,8.11,4.29,-30.34,35.69,False
11,XLU,momentum_180,180-Day Absolute Momentum,23,12,52.17,32.96,70.76,17.31,85.04,10.28,8.97,4.28,-33.95,35.0,False
11,XLU,momentum_270,270-Day Absolute Momentum,22,12,54.55,34.66,73.08,18.2,86.62,11.21,10.36,4.66,-31.77,35.69,False
11,XLU,momentum_365,365-Day Absolute Momentum,21,12,57.14,36.55,75.53,19.18,88.22,11.05,9.8,5.26,-29.93,29.82,False
11,XLU,momentum_90,90-Day Absolute Momentum,23,14,60.87,40.79,77.84,22.43,89.32,13.96,10.13,5.01,-29.93,28.88,False
11,XLU,momentum_composite,Composite Momentum,13,5,38.46,17.71,64.48,7.06,83.71,5.43,5.06,-5.3,-30.34,24.98,False
11,XLU,momentum_dual_180_365,Dual Momentum 180/365,21,12,57.14,36.55,75.53,19.18,88.22,10.42,9.15,5.9,-29.93,24.96,False
11,XLU,momentum_dual_90_180,Dual Momentum 90/180,22,10,45.45,26.92,65.34,13.38,81.8,8.81,9.03,4.34,-31.77,29.74,False
11,XLU,momentum_rank_365,Top Relative Momentum 365,13,6,46.15,23.21,70.86,9.77,87.16,9.2,7.34,-4.13,-20.98,24.74,False
11,XLU,momentum_rank_90,Top Relative Momentum 90,16,11,68.75,44.4,85.84,22.57,94.32,13.78,11.04,5.75,-30.28,37.79,False
11,XLU,rsi14_recovery,RSI 14 Recovery,16,10,62.5,38.64,81.52,19.09,92.17,12.32,12.05,6.55,0.37,30.86,False
11,XLU,rsi28_recovery,RSI 28 Recovery,14,10,71.43,45.35,88.28,22.28,95.61,14.83,14.04,9.2,-11.83,35.04,False
11,XLU,trend,SMA 50/200 + Momentum,18,7,38.89,20.3,61.38,9.03,80.31,8.14,7.63,-0.87,-18.01,34.6,False
11,XLU,trend_breakout_100,100-Day Range Breakout,14,7,50.0,26.8,73.2,11.84,88.16,10.01,10.69,3.14,-18.01,29.74,False
11,XLU,trend_breakout_200,200-Day Range Breakout,14,7,50.0,26.8,73.2,11.84,88.16,10.01,8.01,3.69,-18.01,20.67,False
11,XLU,trend_ema100_200,EMA 100/200,22,9,40.91,23.26,61.27,11.2,79.17,8.37,8.98,2.69,-33.95,35.0,False
11,XLU,trend_ema50_200,EMA 50/200,22,11,50.0,30.72,69.28,15.71,84.29,9.83,9.35,4.78,-31.77,35.0,False
11,XLU,trend_price_sma100,Price above SMA 100,23,16,69.57,49.13,84.4,28.13,93.03,15.96,10.71,8.0,-29.93,25.35,False
11,XLU,trend_price_sma200,Price above SMA 200,23,12,52.17,32.96,70.76,17.31,85.04,10.24,9.49,3.47,-33.95,35.33,False
11,XLU,trend_sma100_200,SMA 100/200,21,12,57.14,36.55,75.53,19.18,88.22,11.32,10.17,4.48,-33.95,35.33,False
11,XLU,trend_triple_ma,Triple Moving Average,19,7,36.84,19.15,58.96,8.53,78.49,8.92,9.68,1.99,-11.83,32.79,False
11,XLU,vol_contraction_trend,Volatility Contraction Trend,16,7,43.75,23.1,66.82,10.25,84.12,7.39,8.11,3.07,-9.55,27.6,False
11,XLV,bollinger_recovery,Bollinger Recovery,14,5,35.71,16.34,61.24,6.53,81.54,4.0,4.76,-1.21,-24.86,28.63,False
11,XLV,breadth_trend,Broad-Market Trend,20,9,45.0,25.82,65.79,12.42,82.52,9.44,9.68,2.74,-9.12,36.4,False
11,XLV,buy_hold,Buy & Hold Benchmark,24,10,41.67,24.47,61.17,12.17,78.64,7.39,7.57,0.0,-29.74,34.75,False
11,XLV,drawdown_recovery,25% Drawdown Recovery,1,1,100.0,20.65,100.0,4.87,100.0,20.76,20.76,20.76,20.76,20.76,False
11,XLV,drawdown_recovery_20,20% Drawdown Recovery,2,2,100.0,34.24,100.0,9.29,100.0,18.45,18.45,17.29,16.13,20.76,False
11,XLV,drawdown_recovery_30,30% Drawdown Recovery,1,1,100.0,20.65,100.0,4.87,100.0,16.13,16.13,16.13,16.13,16.13,False
11,XLV,low_vol_trend,Low-Volatility Trend,19,9,47.37,27.33,68.29,13.13,84.27,9.57,10.02,4.37,-3.1,26.33,False
11,XLV,momentum,Top Relative Momentum 180,13,6,46.15,23.21,70.86,9.77,87.16,2.7,8.72,0.31,-4.44,28.63,False
11,XLV,momentum_180,180-Day Absolute Momentum,22,10,45.45,26.92,65.34,13.38,81.8,8.86,10.83,3.29,-5.89,29.61,False
11,XLV,momentum_270,270-Day Absolute Momentum,23,9,39.13,22.16,59.21,10.68,77.57,7.71,9.01,3.73,-29.74,34.24,False
11,XLV,momentum_365,365-Day Absolute Momentum,23,9,39.13,22.16,59.21,10.68,77.57,6.46,9.08,2.96,-29.74,34.24,False
11,XLV,momentum_90,90-Day Absolute Momentum,22,10,45.45,26.92,65.34,13.38,81.8,8.43,8.87,0.97,-29.74,34.75,False
11,XLV,momentum_composite,Composite Momentum,8,4,50.0,21.52,78.48,7.89,92.11,7.31,11.24,2.93,-4.72,34.75,False
11,XLV,momentum_dual_180_365,Dual Momentum 180/365,22,10,45.45,26.92,65.34,13.38,81.8,6.48,10.39,0.75,-5.89,34.24,False
11,XLV,momentum_dual_90_180,Dual Momentum 90/180,20,7,35.0,18.12,56.71,8.08,76.74,7.34,9.88,2.63,-1.96,34.75,False
11,XLV,momentum_rank_365,Top Relative Momentum 365,9,5,55.56,26.66,81.12,10.47,93.04,20.76,13.73,1.66,-5.41,28.63,False
11,XLV,momentum_rank_90,Top Relative Momentum 90,16,5,31.25,14.16,55.6,5.68,77.43,6.48,7.12,1.84,-24.86,28.63,False
11,XLV,rsi14_recovery,RSI 14 Recovery,16,7,43.75,23.1,66.82,10.25,84.12,5.55,6.59,-0.17,-22.93,28.63,False
11,XLV,rsi28_recovery,RSI 28 Recovery,11,5,45.45,21.27,71.99,8.43,88.29,6.9,7.87,-2.75,-22.93,36.4,False
11,XLV,trend,SMA 50/200 + Momentum,14,6,42.86,21.38,67.41,9.02,85.01,6.68,8.88,2.38,-12.5,29.61,False
11,XLV,trend_breakout_100,100-Day Range Breakout,15,7,46.67,24.81,69.88,10.99,86.12,7.13,7.49,-1.52,-24.86,29.61,False
11,XLV,trend_breakout_200,200-Day Range Breakout,12,6,50.0,25.38,74.62,10.65,89.35,9.03,8.52,2.85,-24.86,29.61,False
11,XLV,trend_ema100_200,EMA 100/200,21,10,47.62,28.34,67.63,14.08,83.45,6.49,9.35,4.2,-4.44,26.33,False
11,XLV,trend_ema50_200,EMA 50/200,21,10,47.62,28.34,67.63,14.08,83.45,9.31,9.59,4.11,-4.44,26.33,False
11,XLV,trend_price_sma100,Price above SMA 100,23,13,56.52,36.81,74.37,19.8,87.25,10.32,9.72,4.82,-29.74,25.4,False
11,XLV,trend_price_sma200,Price above SMA 200,23,11,47.83,29.24,67.04,14.96,82.69,9.57,8.96,5.32,-29.74,26.33,False
11,XLV,trend_sma100_200,SMA 100/200,20,8,40.0,21.88,61.34,10.15,79.73,7.1,9.57,4.18,-5.89,29.56,False
11,XLV,trend_triple_ma,Triple Moving Average,18,5,27.78,12.5,50.87,5.02,73.66,6.9,7.7,1.67,-13.43,29.56,False
11,XLV,vol_contraction_trend,Volatility Contraction Trend,16,5,31.25,14.16,55.6,5.68,77.43,7.13,7.1,2.59,-9.13,25.4,False
11,XLY,bollinger_recovery,Bollinger Recovery,12,9,75.0,46.77,91.11,22.08,96.95,16.02,20.27,11.09,-15.73,56.03,False
11,XLY,breadth_trend,Broad-Market Trend,20,13,65.0,43.29,81.88,23.26,91.92,12.28,13.64,8.01,-20.45,38.6,False
11,XLY,buy_hold,Buy & Hold Benchmark,24,14,58.33,38.83,75.53,21.36,87.83,12.01,10.19,2.07,-38.81,36.91,False
11,XLY,drawdown_recovery,25% Drawdown Recovery,6,4,66.67,30.0,90.32,10.76,97.07,18.79,21.31,7.13,2.83,52.04,False
11,XLY,drawdown_recovery_20,20% Drawdown Recovery,8,5,62.5,30.57,86.32,11.9,95.36,12.35,14.62,5.18,-15.44,52.04,False
11,XLY,drawdown_recovery_30,30% Drawdown Recovery,6,3,50.0,18.76,81.24,6.27,93.73,10.02,14.4,3.62,-15.44,52.04,False
11,XLY,drawdown_recovery_40,40% Drawdown Recovery,1,1,100.0,20.65,100.0,4.87,100.0,29.42,29.42,29.42,29.42,29.42,False
11,XLY,low_vol_trend,Low-Volatility Trend,15,10,66.67,41.71,84.82,20.56,93.92,13.49,11.04,2.06,-17.31,43.06,False
11,XLY,momentum,Top Relative Momentum 180,13,8,61.54,35.52,82.29,16.29,92.94,16.37,13.65,7.29,-29.97,44.7,False
11,XLY,momentum_180,180-Day Absolute Momentum,22,15,68.18,47.32,83.64,26.57,92.7,14.06,13.74,8.44,-29.97,38.6,False
11,XLY,momentum_270,270-Day Absolute Momentum,21,12,57.14,36.55,75.53,19.18,88.22,11.17,12.67,3.26,-16.62,43.06,False
11,XLY,momentum_365,365-Day Absolute Momentum,22,13,59.09,38.73,76.74,20.83,88.8,14.0,11.39,0.71,-38.81,43.44,False
11,XLY,momentum_90,90-Day Absolute Momentum,22,14,63.64,42.95,80.27,23.62,90.83,12.66,12.9,8.11,-32.3,48.69,False
11,XLY,momentum_composite,Composite Momentum,13,7,53.85,29.14,76.79,12.84,90.23,16.37,13.45,5.04,-29.97,38.6,False
11,XLY,momentum_dual_180_365,Dual Momentum 180/365,20,11,55.0,34.21,74.18,17.48,87.58,14.0,12.16,2.64,-20.45,36.91,False
11,XLY,momentum_dual_90_180,Dual Momentum 90/180,21,15,71.43,50.04,86.19,28.09,94.12,15.35,14.88,8.31,-32.3,38.6,False
11,XLY,momentum_rank_365,Top Relative Momentum 365,14,7,50.0,26.8,73.2,11.84,88.16,9.54,16.44,5.27,-0.48,43.44,False
11,XLY,momentum_rank_90,Top Relative Momentum 90,16,11,68.75,44.4,85.84,22.57,94.32,15.55,16.64,5.49,-12.84,56.03,False
11,XLY,rsi14_recovery,RSI 14 Recovery,16,13,81.25,56.99,93.41,30.42,97.72,13.72,14.91,11.95,-37.99,56.03,False
11,XLY,rsi28_recovery,RSI 28 Recovery,13,9,69.23,42.37,87.32,20.11,95.26,13.04,21.22,8.04,-15.73,56.03,False
11,XLY,trend,SMA 50/200 + Momentum,16,11,68.75,44.4,85.84,22.57,94.32,13.18,11.62,6.93,-20.45,33.57,False
11,XLY,trend_breakout_100,100-Day Range Breakout,9,5,55.56,26.66,81.12,10.47,93.04,17.59,17.29,8.04,-0.72,44.7,False
11,XLY,trend_breakout_200,200-Day Range Breakout,9,5,55.56,26.66,81.12,10.47,93.04,14.07,13.89,8.04,-0.72,27.14,False
11,XLY,trend_ema100_200,EMA 100/200,21,14,66.67,45.37,82.81,24.94,92.33,13.49,12.75,5.04,-16.62,34.38,False
11,XLY,trend_ema50_200,EMA 50/200,21,14,66.67,45.37,82.81,24.94,92.33,13.49,12.48,5.23,-16.62,34.38,False
11,XLY,trend_price_sma100,Price above SMA 100,22,14,63.64,42.95,80.27,23.62,90.83,12.66,12.85,8.11,-32.3,48.69,False
11,XLY,trend_price_sma200,Price above SMA 200,22,15,68.18,47.32,83.64,26.57,92.7,14.89,14.16,8.44,-32.3,44.7,False
11,XLY,trend_sma100_200,SMA 100/200,21,15,71.43,50.04,86.19,28.09,94.12,14.07,11.22,6.46,-20.45,30.27,False
11,XLY,trend_triple_ma,Triple Moving Average,19,13,68.42,46.01,84.64,24.7,93.47,12.76,11.93,6.83,-17.75,34.66,False
11,XLY,vol_contraction_trend,Volatility Contraction Trend,16,10,62.5,38.64,81.52,19.09,92.17,16.16,15.47,6.63,-16.62,48.69,False
12,DIA,bollinger_recovery,Bollinger Recovery,13,8,61.54,35.52,82.29,16.29,92.94,13.61,14.22,4.88,-29.13,46.48,False
12,DIA,breadth_trend,Broad-Market Trend,20,11,55.0,34.21,74.18,17.48,87.58,11.88,10.72,1.41,-8.78,33.91,False
12,DIA,buy_hold,Buy & Hold Benchmark,23,15,65.22,44.89,81.19,25.21,91.25,12.01,11.73,3.97,-36.09,46.48,False
12,DIA,drawdown_recovery,25% Drawdown Recovery,1,1,100.0,20.65,100.0,4.87,100.0,46.48,46.48,46.48,46.48,46.48,False
12,DIA,drawdown_recovery_20,20% Drawdown Recovery,4,3,75.0,30.06,95.44,9.68,98.82,18.76,21.96,13.49,3.86,46.48,False
12,DIA,drawdown_recovery_30,30% Drawdown Recovery,2,2,100.0,34.24,100.0,9.29,100.0,33.65,33.65,27.23,20.82,46.48,False
12,DIA,drawdown_recovery_40,40% Drawdown Recovery,1,1,100.0,20.65,100.0,4.87,100.0,20.82,20.82,20.82,20.82,20.82,False
12,DIA,low_vol_trend,Low-Volatility Trend,21,12,57.14,36.55,75.53,19.18,88.22,13.39,12.73,8.76,-6.44,29.09,False
12,DIA,momentum,Top Relative Momentum 180,2,2,100.0,34.24,100.0,9.29,100.0,14.04,14.04,13.6,13.15,14.94,False
12,DIA,momentum_180,180-Day Absolute Momentum,21,9,42.86,24.47,63.45,11.78,80.82,8.91,12.26,6.6,-6.44,32.09,False
12,DIA,momentum_270,270-Day Absolute Momentum,20,13,65.0,43.29,81.88,23.26,91.92,11.97,11.72,8.6,-12.1,36.97,False
12,DIA,momentum_365,365-Day Absolute Momentum,21,12,57.14,36.55,75.53,19.18,88.22,11.46,9.93,6.02,-35.1,36.97,False
12,DIA,momentum_90,90-Day Absolute Momentum,21,10,47.62,28.34,67.63,14.08,83.45,7.54,8.98,2.55,-27.93,33.91,False
12,DIA,momentum_composite,Composite Momentum,2,2,100.0,34.24,100.0,9.29,100.0,14.49,14.49,12.29,10.09,18.89,False
12,DIA,momentum_dual_180_365,Dual Momentum 180/365,20,10,50.0,29.93,70.07,14.86,85.14,10.42,8.36,4.67,-35.1,25.52,False
12,DIA,momentum_dual_90_180,Dual Momentum 90/180,20,11,55.0,34.21,74.18,17.48,87.58,11.59,9.01,5.62,-29.52,25.52,False
12,DIA,momentum_rank_365,Top Relative Momentum 365,2,1,50.0,9.45,90.55,2.38,97.62,-1.97,-1.97,-8.01,-14.04,10.09,False
12,DIA,momentum_rank_90,Top Relative Momentum 90,5,4,80.0,37.55,96.38,13.17,99.06,19.04,17.02,10.23,6.26,25.52,False
12,DIA,rsi14_recovery,RSI 14 Recovery,16,11,68.75,44.4,85.84,22.57,94.32,13.24,12.53,6.78,-29.52,36.97,False
12,DIA,rsi28_recovery,RSI 28 Recovery,15,10,66.67,41.71,84.82,20.56,93.92,17.62,16.15,6.82,-29.13,46.48,False
12,DIA,trend,SMA 50/200 + Momentum,14,10,71.43,45.35,88.28,22.28,95.61,14.72,13.41,8.23,6.8,21.69,False
12,DIA,trend_breakout_100,100-Day Range Breakout,13,8,61.54,35.52,82.29,16.29,92.94,15.92,13.94,7.54,-6.44,29.09,False
12,DIA,trend_breakout_200,200-Day Range Breakout,10,7,70.0,39.68,89.22,17.23,96.32,14.03,13.54,9.37,-6.44,29.09,False
12,DIA,trend_ema100_200,EMA 100/200,21,11,52.38,32.37,71.66,16.55,85.92,12.44,11.34,6.93,-12.87,29.09,False
12,DIA,trend_ema50_200,EMA 50/200,20,10,50.0,29.93,70.07,14.86,85.14,9.74,11.12,3.68,-8.78,33.91,False
12,DIA,trend_price_sma100,Price above SMA 100,21,10,47.62,28.34,67.63,14.08,83.45,9.69,12.76,6.93,-12.87,39.29,False
12,DIA,trend_price_sma200,Price above SMA 200,21,12,57.14,36.55,75.53,19.18,88.22,13.39,12.73,8.76,-6.44,29.09,False
12,DIA,trend_sma100_200,SMA 100/200,20,12,60.0,38.66,78.12,20.27,89.85,13.65,10.24,2.77,-12.87,25.43,False
12,DIA,trend_triple_ma,Triple Moving Average,19,11,57.89,36.28,76.86,18.52,89.27,12.27,10.41,6.89,-21.12,25.43,False
12,DIA,vol_contraction_trend,Volatility Contraction Trend,17,9,52.94,30.96,73.84,14.84,87.9,11.75,11.0,2.91,-8.78,33.91,False
12,IWM,bollinger_recovery,Bollinger Recovery,11,8,72.73,43.43,90.25,19.72,96.66,17.38,20.71,8.74,-18.53,82.7,False
12,IWM,breadth_trend,Broad-Market Trend,20,11,55.0,34.21,74.18,17.48,87.58,11.94,10.18,-7.54,-19.44,48.9,False
12,IWM,buy_hold,Buy & Hold Benchmark,23,12,52.17,32.96,70.76,17.31,85.04,11.78,12.97,-0.7,-37.41,82.7,False
12,IWM,drawdown_recovery,25% Drawdown Recovery,6,6,100.0,60.97,100.0,23.5,100.0,37.04,41.0,25.87,13.18,82.7,False
12,IWM,drawdown_recovery_20,20% Drawdown Recovery,11,8,72.73,43.43,90.25,19.72,96.66,16.18,22.83,8.74,-31.75,82.7,False
12,IWM,drawdown_recovery_30,30% Drawdown Recovery,4,3,75.0,30.06,95.44,9.68,98.82,35.31,40.15,23.56,7.3,82.7,False
12,IWM,drawdown_recovery_40,40% Drawdown Recovery,2,2,100.0,34.24,100.0,9.29,100.0,55.84,55.84,42.42,28.99,82.7,False
12,IWM,low_vol_trend,Low-Volatility Trend,3,1,33.33,6.15,79.23,1.57,93.99,6.69,14.03,0.24,-6.22,41.63,False
12,IWM,momentum,Top Relative Momentum 180,12,6,50.0,25.38,74.62,10.65,89.35,12.14,9.05,-1.27,-23.51,30.87,False
12,IWM,momentum_180,180-Day Absolute Momentum,19,12,63.16,41.04,80.85,21.51,91.47,16.76,11.97,3.52,-11.93,41.63,False
12,IWM,momentum_270,270-Day Absolute Momentum,20,11,55.0,34.21,74.18,17.48,87.58,13.06,11.8,0.11,-13.22,39.16,False
12,IWM,momentum_365,365-Day Absolute Momentum,20,12,60.0,38.66,78.12,20.27,89.85,12.4,12.21,-1.23,-25.23,64.75,False
12,IWM,momentum_90,90-Day Absolute Momentum,21,10,47.62,28.34,67.63,14.08,83.45,8.32,8.1,-8.54,-27.57,58.36,False
12,IWM,momentum_composite,Composite Momentum,11,8,72.73,43.43,90.25,19.72,96.66,14.64,12.31,5.49,-4.52,30.87,False
12,IWM,momentum_dual_180_365,Dual Momentum 180/365,18,11,61.11,38.62,79.7,19.69,90.97,12.4,10.4,0.34,-9.66,26.21,False
12,IWM,momentum_dual_90_180,Dual Momentum 90/180,19,11,57.89,36.28,76.86,18.52,89.27,16.76,10.71,-0.66,-11.93,41.63,False
12,IWM,momentum_rank_365,Top Relative Momentum 365,9,5,55.56,26.66,81.12,10.47,93.04,16.88,11.39,1.16,-11.02,29.31,False
12,IWM,momentum_rank_90,Top Relative Momentum 90,14,8,57.14,32.59,78.62,14.99,90.98,12.45,8.92,-4.26,-19.61,30.87,False
12,IWM,rsi14_recovery,RSI 14 Recovery,13,10,76.92,49.74,91.82,24.33,97.19,17.38,24.28,10.17,-9.0,82.7,False
12,IWM,rsi28_recovery,RSI 28 Recovery,12,10,83.33,55.2,95.3,26.82,98.56,20.79,25.91,10.76,-8.54,82.7,False
12,IWM,trend,SMA 50/200 + Momentum,13,9,69.23,42.37,87.32,20.11,95.26,14.8,12.35,8.36,-11.93,30.87,False
12,IWM,trend_breakout_100,100-Day Range Breakout,11,3,27.27,9.75,56.57,3.34,80.28,4.71,5.0,-1.35,-27.57,41.63,False
12,IWM,trend_breakout_200,200-Day Range Breakout,8,3,37.5,13.68,69.43,4.64,88.1,8.14,8.26,3.66,-11.93,30.87,False
12,IWM,trend_ema100_200,EMA 100/200,20,13,65.0,43.29,81.88,23.26,91.92,13.12,10.25,-3.87,-19.44,46.07,False
12,IWM,trend_ema50_200,EMA 50/200,20,11,55.0,34.21,74.18,17.48,87.58,11.94,10.83,-3.87,-19.44,46.07,False
12,IWM,trend_price_sma100,Price above SMA 100,22,11,50.0,30.72,69.28,15.71,84.29,9.62,12.53,-1.1,-31.75,64.52,False
12,IWM,trend_price_sma200,Price above SMA 200,21,12,57.14,36.55,75.53,19.18,88.22,13.18,9.64,-7.05,-27.57,48.9,False
12,IWM,trend_sma100_200,SMA 100/200,20,9,45.0,25.82,65.79,12.42,82.52,9.6,8.26,-3.87,-23.51,47.36,False
12,IWM,trend_triple_ma,Triple Moving Average,17,11,64.71,41.3,82.69,21.03,92.66,14.64,12.32,5.64,-13.22,30.87,False
12,IWM,vol_contraction_trend,Volatility Contraction Trend,14,8,57.14,32.59,78.62,14.99,90.98,12.06,8.65,4.06,-27.57,24.4,False
12,QQQ,bollinger_recovery,Bollinger Recovery,12,10,83.33,55.2,95.3,26.82,98.56,27.32,24.54,13.89,-28.65,58.69,False
12,QQQ,breadth_trend,Broad-Market Trend,20,14,70.0,48.1,85.45,26.43,93.81,18.53,14.12,5.82,-39.0,41.07,False
12,QQQ,buy_hold,Buy & Hold Benchmark,23,16,69.57,49.13,84.4,28.13,93.03,16.98,18.46,7.28,-35.36,58.69,False
12,QQQ,drawdown_recovery,25% Drawdown Recovery,4,4,100.0,51.01,100.0,17.0,100.0,34.62,37.53,23.05,22.18,58.69,False
12,QQQ,drawdown_recovery_20,20% Drawdown Recovery,7,6,85.71,48.69,97.43,19.52,99.33,33.8,28.27,22.76,-29.21,58.69,False
12,QQQ,drawdown_recovery_30,30% Drawdown Recovery,3,3,100.0,43.85,100.0,13.32,100.0,23.34,30.47,22.76,22.18,45.89,False
12,QQQ,drawdown_recovery_40,40% Drawdown Recovery,2,2,100.0,34.24,100.0,9.29,100.0,34.62,34.62,28.98,23.34,45.89,False
12,QQQ,low_vol_trend,Low-Volatility Trend,8,5,62.5,30.57,86.32,11.9,95.36,25.27,21.14,2.41,-20.99,58.69,False
12,QQQ,momentum,Top Relative Momentum 180,17,11,64.71,41.3,82.69,21.03,92.66,16.98,18.28,6.82,-20.99,48.52,False
12,QQQ,momentum_180,180-Day Absolute Momentum,22,15,68.18,47.32,83.64,26.57,92.7,18.31,16.54,4.4,-26.0,49.16,False
12,QQQ,momentum_270,270-Day Absolute Momentum,22,13,59.09,38.73,76.74,20.83,88.8,17.0,15.54,5.98,-26.0,48.09,False
12,QQQ,momentum_365,365-Day Absolute Momentum,21,13,61.9,40.88,79.25,21.98,90.36,16.8,13.15,6.24,-45.23,47.86,False
12,QQQ,momentum_90,90-Day Absolute Momentum,21,13,61.9,40.88,79.25,21.98,90.36,14.21,16.25,3.76,-26.0,58.69,False
12,QQQ,momentum_composite,Composite Momentum,17,10,58.82,36.01,78.39,17.81,90.4,16.76,12.64,4.28,-39.0,58.69,False
12,QQQ,momentum_dual_180_365,Dual Momentum 180/365,20,12,60.0,38.66,78.12,20.27,89.85,18.32,12.46,4.18,-45.23,42.05,False
12,QQQ,momentum_dual_90_180,Dual Momentum 90/180,20,13,65.0,43.29,81.88,23.26,91.92,19.23,14.39,3.76,-39.0,42.05,False
12,QQQ,momentum_rank_365,Top Relative Momentum 365,13,8,61.54,35.52,82.29,16.29,92.94,14.13,12.83,3.86,-38.32,48.09,False
12,QQQ,momentum_rank_90,Top Relative Momentum 90,18,13,72.22,49.13,87.5,26.34,94.98,16.78,17.54,7.21,-26.0,58.69,False
12,QQQ,rsi14_recovery,RSI 14 Recovery,14,9,64.29,38.76,83.66,18.46,93.47,18.63,14.77,5.29,-38.32,50.32,False
12,QQQ,rsi28_recovery,RSI 28 Recovery,10,8,80.0,49.02,94.33,22.06,98.26,32.42,25.08,13.48,-28.65,58.69,False
12,QQQ,trend,SMA 50/200 + Momentum,17,11,64.71,41.3,82.69,21.03,92.66,17.57,17.25,6.24,-20.99,40.81,False
12,QQQ,trend_breakout_100,100-Day Range Breakout,13,9,69.23,42.37,87.32,20.11,95.26,23.34,14.65,4.36,-28.65,38.6,False
12,QQQ,trend_breakout_200,200-Day Range Breakout,11,9,81.82,52.3,94.86,24.51,98.42,23.34,16.74,11.48,-28.65,33.11,False
12,QQQ,trend_ema100_200,EMA 100/200,21,15,71.43,50.04,86.19,28.09,94.12,16.21,16.17,6.48,-39.0,47.86,False
12,QQQ,trend_ema50_200,EMA 50/200,20,15,75.0,53.13,88.81,29.8,95.49,19.5,18.11,10.49,-39.0,47.86,False
12,QQQ,trend_price_sma100,Price above SMA 100,22,14,63.64,42.95,80.27,23.62,90.83,19.53,17.78,6.07,-29.21,49.16,False
12,QQQ,trend_price_sma200,Price above SMA 200,21,16,76.19,54.91,89.37,31.43,95.72,17.57,18.56,11.92,-26.0,48.52,False
12,QQQ,trend_sma100_200,SMA 100/200,20,14,70.0,48.1,85.45,26.43,93.81,19.5,18.43,7.5,-20.99,43.2,False
12,QQQ,trend_triple_ma,Triple Moving Average,19,13,68.42,46.01,84.64,24.7,93.47,16.98,15.62,4.55,-39.0,58.69,False
12,QQQ,vol_contraction_trend,Volatility Contraction Trend,17,11,64.71,41.3,82.69,21.03,92.66,14.79,15.46,2.36,-26.0,41.07,False
12,SPY,bollinger_recovery,Bollinger Recovery,11,8,72.73,43.43,90.25,19.72,96.66,21.29,17.67,12.44,-34.41,50.16,False
12,SPY,breadth_trend,Broad-Market Trend,20,13,65.0,43.29,81.88,23.26,91.92,13.75,11.94,4.8,-11.11,36.07,False
12,SPY,buy_hold,Buy & Hold Benchmark,23,15,65.22,44.89,81.19,25.21,91.25,12.83,12.96,5.69,-39.51,50.16,False
12,SPY,drawdown_recovery,25% Drawdown Recovery,2,2,100.0,34.24,100.0,9.29,100.0,44.87,44.87,42.22,39.58,50.16,False
12,SPY,drawdown_recovery_20,20% Drawdown Recovery,4,4,100.0,51.01,100.0,17.0,100.0,23.59,27.54,20.12,12.84,50.16,False
12,SPY,drawdown_recovery_30,30% Drawdown Recovery,3,3,100.0,43.85,100.0,13.32,100.0,24.63,32.44,23.59,22.54,50.16,False
12,SPY,drawdown_recovery_40,40% Drawdown Recovery,1,1,100.0,20.65,100.0,4.87,100.0,24.63,24.63,24.63,24.63,24.63,False
12,SPY,low_vol_trend,Low-Volatility Trend,20,14,70.0,48.1,85.45,26.43,93.81,14.27,12.76,7.22,-12.59,39.45,False
12,SPY,momentum,Top Relative Momentum 180,1,1,100.0,20.65,100.0,4.87,100.0,14.57,14.57,14.57,14.57,14.57,False
12,SPY,momentum_180,180-Day Absolute Momentum,20,13,65.0,43.29,81.88,23.26,91.92,14.44,13.48,6.18,-10.27,40.58,False
12,SPY,momentum_270,270-Day Absolute Momentum,21,15,71.43,50.04,86.19,28.09,94.12,14.4,12.7,9.13,-12.59,29.76,False
12,SPY,momentum_365,365-Day Absolute Momentum,21,14,66.67,45.37,82.81,24.94,92.33,13.98,10.89,7.97,-41.14,40.58,False
12,SPY,momentum_90,90-Day Absolute Momentum,21,12,57.14,36.55,75.53,19.18,88.22,11.55,9.82,-2.28,-30.02,36.07,False
12,SPY,momentum_composite,Composite Momentum,1,1,100.0,20.65,100.0,4.87,100.0,33.16,33.16,33.16,33.16,33.16,False
12,SPY,momentum_dual_180_365,Dual Momentum 180/365,20,12,60.0,38.66,78.12,20.27,89.85,12.76,10.12,6.96,-41.14,40.58,False
12,SPY,momentum_dual_90_180,Dual Momentum 90/180,20,14,70.0,48.1,85.45,26.43,93.81,13.9,12.95,7.94,-11.11,36.07,False
12,SPY,momentum_rank_365,Top Relative Momentum 365,1,1,100.0,20.65,100.0,4.87,100.0,12.94,12.94,12.94,12.94,12.94,False
12,SPY,rsi14_recovery,RSI 14 Recovery,15,10,66.67,41.71,84.82,20.56,93.92,16.08,14.94,9.01,-7.83,27.98,False
12,SPY,rsi28_recovery,RSI 28 Recovery,12,8,66.67,39.06,86.19,17.83,94.85,21.74,18.79,8.11,-34.41,50.16,False
12,SPY,trend,SMA 50/200 + Momentum,14,11,78.57,52.41,92.43,26.47,97.39,15.2,15.18,12.15,-1.8,31.12,False
12,SPY,trend_breakout_100,100-Day Range Breakout,11,9,81.82,52.3,94.86,24.51,98.42,17.5,16.25,12.69,1.48,31.12,False
12,SPY,trend_breakout_200,200-Day Range Breakout,11,9,81.82,52.3,94.86,24.51,98.42,17.5,16.51,12.69,1.48,31.12,False
12,SPY,trend_ema100_200,EMA 100/200,20,13,65.0,43.29,81.88,23.26,91.92,13.88,12.79,5.83,-11.74,40.58,False
12,SPY,trend_ema50_200,EMA 50/200,20,13,65.0,43.29,81.88,23.26,91.92,13.65,13.13,6.41,-10.27,40.58,False
12,SPY,trend_price_sma100,Price above SMA 100,21,14,66.67,45.37,82.81,24.94,92.33,14.91,12.98,7.85,-23.33,39.58,False
12,SPY,trend_price_sma200,Price above SMA 200,20,13,65.0,43.29,81.88,23.26,91.92,14.27,13.26,4.8,-8.2,39.45,False
12,SPY,trend_sma100_200,SMA 100/200,20,13,65.0,43.29,81.88,23.26,91.92,13.35,12.49,7.62,-11.74,29.94,False
12,SPY,trend_triple_ma,Triple Moving Average,19,12,63.16,41.04,80.85,21.51,91.47,14.47,11.48,5.58,-23.33,36.07,False
12,SPY,vol_contraction_trend,Volatility Contraction Trend,19,11,57.89,36.28,76.86,18.52,89.27,14.57,10.84,5.82,-34.63,36.07,False
12,VTI,bollinger_recovery,Bollinger Recovery,11,9,81.82,52.3,94.86,24.51,98.42,21.2,18.5,12.92,-34.49,55.74,False
12,VTI,breadth_trend,Broad-Market Trend,20,14,70.0,48.1,85.45,26.43,93.81,13.17,11.99,4.83,-13.86,38.45,False
12,VTI,buy_hold,Buy & Hold Benchmark,23,15,65.22,44.89,81.19,25.21,91.25,12.85,13.3,5.13,-39.43,55.74,False
12,VTI,drawdown_recovery,25% Drawdown Recovery,3,3,100.0,43.85,100.0,13.32,100.0,42.38,39.37,31.18,19.98,55.74,False
12,VTI,drawdown_recovery_20,20% Drawdown Recovery,6,6,100.0,60.97,100.0,23.5,100.0,23.41,26.28,16.83,12.45,55.74,False
12,VTI,drawdown_recovery_30,30% Drawdown Recovery,2,2,100.0,34.24,100.0,9.29,100.0,41.51,41.51,34.4,27.28,55.74,False
12,VTI,drawdown_recovery_40,40% Drawdown Recovery,1,1,100.0,20.65,100.0,4.87,100.0,27.28,27.28,27.28,27.28,27.28,False
12,VTI,low_vol_trend,Low-Volatility Trend,20,13,65.0,43.29,81.88,23.26,91.92,13.55,12.43,4.41,-13.83,44.28,False
12,VTI,momentum,Top Relative Momentum 180,2,2,100.0,34.24,100.0,9.29,100.0,13.1,13.1,11.99,10.88,15.32,False
12,VTI,momentum_180,180-Day Absolute Momentum,20,14,70.0,48.1,85.45,26.43,93.81,14.89,13.49,6.34,-13.83,44.28,False
12,VTI,momentum_270,270-Day Absolute Momentum,21,14,66.67,45.37,82.81,24.94,92.33,15.53,12.97,7.39,-11.59,31.27,False
12,VTI,momentum_365,365-Day Absolute Momentum,21,13,61.9,40.88,79.25,21.98,90.36,13.04,10.48,7.53,-41.54,44.28,False
12,VTI,momentum_90,90-Day Absolute Momentum,21,13,61.9,40.88,79.25,21.98,90.36,10.72,10.91,-1.17,-29.86,38.45,False
12,VTI,momentum_composite,Composite Momentum,2,2,100.0,34.24,100.0,9.29,100.0,13.1,13.1,11.99,10.88,15.32,False
12,VTI,momentum_dual_180_365,Dual Momentum 180/365,20,11,55.0,34.21,74.18,17.48,87.58,12.85,10.04,6.57,-41.54,44.28,False
12,VTI,momentum_dual_90_180,Dual Momentum 90/180,20,14,70.0,48.1,85.45,26.43,93.81,14.77,13.04,8.91,-13.86,38.45,False
12,VTI,momentum_rank_365,Top Relative Momentum 365,1,1,100.0,20.65,100.0,4.87,100.0,12.83,12.83,12.83,12.83,12.83,False
12,VTI,rsi14_recovery,RSI 14 Recovery,15,11,73.33,48.05,89.1,24.36,95.92,12.85,11.59,8.02,-20.46,27.28,False
12,VTI,rsi28_recovery,RSI 28 Recovery,12,9,75.0,46.77,91.11,22.08,96.95,21.42,20.04,9.63,-34.49,55.74,False
12,VTI,trend,SMA 50/200 + Momentum,15,11,73.33,48.05,89.1,24.36,95.92,15.07,14.74,9.93,-2.03,27.96,False
12,VTI,trend_breakout_100,100-Day Range Breakout,12,9,75.0,46.77,91.11,22.08,96.95,16.67,14.7,9.92,-2.03,27.96,False
12,VTI,trend_breakout_200,200-Day Range Breakout,12,9,75.0,46.77,91.11,22.08,96.95,16.67,14.7,9.92,-2.03,27.96,False
12,VTI,trend_ema100_200,EMA 100/200,20,13,65.0,43.29,81.88,23.26,91.92,14.86,12.12,4.41,-13.83,44.28,False
12,VTI,trend_ema50_200,EMA 50/200,20,14,70.0,48.1,85.45,26.43,93.81,12.72,12.81,4.41,-13.83,44.28,False
12,VTI,trend_price_sma100,Price above SMA 100,21,15,71.43,50.04,86.19,28.09,94.12,14.39,13.2,9.55,-22.37,42.38,False
12,VTI,trend_price_sma200,Price above SMA 200,21,14,66.67,45.37,82.81,24.94,92.33,13.48,14.15,6.62,-13.86,38.45,False
12,VTI,trend_sma100_200,SMA 100/200,20,15,75.0,53.13,88.81,29.8,95.49,13.64,12.85,9.2,-13.86,32.41,False
12,VTI,trend_triple_ma,Triple Moving Average,19,12,63.16,41.04,80.85,21.51,91.47,15.14,11.3,5.2,-34.62,38.45,False
12,VTI,vol_contraction_trend,Volatility Contraction Trend,17,12,70.59,46.87,86.72,24.5,94.67,15.4,11.99,9.55,-34.62,38.45,False
12,XLB,bollinger_recovery,Bollinger Recovery,14,6,42.86,21.38,67.41,9.02,85.01,8.86,13.67,3.6,-20.43,69.08,False
12,XLB,breadth_trend,Broad-Market Trend,20,11,55.0,34.21,74.18,17.48,87.58,10.15,9.03,-0.1,-15.6,42.19,False
12,XLB,buy_hold,Buy & Hold Benchmark,23,13,56.52,36.81,74.37,19.8,87.25,11.82,12.14,-0.43,-48.05,69.08,False
12,XLB,drawdown_recovery,25% Drawdown Recovery,3,2,66.67,20.77,93.85,6.01,98.43,34.21,36.52,20.23,6.26,69.08,False
12,XLB,drawdown_recovery_20,20% Drawdown Recovery,9,6,66.67,35.42,87.94,14.62,95.89,20.56,24.24,6.26,2.59,69.08,False
12,XLB,drawdown_recovery_30,30% Drawdown Recovery,2,2,100.0,34.24,100.0,9.29,100.0,61.96,61.96,58.39,54.83,69.08,False
12,XLB,drawdown_recovery_40,40% Drawdown Recovery,1,1,100.0,20.65,100.0,4.87,100.0,54.83,54.83,54.83,54.83,54.83,False
12,XLB,low_vol_trend,Low-Volatility Trend,5,2,40.0,11.76,76.93,3.53,92.39,-0.41,3.38,-3.74,-11.33,19.69,False
12,XLB,momentum,Top Relative Momentum 180,10,6,60.0,31.27,83.18,13.0,93.77,12.3,6.84,1.76,-37.07,28.45,False
12,XLB,momentum_180,180-Day Absolute Momentum,21,12,57.14,36.55,75.53,19.18,88.22,11.82,9.28,-2.32,-34.21,49.15,False
12,XLB,momentum_270,270-Day Absolute Momentum,19,11,57.89,36.28,76.86,18.52,89.27,10.06,10.34,-0.35,-15.03,42.19,False
12,XLB,momentum_365,365-Day Absolute Momentum,21,12,57.14,36.55,75.53,19.18,88.22,11.94,8.56,-4.73,-34.21,30.69,False
12,XLB,momentum_90,90-Day Absolute Momentum,22,12,54.55,34.66,73.08,18.2,86.62,11.07,10.78,0.98,-43.84,54.83,False
12,XLB,momentum_composite,Composite Momentum,10,6,60.0,31.27,83.18,13.0,93.77,12.76,6.88,-3.92,-37.07,34.47,False
12,XLB,momentum_dual_180_365,Dual Momentum 180/365,21,12,57.14,36.55,75.53,19.18,88.22,11.94,8.69,-4.73,-34.21,30.69,False
12,XLB,momentum_dual_90_180,Dual Momentum 90/180,20,10,50.0,29.93,70.07,14.86,85.14,8.55,8.02,-0.1,-37.07,42.19,False
12,XLB,momentum_rank_365,Top Relative Momentum 365,7,4,57.14,25.05,84.18,9.1,94.67,12.32,5.81,1.36,-37.07,24.93,False
12,XLB,momentum_rank_90,Top Relative Momentum 90,16,9,56.25,33.18,76.9,15.88,89.75,11.02,7.33,-0.4,-43.84,34.47,False
12,XLB,rsi14_recovery,RSI 14 Recovery,16,8,50.0,28.0,72.0,12.93,87.07,10.77,13.46,-0.44,-55.28,69.08,False
12,XLB,rsi28_recovery,RSI 28 Recovery,13,7,53.85,29.14,76.79,12.84,90.23,12.27,13.87,4.49,-55.28,69.08,False
12,XLB,trend,SMA 50/200 + Momentum,16,10,62.5,38.64,81.52,19.09,92.17,10.96,8.32,3.75,-34.21,31.92,False
12,XLB,trend_breakout_100,100-Day Range Breakout,13,6,46.15,23.21,70.86,9.77,87.16,8.1,11.68,0.74,-4.31,34.21,False
12,XLB,trend_breakout_200,200-Day Range Breakout,12,7,58.33,31.95,80.67,14.03,92.31,11.86,12.23,6.26,-4.31,28.45,False
12,XLB,trend_ema100_200,EMA 100/200,20,10,50.0,29.93,70.07,14.86,85.14,9.11,9.87,-0.53,-12.26,42.19,False
12,XLB,trend_ema50_200,EMA 50/200,20,11,55.0,34.21,74.18,17.48,87.58,10.61,9.81,2.4,-15.6,49.15,False
12,XLB,trend_price_sma100,Price above SMA 100,22,11,50.0,30.72,69.28,15.71,84.29,10.03,9.93,-3.34,-37.07,61.48,False
12,XLB,trend_price_sma200,Price above SMA 200,20,11,55.0,34.21,74.18,17.48,87.58,10.15,10.54,3.63,-15.6,42.19,False
12,XLB,trend_sma100_200,SMA 100/200,18,8,44.44,24.56,66.28,11.37,83.3,8.5,6.56,-1.6,-55.28,34.18,False
12,XLB,trend_triple_ma,Triple Moving Average,18,8,44.44,24.56,66.28,11.37,83.3,8.39,4.87,-1.72,-55.28,42.19,False
12,XLB,vol_contraction_trend,Volatility Contraction Trend,16,7,43.75,23.1,66.82,10.25,84.12,7.16,8.13,-6.23,-34.21,61.48,False
12,XLE,bollinger_recovery,Bollinger Recovery,14,7,50.0,26.8,73.2,11.84,88.16,13.54,7.79,-6.59,-43.41,47.64,False
12,XLE,breadth_trend,Broad-Market Trend,18,10,55.56,33.72,75.44,16.7,88.63,13.09,16.63,2.77,-33.27,63.14,False
12,XLE,buy_hold,Buy & Hold Benchmark,23,12,52.17,32.96,70.76,17.31,85.04,13.95,12.95,-6.37,-36.6,61.62,False
12,XLE,drawdown_recovery,25% Drawdown Recovery,4,3,75.0,30.06,95.44,9.68,98.82,22.48,22.52,14.15,-4.04,49.15,False
12,XLE,drawdown_recovery_20,20% Drawdown Recovery,10,6,60.0,31.27,83.18,13.0,93.77,16.17,16.44,-0.92,-23.87,70.8,False
12,XLE,drawdown_recovery_30,30% Drawdown Recovery,5,2,40.0,11.76,76.93,3.53,92.39,1.35,20.78,-4.04,-13.35,70.8,False
12,XLE,drawdown_recovery_40,40% Drawdown Recovery,3,1,33.33,6.15,79.23,1.57,93.99,1.35,15.49,-1.34,-4.04,49.15,False
12,XLE,low_vol_trend,Low-Volatility Trend,2,1,50.0,9.45,90.55,2.38,97.62,10.94,10.94,0.74,-9.46,31.34,False
12,XLE,momentum,Top Relative Momentum 180,14,7,50.0,26.8,73.2,11.84,88.16,8.75,11.43,-7.78,-37.32,70.8,False
12,XLE,momentum_180,180-Day Absolute Momentum,18,10,55.56,33.72,75.44,16.7,88.63,14.42,15.85,-0.14,-37.32,75.74,False
12,XLE,momentum_270,270-Day Absolute Momentum,18,10,55.56,33.72,75.44,16.7,88.63,12.93,16.96,0.48,-9.43,61.99,False
12,XLE,momentum_365,365-Day Absolute Momentum,18,10,55.56,33.72,75.44,16.7,88.63,15.4,13.97,-2.92,-37.32,72.23,False
12,XLE,momentum_90,90-Day Absolute Momentum,20,8,40.0,21.88,61.34,10.15,79.73,5.64,9.37,-0.66,-53.13,72.23,False
12,XLE,momentum_composite,Composite Momentum,11,5,45.45,21.27,71.99,8.43,88.29,9.17,11.94,-1.03,-28.99,47.64,False
12,XLE,momentum_dual_180_365,Dual Momentum 180/365,17,9,52.94,30.96,73.84,14.84,87.9,20.21,15.33,-0.43,-37.32,72.23,False
12,XLE,momentum_dual_90_180,Dual Momentum 90/180,18,9,50.0,29.03,70.97,13.93,86.07,11.56,14.88,1.04,-28.99,63.14,False
12,XLE,momentum_rank_365,Top Relative Momentum 365,10,6,60.0,31.27,83.18,13.0,93.77,17.82,17.06,6.56,-28.99,53.69,False
12,XLE,momentum_rank_90,Top Relative Momentum 90,16,9,56.25,33.18,76.9,15.88,89.75,12.06,12.59,-9.43,-37.32,80.35,False
12,XLE,rsi14_recovery,RSI 14 Recovery,18,9,50.0,29.03,70.97,13.93,86.07,11.25,13.53,2.09,-49.65,61.62,False
12,XLE,rsi28_recovery,RSI 28 Recovery,14,9,64.29,38.76,83.66,18.46,93.47,17.75,13.63,6.45,-49.65,61.62,False
12,XLE,trend,SMA 50/200 + Momentum,15,7,46.67,24.81,69.88,10.99,86.12,9.17,16.06,0.94,-11.68,63.14,False
12,XLE,trend_breakout_100,100-Day Range Breakout,9,5,55.56,26.66,81.12,10.47,93.04,10.54,18.28,4.81,-7.03,48.22,False
12,XLE,trend_breakout_200,200-Day Range Breakout,8,3,37.5,13.68,69.43,4.64,88.1,7.39,13.47,0.55,-7.03,44.46,False
12,XLE,trend_ema100_200,EMA 100/200,17,9,52.94,30.96,73.84,14.84,87.9,10.75,17.65,4.62,-0.43,50.95,False
12,XLE,trend_ema50_200,EMA 50/200,18,11,61.11,38.62,79.7,19.69,90.97,13.15,17.47,2.62,-37.32,80.35,False
12,XLE,trend_price_sma100,Price above SMA 100,22,14,63.64,42.95,80.27,23.62,90.83,17.22,14.04,-2.11,-49.65,55.98,False
12,XLE,trend_price_sma200,Price above SMA 200,19,10,52.63,31.71,72.67,15.73,86.87,10.89,13.12,0.29,-40.03,63.14,False
12,XLE,trend_sma100_200,SMA 100/200,18,10,55.56,33.72,75.44,16.7,88.63,12.35,13.69,4.15,-37.32,50.95,False
12,XLE,trend_triple_ma,Triple Moving Average,16,9,56.25,33.18,76.9,15.88,89.75,12.94,13.2,0.43,-15.97,50.95,False
12,XLE,vol_contraction_trend,Volatility Contraction Trend,14,7,50.0,26.8,73.2,11.84,88.16,9.78,16.27,1.23,-33.27,80.35,False
12,XLF,bollinger_recovery,Bollinger Recovery,13,6,46.15,23.21,70.86,9.77,87.16,7.9,9.47,-2.56,-67.66,68.7,False
12,XLF,breadth_trend,Broad-Market Trend,20,11,55.0,34.21,74.18,17.48,87.58,15.47,9.56,0.05,-34.0,42.74,False
12,XLF,buy_hold,Buy & Hold Benchmark,23,13,56.52,36.81,74.37,19.8,87.25,13.08,10.87,-3.66,-67.66,68.7,False
12,XLF,drawdown_recovery,25% Drawdown Recovery,6,4,66.67,30.0,90.32,10.76,97.07,23.31,32.88,8.53,2.13,79.93,False
12,XLF,drawdown_recovery_20,20% Drawdown Recovery,10,7,70.0,39.68,89.22,17.23,96.32,23.31,17.4,10.39,-59.69,64.83,False
12,XLF,drawdown_recovery_30,30% Drawdown Recovery,4,3,75.0,30.06,95.44,9.68,98.82,41.31,21.94,4.46,-59.69,64.83,False
12,XLF,drawdown_recovery_40,40% Drawdown Recovery,2,2,100.0,34.24,100.0,9.29,100.0,72.38,72.38,68.6,64.83,79.93,False
12,XLF,low_vol_trend,Low-Volatility Trend,9,3,33.33,12.06,64.58,4.11,85.38,8.18,8.03,2.13,-16.13,42.74,False
12,XLF,momentum,Top Relative Momentum 180,11,5,45.45,21.27,71.99,8.43,88.29,8.38,11.52,4.89,-12.45,34.87,False
12,XLF,momentum_180,180-Day Absolute Momentum,20,11,55.0,34.21,74.18,17.48,87.58,12.67,9.23,-1.66,-34.0,34.92,False
12,XLF,momentum_270,270-Day Absolute Momentum,20,11,55.0,34.21,74.18,17.48,87.58,12.23,9.78,-0.79,-33.04,41.87,False
12,XLF,momentum_365,365-Day Absolute Momentum,20,9,45.0,25.82,65.79,12.42,82.52,7.45,8.62,-1.66,-33.04,42.74,False
12,XLF,momentum_90,90-Day Absolute Momentum,20,11,55.0,34.21,74.18,17.48,87.58,12.04,10.7,-5.74,-26.27,56.15,False
12,XLF,momentum_composite,Composite Momentum,11,6,54.55,28.01,78.73,11.71,91.57,13.22,7.8,-3.3,-21.75,30.85,False
12,XLF,momentum_dual_180_365,Dual Momentum 180/365,18,9,50.0,29.03,70.97,13.93,86.07,10.97,10.98,-1.93,-10.87,42.74,False
12,XLF,momentum_dual_90_180,Dual Momentum 90/180,19,10,52.63,31.71,72.67,15.73,86.87,12.42,10.86,1.86,-10.87,34.92,False
12,XLF,momentum_rank_365,Top Relative Momentum 365,9,6,66.67,35.42,87.94,14.62,95.89,14.28,9.06,3.13,-16.78,19.51,False
12,XLF,momentum_rank_90,Top Relative Momentum 90,13,9,69.23,42.37,87.32,20.11,95.26,18.36,17.11,0.7,-10.87,41.87,False
12,XLF,rsi14_recovery,RSI 14 Recovery,16,8,50.0,28.0,72.0,12.93,87.07,9.5,13.65,2.31,-67.66,79.93,False
12,XLF,rsi28_recovery,RSI 28 Recovery,11,5,45.45,21.27,71.99,8.43,88.29,7.82,16.27,3.45,-67.66,79.93,False
12,XLF,trend,SMA 50/200 + Momentum,16,7,43.75,23.1,66.82,10.25,84.12,9.03,8.91,-0.52,-21.75,34.92,False
12,XLF,trend_breakout_100,100-Day Range Breakout,12,7,58.33,31.95,80.67,14.03,92.31,15.08,15.36,5.02,-16.13,42.74,False
12,XLF,trend_breakout_200,200-Day Range Breakout,9,6,66.67,35.42,87.94,14.62,95.89,18.81,18.14,7.9,3.94,41.87,False
12,XLF,trend_ema100_200,EMA 100/200,19,10,52.63,31.71,72.67,15.73,86.87,12.37,10.79,2.38,-16.9,34.92,False
12,XLF,trend_ema50_200,EMA 50/200,20,11,55.0,34.21,74.18,17.48,87.58,12.83,8.51,-2.28,-34.0,34.92,False
12,XLF,trend_price_sma100,Price above SMA 100,19,10,52.63,31.71,72.67,15.73,86.87,13.84,16.61,3.83,-11.67,56.76,False
12,XLF,trend_price_sma200,Price above SMA 200,20,11,55.0,34.21,74.18,17.48,87.58,15.47,9.56,0.05,-34.0,42.74,False
12,XLF,trend_sma100_200,SMA 100/200,18,10,55.56,33.72,75.44,16.7,88.63,12.4,11.01,0.3,-15.16,34.92,False
12,XLF,trend_triple_ma,Triple Moving Average,17,8,47.06,26.16,69.04,12.1,85.16,9.37,9.57,5.78,-21.75,34.92,False
12,XLF,vol_contraction_trend,Volatility Contraction Trend,15,8,53.33,30.12,75.19,13.88,89.01,11.06,10.88,2.24,-10.87,41.87,False
12,XLI,bollinger_recovery,Bollinger Recovery,15,11,73.33,48.05,89.1,24.36,95.92,15.02,16.67,8.73,-35.51,67.86,False
12,XLI,breadth_trend,Broad-Market Trend,20,12,60.0,38.66,78.12,20.27,89.85,13.31,11.6,-0.72,-9.43,34.25,False
12,XLI,buy_hold,Buy & Hold Benchmark,23,15,65.22,44.89,81.19,25.21,91.25,13.55,14.36,5.47,-45.59,67.86,False
12,XLI,drawdown_recovery,25% Drawdown Recovery,3,3,100.0,43.85,100.0,13.32,100.0,54.23,44.68,33.09,11.94,67.86,False
12,XLI,drawdown_recovery_20,20% Drawdown Recovery,7,6,85.71,48.69,97.43,19.52,99.33,19.85,25.2,15.03,8.59,67.86,False
12,XLI,drawdown_recovery_30,30% Drawdown Recovery,3,3,100.0,43.85,100.0,13.32,100.0,26.92,38.21,23.38,19.85,67.86,False
12,XLI,drawdown_recovery_40,40% Drawdown Recovery,2,2,100.0,34.24,100.0,9.29,100.0,43.86,43.86,31.86,19.85,67.86,False
12,XLI,low_vol_trend,Low-Volatility Trend,14,8,57.14,32.59,78.62,14.99,90.98,11.05,9.22,4.13,-41.63,30.12,False
12,XLI,momentum,Top Relative Momentum 180,11,8,72.73,43.43,90.25,19.72,96.66,14.85,12.35,8.65,-12.1,25.43,False
12,XLI,momentum_180,180-Day Absolute Momentum,21,13,61.9,40.88,79.25,21.98,90.36,13.55,10.7,8.42,-37.07,33.36,False
12,XLI,momentum_270,270-Day Absolute Momentum,20,13,65.0,43.29,81.88,23.26,91.92,12.23,12.45,1.77,-10.11,38.3,False
12,XLI,momentum_365,365-Day Absolute Momentum,21,13,61.9,40.88,79.25,21.98,90.36,12.77,10.99,2.29,-42.09,52.86,False
12,XLI,momentum_90,90-Day Absolute Momentum,21,13,61.9,40.88,79.25,21.98,90.36,14.69,10.94,-0.4,-37.07,46.34,False
12,XLI,momentum_composite,Composite Momentum,11,8,72.73,43.43,90.25,19.72,96.66,16.42,14.13,9.0,-0.4,23.66,False
12,XLI,momentum_dual_180_365,Dual Momentum 180/365,20,10,50.0,29.93,70.07,14.86,85.14,10.05,8.85,3.55,-42.09,33.36,False
12,XLI,momentum_dual_90_180,Dual Momentum 90/180,20,12,60.0,38.66,78.12,20.27,89.85,13.16,10.06,2.41,-35.7,28.77,False
12,XLI,momentum_rank_365,Top Relative Momentum 365,7,6,85.71,48.69,97.43,19.52,99.33,12.14,16.72,10.97,9.69,32.49,False
12,XLI,momentum_rank_90,Top Relative Momentum 90,13,7,53.85,29.14,76.79,12.84,90.23,13.37,13.81,6.37,-12.0,30.89,False
12,XLI,rsi14_recovery,RSI 14 Recovery,16,8,50.0,28.0,72.0,12.93,87.07,9.56,7.04,1.43,-55.92,28.75,False
12,XLI,rsi28_recovery,RSI 28 Recovery,15,10,66.67,41.71,84.82,20.56,93.92,23.23,19.01,4.49,-35.51,67.86,False
12,XLI,trend,SMA 50/200 + Momentum,15,10,66.67,41.71,84.82,20.56,93.92,13.8,15.34,6.64,1.79,31.7,False
12,XLI,trend_breakout_100,100-Day Range Breakout,10,6,60.0,31.27,83.18,13.0,93.77,11.91,12.94,6.54,-1.91,28.4,False
12,XLI,trend_breakout_200,200-Day Range Breakout,7,5,71.43,35.89,91.78,13.81,97.5,12.77,10.33,5.65,-1.91,18.12,False
12,XLI,trend_ema100_200,EMA 100/200,20,12,60.0,38.66,78.12,20.27,89.85,13.81,10.09,-2.91,-35.7,34.25,False
12,XLI,trend_ema50_200,EMA 50/200,20,10,50.0,29.93,70.07,14.86,85.14,10.27,9.45,-2.91,-35.7,34.25,False
12,XLI,trend_price_sma100,Price above SMA 100,22,14,63.64,42.95,80.27,23.62,90.83,14.65,12.05,7.82,-37.07,34.6,False
12,XLI,trend_price_sma200,Price above SMA 200,21,12,57.14,36.55,75.53,19.18,88.22,11.94,10.0,-0.4,-37.07,34.25,False
12,XLI,trend_sma100_200,SMA 100/200,20,12,60.0,38.66,78.12,20.27,89.85,13.16,11.01,2.54,-35.7,30.89,False
12,XLI,trend_triple_ma,Triple Moving Average,17,11,64.71,41.3,82.69,21.03,92.66,13.59,12.6,5.85,-7.56,25.38,False
12,XLI,vol_contraction_trend,Volatility Contraction Trend,14,11,78.57,52.41,92.43,26.47,97.39,16.4,13.06,11.26,-35.7,26.45,False
12,XLK,bollinger_recovery,Bollinger Recovery,13,8,61.54,35.52,82.29,16.29,92.94,13.95,16.33,3.77,-38.15,58.08,False
12,XLK,breadth_trend,Broad-Market Trend,20,13,65.0,43.29,81.88,23.26,91.92,17.43,14.61,3.47,-14.86,44.99,False
12,XLK,buy_hold,Buy & Hold Benchmark,23,17,73.91,53.53,87.45,31.22,94.65,19.62,18.05,9.7,-36.3,58.08,False
12,XLK,drawdown_recovery,25% Drawdown Recovery,5,5,100.0,56.55,100.0,20.39,100.0,37.59,42.28,25.24,19.42,71.05,False
12,XLK,drawdown_recovery_20,20% Drawdown Recovery,7,6,85.71,48.69,97.43,19.52,99.33,25.24,29.52,15.99,-26.42,71.05,False
12,XLK,drawdown_recovery_30,30% Drawdown Recovery,4,4,100.0,51.01,100.0,17.0,100.0,42.69,40.72,32.96,19.42,58.08,False
12,XLK,drawdown_recovery_40,40% Drawdown Recovery,2,2,100.0,34.24,100.0,9.29,100.0,33.66,33.66,26.54,19.42,47.9,False
12,XLK,low_vol_trend,Low-Volatility Trend,8,5,62.5,30.57,86.32,11.9,95.36,13.46,13.0,2.57,-12.63,37.59,False
12,XLK,momentum,Top Relative Momentum 180,15,10,66.67,41.71,84.82,20.56,93.92,16.94,21.06,9.06,-5.86,58.08,False
12,XLK,momentum_180,180-Day Absolute Momentum,20,15,75.0,53.13,88.81,29.8,95.49,17.43,17.52,10.4,-12.63,58.08,False
12,XLK,momentum_270,270-Day Absolute Momentum,21,15,71.43,50.04,86.19,28.09,94.12,14.76,17.42,6.78,-14.86,52.72,False
12,XLK,momentum_365,365-Day Absolute Momentum,21,12,57.14,36.55,75.53,19.18,88.22,12.77,13.99,4.89,-43.34,43.71,False
12,XLK,momentum_90,90-Day Absolute Momentum,21,13,61.9,40.88,79.25,21.98,90.36,10.75,15.55,5.2,-26.42,58.08,False
12,XLK,momentum_composite,Composite Momentum,15,10,66.67,41.71,84.82,20.56,93.92,12.56,17.3,6.86,-17.56,48.6,False
12,XLK,momentum_dual_180_365,Dual Momentum 180/365,20,12,60.0,38.66,78.12,20.27,89.85,14.76,14.18,4.87,-43.34,58.08,False
12,XLK,momentum_dual_90_180,Dual Momentum 90/180,20,13,65.0,43.29,81.88,23.26,91.92,15.23,15.61,8.53,-38.15,58.08,False
12,XLK,momentum_rank_365,Top Relative Momentum 365,13,9,69.23,42.37,87.32,20.11,95.26,18.1,14.6,5.02,-38.15,58.08,False
12,XLK,momentum_rank_90,Top Relative Momentum 90,16,11,68.75,44.4,85.84,22.57,94.32,26.44,21.85,6.75,-40.16,53.95,False
12,XLK,rsi14_recovery,RSI 14 Recovery,15,9,60.0,35.75,80.18,17.07,91.62,12.91,15.14,3.17,-38.15,47.9,False
12,XLK,rsi28_recovery,RSI 28 Recovery,10,8,80.0,49.02,94.33,22.06,98.26,17.99,23.62,11.21,2.56,58.08,False
12,XLK,trend,SMA 50/200 + Momentum,17,12,70.59,46.87,86.72,24.5,94.67,13.83,18.03,9.49,-14.7,39.3,False
12,XLK,trend_breakout_100,100-Day Range Breakout,12,9,75.0,46.77,91.11,22.08,96.95,23.55,21.43,14.01,-20.79,48.6,False
12,XLK,trend_breakout_200,200-Day Range Breakout,10,6,60.0,31.27,83.18,13.0,93.77,24.51,18.51,1.28,-20.79,48.6,False
12,XLK,trend_ema100_200,EMA 100/200,20,13,65.0,43.29,81.88,23.26,91.92,11.85,16.96,7.48,-40.16,71.05,False
12,XLK,trend_ema50_200,EMA 50/200,20,13,65.0,43.29,81.88,23.26,91.92,13.47,15.98,7.6,-40.16,58.08,False
12,XLK,trend_price_sma100,Price above SMA 100,22,16,72.73,51.85,86.85,29.69,94.4,13.37,16.51,9.58,-28.43,48.16,False
12,XLK,trend_price_sma200,Price above SMA 200,21,14,66.67,45.37,82.81,24.94,92.33,18.99,17.83,9.37,-14.86,44.99,False
12,XLK,trend_sma100_200,SMA 100/200,20,13,65.0,43.29,81.88,23.26,91.92,14.76,14.74,6.6,-43.34,42.43,False
12,XLK,trend_triple_ma,Triple Moving Average,19,12,63.16,41.04,80.85,21.51,91.47,14.47,17.46,7.1,-17.56,48.6,False
12,XLK,vol_contraction_trend,Volatility Contraction Trend,14,8,57.14,32.59,78.62,14.99,90.98,18.35,18.85,3.98,-14.7,44.99,False
12,XLP,bollinger_recovery,Bollinger Recovery,13,6,46.15,23.21,70.86,9.77,87.16,9.45,8.2,4.12,-7.71,25.03,False
12,XLP,breadth_trend,Broad-Market Trend,20,9,45.0,25.82,65.79,12.42,82.52,9.34,9.01,3.61,-5.36,21.44,False
12,XLP,buy_hold,Buy & Hold Benchmark,23,11,47.83,29.24,67.04,14.96,82.69,9.79,9.94,4.64,-18.14,25.57,False
12,XLP,drawdown_recovery_20,20% Drawdown Recovery,3,3,100.0,43.85,100.0,13.32,100.0,16.87,18.83,15.74,14.6,25.03,False
12,XLP,drawdown_recovery_30,30% Drawdown Recovery,2,2,100.0,34.24,100.0,9.29,100.0,15.74,15.74,15.17,14.6,16.87,False
12,XLP,low_vol_trend,Low-Volatility Trend,22,10,45.45,26.92,65.34,13.38,81.8,9.36,8.84,3.53,-13.57,19.17,False
12,XLP,momentum,Top Relative Momentum 180,9,3,33.33,12.06,64.58,4.11,85.38,6.62,6.34,0.16,-13.57,23.47,False
12,XLP,momentum_180,180-Day Absolute Momentum,21,10,47.62,28.34,67.63,14.08,83.45,8.69,9.77,6.3,-5.36,18.41,False
12,XLP,momentum_270,270-Day Absolute Momentum,22,10,45.45,26.92,65.34,13.38,81.8,8.79,9.3,5.06,-6.66,30.38,False
12,XLP,momentum_365,365-Day Absolute Momentum,21,9,42.86,24.47,63.45,11.78,80.82,8.9,9.08,5.72,-18.14,23.16,False
12,XLP,momentum_90,90-Day Absolute Momentum,20,9,45.0,25.82,65.79,12.42,82.52,8.96,9.34,5.88,-4.17,23.47,False
12,XLP,momentum_composite,Composite Momentum,8,4,50.0,21.52,78.48,7.89,92.11,9.65,6.42,3.13,-19.04,18.41,False
12,XLP,momentum_dual_180_365,Dual Momentum 180/365,21,9,42.86,24.47,63.45,11.78,80.82,8.9,9.15,5.72,-18.14,23.16,False
12,XLP,momentum_dual_90_180,Dual Momentum 90/180,20,9,45.0,25.82,65.79,12.42,82.52,8.96,9.45,5.88,-5.36,23.47,False
12,XLP,momentum_rank_365,Top Relative Momentum 365,7,3,42.86,15.82,74.95,5.33,90.9,8.9,10.62,5.19,-7.71,26.9,False
12,XLP,momentum_rank_90,Top Relative Momentum 90,11,5,45.45,21.27,71.99,8.43,88.29,8.57,7.05,1.31,-19.04,25.72,False
12,XLP,rsi14_recovery,RSI 14 Recovery,14,4,28.57,11.72,54.65,4.39,77.72,6.14,6.78,3.05,-7.71,21.91,False
12,XLP,rsi28_recovery,RSI 28 Recovery,10,4,40.0,16.82,68.73,6.23,87.0,4.94,8.69,-1.36,-7.71,25.03,False
12,XLP,trend,SMA 50/200 + Momentum,13,5,38.46,17.71,64.48,7.06,83.71,9.43,6.18,3.67,-19.04,20.43,False
12,XLP,trend_breakout_100,100-Day Range Breakout,12,4,33.33,13.81,60.94,5.15,82.17,3.3,6.4,0.78,-1.27,17.75,False
12,XLP,trend_breakout_200,200-Day Range Breakout,11,4,36.36,15.17,64.62,5.64,84.54,3.67,6.71,0.57,-1.27,17.75,False
12,XLP,trend_ema100_200,EMA 100/200,21,10,47.62,28.34,67.63,14.08,83.45,9.69,8.95,5.77,-19.04,19.17,False
12,XLP,trend_ema50_200,EMA 50/200,21,10,47.62,28.34,67.63,14.08,83.45,9.2,8.98,4.83,-6.66,23.47,False
12,XLP,trend_price_sma100,Price above SMA 100,22,10,45.45,26.92,65.34,13.38,81.8,8.39,8.78,3.52,-13.57,23.47,False
12,XLP,trend_price_sma200,Price above SMA 200,22,10,45.45,26.92,65.34,13.38,81.8,9.36,8.84,3.53,-13.57,19.17,False
12,XLP,trend_sma100_200,SMA 100/200,21,9,42.86,24.47,63.45,11.78,80.82,9.43,8.94,4.83,-6.66,23.47,False
12,XLP,trend_triple_ma,Triple Moving Average,17,7,41.18,21.61,63.99,9.6,82.19,9.79,9.46,4.33,-1.25,19.25,False
12,XLP,vol_contraction_trend,Volatility Contraction Trend,17,10,58.82,36.01,78.39,17.81,90.4,11.03,9.24,3.66,-11.6,19.17,False
12,XLU,bollinger_recovery,Bollinger Recovery,10,7,70.0,39.68,89.22,17.23,96.32,15.63,13.74,10.3,-0.31,23.25,False
12,XLU,breadth_trend,Broad-Market Trend,20,9,45.0,25.82,65.79,12.42,82.52,9.6,12.75,5.95,-8.23,33.37,False
12,XLU,buy_hold,Buy & Hold Benchmark,23,16,69.57,49.13,84.4,28.13,93.03,14.27,11.23,8.31,-25.03,23.25,False
12,XLU,drawdown_recovery,25% Drawdown Recovery,2,1,50.0,9.45,90.55,2.38,97.62,11.18,11.18,10.41,9.65,12.7,False
12,XLU,drawdown_recovery_20,20% Drawdown Recovery,6,3,50.0,18.76,81.24,6.27,93.73,10.68,12.19,6.67,-8.23,31.84,False
12,XLU,drawdown_recovery_30,30% Drawdown Recovery,2,2,100.0,34.24,100.0,9.29,100.0,17.42,17.42,15.06,12.7,22.14,False
12,XLU,drawdown_recovery_40,40% Drawdown Recovery,2,2,100.0,34.24,100.0,9.29,100.0,17.42,17.42,15.06,12.7,22.14,False
12,XLU,low_vol_trend,Low-Volatility Trend,18,8,44.44,24.56,66.28,11.37,83.3,9.29,9.5,4.57,-31.14,32.24,False
12,XLU,momentum,Top Relative Momentum 180,12,7,58.33,31.95,80.67,14.03,92.31,11.38,9.05,5.51,-27.96,38.59,False
12,XLU,momentum_180,180-Day Absolute Momentum,21,10,47.62,28.34,67.63,14.08,83.45,9.92,11.46,5.13,-8.32,33.67,False
12,XLU,momentum_270,270-Day Absolute Momentum,20,10,50.0,29.93,70.07,14.86,85.14,10.98,11.9,3.91,-10.59,36.25,False
12,XLU,momentum_365,365-Day Absolute Momentum,20,13,65.0,43.29,81.88,23.26,91.92,12.76,10.54,8.39,-25.03,31.84,False
12,XLU,momentum_90,90-Day Absolute Momentum,21,12,57.14,36.55,75.53,19.18,88.22,12.01,9.69,3.69,-30.83,32.04,False
12,XLU,momentum_composite,Composite Momentum,10,6,60.0,31.27,83.18,13.0,93.77,11.03,5.8,-2.03,-28.38,23.99,False
12,XLU,momentum_dual_180_365,Dual Momentum 180/365,20,12,60.0,38.66,78.12,20.27,89.85,12.57,9.94,6.98,-31.69,26.94,False
12,XLU,momentum_dual_90_180,Dual Momentum 90/180,20,9,45.0,25.82,65.79,12.42,82.52,9.78,9.86,2.59,-28.38,40.17,False
12,XLU,momentum_rank_365,Top Relative Momentum 365,13,6,46.15,23.21,70.86,9.77,87.16,8.87,6.32,-1.97,-31.69,35.87,False
12,XLU,momentum_rank_90,Top Relative Momentum 90,16,9,56.25,33.18,76.9,15.88,89.75,11.95,11.05,6.34,-31.14,41.28,False
12,XLU,rsi14_recovery,RSI 14 Recovery,15,11,73.33,48.05,89.1,24.36,95.92,16.18,14.79,10.01,-0.14,32.51,False
12,XLU,rsi28_recovery,RSI 28 Recovery,14,10,71.43,45.35,88.28,22.28,95.61,17.9,16.76,10.3,-8.23,35.8,False
12,XLU,trend,SMA 50/200 + Momentum,17,7,41.18,21.61,63.99,9.6,82.19,8.84,8.08,3.85,-28.38,36.25,False
12,XLU,trend_breakout_100,100-Day Range Breakout,14,8,57.14,32.59,78.62,14.99,90.98,10.9,8.89,3.32,-28.38,26.53,False
12,XLU,trend_breakout_200,200-Day Range Breakout,14,8,57.14,32.59,78.62,14.99,90.98,10.9,7.36,3.32,-28.38,23.6,False
12,XLU,trend_ema100_200,EMA 100/200,20,10,50.0,29.93,70.07,14.86,85.14,10.65,12.47,5.48,-5.57,40.17,False
12,XLU,trend_ema50_200,EMA 50/200,22,12,54.55,34.66,73.08,18.2,86.62,11.44,10.79,4.72,-30.83,33.67,False
12,XLU,trend_price_sma100,Price above SMA 100,21,14,66.67,45.37,82.81,24.94,92.33,11.92,10.31,5.13,-30.83,31.84,False
12,XLU,trend_price_sma200,Price above SMA 200,22,11,50.0,30.72,69.28,15.71,84.29,10.67,10.41,3.91,-30.83,33.37,False
12,XLU,trend_sma100_200,SMA 100/200,19,12,63.16,41.04,80.85,21.51,91.47,12.24,13.85,6.9,-4.93,33.37,False
12,XLU,trend_triple_ma,Triple Moving Average,18,10,55.56,33.72,75.44,16.7,88.63,11.03,11.8,6.74,-15.13,40.17,False
12,XLU,vol_contraction_trend,Volatility Contraction Trend,15,7,46.67,24.81,69.88,10.99,86.12,9.33,7.69,3.8,-15.13,22.54,False
12,XLV,bollinger_recovery,Bollinger Recovery,13,4,30.77,12.68,57.63,4.74,79.89,7.72,6.44,0.8,-32.02,27.33,False
12,XLV,breadth_trend,Broad-Market Trend,20,8,40.0,21.88,61.34,10.15,79.73,8.79,8.98,0.05,-14.91,29.6,False
12,XLV,buy_hold,Buy & Hold Benchmark,23,12,52.17,32.96,70.76,17.31,85.04,10.07,10.39,4.88,-20.58,36.98,False
12,XLV,drawdown_recovery,25% Drawdown Recovery,1,1,100.0,20.65,100.0,4.87,100.0,27.33,27.33,27.33,27.33,27.33,False
12,XLV,drawdown_recovery_20,20% Drawdown Recovery,2,2,100.0,34.24,100.0,9.29,100.0,23.2,23.2,21.14,19.07,27.33,False
12,XLV,drawdown_recovery_30,30% Drawdown Recovery,1,1,100.0,20.65,100.0,4.87,100.0,19.07,19.07,19.07,19.07,19.07,False
12,XLV,low_vol_trend,Low-Volatility Trend,19,8,42.11,23.14,63.72,10.73,81.48,7.79,9.57,1.42,-14.91,33.95,False
12,XLV,momentum,Top Relative Momentum 180,12,5,41.67,19.33,68.05,7.69,85.97,7.21,10.9,4.03,-1.45,36.15,False
12,XLV,momentum_180,180-Day Absolute Momentum,20,8,40.0,21.88,61.34,10.15,79.73,9.2,10.92,7.4,-11.63,33.95,False
12,XLV,momentum_270,270-Day Absolute Momentum,21,11,52.38,32.37,71.66,16.55,85.92,12.06,10.03,4.42,-20.58,38.91,False
12,XLV,momentum_365,365-Day Absolute Momentum,21,10,47.62,28.34,67.63,14.08,83.45,9.24,10.34,0.62,-11.63,38.91,False
12,XLV,momentum_90,90-Day Absolute Momentum,21,7,33.33,17.19,54.63,7.67,75.06,4.5,7.82,-0.77,-9.72,37.79,False
12,XLV,momentum_composite,Composite Momentum,8,4,50.0,21.52,78.48,7.89,92.11,8.38,11.41,-1.12,-5.97,37.79,False
12,XLV,momentum_dual_180_365,Dual Momentum 180/365,20,9,45.0,25.82,65.79,12.42,82.52,9.58,10.35,3.47,-11.63,37.79,False
12,XLV,momentum_dual_90_180,Dual Momentum 90/180,20,6,30.0,14.55,51.9,6.19,73.57,7.25,8.17,0.55,-23.88,37.79,False
12,XLV,momentum_rank_365,Top Relative Momentum 365,9,5,55.56,26.66,81.12,10.47,93.04,20.48,15.03,4.67,-0.06,27.33,False
12,XLV,momentum_rank_90,Top Relative Momentum 90,16,5,31.25,14.16,55.6,5.68,77.43,4.57,6.17,2.75,-32.02,27.26,False
12,XLV,rsi14_recovery,RSI 14 Recovery,14,6,42.86,21.38,67.41,9.02,85.01,8.48,8.28,3.32,-23.12,27.26,False
12,XLV,rsi28_recovery,RSI 28 Recovery,11,5,45.45,21.27,71.99,8.43,88.29,6.26,8.97,-2.14,-23.12,37.79,False
12,XLV,trend,SMA 50/200 + Momentum,14,6,42.86,21.38,67.41,9.02,85.01,6.85,10.1,3.85,-11.63,26.8,False
12,XLV,trend_breakout_100,100-Day Range Breakout,12,5,41.67,19.33,68.05,7.69,85.97,3.77,6.26,-1.17,-32.02,27.92,False
12,XLV,trend_breakout_200,200-Day Range Breakout,10,5,50.0,23.66,76.34,9.34,90.66,10.91,7.94,0.28,-32.02,27.92,False
12,XLV,trend_ema100_200,EMA 100/200,20,8,40.0,21.88,61.34,10.15,79.73,7.06,9.05,2.01,-11.88,33.95,False
12,XLV,trend_ema50_200,EMA 50/200,20,8,40.0,21.88,61.34,10.15,79.73,7.06,9.11,0.3,-11.88,33.95,False
12,XLV,trend_price_sma100,Price above SMA 100,21,10,47.62,28.34,67.63,14.08,83.45,9.17,10.17,0.32,-14.91,33.95,False
12,XLV,trend_price_sma200,Price above SMA 200,20,8,40.0,21.88,61.34,10.15,79.73,9.49,10.65,5.68,-11.63,33.95,False
12,XLV,trend_sma100_200,SMA 100/200,20,8,40.0,21.88,61.34,10.15,79.73,7.79,9.63,3.89,-11.63,36.98,False
12,XLV,trend_triple_ma,Triple Moving Average,18,7,38.89,20.3,61.38,9.03,80.31,9.42,8.27,3.0,-23.88,28.93,False
12,XLV,vol_contraction_trend,Volatility Contraction Trend,14,6,42.86,21.38,67.41,9.02,85.01,8.79,9.97,4.32,-14.91,31.34,False
12,XLY,bollinger_recovery,Bollinger Recovery,12,10,83.33,55.2,95.3,26.82,98.56,18.35,22.55,14.59,-24.15,67.64,False
12,XLY,breadth_trend,Broad-Market Trend,20,12,60.0,38.66,78.12,20.27,89.85,15.39,12.23,2.22,-19.81,34.28,False
12,XLY,buy_hold,Buy & Hold Benchmark,23,15,65.22,44.89,81.19,25.21,91.25,15.17,13.75,4.09,-41.05,59.81,False
12,XLY,drawdown_recovery,25% Drawdown Recovery,5,4,80.0,37.55,96.38,13.17,99.06,25.51,27.31,10.51,5.91,59.81,False
12,XLY,drawdown_recovery_20,20% Drawdown Recovery,7,5,71.43,35.89,91.78,13.81,97.5,19.24,18.7,8.21,-16.19,59.81,False
12,XLY,drawdown_recovery_30,30% Drawdown Recovery,5,3,60.0,23.07,88.24,7.61,96.47,25.51,20.23,5.91,-16.19,59.81,False
12,XLY,drawdown_recovery_40,40% Drawdown Recovery,1,1,100.0,20.65,100.0,4.87,100.0,34.8,34.8,34.8,34.8,34.8,False
12,XLY,low_vol_trend,Low-Volatility Trend,14,9,64.29,38.76,83.66,18.46,93.47,13.46,12.2,3.37,-20.65,41.2,False
12,XLY,momentum,Top Relative Momentum 180,13,8,61.54,35.52,82.29,16.29,92.94,15.6,14.74,6.24,-29.98,55.43,False
12,XLY,momentum_180,180-Day Absolute Momentum,20,13,65.0,43.29,81.88,23.26,91.92,17.64,16.28,5.82,-20.65,41.81,False
12,XLY,momentum_270,270-Day Absolute Momentum,21,10,47.62,28.34,67.63,14.08,83.45,9.32,11.34,6.62,-34.76,38.82,False
12,XLY,momentum_365,365-Day Absolute Momentum,20,12,60.0,38.66,78.12,20.27,89.85,16.22,14.47,7.83,-19.29,47.49,False
12,XLY,momentum_90,90-Day Absolute Momentum,20,10,50.0,29.93,70.07,14.86,85.14,10.2,11.81,2.48,-22.18,38.43,False
12,XLY,momentum_composite,Composite Momentum,12,6,50.0,25.38,74.62,10.65,89.35,9.34,11.04,1.46,-29.98,38.43,False
12,XLY,momentum_dual_180_365,Dual Momentum 180/365,18,12,66.67,43.75,83.72,22.9,93.09,15.39,12.98,2.68,-16.39,38.59,False
12,XLY,momentum_dual_90_180,Dual Momentum 90/180,19,11,57.89,36.28,76.86,18.52,89.27,15.14,14.18,5.04,-14.06,38.43,False
12,XLY,momentum_rank_365,Top Relative Momentum 365,14,9,64.29,38.76,83.66,18.46,93.47,15.42,15.25,5.8,-21.59,47.49,False
12,XLY,momentum_rank_90,Top Relative Momentum 90,15,10,66.67,41.71,84.82,20.56,93.92,16.54,17.57,4.91,-20.65,67.64,False
12,XLY,rsi14_recovery,RSI 14 Recovery,15,9,60.0,35.75,80.18,17.07,91.62,16.21,13.09,4.75,-45.67,67.64,False
12,XLY,rsi28_recovery,RSI 28 Recovery,13,11,84.62,57.76,95.67,29.0,98.67,20.46,26.11,16.21,-24.15,67.64,False
12,XLY,trend,SMA 50/200 + Momentum,16,9,56.25,33.18,76.9,15.88,89.75,17.51,11.97,2.46,-29.98,31.31,False
12,XLY,trend_breakout_100,100-Day Range Breakout,8,6,75.0,40.93,92.85,16.71,97.82,17.05,22.3,13.71,6.24,55.43,False
12,XLY,trend_breakout_200,200-Day Range Breakout,8,6,75.0,40.93,92.85,16.71,97.82,17.05,18.4,13.71,6.24,31.82,False
12,XLY,trend_ema100_200,EMA 100/200,20,13,65.0,43.29,81.88,23.26,91.92,16.42,14.36,7.69,-19.29,38.43,False
12,XLY,trend_ema50_200,EMA 50/200,19,13,68.42,46.01,84.64,24.7,93.47,17.63,16.2,8.92,1.77,38.43,False
12,XLY,trend_price_sma100,Price above SMA 100,21,11,52.38,32.37,71.66,16.55,85.92,10.16,13.07,5.91,-22.18,38.43,False
12,XLY,trend_price_sma200,Price above SMA 200,21,14,66.67,45.37,82.81,24.94,92.33,15.87,15.47,6.44,-19.81,55.43,False
12,XLY,trend_sma100_200,SMA 100/200,18,12,66.67,43.75,83.72,22.9,93.09,16.02,13.37,7.45,-14.06,31.31,False
12,XLY,trend_triple_ma,Triple Moving Average,19,10,52.63,31.71,72.67,15.73,86.87,13.66,11.51,3.61,-19.81,39.07,False
12,XLY,vol_contraction_trend,Volatility Contraction Trend,15,9,60.0,35.75,80.18,17.07,91.62,16.54,14.59,6.96,-19.81,34.18,False
